time_s,stage,volume,node_type,T_F,P_psia_hyd,ML_lbmol,MV_lbmol,L_out_used_lbmolph,V_out_lbmolph,x_n-Propane,y_n-Propane,x_n-Butane,y_n-Butane,x_n-Pentane,y_n-Pentane
0.25,1,reflux_drum,reflux_drum,120.55010175779398,220.63763176790158,1643.2253704628622,120.03377778013571,,,0.8791186820994252,0.9458393582803392,0.12083773906822105,0.054150621773251396,4.357883235382576e-05,1.0019946409419216e-05
0.25,2,rectifying_volume_1,tray,130.15972267216821,220.6854118266287,38.010151943334016,49.29999415407273,5656.944152530391,8489.196159288562,0.7531099323623704,0.8784720734618882,0.24671836211193418,0.12148421753233239,0.0001717055256952963,4.3709005779529854e-05
0.25,3,rectifying_volume_2,tray,141.33361012048914,220.7348061398565,34.269645474101836,12.757184176404444,5436.2255945594825,8192.825308747115,0.619821931983845,0.7913979828587552,0.3797177416510829,0.208469864718801,0.0004603263650720859,0.00013215242244392182
0.25,4,rectifying_volume_3,tray,151.72579990043525,220.78405908352576,33.34033820740506,12.539024449672914,5312.485690216248,7971.93961302247,0.5072052877354459,0.7015329133581645,0.4917735766666074,0.29813930050832477,0.001021135597946435,0.0003277861335107608
0.25,5,rectifying_volume_4,tray,159.71991075195805,220.83361160485083,32.76708964911919,12.38469012512058,5256.409712173453,7848.044290897444,0.42721642953359484,0.6265559314903205,0.5707655179597428,0.3727389574376402,0.002018052506662295,0.0007051110720393149
0.25,6,rectifying_volume_5,tray,165.12265582665518,220.88349910824206,32.3747426098329,12.292097808413244,5232.328957172277,7791.825374845582,0.3763754533623122,0.5734236014564953,0.6199043621419491,0.4252014382409346,0.003720184495738685,0.001374960302569978
0.25,7,rectifying_volume_6,tray,168.54630095127618,220.93372812901484,32.16316448965913,12.234638379040677,5218.419745496871,7767.612688734058,0.34594823290715276,0.5396032052683561,0.6474680182288397,0.4578779515925505,0.006583748864007489,0.002518843139093383
0.25,8,rectifying_volume_7,tray,170.7321919224592,220.98419059114127,32.02539331680485,12.198297354441127,5203.830860721835,7753.581087573273,0.3280967461398412,0.5193940528174747,0.6605289940155237,0.47616308862298906,0.011374259844635233,0.004442858559536171
0.25,9,rectifying_volume_8,tray,172.28798870983348,221.0347249241498,31.87564940930221,12.173784898049709,5182.084099371612,7738.878075504726,0.31733329137756644,0.5076964949230037,0.6633127447687106,0.484645047516694,0.019353963853722973,0.007658457560302155
0.25,10,rectifying_volume_9,tray,173.68099931200737,221.08518299603196,31.672621082096367,12.152175471952711,5146.930165452338,7717.024295710479,0.3101011353450063,0.5009562574349583,0.6573419935089797,0.4860394947957019,0.03255687114601401,0.013004247769339712
0.25,11,rectifying_volume_10,tray,175.31287239110782,221.1354601584637,31.400530700030075,12.12353228405582,5090.18285622381,7681.76905556626,0.30402863161011634,0.4969340513504001,0.6418331448887018,0.4812471650741721,0.054138223501181894,0.02181878357542778
0.25,12,feed_tray,tray,177.6084692581124,221.2106191306037,45.86193228061236,10.912890584583996,12219.176146428148,7624.923529963043,0.2973398627171255,0.4942552413830467,0.614013948521635,0.46960094841976846,0.08864618876123953,0.036143810197184746
0.25,13,stripping_volume_1,tray,181.1406100201445,221.2863689334144,45.66717664918458,10.859087012180098,12240.15589228609,7610.768668338314,0.2684729817328629,0.4563466725185831,0.6415026055854302,0.5056108826320537,0.09002441268170697,0.038042444849363234
0.25,14,stripping_volume_2,tray,185.36085488516335,221.36317260246005,45.48874624919186,10.79373660333257,12277.631257695492,7631.572438217228,0.2347790324668226,0.4095908968366208,0.6735923349397094,0.550016962685153,0.091628632593468,0.04039214047822619
0.25,15,stripping_volume_3,tray,190.13093248810287,221.44125435745974,45.28153627910398,10.724892904171119,12335.043219943063,7668.8705287841,0.19773399310428974,0.35493494192865377,0.7087677083025136,0.6018617987888949,0.09349829859319657,0.04320325928245138
0.25,16,stripping_volume_4,tray,195.2102158030947,221.51090838112614,53.45027063058199,12.097169062714428,12410.685059238787,7726.105344615206,0.1595257358197105,0.2948718086405478,0.744572214322925,0.6585796879866599,0.0959020498573645,0.04654850337279234
0.25,17,stripping_volume_5,tray,200.34364665474513,221.581939004428,53.15240943810155,12.02477686072513,12496.314528552735,7801.557112430533,0.12256202343735288,0.23311575654690134,0.7776659606910133,0.716056107696817,0.09977201587163381,0.05082813575628153
0.25,18,stripping_volume_6,tray,205.3939245849305,221.65494460216783,53.18498487095594,11.928223178589493,12573.140020456078,7887.001375376958,0.08887404143740436,0.17371918667708844,0.8033796397602603,0.7688313287857639,0.1077463188023353,0.0574494845371476
0.25,19,stripping_volume_7,tray,210.56926705802147,221.72928386574907,52.749524530800926,11.86143861769739,12606.916125871337,7963.648498040481,0.05971675385583351,0.12001016820294551,0.8137279791672443,0.8095420925202179,0.12655526697692218,0.07044773927683665
0.25,20,combined_reboiler_sump,reboiler_sump,216.7915142319135,221.7546763702014,758.3449725376965,77.07430248078148,,7997.252069508904,0.035523967500263036,0.07389134055057164,0.7924070034096068,0.8258525891538406,0.17206902909013025,0.10025607029558765
30.0,1,reflux_drum,reflux_drum,120.54262027593515,220.60928313598671,1637.5348317789224,120.43393365267617,,,0.8790764891319438,0.9458217225214526,0.12087991901743196,0.05416825517872794,4.3591850624203815e-05,1.0022299819389484e-05
30.0,2,rectifying_volume_1,tray,130.15252710182511,220.6570637874753,38.010721838351365,49.29267594793719,5656.977503230366,8488.562968050212,0.753063506454069,0.878450777197733,0.24676483138827793,0.12150552709610943,0.0001716621576529203,4.369570615759041e-05
30.0,3,rectifying_volume_2,tray,141.32657948893254,220.70645920820402,34.270206481226474,12.755297901891973,5436.292948059013,8192.262483653418,0.619774238773832,0.7913724343554207,0.3797656020027964,0.2084954665244763,0.0004601592233717061,0.0001320991201030829
30.0,4,rectifying_volume_3,tray,151.71869277481994,220.75571356260218,33.34095980701753,12.537172031010815,5312.582014771343,7971.424358131428,0.5071597072404549,0.7015043237032976,0.491819549364388,0.29816802683639515,0.0010207433951572964,0.0003276494603072189
30.0,5,rectifying_volume_4,tray,159.7124478822734,220.80526775998453,32.7677794139883,12.38286624885001,5256.528470767856,7847.570993212735,0.42717547097550007,0.626527308623531,0.5708072345065224,0.37276786683373586,0.002017294517977456,0.0007048245427332027
30.0,6,rectifying_volume_5,tray,165.1146991730912,220.85515714757045,32.375497150727355,12.290294689490768,5232.464846274527,7791.385941812507,0.37633973030446677,0.5733973685409142,0.6199413944416946,0.4252281990854297,0.0037188752538386913,0.001374432373656172
30.0,7,rectifying_volume_6,tray,168.53784252832432,220.90538822045383,32.16397960634226,12.232850490435872,5218.569886107559,7767.200499632741,0.34591722327026464,0.5395803473759768,0.6475011177684056,0.45790169641554246,0.006581658961329723,0.0025179562084806733
30.0,8,rectifying_volume_7,tray,170.72327926494074,220.95585288144633,32.0262644201778,12.196520854528776,5203.994085802278,7753.192520039244,0.32806961607649815,0.5193745768789473,0.6605592364246231,0.4761839473355192,0.011371147498878827,0.004441475785533591
30.0,9,rectifying_volume_8,tray,172.278677700465,221.00638955064437,31.87657082409494,12.172017441840058,5182.2597370717385,7738.511735857646,0.3173092938274067,0.507680040538531,0.6633410143380186,0.484663501443815,0.01934969183457465,0.007656458017654153
30.0,10,rectifying_volume_9,tray,173.67134886201174,221.0568500893011,31.673583115472276,12.150415985514348,5147.116577351664,7716.679649810977,0.3100796922578422,0.5009424462026392,0.6573685861651247,0.4860559194583577,0.032551721577033094,0.013001634339003098
30.0,11,rectifying_volume_10,tray,175.30298068617495,221.10712983491553,31.40151201316348,12.121780246863718,5090.375168406561,7681.444789409923,0.3040092249240345,0.4969226087735614,0.6418571593338769,0.4812614396231116,0.054133615742088664,0.021815951603326927
30.0,12,feed_tray,tray,177.5985635100403,221.18229011827856,45.86202108909697,10.911410436461992,12218.877436665127,7624.615049094783,0.29732176782960335,0.49424598992364893,0.6140321609630222,0.4696118827916152,0.08864607120737446,0.0361421272847358
30.0,13,stripping_volume_1,tray,181.13115336925387,221.25803803693069,45.66725601219416,10.857604769674388,12239.866621866493,7609.980751479315,0.26845142504499353,0.45633138642264515,0.6415240412607734,0.5056275758530872,0.090024533694233,0.03804103772426766
30.0,14,stripping_volume_2,tray,185.3518905787788,221.3348400959171,45.48881787124841,10.792253639190033,12277.353002729531,7630.806401085006,0.234753937233449,0.40956836843607264,0.6736171043971328,0.5500405868301337,0.09162895836941813,0.04039104473379375
30.0,15,stripping_volume_3,tray,190.12239303858428,221.41292053532473,45.28160849469165,10.72341118170249,12334.776978466378,7668.128496630772,0.1977061827580659,0.3549051135018768,0.7087950807673117,0.6018924419384447,0.09349873647462231,0.04320244455967856
30.0,16,stripping_volume_4,tray,195.20192095013107,221.4825737051908,53.4504397942408,12.095490146630334,12410.431295340704,7725.388501883238,0.1594968001074012,0.2948360789099601,0.7446007471348254,0.6586160671295759,0.09590245275777341,0.046547853960463986
30.0,17,stripping_volume_5,tray,200.3353056413481,221.55360368282888,53.15260899581375,12.023106584352426,12496.069155756371,7800.867509766119,0.12253416356182077,0.23307724321960596,0.777693678804817,0.7160953437024942,0.09977215763336232,0.05082741307789994
30.0,18,stripping_volume_6,tray,205.38525966858145,221.62660877539813,53.18522289317742,11.926569936079789,12572.89730794566,7886.334637511243,0.08884916151169603,0.17368140826923367,0.8034047633247662,0.7688701474201561,0.10774607516353776,0.057448444310610164
30.0,19,stripping_volume_7,tray,210.56011468700763,221.70094759890722,52.7497964559628,11.859798877705028,12606.66882719056,7962.9986427873255,0.05969604947878923,0.11997603077511836,0.8137486526295034,0.8095774597447156,0.1265552978917074,0.07044650948016597
30.0,20,combined_reboiler_sump,reboiler_sump,216.78199297942396,221.72633994302342,758.3730197158519,77.06238653818988,,7996.611643493849,0.035507823976310846,0.07386246550752579,0.7924189953238033,0.8258809323055553,0.17207318069988584,0.10025660218691904
60.0,1,reflux_drum,reflux_drum,120.53540727532514,220.5817879253594,1631.8856584665812,120.83136429174948,,,0.8790349575852264,0.9458043220307303,0.12092143866509415,0.0541856535498032,4.36037496795023e-05,1.0024419466549844e-05
60.0,2,rectifying_volume_1,tray,130.1453031697074,220.62956852829808,38.01131407632141,49.28560145245365,5657.019106808381,8487.851901466827,0.7530215379975285,0.8784319172094237,0.246806852997782,0.12152440291936709,0.00017160900468943962,4.36798712091886e-05
60.0,3,rectifying_volume_2,tray,141.3192961842079,220.67896445554274,34.270806992486605,12.753478010031223,5436.369962220325,8191.633408225463,0.61973323282095,0.7913514634197151,0.3798068019883085,0.2085164989766537,0.0004599651907414528,0.00013203760363113165
60.0,4,rectifying_volume_3,tray,151.7112865717064,220.72821962017667,33.34161803602326,12.535384698229302,5312.6860617346265,7970.8451892985,0.5071207956407725,0.7014812262397238,0.491858907691259,0.2981912799303493,0.0010202966679684878,0.0003274938299268324
60.0,5,rectifying_volume_4,tray,159.7047730900948,220.7777748903398,32.768496709667254,12.38110401951743,5256.653458789305,7847.0327438054655,0.4271399443576743,0.6265037469319372,0.5708436150061994,0.3727917511034652,0.002016440636126248,0.0007045019645976553
60.0,6,rectifying_volume_5,tray,165.10665461201907,220.82766556730195,32.37627188348011,12.288549890267872,5232.606847724421,7790.880874535137,0.37630805764475705,0.5733751563543565,0.6199745330974169,0.42525100036338537,0.0037174092578260974,0.0013738432822580499
60.0,7,rectifying_volume_6,tray,168.52939845046376,220.8778981155536,32.16481146837022,12.231118471323784,5218.726990234971,7766.7232743166605,0.34588920683817376,0.5395605098645371,0.6475314687225883,0.45792251770413833,0.006579324439238095,0.002516972431324666
60.0,8,rectifying_volume_7,tray,170.71444573615642,220.9283644206117,32.02715225304769,12.194798654647643,5204.165631116287,7752.740402858119,0.32804481019647097,0.5193574134592328,0.660587519902481,0.4762026389122748,0.011367669901047962,0.004439947628492285
60.0,9,rectifying_volume_8,tray,172.2694779234961,220.97890289348828,31.877511323565297,12.170303367049678,5182.445273355535,7738.083776339201,0.31728725783109696,0.5076654887861624,0.6633678365105579,0.48468025812301846,0.01934490565834531,0.007654253090819179
60.0,10,rectifying_volume_9,tray,173.66182028598266,221.02936538773687,31.67456770444876,12.148709335859065,5147.314453129664,7716.275485230289,0.31006004909052837,0.5009303492415573,0.6573940370370872,0.4860708942910433,0.032545913872384494,0.012998756467399333
60.0,11,rectifying_volume_10,tray,175.29321409462932,221.07964722505278,31.40251875035326,12.120080553830125,5090.580139905948,7681.063048146305,0.3039915609764358,0.49691283178475526,0.6418801315381416,0.48127433335112907,0.05412830748542249,0.021812834864115702
60.0,12,feed_tray,tray,177.58879801992907,221.15480836287944,45.862153436581195,10.90997463313009,12218.607287211003,7624.2507244723,0.29730537033758325,0.4942384284156239,0.614049105266286,0.46962130604853664,0.0886455243961307,0.0361402655358395
60.0,13,stripping_volume_1,tray,181.12174594639194,221.23055403469277,45.66738511330723,10.856167870025242,12239.606252250589,7609.153601830047,0.26843227048637225,0.4563188621476726,0.6415435366365229,0.5056417436676698,0.09002419287710478,0.03803939418465776
60.0,14,stripping_volume_2,tray,185.34290281536005,221.3073541076344,45.48894330458651,10.790816565438629,12277.10353248988,7630.002221727758,0.23473175924929773,0.40954955281183186,0.6736394391673189,0.5500607862965861,0.09162880158338335,0.04038966089158205
60.0,15,stripping_volume_3,tray,190.11379067102243,221.3854328429141,45.28173618506571,10.721975275923604,12334.539346130377,7667.348982906112,0.19768151045332774,0.35487963959998925,0.70881980556484,0.6019190565784804,0.09349868398183224,0.04320130382153043
60.0,16,stripping_volume_4,tray,195.19356699396127,221.45508487224996,53.45067176175132,12.093862412294554,12410.206786235873,7724.634783437274,0.15947087762686488,0.2948048635735294,0.7446267574412214,0.6586482771837037,0.09590236493191369,0.04654685924276687
60.0,17,stripping_volume_5,tray,200.32694931264962,221.52611392754608,53.1528705742954,12.021485993393375,12495.854799716419,7800.142531818494,0.12250889653753047,0.23304288269883358,0.7777193049208035,0.71613077929565,0.09977179854166605,0.05082633800551641
60.0,18,stripping_volume_6,tray,205.3766540403519,221.5991182636496,53.18552308848483,11.924964326734639,12572.688763261502,7885.635094123256,0.08882624197700321,0.17364694672265082,0.8034284637079511,0.768906006934703,0.10774529431504568,0.05744704634264615
60.0,19,stripping_volume_7,tray,210.55111418668466,221.67345643604781,52.75013096921755,11.858204757054436,12606.459973807494,7962.3198773570675,0.059676567641101644,0.11994404559950175,0.8137686966679996,0.8096110349449163,0.12655473569089884,0.07044491945558204
60.0,20,combined_reboiler_sump,reboiler_sump,216.77272762405363,221.6988483485655,758.4019492216833,77.050689261526,,7995.947265561576,0.035492156660147066,0.07383442462489491,0.7924310836722863,0.8259087325638663,0.1720767596675666,0.10025684281123881
90.0,1,reflux_drum,reflux_drum,120.52855394557295,220.55548473906757,1626.3423022371385,121.22155781585279,,,0.8789945680757152,0.9457873559681336,0.12096181759353555,0.05420261776431899,4.361433074927373e-05,1.0026267547408924e-05
90.0,2,rectifying_volume_1,tray,130.13812839636947,220.60326465423535,38.011922983611456,49.27885885440546,5657.068782767539,8487.072134160171,0.7529846888804343,0.8784158108274448,0.24684376526105736,0.12154052770122574,0.00017154585850833885,4.366147132942518e-05
90.0,3,rectifying_volume_2,tray,141.31182556699403,220.65266048217245,34.27144204178468,12.751747445536395,5436.456081655136,8190.946518385092,0.6196996961628377,0.7913355294557712,0.37984055973081227,0.20853250267891058,0.000459744106350069,0.00013196786531816
90.0,4,rectifying_volume_3,tray,151.70364178980788,220.70191584699506,33.34230725906978,12.533685077442415,5312.796836965292,7970.20995125497,0.5070893508048006,0.7014641844825521,0.4918908536724446,0.2982084961941159,0.0010197955227547481,0.0003273193233319397
90.0,5,rectifying_volume_4,tray,159.6969506054464,220.7514715727971,32.7692348164268,12.379425698913346,5256.7833067171,7846.436741867579,0.4271105802868345,0.6264858301864009,0.5708739279039947,0.3728100260640967,0.0020154918091708075,0.0007041437495024264
90.0,6,rectifying_volume_5,tray,165.09859466543776,220.80136292723998,32.37705898308549,12.286885362278369,5232.753312233712,7790.316817285786,0.37628106953501467,0.5733575042452206,0.6200031410810058,0.4252693014476122,0.003715789383979614,0.0013731943071671894
90.0,7,rectifying_volume_6,tray,168.52105030954147,220.85159635469196,32.1656512462268,12.229464031864378,5218.889192563841,7766.1872212187245,0.3458647260579737,0.5395441621433589,0.6475585220474921,0.4579399429641715,0.006576751894534223,0.0025158948924695946
90.0,8,rectifying_volume_7,tray,170.7057810946429,220.90206372767017,32.02804709807239,12.193152284065954,5204.343444562873,7752.230585786792,0.32802279496782694,0.5193429615632852,0.6606133650919928,0.4762187580346899,0.011363839940180287,0.004438280402024828
90.0,9,rectifying_volume_8,tray,172.26048614096504,220.95260344858687,31.878460404887004,12.168664062295424,5182.638480629013,7737.599721574067,0.3172675889487328,0.5076531766141599,0.6633927838576551,0.4846949693084623,0.019339627193612145,0.00765185407737779
90.0,10,rectifying_volume_9,tray,173.65251637206475,221.00306736236445,31.675563669943433,12.147076789091635,5147.521402740095,7715.817010920635,0.31004256157646526,0.5009202499961459,0.657417959629525,0.4860841184324441,0.032539478794009806,0.012995631571409998
90.0,11,rectifying_volume_10,tray,175.2836803067999,221.0533507733511,31.40353926357664,12.118454352631366,5090.795262111541,7680.62873381044,0.3039759538237613,0.4969049563507636,0.6419017187060743,0.48128558921634623,0.05412232747016431,0.021809454432890056
90.0,12,feed_tray,tray,177.5792829615637,221.1285122972067,45.86232836070286,10.908601031955154,12218.369010853889,7623.835192992894,0.297290951670614,0.49423274905437325,0.614064512604866,0.4696290145104352,0.08864453572451982,0.03613823643519142
90.0,13,stripping_volume_1,tray,181.1124883962232,221.20425538472693,45.66756326396271,10.854794262935458,12239.377922285728,7608.2975054631925,0.2684158721829203,0.45630941046779555,0.6415607571273132,0.505653070746979,0.09002337068976651,0.03803751878522536
90.0,14,stripping_volume_2,tray,185.33398273803945,221.2810531160944,45.489122050182374,10.789443393129075,12276.88577789049,7629.169824524442,0.23471291967314045,0.40953489054627057,0.6736589445070321,0.5500771236025819,0.09162813581982755,0.04038798585114751
90.0,15,stripping_volume_3,tray,190.10520925626417,221.35912977426332,45.28191885066752,10.720603208456835,12334.333033717237,7666.541506194107,0.19766044145750047,0.35485907731098704,0.708841449875393,0.6019410959514716,0.09349810866710652,0.043199826737541365
90.0,16,stripping_volume_4,tray,195.1852346661294,221.42878038498603,53.450964994770125,12.092306270381886,12410.014038659827,7723.853286614233,0.159448442552032,0.29477879645658694,0.7446498082174634,0.6586757002258633,0.09590174923050451,0.04654550331754969
90.0,17,stripping_volume_5,tray,200.31866098634143,221.49980824713506,53.15319209243275,12.01993535468468,12495.673853251408,7799.390845990431,0.12248666279326537,0.23301331933390684,0.7777424371840657,0.7161617877693871,0.0997709000226688,0.05082489289670618
90.0,18,stripping_volume_6,tray,205.3681985114041,221.57281157995763,53.18588267955383,11.923426357230328,12572.51677195308,7884.9110807387515,0.0888056568438281,0.1736163922345715,0.8034504039686405,0.7689383323299351,0.10774393918753147,0.057445275435493215
90.0,19,stripping_volume_7,tray,210.54236643192996,221.64714889463232,52.75052463272305,11.856676042123516,12606.292046617678,7961.6203215093,0.05965859961679992,0.1199147039372069,0.8137878609342105,0.8096423395911153,0.1265535394489896,0.07044295647167773
90.0,20,combined_reboiler_sump,reboiler_sump,216.76382730211265,221.67254010801744,758.4312675927814,77.0393678321243,,7995.266953495688,0.0354771741135716,0.07380759400081767,0.7924431489541754,0.8259356465379285,0.17207967693225298,0.10025675946125383
120.0,1,reflux_drum,reflux_drum,120.5220847505545,220.53046262831836,1620.920343670111,121.60343809597484,,,0.8789554418652958,0.9457708741109824,0.12100093462645821,0.05421909806245719,4.362350824591388e-05,1.0027826560439758e-05
120.0,2,rectifying_volume_1,tray,130.13101988645766,220.57824122953448,38.012547426262884,49.27247164013109,5657.126531493251,8486.228146949808,0.7529531757692343,0.8784025664423625,0.24687535195724267,0.12155379315963817,0.00017147227352311322,4.3640397999365644e-05
120.0,3,rectifying_volume_2,tray,141.304176976254,220.6276363625078,34.272110912064704,12.750112425501932,5436.551205655176,8190.206034152837,0.619673924689781,0.7913248187509827,0.3798665805199636,0.20854329168239624,0.0004594947902555677,0.00013188956662101895
120.0,4,rectifying_volume_3,tray,151.6957630014986,220.67689132558974,33.343026641864405,12.53207936399821,5312.9140753023175,7969.5226595811655,0.5070657009250154,0.7014534502829696,0.49191506147330766,0.2982194245576416,0.0010192376016770913,0.0003271251593888261
120.0,5,rectifying_volume_4,tray,159.6889847127383,220.72644689607097,32.76999251657671,12.377837399011668,5256.917588544593,7845.786738901096,0.4270876936238505,0.626473834916729,0.5708978622194353,0.3728224166086092,0.0020144441567141215,0.000703748474661656
120.0,6,rectifying_volume_5,tray,165.09052622941036,220.7763383208168,32.37785677937718,12.285307121738178,5232.903687017705,7789.69727430267,0.3762590456852002,0.5733446772420808,0.6200269441861341,0.4252828394527425,0.0037140101286657727,0.0013724833051766605
120.0,7,rectifying_volume_6,tray,168.5128086123515,220.82657203496277,32.16649683325839,12.227893103375228,5219.055841044708,7765.595643354336,0.34584402167018213,0.5395315399664479,0.6475820437871221,0.4579537391613198,0.006573934542695689,0.0025147208722322437
120.0,8,rectifying_volume_7,tray,170.69729944957012,220.8770399025316,32.028946446061155,12.191587605761793,5204.5267880092815,7751.666205502666,0.32800377580571644,0.5193314234053049,0.6606365736045512,0.4762321053086798,0.011359650589732394,0.00443647128601511
120.0,9,rectifying_volume_8,tray,172.25171978185057,220.9275803178802,31.8794151820067,12.167105334559967,5182.838537825578,7737.06255818772,0.31725046218632563,0.5076432742434479,0.6634156868203253,0.48470746683462457,0.01933385099334901,0.0076492589219275785
120.0,10,rectifying_volume_9,tray,173.64345761922962,220.97804511635692,31.676567767020337,12.145524101374457,5147.736522319437,7715.307066940469,0.3100273782269755,0.5009122895024644,0.6574402073989146,0.48609545110842417,0.03253241437410994,0.012992259389111442
120.0,11,rectifying_volume_10,tray,175.27440261798714,221.02832958340593,31.404569991404774,12.116907349059359,5091.019556822818,7680.144539522724,0.3039625283677411,0.4968990966949211,0.6419217952390254,0.48129509130293197,0.054115676393233385,0.02180581200214685
120.0,12,feed_tray,tray,177.57004370195972,221.10349102905036,45.86254521020561,10.907294444025567,12218.163121618125,7623.371010267292,0.2972786163632922,0.49422904102256743,0.6140782855427642,0.46963491885034214,0.08864309809394345,0.036136040127090416
120.0,13,stripping_volume_1,tray,181.10340172249605,221.1792312079641,45.66778992671707,10.853488816745463,12239.182055096955,7607.416433950355,0.26840236768021103,0.4563031724352894,0.6415755762039853,0.5056614194138781,0.09002205611580363,0.03803540815083257
120.0,14,stripping_volume_2,tray,185.32514712568687,221.25602625323427,45.489353642615015,10.788139034813113,12276.700056186608,7628.313005956235,0.23469758548521158,0.40952457731813635,0.6736754686212344,0.5500894103861346,0.09162694589355416,0.04038601229572893
120.0,15,stripping_volume_3,tray,190.0966624983531,221.33410047019683,45.282156012741346,10.71929991139459,12334.15824881503,7665.709667826365,0.19764316076710678,0.3548436680492604,0.7088598480826344,0.6019583298663281,0.09349699115025883,0.043198002084411456
120.0,16,stripping_volume_4,tray,195.1769365268227,221.40374938910728,53.45131871613401,12.090827309060355,12409.853159670214,7723.0474124306575,0.15942968155126563,0.2947581444511819,0.7446697363756783,0.658698084060127,0.09590058207305606,0.046543771488691155
120.0,17,stripping_volume_5,tray,200.31045466301066,221.47477579110657,53.15357252033232,12.018460206457403,12495.526362975981,7798.615651030434,0.12246763151567851,0.23298881431811383,0.7777629330831859,0.7161881246716197,0.09976943540113567,0.05082306101026644
120.0,18,stripping_volume_6,tray,205.35991055398634,221.5477778771425,53.18630030293951,11.921961478754639,12572.381361894828,7884.165639302018,0.08878754450156433,0.17358997275247506,0.8034704741187113,0.7689669128439854,0.10774198137972438,0.05744311440353952
120.0,19,stripping_volume_7,tray,210.53389323448357,221.6221141308055,52.75097576144215,11.855218107751988,12606.165087357836,7960.902909120366,0.05964224799046069,0.11988818460739482,0.813806074094693,0.8096712123998018,0.1265516779148463,0.07044060299280334
120.0,20,combined_reboiler_sump,reboiler_sump,216.75531713274546,221.64750438291196,758.4606763026293,77.0284790005074,,7994.573574605655,0.03546294577646475,0.07378210173836772,0.7924551712151446,0.8259615726717077,0.17208188300839053,0.10025632558992476
150.0,1,reflux_drum,reflux_drum,120.51602162514605,220.50680346609857,1615.6345822037722,121.97598358228348,,,0.8789176983105175,0.9457549260397665,0.12103867049283042,0.05423504488144271,4.363119665197843e-05,1.0029078790831454e-05
150.0,2,rectifying_volume_1,tray,130.12399474549107,220.55458014320766,38.01318611795778,49.266461270598725,5657.192291981127,8485.324688957804,0.7529271807903696,0.8783922736476938,0.2469014313123554,0.12156410978560367,0.00017138789727510958,4.3616566702616925e-05
150.0,3,rectifying_volume_2,tray,141.2963617790426,220.6039739986239,34.27281259255477,12.748578609199106,5436.655165728615,8189.416382253692,0.6196561591944078,0.7913194797771766,0.37988462445216453,0.20854871776602008,0.00045921635342772294,0.0001318024568032176
150.0,4,rectifying_volume_3,tray,151.68765742040102,220.6532279691704,33.34377507995803,12.530573199900818,5313.037465185105,7968.787532440033,0.5070501168876612,0.7014492280511151,0.491931261930208,0.29822386117459915,0.0010186211821307768,0.00032691077428591937
150.0,5,rectifying_volume_4,tray,159.68088179154802,220.70278278270766,32.77076840422185,12.37634470222965,5257.0558509723,7845.08671198099,0.42707155061916824,0.6264679920442383,0.570915154405233,0.3728286928022527,0.0020132949755988314,0.0007033151535089968
150.0,6,rectifying_volume_5,tray,165.08245737777133,220.75267367849239,32.37866348692172,12.283820679482968,5233.057400606953,7789.025995130742,0.37624222783289235,0.5733369022868459,0.620045704197051,0.4252913888129004,0.0037120679700566508,0.0013717089002537538
150.0,7,rectifying_volume_6,tray,168.50468426778144,220.80290709364857,32.167346051239434,12.226411129256308,5219.226265915256,7764.952097680429,0.3458273047855594,0.5395228486543714,0.6476018265132208,0.4579637024660789,0.00657086870121967,0.002513448879549645
150.0,8,rectifying_volume_7,tray,170.6890148240495,220.85337488839224,32.02984773334927,12.190110005233805,5204.714902608595,7751.050653558287,0.327987933825762,0.5193229762858605,0.6606569668305183,0.47624250443929483,0.011355099343719541,0.0044345192748446
150.0,9,rectifying_volume_8,tray,172.24319594279044,220.9039154496287,31.880372714462894,12.165632518861397,5183.044598688687,7736.475525029325,0.3172360312473063,0.5076359303008146,0.6634363910866565,0.4847176016733671,0.019327577666037134,0.007646468025818448
150.0,10,rectifying_volume_9,tray,173.63466407902789,220.95438060218848,31.67757669173053,12.144056560200434,5147.958879097606,7714.748742084288,0.31001462787492795,0.5009065890184934,0.6574606462503837,0.48610476835105026,0.03252472587468831,0.01298864263045624
150.0,11,rectifying_volume_10,tray,175.26540376303987,221.00466561105563,31.405607319225393,12.11544478426379,5091.252016856506,7679.613405083277,0.3039513909497521,0.4968953483086659,0.6419402469755825,0.48130273943252205,0.05410836207466549,0.0218019122588121
150.0,12,feed_tray,tray,177.5611047945562,221.07982652113603,45.862803097130325,10.906059287825716,12217.989978970345,7622.860980575742,0.2972684517197256,0.4942273755925833,0.6140903395789394,0.46963894573640586,0.08864120870133493,0.0361336786710108
150.0,13,stripping_volume_1,tray,181.09450708612047,221.15556348231684,45.668064276331116,10.852255994368829,12239.018924921242,7606.514483466806,0.2683918699281304,0.4563002600735508,0.6415878868738998,0.5056666783218736,0.09002024319796985,0.03803306160457557
150.0,14,stripping_volume_2,tray,185.3164137116642,221.23235551028756,45.48963729645135,10.7869079891978,12276.546545190478,7627.435694784278,0.23468589359724934,0.40951876982047974,0.6736888839552267,0.5500974937734964,0.09162522244752389,0.0403837364060239
150.0,15,stripping_volume_3,tray,190.08816549363752,221.31042693339901,45.282446863835915,10.718069901294896,12334.015068750046,7664.857213272352,0.1976298210690269,0.3548336077716503,0.7088748603049465,0.601970569366917,0.0934953186260265,0.04319582286143261
150.0,16,stripping_volume_4,tray,195.16868648537357,221.3800738942451,53.45173177974157,12.089430651341164,12409.72412807204,7722.220717868944,0.15941475060931024,0.2947431280143527,0.7446864022028905,0.6587152181228495,0.0958988471877992,0.046541653862797745
150.0,17,stripping_volume_5,tray,200.30234515137758,221.45109857494745,53.15401048900621,12.017065635877769,12495.4122384824,7797.820306908985,0.1224519464022077,0.23296958776605062,0.7777806677417487,0.716209581521078,0.09976738585604344,0.050820830712871266
150.0,18,stripping_volume_6,tray,205.35180752503237,221.5240991758914,53.186774292860974,11.920574711300054,12572.282404482148,7883.401967262201,0.08877202537046602,0.17356788577812635,0.8034885742064832,0.7689915631679902,0.1077394004230508,0.057440551053883473
150.0,19,stripping_volume_7,tray,210.5257151379798,221.59843417017996,52.75148241808973,11.853835917946729,12606.07895738797,7960.170712710291,0.05962760566959481,0.11986464954780182,0.8138232676632964,0.8096975049328207,0.12654912666710877,0.0704378455193775
150.0,20,combined_reboiler_sump,reboiler_sump,216.74721966303395,221.62382320596728,758.4898574900533,77.01807877036214,,7993.8701126695705,0.03544953910748693,0.07375807297987892,0.792467129446271,0.8259864112880629,0.17208333144624222,0.10025551573205804
180.0,1,reflux_drum,reflux_drum,120.51038400600322,220.4845818491261,1610.498987721962,122.33823048282679,,,0.8788814539015011,0.9457395606830851,0.12107490878679403,0.05425040931032973,4.363731170483566e-05,1.0030006585257852e-05
180.0,2,rectifying_volume_1,tray,130.11706997599717,220.53235601069775,38.01383763754082,49.26084716429536,5657.265946216191,8484.366729819405,0.7529068523277511,0.8783850037265645,0.2469218551998462,0.12157140635606187,0.000171292472402848,4.358991737380946e-05
180.0,3,rectifying_volume_2,tray,141.2883932015008,220.581748021658,34.273545800926335,12.747151094594622,5436.767730639504,8188.582153265203,0.6196465868247678,0.7913196242621747,0.37989450497567395,0.2085486693646141,0.000458908199558146,0.00013170637321115126
180.0,4,rectifying_volume_3,tray,151.6793347642656,220.6310004227657,33.34455121704807,12.529171669394813,5313.166653028102,7968.0089483792635,0.5070428132632345,0.7014516756350652,0.49193924156353047,0.2982216485449905,0.0010179451732349504,0.0003266758199442412
180.0,5,rectifying_volume_4,tray,159.67265025996315,220.68055388997206,32.77156089813841,12.37495265528003,5257.197617453697,7844.3408210528905,0.4270623690427222,0.62646848702106,0.5709255882418592,0.37282866975214746,0.0020120427154186474,0.0007028432267924678
180.0,6,rectifying_volume_5,tray,165.07439737237294,220.7304436683952,32.379477214813896,12.282431033561524,5233.213867116731,7788.306931964719,0.3762308192156239,0.5733343676625045,0.6200592194931142,0.42529476188202064,0.0037099612912618964,0.0013708704554749426
180.0,7,rectifying_volume_6,tray,168.4966886231845,220.78067620862282,32.1681966602354,12.225023057139882,5219.39978450632,7764.260353166818,0.3458147560892477,0.5395182621711377,0.6476176902982315,0.4579696592431985,0.006567553612520897,0.0025120785856636895
180.0,8,rectifying_volume_7,tray,170.68094117891917,220.8311433719041,32.030748354309026,12.188724382880153,5204.907014308132,7750.387535534742,0.3279754251113059,0.5193177716949084,0.6606743870050127,0.4762498032555134,0.011350187883681346,0.004432425049578289
180.0,9,rectifying_volume_8,tray,172.2349313746139,220.8816835383543,31.88133002406137,12.164250471260017,5183.255798056209,7735.842073486163,0.3172244280623218,0.5076312711963131,0.6634547585904778,0.48472524476402684,0.0193208133472005,0.007643484039660016
180.0,10,rectifying_volume_9,tray,173.62615529675253,220.93214852134912,31.678587102053044,12.142678978133302,5148.187518364374,7714.145335311095,0.31000441953913127,0.5009032497808481,0.6574791553756155,0.4861119635247254,0.03251642508525313,0.01298478669442652
180.0,11,rectifying_volume_10,tray,175.25670582084655,220.98243356387087,31.406647602628105,12.114071429021575,5091.491613251599,7679.0384792842115,0.3039426295201565,0.49689378808627405,0.6419569717476815,0.4813084493335621,0.05410039873216205,0.0217977625801639
180.0,12,feed_tray,tray,177.5524898740288,221.05759349037808,45.86310091480374,10.904899584491545,12217.849793787682,7622.308119528726,0.29726052817919424,0.49422780657612414,0.6141006031651836,0.46964103756541986,0.08863886865562232,0.03613115585845598
180.0,13,stripping_volume_1,tray,181.08582565851577,221.1333269416764,45.66838522106541,10.85109984917008,12238.888663396438,7605.595836376336,0.26838446794360543,0.45630075723567615,0.6415976014912987,0.505668761838991,0.09001793056509586,0.038030480925332885
180.0,14,stripping_volume_2,tray,185.30780100375085,221.21011563651817,45.48997193015696,10.785754337470076,12276.425289789355,7626.541914074748,0.23467795172137879,0.4095175869499621,0.673699086904588,0.5501012555013156,0.09162296137403327,0.0403811575487223
180.0,15,stripping_volume_3,tray,190.07973453437086,221.28818392687944,45.28279029332263,10.71691727563671,12333.903447408378,7663.987994442007,0.19762054366181533,0.3548290483129298,0.7088863721635984,0.6019776657793969,0.09349308417458624,0.043193285907673365
180.0,16,stripping_volume_4,tray,195.16049961200267,221.35782867221658,53.45220270160054,12.08812095074579,12409.626801950699,7721.376878475363,0.15940377581088455,0.2947339223663205,0.7446996893640548,0.6587269327287119,0.0958965348250605,0.04653914490496763
180.0,17,stripping_volume_5,tray,200.2943479150414,221.4288513781866,53.15450432058874,12.015756273972036,12495.331260953235,7797.008298054814,0.12243972613742592,0.23295581946937344,0.7777955342579728,0.7162259855164181,0.09976473960460147,0.05081819501420849
180.0,18,stripping_volume_6,tray,205.3439065720937,221.50185026264217,53.18730270910165,11.91927063751362,12572.219624545227,7882.623381817737,0.08875920196173341,0.17355029843155842,0.8035046149730106,0.7690121237882118,0.10773618306525588,0.057437577780229766
180.0,19,stripping_volume_7,tray,210.517851405036,221.57618380555706,52.75204243556108,11.852534018378108,12606.033348475643,7959.426909013504,0.059614755503459745,0.11984424306663455,0.8138393767379598,0.8097210825264225,0.12654586775858054,0.07043467440694288
180.0,20,combined_reboiler_sump,reboiler_sump,216.7395549723788,221.60157137862413,758.5184899807246,77.0082209625226,,7993.159634508602,0.03543701881289374,0.07373562836364118,0.7924790017372891,0.8260100656645962,0.17208397944981713,0.10025430597176253
210.0,1,reflux_drum,reflux_drum,120.50518887103547,220.46386503496797,1605.5266599273427,122.68927539424516,,,0.878846821362522,0.9457248258889025,0.1211095368659273,0.05426514351847728,4.3641771550637376e-05,1.0030592620298272e-05
210.0,2,rectifying_volume_1,tray,130.110262392421,220.51163611069327,38.01450044456863,49.25564668815544,5657.3473232658835,8483.359409937459,0.7528923057539153,0.8783808100930685,0.24693650840913475,0.12157562949250066,0.00017118583694989713,4.356041443106405e-05
210.0,3,rectifying_volume_2,tray,141.28028617501525,220.56102572834195,34.274309004236585,12.745834417026403,5436.888611299716,8187.70805684126,0.6196453425194627,0.7913253282417901,0.3798960874586568,0.2085430705180839,0.000458570021880601,0.00013160124012606613
210.0,4,rectifying_volume_3,tray,151.67080711794313,220.6102759994778,33.34535346310062,12.527879297005214,5313.301247504881,7967.191402538378,0.5070439494377458,0.7014609053153235,0.49193884145985967,0.29821267452547456,0.0010172091023945814,0.0003264201592020626
210.0,5,rectifying_volume_4,tray,159.66430049945154,220.65982754582708,32.77236825539877,12.373665765809248,5257.342392110334,7843.553364889194,0.4270603186276758,0.6264754602733376,0.5709289944330902,0.372822207178376,0.0020106869392339205,0.0007023325482863601
210.0,6,rectifying_volume_5,tray,165.06635664201715,220.70971563203238,32.38029597769288,12.281142664810154,5233.372490300951,7787.54419569157,0.37622498446591784,0.5733372228700011,0.6200673252469202,0.4252928090916333,0.0037076902871619037,0.0013699680383655244
210.0,7,rectifying_volume_6,tray,168.488833465847,220.75994673379796,32.169046369645116,12.223733334047472,5219.575705748253,7763.524347489791,0.3458065254929875,0.5395179227039516,0.6476294832505884,0.4579714665433267,0.0065639912564241345,0.002510610752721728
210.0,8,rectifying_volume_7,tray,170.6730924060728,220.81041271836648,32.03164567456322,12.187435149280267,5205.10233897669,7749.680628653086,0.32796638038817333,0.5193159348877133,0.6606886978605446,0.47625387426165633,0.011344921751282152,0.004430190850630417
210.0,9,rectifying_volume_8,tray,172.2269424476711,220.86095195977867,31.882284111526808,12.162963564590399,5183.471257686705,7735.16582612616,0.31721576264914336,0.5076294008928389,0.6634706681497287,0.4847302874416559,0.019313569201128016,0.007640311665505265
210.0,10,rectifying_volume_9,tray,173.61795024199688,220.91141625903293,31.679595638038617,12.141395689081781,5148.421469906338,7713.500315399345,0.30999684253160087,0.5009023530558685,0.6574956277934109,0.48611694753872103,0.03250752967498813,0.012980699405410485
210.0,11,rectifying_volume_10,tray,175.24833011716402,220.9617008355956,31.407687189441376,12.112791580384709,5091.737301915384,7678.423080384376,0.3039363139736095,0.49689447466341075,0.6419718797077799,0.48131215258378685,0.05409180631861053,0.021793372752802378
210.0,12,feed_tray,tray,177.54422155469615,221.0368593420634,45.863437355370834,10.90381895505551,12217.74263422577,7621.715614882831,0.2972548997926707,0.4942303709072562,0.6141090175730456,0.4696411520483057,0.08863608263428362,0.03612847704443813
210.0,13,stripping_volume_1,tray,181.07737847706773,221.11258900982344,45.66875142321823,10.850024022843598,12238.79126555103,7604.664721479641,0.2683802276023738,0.4563047206332398,0.6416046513769922,0.5056676092382077,0.09001512102063391,0.0380276701285523
210.0,14,stripping_volume_2,tray,185.29932810683044,221.18937407284866,45.49035618877171,10.784681741598376,12276.336207945029,7625.635741740363,0.2346738393696181,0.4095211111841785,0.673705997307733,0.5501006108157275,0.09162016332264895,0.040378278000094026
210.0,15,stripping_volume_3,tray,190.0713869170385,221.267438907311,45.283184911185515,10.715845711212035,12333.823221347267,7663.105930353563,0.19761541949791267,0.3548300989100118,0.7088942943224364,0.6019795095240846,0.09349028617965091,0.043190391565903506
210.0,16,stripping_volume_4,tray,195.15239195589308,221.33708119014182,53.452729688461254,12.086902389146262,12409.560925344485,7720.519649206188,0.15939685423337527,0.29473065887037675,0.7447095046835501,0.6587330980831069,0.09589364108307463,0.04653624304651639
210.0,17,stripping_volume_5,tray,200.2864789245796,221.40810167729742,53.15505205617352,12.014536292756024,12495.283090858611,7796.183194787279,0.1224310649746535,0.23294764983506902,0.7778074438525492,0.7162371990217034,0.09976149117279744,0.050815151143227696
210.0,18,stripping_volume_6,tray,205.33622454095027,221.48109862228338,53.187883362926826,11.918053398830413,12572.192609356787,7881.833282413459,0.08874915904577825,0.17353734770841128,0.8035185183697644,0.7690284611229928,0.10773232258445722,0.057434191168595806
210.0,19,stripping_volume_7,tray,210.51032000127154,221.55543052944319,52.752653437936516,11.851316531259545,12606.027792709707,7958.6747428392755,0.05960377001203861,0.11982709129876634,0.8138543406686785,0.809741825046164,0.12654188931928298,0.07043108365506963
210.0,20,combined_reboiler_sump,reboiler_sump,216.73234076928966,221.58081640335968,758.546262862174,76.99895600622523,,7992.445254860116,0.03542544617884201,0.07371488268200564,0.7924907654474602,0.8260324429911498,0.17208378837369792,0.10025267432684454
240.0,1,reflux_drum,reflux_drum,120.50045078673561,220.4447129121401,1600.729795471371,123.02827738990233,,,0.8788139088152076,0.9457107680227573,0.12114244668694356,0.05427920115708249,4.364449784879289e-05,1.0030820160141728e-05
240.0,2,rectifying_volume_1,tray,130.1035885450965,220.4924803549167,38.01517289413262,49.25087515684832,5657.436203318983,8482.307990425395,0.7528836242070275,0.878379728754663,0.24694530786978922,0.12157674319890514,0.00017106792318321692,4.3528046431978956e-05
240.0,3,rectifying_volume_2,tray,141.2720571840318,220.54186705049875,34.27510043963849,12.744632550203919,5437.017465587216,8186.798876631223,0.6196525105694224,0.7913366331981564,0.37988928763485247,0.2085318797354625,0.00045820179572516353,0.00013148706638123084
240.0,4,rectifying_volume_3,tray,151.6620887856007,220.59111464969027,33.34618001303957,12.526700048104923,5313.440823795215,7966.339462699327,0.5070536309895654,0.7014769850081432,0.49192995591674354,0.2981968711335552,0.0010164130936911586,0.0003261438583016096
240.0,5,rectifying_volume_4,tray,159.65584475716537,220.64066371785523,32.77318858609212,12.372488001738155,5257.489663566929,7842.728736946423,0.4270655218606965,0.6264890079831685,0.5709252498668284,0.37280920865069567,0.0020092282724751527,0.0007017833661357619
240.0,6,rectifying_volume_5,tray,165.05834673232795,220.69054955292856,32.381117708005384,12.279959535203348,5233.532667453863,7786.7420117956935,0.3762248499010302,0.5733455789256676,0.6200698932405423,0.42528541869336217,0.003705256858427452,0.0013690023809702061
240.0,7,rectifying_volume_6,tray,168.4811309953903,220.74077866748732,32.16989285029195,12.222545904290467,5219.753334454198,7762.748143456886,0.3458027321749565,0.5395219406776739,0.6476370816709123,0.4579690121641499,0.006560186154131139,0.0025090471581761665
240.0,8,rectifying_volume_7,tray,170.66548229779238,220.79124293981627,32.03253704479071,12.186246223112052,5205.300087244296,7748.93383901756,0.32796090504007763,0.5193175648546566,0.6606997849363777,0.4762546147952834,0.011339310023544606,0.004427820350059809
240.0,9,rectifying_volume_8,tray,172.21924510101965,220.8417807386463,31.883231973129906,12.161775686683443,5183.690091730199,7734.450534860931,0.31721012324609016,0.5076304009983683,0.6634840158120335,0.48473264153677237,0.019305860941876238,0.007636957464859405
240.0,10,rectifying_volume_9,tray,173.61006723140167,220.89224385169777,31.680598941329723,12.140210546914652,5148.659754034386,7712.817280020308,0.3099919667686467,0.500903960434716,0.6575099706509597,0.48611964880355235,0.032498062580393554,0.012976390761731653
240.0,11,rectifying_volume_10,tray,175.24029712654897,220.94252747344558,31.40872244071402,12.111609060549478,5091.98802983403,7677.770655953641,0.3039324966282554,0.49689744892912224,0.6419848934711613,0.4813137963646452,0.054082609900583355,0.02178875470623262
240.0,12,feed_tray,tray,177.53632133222436,221.01768413688163,45.863810927161445,10.90282061955477,12217.668431620912,7621.086786716605,0.29725160479991763,0.49423508934406574,0.6141155366353398,0.46963926166835135,0.08863285856474261,0.03612564898758293
240.0,13,stripping_volume_1,tray,181.06918630143343,221.09340976717596,45.66916131935669,10.849031745183083,12238.726595678982,7603.725374073625,0.26837919255478315,0.456312181025887,0.6416089862751182,0.5056631837135022,0.09001182117009864,0.03802463526061085
240.0,14,stripping_volume_2,tray,185.29101454557,221.17019091831585,45.490788465981424,10.783693444522454,12276.279096400902,7624.721270778116,0.23467360898834055,0.409529390149948,0.673709557746431,0.550095507159081,0.09161683326522843,0.04037510269097117
240.0,15,stripping_volume_3,tray,190.06314075124965,221.24825199118396,45.28362907080941,10.714858464383925,12333.774115428612,7662.214967400162,0.19761451036057404,0.35483682793307353,0.7088985618169018,0.6019760286894587,0.09348692782252417,0.04318714337746781
240.0,16,stripping_volume_4,tray,195.1443803650663,221.31789157636717,53.453310664870926,12.085778676693055,12409.526134275791,7719.652824749359,0.15939405496771392,0.2947334266242129,0.744715777708975,0.6587336230437862,0.0958901673233111,0.04653295033200081
240.0,17,stripping_volume_5,tray,200.2787545119177,221.3889096113938,53.15565148186399,12.013409404445293,12495.267274915761,7795.348614129308,0.12242603343913351,0.2329451810354502,0.7778163258090782,0.7162431188006662,0.09975764075178833,0.050811700163883596
240.0,18,stripping_volume_6,tray,205.3287778845202,221.46190440363523,53.18851384134959,11.916926693705939,12572.200816907556,7881.035112521905,0.08874196393642224,0.17352914094753355,0.8035302179025811,0.7690404674234389,0.10772781816099673,0.05743039162902755
240.0,19,stripping_volume_7,tray,210.50313757799267,221.53623449933335,52.75331286038354,11.850187152377035,12606.061671805053,7957.917490230537,0.05959471122373155,0.11981330186604491,0.8138681036176434,0.8097596274446403,0.12653718515862514,0.07042707068931471
240.0,20,combined_reboiler_sump,reboiler_sump,216.7255924813563,221.56161844875933,758.5728864273004,76.99032997191739,,7991.730100710361,0.03541487850070993,0.07369594372865033,0.7925023973898694,0.8260534552141034,0.17208272410942077,0.10025060105724623
270.0,1,reflux_drum,reflux_drum,120.4961819625977,220.4271780016031,1596.1196627140355,123.3544595779429,,,0.8787828190071466,0.9456974315944219,0.12117353557604284,0.05429253773227836,4.3645416810443385e-05,1.0030673299744665e-05
270.0,2,rectifying_volume_1,tray,130.09706464756508,220.47494128930876,38.015853251524625,49.246545840533884,5657.532321738193,8481.21780399261,0.7528808594784842,0.8783817788339602,0.2469482017663962,0.12157472834063882,0.00017093875511959682,4.349282540106683e-05
270.0,3,rectifying_volume_2,tray,141.26372410797336,220.5243245559346,34.27591813584345,12.743548909567506,5437.15390330845,8185.859426277218,0.6196681263858281,0.7913535473426484,0.3798740698466692,0.20851508871541688,0.00045780376750267134,0.00013136394193470684
270.0,4,rectifying_volume_3,tray,151.65319612685548,220.57356896167036,33.34702886649826,12.525637331998466,5313.584927874859,7965.457726530683,0.5070719113615857,0.7014999397222519,0.49191253079878705,0.29817421310059666,0.0010155578396272914,0.0003258471771514777
270.0,5,rectifying_volume_4,tray,159.64729702476285,220.6231150135705,32.774019869247525,12.371422793206893,5257.638908730952,7841.87138240602,0.42707805512256625,0.6265091832145124,0.5709142765349843,0.3727896204848122,0.0020076683424495767,0.0007011963006753963
270.0,6,rectifying_volume_5,tray,165.0503802295661,220.67299805665132,32.38194026938975,12.278885088813139,5233.693793175942,7785.904677341624,0.37623050417456094,0.5733595090447047,0.6200668313299892,0.4252725161195839,0.0037026644954497446,0.0013679748357115688
270.0,7,rectifying_volume_6,tray,168.47359377212277,220.72322465214896,32.170733747367805,12.221464209915789,5219.931975410761,7761.935886416347,0.34580346495632847,0.5395303951464158,0.6476403898784073,0.4579622143378468,0.0065561451652643155,0.002507390515737533
270.0,8,rectifying_volume_7,tray,170.6581244972375,220.77368669449518,32.03341981497231,12.18516103150709,5205.499469104008,7748.151159736952,0.3279590794122512,0.5193227346230078,0.660707555598581,0.47625194685384536,0.011333364989167915,0.004425318523146864
270.0,9,rectifying_volume_8,tray,172.21185477949362,220.82422254792007,31.88417061727504,12.16069024090098,5183.911411920592,7733.700039913618,0.31720757667547117,0.5076343311276352,0.6634947149573638,0.4847322392020161,0.019297708367164965,0.007633429670348702
270.0,10,rectifying_volume_9,tray,173.6025238460163,220.87468398599293,31.68159367417347,12.139126926268755,5148.901387294657,7712.099915562244,0.3099898432550362,0.5009081143333891,0.6575221053276328,0.48612001297427887,0.03248805141733095,0.012971872692332062
270.0,11,rectifying_volume_10,tray,175.23262637444085,220.9249661767718,31.409749750853756,12.110527217821748,5092.242740949841,7677.08474339594,0.3039312128298685,0.4969027346860272,0.6419959481049436,0.48131334305760054,0.054072839065187776,0.021783922256372244
270.0,12,feed_tray,tray,177.5288094889384,221.00012058931847,45.864219972074906,10.90190739790207,12217.626986530684,7620.4250482743455,0.29725066629610103,0.49424196727385716,0.6141201263824739,0.46963535303069937,0.08862920732142508,0.03612267969544362
270.0,13,stripping_volume_1,tray,181.06126947060952,221.0758419489023,45.669613140523886,10.848125835647961,12238.694393239357,7602.781997192474,0.26838138525603644,0.45632314455717565,0.6416105736707995,0.5056554712418292,0.0900080410731641,0.03802138420099521
270.0,14,stripping_volume_2,tray,185.28288008617182,221.15261892789127,45.49126692598794,10.782792272151013,12276.253636270383,7623.8025705907885,0.23467728722285527,0.40954243837343474,0.6737097326787913,0.5500859226621057,0.09161298009835328,0.04037163896445961
270.0,15,stripping_volume_3,tray,190.05501476738104,221.23067595232337,45.28412089129587,10.713958373139391,12333.755748186311,7661.319040541591,0.19761785017626085,0.35484926482240053,0.7088991331949308,0.6019671873805928,0.0934830166288084,0.04318354779700658
270.0,16,stripping_volume_4,tray,195.13648230578357,221.30031261774909,53.45394329932871,12.084753053751552,12409.52196237244,7718.780200675445,0.15939542027180306,0.29474227426813365,0.7447184600748769,0.6587284536375855,0.09588611965332017,0.046529272094280955
270.0,17,stripping_volume_5,tray,200.27119122524917,221.3713279792849,53.15630015367509,12.01237886264755,12495.283252553916,7794.50818137252,0.12242467915622264,0.23294847837547425,0.7778221272164639,0.7162436750011782,0.09975319362731337,0.05080784662334752
270.0,18,stripping_volume_6,tray,205.32158257269495,221.4443204162864,53.18919153022707,11.915893777819825,12572.243583680174,7880.232322190181,0.08873766689045233,0.17352575650860208,0.8035396588002794,0.7690480604369703,0.10772267430926832,0.05742618305442774
270.0,19,stripping_volume_7,tray,210.4963194544561,221.51864853434807,52.75401796832671,11.849149150115316,12606.134226034843,7957.158422444755,0.059587630617242086,0.11980296373427424,0.8138806150015225,0.809774400120849,0.1265317543812353,0.07042263614487679
270.0,20,combined_reboiler_sump,reboiler_sump,216.71932333942092,221.5440303459413,758.5981004574638,76.98238384675281,,7991.0172765809475,0.03540536860380465,0.07367891132443129,0.792513874022225,0.8260730197697856,0.17208075737397033,0.10024806890578301
300.0,1,reflux_drum,reflux_drum,120.49239231204959,220.41130548872437,1591.7065838975686,123.66711014821779,,,0.8787536486095181,0.9456848589148199,0.12120270693032488,0.05430511094798978,4.3644460157002946e-05,1.0030137190218628e-05
300.0,2,rectifying_volume_1,tray,130.09070650441652,220.45906412568542,38.01653970714934,49.2426699810902,5657.63537321116,8480.094207904367,0.752884033042634,0.8783869631685773,0.24694516851240655,0.12156958204554444,0.00017079844495962687,4.34547858783588e-05
300.0,3,rectifying_volume_2,tray,141.2553060542304,220.50844347980927,34.27675993525772,12.742586358033883,5437.297491199588,8184.894507544056,0.619692178505286,0.7913760470661395,0.3798504450539471,0.20849272090027984,0.00045737644076697707,0.00013123203358058304
300.0,4,rectifying_volume_3,tray,151.64414737540773,220.55768419265374,33.34789784868615,12.52469400748837,5313.733080836411,7964.550780977013,0.5070987938405399,0.7015297532797223,0.49188656159191313,0.29814471616249044,0.0010146445675469665,0.00032553055778729485
300.0,5,rectifying_volume_4,tray,159.63867289505367,220.60722671121684,32.77485996992636,12.370473037028818,5257.7895965334,7840.98575728974,0.42709795016384233,0.6265359973684406,0.5708960401256974,0.37276343031211956,0.0020060097104603455,0.0007005723194398753
300.0,6,rectifying_volume_5,tray,165.04247066193037,220.65710644132528,32.38276147106812,12.277922255241547,5233.855263037861,7785.036519931087,0.3762419992543089,0.5733790496725827,0.6200580825912361,0.42525406299948243,0.003699918154455215,0.0013668873279347143
300.0,7,rectifying_volume_6,tray,168.46623464590158,220.70733000462025,32.17156669409158,12.220491193546245,5220.110937320915,7761.0917635282285,0.3458087829704214,0.5395433345120503,0.6476393397499903,0.45795102109432795,0.006551877279588164,0.0025056443936218946
300.0,8,rectifying_volume_7,tray,170.6510324344696,220.75778931681054,32.03429134897552,12.184182512700179,5205.699698329243,7747.336630832333,0.3279609593607745,0.5193314918403962,0.6607119388136058,0.4762458166402577,0.011327101825619641,0.0044226915193460335
300.0,9,rectifying_volume_8,tray,172.2047863621212,220.80832273847315,31.88509708101366,12.159710148858448,5184.134332548659,7732.918230496351,0.31720816890206815,0.5076412294905893,0.663502696195919,0.48472903250930754,0.019289134902012908,0.007629738000103137
300.0,10,rectifying_volume_9,tray,173.59533684561364,220.85878202818702,31.6825765379757,12.138147725445398,5149.145387929813,7711.351958605333,0.3099905047156953,0.5009148386655019,0.6575319673726171,0.486118002514834,0.03247752791168757,0.01296715881966412
300.0,11,rectifying_volume_10,tray,175.2253363407832,220.9090623262279,31.410765567024253,12.109548929591535,5092.50038177224,7676.368932123865,0.30393248166358455,0.4969103394361555,0.642004990987785,0.48131076970713377,0.054062527348630374,0.021778890856710864
300.0,12,feed_tray,tray,177.52170500357312,220.98421409655907,45.86466268308661,10.901081712448013,12217.617974993756,7619.733868439149,0.29725209297604077,0.49425099560604435,0.6141227645907555,0.46962942612064185,0.08862514243320384,0.03611957827331385
300.0,13,stripping_volume_1,tray,181.05364776165442,221.0599309735521,45.67010493259355,10.847308706653395,12238.694278899617,7601.8387249343095,0.2683868080976001,0.45633759421760184,0.6416093979906567,0.505644479313236,0.09000379391174315,0.038017926469162105
300.0,14,stripping_volume_2,tray,185.27494455777,221.13670354082691,45.49178952544854,10.781980637098002,12276.25939866578,7622.883650321548,0.23468487630015783,0.4095602391933282,0.673706507429393,0.5500718644654233,0.09160861627044904,0.040367896341248495
300.0,15,stripping_volume_3,tray,190.04702812299976,221.21475624993903,45.28465827966167,10.713147860877447,12333.767637112313,7660.422036472917,0.1976254464533518,0.3548674022151327,0.7088959894952618,0.6019529838650863,0.09347856405138635,0.043179613919781104
300.0,16,stripping_volume_4,tray,195.12871568105862,221.28438978747536,53.45462503003582,12.083828294782663,12409.547846296207,7717.905536474989,0.1594009668500853,0.294757211998055,0.7447175246908713,0.658717571352929,0.09588150845904339,0.04652521664901596
300.0,17,stripping_volume_5,tray,200.26380568411156,221.35540226707045,53.15699542178369,12.011447465469088,12495.330362109253,7793.665493466334,0.12242702779893042,0.2329575718666049,0.7778248125341781,0.716238829908339,0.0997481596668914,0.050803598225056076
300.0,18,stripping_volume_6,tray,205.31465400320377,221.42839215797542,53.18991363665405,11.914957466167305,12572.320132156925,7879.428332369676,0.08873630161628981,0.17352724464824096,0.8035467980218726,0.769051182849084,0.10771690036183768,0.05742157250267503
300.0,19,stripping_volume_7,tray,210.48987960046014,221.50271814241967,52.754765876279755,11.848205366381132,12606.24456302408,7956.400771764432,0.05958256916110762,0.11979614725476032,0.8138918298199203,0.809786069091341,0.12652560101897212,0.07041778365389866
300.0,20,combined_reboiler_sump,reboiler_sump,216.7135444571353,221.52809761553812,758.6216799447079,76.97515304319016,,7990.309831862309,0.03539696445027499,0.07366387651202679,0.7925251716372987,0.8260910602088318,0.1720778639124263,0.10024506327914144
330.0,1,reflux_drum,reflux_drum,120.48908951942589,220.3971332850982,1587.499924438042,123.96558293261168,,,0.8787264875873836,0.9456730897850296,0.12122987084662899,0.05431688101672657,4.3641565987449634e-05,1.0029198243831233e-05
330.0,2,rectifying_volume_1,tray,130.08452943868923,220.44488680326359,38.01723039170696,49.2392568167367,5657.745015980764,8478.94253960352,0.7528931372382414,0.8783952689947655,0.24693621557314036,0.12156131702149742,0.00017064718861820144,4.3413983737072365e-05
330.0,3,rectifying_volume_2,tray,141.2468231818454,220.49426178588504,34.27762351703817,12.741747214076675,5437.447758056902,8183.908871216626,0.6197246108346076,0.7914040785582048,0.3798184686054558,0.20846482986182857,0.00045692055993654346,0.0001310915799665427
330.0,4,rectifying_volume_3,tray,151.63496244127353,220.5434983298174,33.34878463231387,12.523872390856058,5313.884783244348,7963.623164424841,0.5071342338304592,0.7015663702895828,0.49185209116765716,0.29810843509900914,0.0010136750018837236,0.000325194611408041
330.0,5,rectifying_volume_4,tray,159.62998939922178,220.59303682046243,32.77570665728864,12.36964110355958,5257.94119161383,7840.076290255868,0.4271251958873458,0.6265694219396984,0.570870548314386,0.3727306653503054,0.0020042557982680237,0.0006999127099962734
330.0,6,rectifying_volume_5,tray,165.03463238221988,220.64291273804955,32.38357908300153,12.277073455415689,5234.016477129347,7784.14185922515,0.3762593516888172,0.573404201823717,0.6200436241833589,0.42523005587033513,0.0036970241278240406,0.001365742305947733
330.0,7,rectifying_volume_6,tray,168.45906666968628,220.69313277626347,32.17238932585517,12.219629303502053,5220.28953659902,7760.219965514388,0.3458187165847932,0.5395607775243729,0.6476338900100911,0.4579354093447632,0.006547393405115757,0.0025038131308639335
330.0,8,rectifying_volume_7,tray,170.64421925183285,220.74358887721436,32.035149039313644,12.183313120866469,5205.8999967231675,7746.494301539098,0.32796657701153037,0.5193438595972808,0.6607128847108211,0.47623619386966626,0.011320538277648428,0.004419946533053002
330.0,9,rectifying_volume_8,tray,172.19805408495935,220.7941193987074,31.886008446406887,12.15883785524074,5184.357975249942,7732.10900783417,0.3172119257571696,0.507651113671793,0.6635079070916508,0.484722992853464,0.019280167151179677,0.007625893474743127
330.0,10,rectifying_volume_9,tray,173.58852208218607,220.84457608353068,31.683544291395886,12.137275371314844,5149.390781136607,7710.5771597089,0.3099939663525412,0.5009241396599088,0.6575395063011625,0.4861135961119131,0.03246652734629639,0.012962264228178071
330.0,11,rectifying_volume_10,tray,175.2184443667537,220.89485404288163,31.411766407864665,12.108676607245602,5092.759906780533,7675.626827982042,0.30393630675672595,0.4969202552713743,0.6420119815596873,0.4813060673722733,0.05405171168358673,0.021773677356352498
330.0,12,feed_tray,tray,177.51502546661806,220.97000279734456,45.86513712192796,10.900345592175686,12217.640955076215,7619.016736442005,0.2972558799435416,0.49426215173633,0.6141234402579737,0.46962149348774884,0.08862067979848454,0.0361163547759212
330.0,13,stripping_volume_1,tray,181.04634025155295,221.0457150016548,45.67063457684867,10.846582368520595,12238.725760812644,7600.89958853448,0.2683954446238515,0.4563554914125491,0.6416054597070517,0.5056302355527746,0.08999909566909678,0.03801427303467626
330.0,14,stripping_volume_2,tray,185.26722767496693,221.12248293898247,45.49235403562033,10.781260544094796,12276.295850488916,7621.968424881389,0.23469635551301932,0.40958274681178797,0.673699887061271,0.5500533668983912,0.09160375742570973,0.04036388628982073
330.0,15,stripping_volume_3,tray,190.03920020934117,221.20053108666838,45.285238953143136,10.712428941870856,12333.809204022498,7659.527759366935,0.19763728183143706,0.3548911982363891,0.7088891330899455,0.6019334485463568,0.0934735850786175,0.043175353217254214
330.0,16,stripping_volume_4,tray,195.12109864915678,221.27016130288771,53.45535309057369,12.083006714104915,12409.60313116804,7717.032521092115,0.15941068724569457,0.29477821375973207,0.7447129647813501,0.6587009912376313,0.09587634797295544,0.04652079500263662
330.0,17,stripping_volume_5,tray,200.25661443525757,221.34117070574675,53.15773445453221,12.010617560472557,12495.407846968781,7792.824084833894,0.12243308414317576,0.23297245798600996,0.7778243630057415,0.7162285764938026,0.0997425528510826,0.05079896552018745
330.0,18,stripping_volume_6,tray,205.3080069141129,221.414157871992,53.19067721104694,11.914120136974248,12572.42957827737,7878.6265016605175,0.08873788588183103,0.17353362857598975,0.8035516041223899,0.7690498015267887,0.10771050999577905,0.05741656989722161
330.0,19,stripping_volume_7,tray,210.48383062005604,221.4884815775073,52.755553566657326,11.847358219353376,12606.39166659675,7955.647699737545,0.05957955744297552,0.11979290437540716,0.8139017088800512,0.8097945759887392,0.12651873367697325,0.07041251963585371
330.0,20,combined_reboiler_sump,reboiler_sump,216.70826490708754,221.51385852471643,758.6434384526374,76.9686671227489,,7989.610730645791,0.03538970882725086,0.0736509209098891,0.7925362665473357,0.8261075067138449,0.17207402462541338,0.10024157237626602
360.0,1,reflux_drum,reflux_drum,120.48627911259959,220.3846921197617,1583.5080889702188,124.24929750789276,,,0.8787014186458586,0.9456621612189499,0.12125494467459587,0.054327810936733625,4.363667954559777e-05,1.0027844316598259e-05
360.0,2,rectifying_volume_1,tray,130.0785482191642,220.43244007959865,38.0179233915946,49.23631361488849,5657.860876142733,8477.76807585757,0.7529081365956799,0.8784066687112848,0.2469213781437927,0.12154996079389963,0.0001704852605274327,4.3370494815491166e-05
360.0,3,rectifying_volume_2,tray,141.23829651749784,220.48181025720285,34.278506420789405,12.741033262081608,5437.604199922448,8182.907181542098,0.6197653251155398,0.7914375595807192,0.37977823779225833,0.20843149753320828,0.000456437092201876,0.0001309428860726821
360.0,4,rectifying_volume_3,tray,151.6256626994141,220.5310421806936,33.349686760333306,12.523174266169852,5314.03951948981,7962.679332362046,0.5071781413901999,0.7016096983475155,0.4918092072865423,0.29806546154815483,0.0010126513232579216,0.0003248401043296541
360.0,5,rectifying_volume_4,tray,159.6212648282848,220.5805761725486,32.7765576234184,12.3689288458782,5258.093157945356,7839.147347784579,0.4271597404008849,0.6266093905377969,0.5708378487886873,0.3726913904110345,0.002002410810427788,0.0006992190511685703
360.0,6,rectifying_volume_5,tray,165.02688043591036,220.63044780078266,32.38439085161712,12.276340609637735,5234.176843505639,7783.224971737018,0.37628254412394574,0.5734349326852888,0.6200234659655717,0.4252005246253957,0.0036939899104827946,0.0013645426893154444
360.0,7,rectifying_volume_6,tray,168.45210300172474,220.68066384259157,32.173199294689816,12.218880501100859,5220.467101036997,7759.324651585387,0.34583326853961516,0.5395827145208952,0.6476240253059371,0.45791538372659063,0.006542706154447629,0.0025019017525141165
360.0,8,rectifying_volume_7,tray,170.63769772215193,220.73111627157644,32.03599032193685,12.182554833054784,5206.099598218183,7745.628195745917,0.32797594169682365,0.5193598374506309,0.660710363964562,0.4762230708744692,0.011313694338614424,0.004417091674900071
360.0,9,rectifying_volume_8,tray,172.19167146115464,220.7816434436795,31.886901856616554,12.158075334634495,5184.581473619709,7731.276251284055,0.31721885380199727,0.5076639815691356,0.6635103117369111,0.4847141101933926,0.019270834461091558,0.007621908237471738
360.0,10,rectifying_volume_9,tray,173.58209441482163,220.83209708514113,31.684493767907,12.136511826162382,5149.636604136339,7709.779250236795,0.3100002267058513,0.5009360067978067,0.6575446852699949,0.4861067879634621,0.032455088024153866,0.012957205238731154
360.0,11,rectifying_volume_10,tray,175.21196656632122,220.8823722768619,31.412748881489403,12.107912202960634,5093.0202836373965,7674.862020691241,0.3039426771564489,0.49693245984795237,0.6420168909784506,0.4812992403868087,0.05404043186510057,0.021768299765238877
360.0,12,feed_tray,tray,177.50878700263007,220.95751766038208,45.865641236905525,10.899700678478677,12217.695373732682,7618.277129599458,0.2972620095725069,0.49427540056496355,0.6141221530205638,0.46961157937289044,0.08861583740692931,0.03611302006214607
360.0,13,stripping_volume_1,tray,181.03936518414892,221.03322502389108,45.67119981076915,10.845948436029426,12238.788241184619,7599.968485948592,0.2684072608158918,0.45637677761026413,0.6415987743665919,0.5056127862593223,0.0899939648175163,0.038010436130413695
360.0,14,stripping_volume_2,tray,185.2597488637242,221.1099881347439,45.49295806474109,10.780633597015443,12276.362360475,7621.060684450594,0.23471168278488425,0.40960988845287927,0.6736898951548026,0.5500304895465377,0.09159842206031311,0.040359622000583066
360.0,15,stripping_volume_3,tray,190.03155045997735,221.18803149623096,45.28586046169903,10.71180322834211,12333.879780623334,7658.639900091748,0.19765331572057881,0.35492057892213014,0.7088785864186932,0.6019086417991102,0.09346809786072796,0.04317077927875976
360.0,16,stripping_volume_4,tray,195.11364944391528,221.25765821293083,53.456124535696645,12.082290173474572,12409.687076148468,7716.164741872717,0.1594245513264629,0.29480521959247846,0.744704792805083,0.6586787598373492,0.09587065586845407,0.04651602057017226
360.0,17,stripping_volume_5,tray,200.24963381075378,221.3286643584536,53.1585142624297,12.009891051429108,12495.514861836165,7791.987396572978,0.12244283321477911,0.23299310159242298,0.7778207759471425,0.7162129367945637,0.09973639083807839,0.050793961613013375
360.0,18,stripping_volume_6,tray,205.3016552990662,221.40164863423365,53.191479169201926,11.913383737381032,12572.570939026298,7877.830096401475,0.08874242220873586,0.17354490566632214,0.8035540569991604,0.7690439065915801,0.10770352079210371,0.057411187742097844
360.0,19,stripping_volume_7,tray,210.47818373734142,221.47596992648374,52.756377908815686,11.846609708004715,12606.574405841346,7954.9022688242785,0.05957861587957591,0.11979326900397098,0.8139102189297764,0.8097998779060034,0.12651116519064765,0.07040685309002565
360.0,20,combined_reboiler_sump,reboiler_sump,216.70349179465435,221.50134417388648,758.6632293869404,76.96294971103838,,7988.922825108986,0.03538363911121692,0.07364011621589235,0.7925471352582736,0.8261222965137487,0.17206922563050944,0.10023758727035896
390.0,1,reflux_drum,reflux_drum,120.48396454094326,220.37400565936704,1579.7385237225717,124.51773887399447,,,0.8786785167545903,0.9456521072008557,0.12127785349152861,0.054337866734277256,4.362975388101805e-05,1.0026064867002639e-05
390.0,2,rectifying_volume_1,tray,130.0727769885935,220.42174765049626,38.018616764354405,49.23384571301827,5657.9825519698925,8476.575995678644,0.7529289692949884,0.8784211207147644,0.24690071769713956,0.12153555487183108,0.0001703130078719876,4.332441340446729e-05
390.0,3,rectifying_volume_2,tray,141.22974776641735,220.4711126157502,34.27940607065881,12.740445764886363,5437.766285289344,8181.893984405168,0.6198141835784293,0.7914763813729143,0.37972988921348116,0.20839283230979355,0.0004559272080895969,0.00013078631729202805
390.0,4,rectifying_volume_3,tray,151.61627076842964,220.52033949259175,33.35060166921565,12.522600897814996,5314.196762117702,7961.72362672087,0.5072303839959075,0.7016596104268165,0.4917580398787627,0.29801592163001933,0.0010115761253299696,0.00032446794316411576
390.0,5,rectifying_volume_4,tray,159.61251854290603,220.56986853946228,32.777410502617215,12.368337611174043,5258.244962374006,7838.203202948577,0.42720149329929524,0.6266558011313182,0.5707980270468265,0.3726457056855094,0.002000479653878218,0.0006984931831723928
390.0,6,rectifying_volume_5,tray,165.01923041868992,220.61973542526664,32.38519451583356,12.275725147790219,5234.335781510375,7782.290059122853,0.37631152703078335,0.5734711774439035,0.6199976489050975,0.4251655307399771,0.0036908240641190825,0.0013632918161193947
390.0,7,rectifying_volume_6,tray,168.44535680004992,220.66994702194856,32.173994283815475,12.218246270045535,5220.642973326571,7758.409917792006,0.3458524152680048,0.5396091088668942,0.6476097551007427,0.45789097524855055,0.0065378296312526025,0.0024999158845552113
390.0,8,rectifying_volume_7,tray,170.63148016288707,220.72039533962717,32.03681269087163,12.181909158136046,5206.297752819612,7744.742280784778,0.32798904104061477,0.5193794026144944,0.6607043670229228,0.47620646154105994,0.011306591936462605,0.004414135844445699
390.0,9,rectifying_volume_8,tray,172.18565120082846,220.77091873331253,31.887774531611207,12.157424100302531,5184.803977665364,7730.423787748113,0.3172289413067299,0.5076798124631771,0.6635098902004416,0.4847023921587145,0.01926116849282842,0.00761779537810847
390.0,10,rectifying_volume_9,tray,173.5760676280599,220.82136891198843,31.685421892736034,12.135858596411236,5149.881911069207,7708.961912466577,0.31000926860080613,0.5009504138456109,0.6575474806499308,0.4860975869646509,0.03244325074926297,0.012951999189738259
390.0,11,rectifying_volume_10,tray,175.2059177443368,220.87164092512518,31.413709702711692,12.107257218318873,5093.280498226966,7674.078054538529,0.3039515682663657,0.49694691742557057,0.6420197016975931,0.4812903055470648,0.05402873003604112,0.02176277702736467
390.0,12,feed_tray,tray,177.5030042009069,220.94678260189085,45.866172880801294,10.899148232473184,12217.780573999815,7617.518484249494,0.2972704524066403,0.49429069555219446,0.614118912525508,0.4695997187944706,0.08861063506785177,0.03610958565333497
390.0,13,stripping_volume_1,tray,181.03273984420161,221.0224849784221,45.67179824895786,10.845408136513889,12238.88102316736,7599.049155130211,0.2684222064239125,0.45640137604448816,0.6415893715623155,0.5055921948861699,0.08998842201377194,0.03800642906934197
390.0,14,stripping_volume_2,tray,185.2525270930534,221.0992430881222,45.49359908058716,10.780101007452158,12276.458205541261,7620.164067646867,0.23473079629362728,0.40964156659642764,0.6736765725176453,0.5500033152395327,0.09159263118872726,0.04035511816403964
390.0,15,stripping_volume_3,tray,190.02409816423275,221.17728146028384,45.286520210698114,10.711271939089404,12333.978614358672,7657.762009016225,0.1976734860078152,0.35495544073818425,0.7088643906418957,0.6018786517032354,0.09346212335028907,0.04316590755858024
390.0,16,stripping_volume_4,tray,195.10638619916685,221.24690451481834,53.45693626726328,12.081680091418445,12409.798860271103,7715.305657081659,0.1594425078436639,0.294838138086994,0.7446930392821511,0.6586509530119351,0.09586445287418491,0.04651090890107095
390.0,17,stripping_volume_5,tray,200.24287979014704,221.31790723695454,53.159331722249874,12.00926940680694,12495.650479236197,7791.158749173007,0.1224562415102793,0.23301943796681862,0.7778140639358796,0.716191960155937,0.099729694553841,0.05078860187724438
390.0,18,stripping_volume_6,tray,205.29561232661064,221.39088846951347,53.19231631445724,11.912749790844744,12572.743140266897,7877.042264312323,0.08874989863934554,0.17356104880095002,0.8035541475395914,0.7690335103506666,0.10769595382106306,0.05740544084838349
390.0,19,stripping_volume_7,tray,210.47294878533134,221.46520722529036,52.75723567843121,11.845961418347787,12606.791544487734,7954.167417578506,0.059579754998004164,0.1197972575054046,0.8139173327112317,0.8098019471053326,0.12650291229076419,0.07040079538926285
390.0,20,combined_reboiler_sump,reboiler_sump,216.69923033063637,221.49057861269677,758.6809454927765,76.95801857631223,,7988.248832479752,0.03537878710356904,0.07363152385087311,0.7925577546310297,0.8261353741992361,0.17206345826540126,0.10023310194989093
420.0,1,reflux_drum,reflux_drum,120.48214725830648,220.36509065672445,1576.1977247532143,124.7704567434013,,,0.8786578487520357,0.945642958478614,0.12129853049756463,0.05434701767029609,4.362075039956502e-05,1.0023851089902715e-05
420.0,2,rectifying_volume_1,tray,130.06722919431706,220.4128262983162,38.01930855396938,49.231856567221556,5658.109618222936,8475.371347469667,0.7529555487339451,0.8784385702942922,0.24687432042165205,0.12151815385507911,0.00017013084440285298,4.3275850628567734e-05
420.0,3,rectifying_volume_2,tray,141.22119912142406,220.46218567054035,34.28031979947844,12.739985478395067,5437.933460261835,8180.873679655948,0.6198710117463658,0.7915204106595546,0.379673595992527,0.20834896704720482,0.0004553922611071634,0.00013062229324056207
420.0,4,rectifying_volume_3,tray,151.60681028348884,220.5114071004516,33.35152671239666,12.522153045124362,5314.3559760721155,7960.760249285958,0.5072907894834319,0.7017159474206429,0.49169875814634106,0.2979599734198518,0.0010104523702269583,0.0003240791595053333
420.0,5,rectifying_volume_4,tray,159.60377077584332,220.56093078155803,32.77826289085371,12.367868254222047,5258.396078042619,7837.248008141017,0.42725032813250047,0.6267085184716081,0.5707512040114624,0.3725937443512541,0.00199846785603724,0.0006977371771377912
420.0,6,rectifying_volume_5,tray,165.0116983274084,220.61079249641875,32.385987823132915,12.275228021588275,5234.492724960561,7781.341220315137,0.3763462206065425,0.573512841293044,0.6199662433125851,0.42512516531709493,0.003687536080872357,0.001361993389861028
420.0,7,rectifying_volume_6,tray,168.4388411127124,220.6609992226761,32.174772022067145,12.217727627802663,5220.8165144296545,7757.4797691442745,0.34587610836572336,0.5396398985582997,0.6475911124154404,0.4578622397723184,0.00653277921883618,0.002497861669381941
420.0,8,rectifying_volume_7,tray,170.62557834913912,220.71144301190526,32.03761371253139,12.181377147680566,5206.493730385982,7743.840439931622,0.328005842165283,0.519402511285514,0.6606949032082677,0.4761864001092631,0.011299254626449312,0.004411088605223018
420.0,9,rectifying_volume_8,tray,172.18000513316338,220.7619622191316,31.88862378331121,12.156885214826405,5185.024658077503,7729.555364762653,0.3172421593227496,0.5076985681903251,0.6635066378688896,0.48468786304754796,0.019251202808360908,0.0076135687621269954
420.0,10,rectifying_volume_9,tray,173.57045435569574,220.81240853542516,31.686325699044716,12.13531674315463,5150.125777699246,7708.128753294499,0.31002106016078207,0.5009673199612725,0.6575478815119211,0.4860860158125158,0.03243105832729673,0.012946664226211576
420.0,11,rectifying_volume_10,tray,175.20031132281113,220.86267697778374,31.414645709382093,12.106712714683642,5093.539559509163,7673.278402631701,0.3039629428266831,0.4969635799517472,0.6420204069792478,0.48127929124510127,0.05401665019406904,0.021757128803151442
420.0,12,feed_tray,tray,177.4976900558834,220.93781463173147,45.86672982874518,10.898689143790667,12217.895802511308,7616.744170248819,0.2972811680846085,0.4943079797942898,0.614113737769371,0.4695859566096632,0.08860509414602054,0.036106063596047094
420.0,13,stripping_volume_1,tray,181.0264804406313,221.01351189682669,45.67242740408022,10.844962319437183,12239.00331807884,7598.145151354499,0.2684402163292664,0.4564291934462111,0.6415772938681559,0.5055685404879459,0.0899824898025778,0.03800226606584293
420.0,14,stripping_volume_2,tray,185.24558071507883,221.0902648524844,45.49427443309939,10.779663604770002,12276.582577469931,7619.282038721451,0.2347536161315442,0.4096776612545397,0.6736599758490172,0.549971947991623,0.09158640801943871,0.04035039075383716
420.0,15,stripping_volume_3,tray,190.01686228806867,221.16829805393473,45.287215483716,10.710835909592182,12334.104874588533,7656.897472847396,0.1976977108070735,0.3549956531583925,0.7088466042381867,0.6018435917128321,0.09345568495473973,0.04316075512877534
420.0,16,stripping_volume_4,tray,195.0993267798147,221.2379172993761,53.4577850602663,12.081177454243976,12409.937588605157,7714.45857240461,0.15946448604105176,0.29487684891997823,0.744677751554437,0.658617673667554,0.0958577624045112,0.0465054774124678
420.0,17,stripping_volume_5,tray,200.23636786877702,221.30891644681432,53.16018360123459,12.008753669930062,12495.813696341578,7790.341319202774,0.12247325827248393,0.23305137494417782,0.7778042539248613,0.7161657213738921,0.0997224878026547,0.05078290368193005
420.0,18,stripping_volume_6,tray,205.28989026512343,221.38189449658418,53.19318536000971,11.912219406201977,12572.945024900599,7876.266012002808,0.08876028956163218,0.17358200781431662,0.8035518771900803,0.7690186461152355,0.10768783324828772,0.05739934607044777
420.0,19,stripping_volume_7,tray,210.46813419897293,221.45621060382823,52.75812357724835,11.845414531354596,12607.04175065352,7953.445939698696,0.05958297577854593,0.11980486931449633,0.8139230289466398,0.8098007706106956,0.1264939952748143,0.07039436007480794
420.0,20,combined_reboiler_sump,reboiler_sump,216.69548390363715,221.48157898478482,758.6965169183361,76.95388584196382,,7987.591315919889,0.035375178932149594,0.07362519473191037,0.7925681020283278,0.8261466919447238,0.17205671903952258,0.10022811332336579
450.0,1,reflux_drum,reflux_drum,120.48082681068128,220.35795712691842,1572.8912515418835,125.00706447930914,,,0.8786394730299768,0.9456347423928557,0.12131691733072163,0.054355236411118994,4.360963930160298e-05,1.002119602517549e-05
450.0,2,rectifying_volume_1,tray,130.06191752280756,220.40568606787002,38.01999680576737,49.23034780811498,5658.241630393994,8474.15902030808,0.7529877651831505,0.8784589505717387,0.24684229557288886,0.12149782449550606,0.00016993924396076427,4.322493275513662e-05
450.0,3,rectifying_volume_2,tray,141.21267307341412,220.4550394933062,34.28124487265587,12.739652668136172,5438.10515362949,8179.850497437912,0.6199356013491073,0.7915694917322559,0.37960956488404524,0.20830005698633225,0.0004548337668475274,0.0001304512814118393
450.0,4,rectifying_volume_3,tray,151.59730566765825,220.50425510232964,33.3524591835699,12.52183097897057,5314.516622826958,7959.793239015947,0.5073591491248641,0.7017785207947431,0.4916315675318627,0.29789780431088175,0.0010092833432731906,0.00032367489437521856
450.0,5,rectifying_volume_4,tray,159.5950424312106,220.5537730228329,32.77911236506918,12.367521152815412,5258.545987671646,7836.285771649367,0.4273060850165185,0.6267673766522336,0.5706975335009393,0.37253567004331045,0.00199638148254231,0.0006969533044558683
450.0,6,rectifying_volume_5,tray,165.00430040816235,220.6036291633948,32.386768545406134,12.274849718762345,5234.64712516553,7780.382427454161,0.37638651681134516,0.5735598015806814,0.6199293469406152,0.42507954699267886,0.0036841362480398627,0.0013606514266397108
450.0,7,rectifying_volume_6,tray,168.43256876689733,220.6538306179702,32.17553029795735,12.217325138868777,5220.987106768753,7756.538095464928,0.34590427617939273,0.5396749979520603,0.6475681524479208,0.4578292563652812,0.006527571372686496,0.0024957456826584
450.0,8,rectifying_volume_7,tray,170.62000342808662,220.70426948441494,32.0383910394889,12.180959408672182,5206.686824217563,7742.926448605837,0.32802629299451563,0.5194291000735463,0.6606819997126939,0.4761629398633306,0.011291707292790526,0.0044079600631232885
450.0,9,rectifying_volume_8,tray,172.17474413282605,220.75478411872814,31.889447030012615,12.156459302531161,5185.242710301618,7728.674627230977,0.31725846282722653,0.5077201943949478,0.6635005647003723,0.4846705627392435,0.01924097247240113,0.007609242865808784
450.0,10,rectifying_volume_9,tray,173.56526601179863,220.80522619346382,31.687202343204145,12.13488689441829,5150.367305908734,7707.2832815758775,0.3100355558699241,0.5009866708530031,0.6575458890415546,0.4860721100490879,0.03241855508852125,0.012941219097909
450.0,11,rectifying_volume_10,tray,175.1951592768376,220.8554906922017,31.415553877714483,12.106279325261736,5093.796504170502,7672.466444742989,0.303976751923166,0.4969823881737752,0.6420190103545466,0.4812662365640221,0.05400423772228749,0.021751375262202572
450.0,12,feed_tray,tray,177.49285591841118,220.93062402732443,45.86730979593318,10.898323940788835,12218.04021730702,7615.957469052771,0.2972941062783364,0.4943271871046901,0.6141066564157249,0.4695703465651563,0.0885992373059387,0.03610246633015358
450.0,13,stripping_volume_1,tray,181.02060200082727,221.00631607785257,45.67308470766564,10.844611467373479,12239.15425293515,7597.259828589321,0.26846121191835115,0.4564601217805682,0.6415625957526973,0.5055419161566909,0.08997619232895154,0.037997962062740934
450.0,14,stripping_volume_2,tray,185.23892731586054,221.0830637481246,45.494981376914176,10.779321847562812,12276.734589919659,7618.417868790817,0.23478004597981722,0.4097180322594742,0.6736401763797404,0.5499365109246267,0.09157977764044256,0.04034545681589911
450.0,15,stripping_volume_3,tray,190.00986130503702,221.16109161912095,45.28794346528989,10.71049560351744,12334.257659107243,7656.049495478847,0.197725890229333,0.355041061266129,0.7088253015703255,0.6018035982951642,0.09344880820034146,0.04315534043870703
450.0,16,stripping_volume_4,tray,195.0924886220098,221.23070692427126,53.45866758880048,12.080782828643343,12410.102298763408,7713.6266214492525,0.15949039729223435,0.29492120542924594,0.7446589925035901,0.658579049440533,0.09585061020417548,0.04649974513022096
450.0,17,stripping_volume_5,tray,200.2301129342577,221.30170236048195,53.161066581294854,12.008344470733208,12496.003442144201,7789.5381199755675,0.1224938168021026,0.23308879510358377,0.7777913863029298,0.7161343187699407,0.0997147968949677,0.050776886126475636
450.0,18,stripping_volume_6,tray,205.28450041478115,221.37467710108885,53.194082951306115,11.911793288329228,12573.175361368129,7875.504186520775,0.0887735565779975,0.17360771101605973,0.8035472574635207,0.7689993669327791,0.10767918595848176,0.05739292205116102
450.0,19,stripping_volume_7,tray,210.4637470132426,221.44899045879734,52.7590382531246,11.844969832493002,12607.323606959004,7952.740467107944,0.05958827004955436,0.11981608764557984,0.813927292266836,0.8097963497020257,0.1264844376836096,0.07038756265239438
450.0,20,combined_reboiler_sump,reboiler_sump,216.69225415298106,221.47435570049709,758.7099081867891,76.95055830314124,,7986.95266943773,0.03537283501345479,0.07362116916494116,0.7925781554464827,0.8261562096430141,0.17204900954006244,0.10022262119204496
480.0,1,reflux_drum,reflux_drum,120.48000092816281,220.35260854981027,1569.823745409444,125.22723772123612,,,0.8786234392976686,0.9456274827419342,0.12133296430242346,0.054362499163424706,4.359639990798848e-05,1.0018094641082356e-05
480.0,2,rectifying_volume_1,tray,130.05685383963478,220.4003304687283,38.02067958072415,49.229319303593414,5658.378128840814,8472.943719591663,0.753025487503803,0.8784821834736308,0.2468047737623689,0.12147464472690689,0.0001697387338282162,4.3171799462374526e-05
480.0,3,rectifying_volume_2,tray,141.2041922265004,220.4496776206246,34.28217851144484,12.739447127612356,5438.280781784151,8178.828478661829,0.6200077133055554,0.7916234485737113,0.3795380333125512,0.208246277635509,0.000454253381893431,0.0001302737907797025
480.0,4,rectifying_volume_3,tray,151.58778190564348,220.49888706133717,33.353396339472944,12.521634500160776,5314.67816435084,7958.826453427704,0.5074352207930846,0.7018471153097978,0.4915567065992322,0.2978296283075425,0.0010080726076831857,0.000323256382659599
480.0,5,rectifying_volume_4,tray,159.58635488446262,220.54839885267273,32.77995650203313,12.367296225006603,5258.694186660891,7835.320338212342,0.42736857334519923,0.6268321817615456,0.5706371995991312,0.37247167423210714,0.00199422705566968,0.0006961440063471843
480.0,6,rectifying_volume_5,tray,164.99705300490393,220.59824904114456,32.38753449432753,12.274590279035523,5234.798453756189,7779.41750570988,0.3764322815052584,0.5736119100580762,0.6198870829795163,0.4250288197387322,0.003680635515225323,0.0013592702031915802
480.0,7,rectifying_volume_6,tray,168.42655225972078,220.6484448472503,32.17626697316653,12.217038929800912,5221.154157214689,7755.588651074893,0.3459368254839581,0.539714299590571,0.6475409510972387,0.4577921255571006,0.006522223418803018,0.0024935748523283352
480.0,8,rectifying_volume_7,tray,170.61476583713707,220.6988784198152,32.039142423525625,12.180656117946354,5206.876354428772,7742.003954328979,0.3280503236283665,0.5194590875093833,0.6606657005102575,0.4761361517415487,0.011283975861375903,0.004404760749067879
480.0,9,rectifying_volume_8,tray,172.16987805256917,220.74938811677623,31.8902418099019,12.15614656358946,5185.457358375133,7727.785097873077,0.3172777919201921,0.5077446218369646,0.6634916944075192,0.4846505455444056,0.019230513672288604,0.007604832618629736
480.0,10,rectifying_volume_9,tray,173.56051273044628,220.79982559162684,31.68804911899145,12.134569259056786,5150.60562794644,7706.428889106684,0.31005269766845867,0.5010083999707081,0.657541515896016,0.48605591706146467,0.032405786435525365,0.012935682967827312
480.0,11,rectifying_volume_10,tray,175.19047208137516,220.85008579368395,31.416431336440233,12.105957268761976,5094.050401033244,7671.645448753471,0.3039929360109877,0.49700327276140055,0.642015525043126,0.4812511903509265,0.05399153894588625,0.021745536887672945
480.0,12,feed_tray,tray,177.48851145885914,220.92521453418271,45.86791045501913,10.898052802104177,12218.2128958762,7615.16155533551,0.29730920763280005,0.49434824308598485,0.6140977041012928,0.46955295035077177,0.08859308826590709,0.03609880656324344
480.0,13,stripping_volume_1,tray,181.01511827761234,221.00090128780755,45.67376753057002,10.844355708310898,12239.332878241097,7596.396324853938,0.26848510245146157,0.45649403996651194,0.6415453424878107,0.5055124274682057,0.08996955506072787,0.03799353256528238
480.0,14,stripping_volume_2,tray,185.23258357906974,221.07764356250024,45.495717093593896,10.779075836418738,12276.913285726083,7617.574621033314,0.23480997477690196,0.4097625215335397,0.6736172585076654,0.5498971442014328,0.09157276671543264,0.04034033426502762
480.0,15,stripping_volume_3,tray,190.00311303964415,221.15566596467932,45.28870126344364,10.710251125533357,12334.436000978274,7655.221082804958,0.19775790815103597,0.3550914883454692,0.7088005714411069,0.6017588285719875,0.09344152040785712,0.04314968308254342
480.0,16,stripping_volume_4,tray,195.08588858466382,221.2252772139525,53.45958045177521,12.080496375790505,12410.291967744524,7712.812750216943,0.15952013674536517,0.2949710371948414,0.7446368392481435,0.6585352303665895,0.09584302400649129,0.046493732438569066
480.0,17,stripping_volume_5,tray,200.22412915296206,221.2962688171062,53.16197728304931,12.00804203902056,12496.218584961805,7788.751986149891,0.12251783578751892,0.2331315579853168,0.7777755139215328,0.7160978722296238,0.09970665029094837,0.050770569785059366
480.0,18,stripping_volume_6,tray,205.27945304787414,221.36924013526422,53.19500568837757,11.911471750317952,12573.432852474769,7874.759460735042,0.0887896494042064,0.17363806676524485,0.803540309400927,0.7689757442587246,0.1076700411948666,0.05738618897603056
480.0,19,stripping_volume_7,tray,210.45979286714083,221.44355065330777,52.7599763202289,11.844627722805757,12607.635620969677,7952.0534567963305,0.059595620925088584,0.11983088028155048,0.8139301130919657,0.8097886993281956,0.12647426598294562,0.07038042039025383
480.0,20,combined_reboiler_sump,reboiler_sump,216.68954104279382,221.4689126363999,758.7211144047221,76.94803781879786,,7986.335106526652,0.03537177007009442,0.07361947684609224,0.7925878936322492,0.8261638949594694,0.17204033629765642,0.10021662819443844
510.0,1,reflux_drum,reflux_drum,120.47966562078646,220.34904209751056,1566.998952222029,125.43071273722758,,,0.8786097884240008,0.9456211996820317,0.12134663055512351,0.05436878577407563,4.3581020875647505e-05,1.0014543892746719e-05
510.0,2,rectifying_volume_1,tray,130.05204913613713,220.39675670251876,38.021354968968986,49.228769227926946,5658.518642768266,8471.729946718746,0.7530685649051885,0.8785081807212162,0.24676190520679636,0.12144870267668978,0.00016952988801531544,4.311660209393706e-05
510.0,3,rectifying_volume_2,tray,141.19577912066976,220.44609728105195,34.28311791533217,12.739368198277832,5438.459753442269,8177.81145931325,0.6200870807361598,0.7916820869965524,0.3794592663810191,0.20818782263800706,0.0004536528828210283,0.00013009036544048977
510.0,4,rectifying_volume_3,tray,151.57826432354514,220.49530023260928,33.35433542188118,12.521562959463827,5314.84006687438,7957.863553696217,0.5075187321716246,0.7019214917755144,0.4914744438685782,0.2977556832867487,0.0010068239597973822,0.0003228249377367721
510.0,5,rectifying_volume_4,tray,159.57772978661967,220.54480555264917,32.780792896499186,12.367192947995836,5258.840185990786,7834.355373241681,0.4274375745633764,0.6269027145886631,0.5705704139622725,0.3724019735473308,0.00199201147435121,0.0006953118640060571
510.0,6,rectifying_volume_5,tray,164.9899724116099,220.5946494370363,32.38828353603126,12.274449311749354,5234.946205300144,7778.450116726063,0.3764833566523363,0.5736689951934856,0.6198395979824525,0.42497315060019863,0.003677045365211401,0.0013578542063156253
510.0,7,rectifying_volume_6,tray,168.42080365317779,220.6448392426165,32.1769799952631,12.216868705878214,5221.317099846168,7754.6350380417425,0.3459736432221419,0.5397576760891025,0.6475096034184135,0.4577509675304175,0.0065167533594447475,0.0024913563804800764
510.0,8,rectifying_volume_7,tray,170.60987522776105,220.69526717371645,32.03986572777494,12.180467038229299,5207.061671074119,7741.076460204166,0.32807784776817706,0.5194923756036415,0.660646065206318,0.4761061228895227,0.011276087025505043,0.004401501506835801
510.0,9,rectifying_volume_8,tray,172.16541566358052,220.74577159117553,31.891005793506086,12.155946789688828,5185.667858501506,7726.890161130608,0.3173000730557644,0.5077717677333515,0.6634800635861374,0.4846278790127641,0.019219863358098162,0.007600353253884458
510.0,10,rectifying_volume_9,tray,173.55620331540695,220.7962041289417,31.688863470562964,12.134363642174383,5150.839910397299,7705.568835027569,0.31007241606548624,0.5010324297120886,0.6575347855165118,0.4860374950557863,0.03239279841800204,0.012930075232125091
510.0,11,rectifying_volume_10,tray,175.1862586698334,220.84645970132905,31.417275379661838,12.105746364545617,5094.300355191859,7670.818555472717,0.3040114259408292,0.497026155425183,0.6420099733424136,0.4812342102815113,0.0539786007167572,0.02173963429330564
510.0,12,feed_tray,tray,177.48466464269455,220.92158359162931,45.86852945303721,10.897875569457613,12218.412843381277,7614.359482010997,0.29732640469702853,0.49437106618025184,0.6140869237398493,0.46953383666756604,0.08858667156312215,0.036095097152182065
510.0,13,stripping_volume_1,tray,181.0100416701243,220.99726498615965,45.67447320292431,10.844194829179298,12239.53817598801,7595.557551423377,0.26851178641166984,0.456530815559662,0.6415256090657532,0.505480190957106,0.08996260452257686,0.03798899348323218
510.0,14,stripping_volume_2,tray,185.22656516426238,221.07400177570258,45.49647871335799,10.77892532789439,12277.117644443526,7616.755139753314,0.23484327836245686,0.4098109553150016,0.6735913184456084,0.5498540029946333,0.0915654031919348,0.040335041690365045
510.0,15,stripping_volume_3,tray,189.99663452507454,221.15201859167684,45.289485931777094,10.710102235330274,12334.638875640414,7654.41503138942,0.1977936339609432,0.35514673843181804,0.7087725156582465,0.6017094579920472,0.0934338503808101,0.04314380357613465
510.0,16,stripping_volume_4,tray,195.07954281420427,221.22162568487127,53.46052019812693,12.080317866822373,12410.505519062817,7712.0197053920265,0.15955358495611008,0.2950261525950274,0.7446113818386517,0.6584863865654209,0.09583503320523817,0.04648746083955165
510.0,17,stripping_volume_5,tray,200.21842986807613,221.29261334765124,53.16291228947535,12.00784621912858,12496.457940226739,7787.985562131428,0.12254522063637896,0.23317950230657142,0.7777567011044005,0.716056521232284,0.09969807825922045,0.050763976461144576
510.0,18,stripping_volume_6,tray,205.274757358534,221.36558114296434,53.195950147908356,11.911254727075015,12573.716144475375,7874.034322501682,0.0888085067858937,0.17367296507336252,0.8035310630005293,0.768947866589998,0.10766043021357694,0.05737916833663947
510.0,19,stripping_volume_7,tray,210.45627601421322,221.43988874183148,52.760934379189436,11.844388231450319,12607.976235886203,7951.387181418288,0.05960500327661207,0.11984920042558547,0.8139314874727194,0.8097778474545372,0.1264635092506686,0.0703729521198774
510.0,20,combined_reboiler_sump,reboiler_sump,216.68734293771598,221.4652473601505,758.730157008797,76.94632175273298,,7985.740652525901,0.03537199319804768,0.07362013696100787,0.7925972961853236,0.8261697233129242,0.1720307106166286,0.10021013972606795
540.0,1,reflux_drum,reflux_drum,120.47981527770779,220.3472488848978,1564.4197488334619,125.61728454133424,,,0.8785985523551206,0.9456159096613865,0.12135788414457317,0.054374079795856976,4.356350030618024e-05,1.0010542756484073e-05
540.0,2,rectifying_volume_1,tray,130.04751348382496,220.39495591329322,38.02202110232456,49.22869413656306,5658.662694019091,8470.521982962064,0.7531168287196972,0.8785368448259673,0.24671385795972922,0.12142009567210807,0.00016931332057358424,4.305950192457343e-05
540.0,3,rectifying_volume_2,tray,141.1874560644197,220.4442896453495,34.28406028324729,12.739414790955962,5438.641474114357,8176.803058604149,0.6201734119690315,0.7917451967705245,0.37937355388540156,0.20812490165110037,0.0004530341455669072,0.00012990157837521488
540.0,4,rectifying_volume_3,tray,151.56877837777273,220.49348581338384,33.35527367851056,12.521615279078533,5315.0018044121325,7956.907993485706,0.5076093839694823,0.7020013898009304,0.4913850746451434,0.29767622826259127,0.001005541385374508,0.00032238193647835645
540.0,5,rectifying_volume_4,tray,159.5691888757878,220.5429843464463,32.78161917839141,12.367210378485344,5258.983514882838,7833.394350706478,0.4275128449645146,0.6269787333457993,0.5704974130988804,0.37232680708456506,0.001989741936605223,0.0006944595696355706
540.0,6,rectifying_volume_5,tray,164.98307473059646,220.59282160063145,32.38901360486784,12.274426014968618,5235.089899670359,7777.483745682018,0.37653956256059157,0.5737308645170937,0.6197870597497095,0.42491272739875,0.003673377689698975,0.0013564080841563034
540.0,7,rectifying_volume_6,tray,168.41533447529494,220.6430050784766,32.17766740945893,12.216813769237179,5221.475398448104,7753.68069299693,0.3460145982804464,0.5398049820575179,0.6474742220317885,0.4577059202737888,0.006511179687764925,0.0024890976686932505
540.0,8,rectifying_volume_7,tray,170.60534039658793,220.6934270441661,32.04055893779397,12.180391535629802,5207.24215699559,7740.147311905806,0.32810876417060664,0.5195288514328807,0.6606231678429961,0.4760729551802992,0.011268067986397253,0.004398193386820112
540.0,9,rectifying_volume_8,tray,172.1613646047712,220.7439258624023,31.891736794913538,12.155859381122387,5185.873502321508,7725.9930505369275,0.3173252202904186,0.5078015371137156,0.6634657208046615,0.48460264271784825,0.019209058904919835,0.0075958201684361805
540.0,10,rectifying_volume_9,tray,173.55234520064917,220.79435314716372,31.68964300405094,12.134269461936267,5151.069357831789,7704.7062336082,0.3100946312551666,0.5010586726270162,0.6575257314082782,0.48601691202056774,0.03237963733655525,0.012924415352416058
540.0,11,rectifying_volume_10,tray,175.18252640504812,220.84460377712887,31.41808347825484,12.105646049141672,5094.545511828217,7669.988766787309,0.30403214397565986,0.4970509500170369,0.6420023859965273,0.48121536192893405,0.05396547002781295,0.021733688054029015
540.0,12,feed_tray,tray,177.48132171885302,220.9197225817815,45.86916442767408,10.897791761606642,12218.63900097524,7613.554168498808,0.2973456228370744,0.4943955686869035,0.61407436483188,0.46951308032052297,0.08858001233104565,0.036091350992573656
540.0,13,stripping_volume_1,tray,181.00538315944206,220.99539857442716,45.675199033355035,10.844128290490048,12239.769067771973,7594.746185619179,0.26854115282052415,0.45657030638128887,0.6415034791365658,0.5054453326365687,0.08995536804291011,0.03798436098214255
540.0,14,stripping_volume_2,tray,185.22088660099072,221.0721298092411,45.49726333608618,10.77886974958028,12277.346590046656,7615.962042985825,0.23487982108063915,0.40986314631740733,0.6735624628966145,0.5498072555116043,0.09155771602274654,0.0403295981709884
540.0,15,stripping_volume_3,tray,189.99044187675915,221.15014094207868,45.29029449088867,10.710048362729943,12334.865208209763,7653.633920681615,0.1978329242679553,0.35520659879565547,0.7087412476245842,0.6016556780597331,0.09342582810746057,0.04313772314461148
540.0,16,stripping_volume_4,tray,195.07346662400283,221.2197437940592,53.46148335127761,12.080246699573248,12410.741830093746,7711.250026205402,0.159590609491997,0.2950863413098211,0.7445827219670589,0.6584327059667876,0.0958266685409442,0.04648095272339144
540.0,17,stripping_volume_5,tray,200.2130275103758,221.29072742338806,53.16386816893878,12.007756485869205,12496.720278483486,7787.2412940103595,0.12257586479440799,0.23323244815065666,0.7777350226546585,0.7160104228963614,0.09968911255093342,0.050757128952982
540.0,18,stripping_volume_6,tray,205.27042142262454,221.36369160807837,53.196912904813175,11.91114179023411,12574.023836333403,7873.331067320633,0.08883005742127259,0.1737122792154197,0.8035195566258152,0.7689158380805571,0.10765038595291224,0.05737188270402316
540.0,19,stripping_volume_7,tray,210.45319933996524,221.43799621856584,52.76190903695854,11.8442510295922,12608.34384137755,7950.743723283583,0.059616384230641285,0.11987098760020204,0.8139314168994709,0.8097638343592917,0.1264521988698879,0.07036517804050625
540.0,20,combined_reboiler_sump,reboiler_sump,216.68565668049743,221.4633513787971,758.7370793168359,76.94540344008345,,7985.171140292505,0.03537350797826065,0.07362315837148839,0.7926063436474021,0.8261736777907701,0.1720201483743372,0.10020316383774151
570.0,1,reflux_drum,reflux_drum,120.48044276915076,220.34721424102878,1562.088172723912,125.78680481420463,,,0.8785897541041298,0.9456116253872244,0.12136670205011797,0.054378368520534515,4.35438457523196e-05,1.000609224103804e-05
570.0,2,rectifying_volume_1,tray,130.0432559972531,220.39491345880512,38.02267616574842,49.22908904596219,5658.809800641531,8469.323876830289,0.7531700941756345,0.8785680700792285,0.24666081614534602,0.12138892925231348,0.0001690896790194247,4.30006684580248e-05
570.0,3,rectifying_volume_2,tray,141.17924497936812,220.44424009763702,34.28500283341957,12.73958540849794,5438.825350299936,8175.806670360683,0.6202663935076357,0.7918125537147205,0.3792812073669776,0.20805773825987847,0.0004523991253865944,0.000129708025401058
570.0,4,rectifying_volume_3,tray,151.55934945570957,220.49342921402626,33.356208382639394,12.52178997534062,5315.162862023126,7955.9630109557065,0.5077068531053401,0.7020865305097164,0.4912889178772785,0.2975915406855073,0.001004229017381484,0.00032192880477634086
570.0,5,rectifying_volume_4,tray,159.56075379851453,220.54292067075127,32.782433028844835,12.367347174306255,5259.123723205747,7832.440544201371,0.4275941184797746,0.6270599763738673,0.570418455655143,0.3722464337274894,0.001987425865082281,0.0006935898986432877
570.0,6,rectifying_volume_5,tray,164.97637573913053,220.59275099443988,32.38972271608019,12.27451919588432,5235.229084150621,7776.521691501228,0.376600700129747,0.5737973069667479,0.6197296551993592,0.4248477564335069,0.003669644670893769,0.0013549365997451792
570.0,7,rectifying_volume_6,tray,168.41015562917494,220.64292784217054,32.1783273692537,12.216873038310496,5221.628548726931,7752.728877048104,0.3460595432785221,0.5398560560301886,0.6474349355088966,0.45765713772240985,0.006505521212581144,0.0024868062474017088
570.0,8,rectifying_volume_7,tray,170.60116922503022,220.69334354214894,32.041220171415205,12.180428598423523,5207.417230359726,7739.219687701122,0.32814295811181604,0.5195683887312968,0.6605970956782412,0.4760367637223426,0.011259946209942964,0.00439484754636064
570.0,9,rectifying_volume_8,tray,172.15773134190283,220.74383646389165,31.89243278163325,12.155883365149442,5186.073619848158,7725.0968390534945,0.31735313653287867,0.5078338241721745,0.6634487256682332,0.48457492703551314,0.019198137798888126,0.0075912487923124085
570.0,10,rectifying_volume_9,tray,173.54894442224733,220.7942582010465,31.69038549765288,12.134285767624332,5151.293216094682,7703.844044977567,0.3101192542237216,0.5010870326056964,0.6575143963992219,0.4859942446931429,0.03236634937705653,0.012918722701160715
570.0,11,rectifying_volume_10,tray,175.17928106294005,220.84450359613203,31.418853289705925,12.105655393985439,5094.785059667264,7669.158936700708,0.3040550047881469,0.4970775636014119,0.6419928015535548,0.4811947178478096,0.05395219365829843,0.021727718550778603
570.0,12,feed_tray,tray,177.47848722094696,220.91961709961652,45.86981302274059,10.897800589324397,12218.890254133354,7612.748391882856,0.2973667811230944,0.49442165773905883,0.6140600827868017,0.46949076134421913,0.08857313609010399,0.03608758091672201
570.0,13,stripping_volume_1,tray,181.00115225942605,220.9952876661716,45.67594232730296,10.84415524196277,12240.024422954477,7593.964666866108,0.26857308250944045,0.4566123620793891,0.6414790439756473,0.5054079865759474,0.08994787351491242,0.03797965134466336
570.0,14,stripping_volume_2,tray,185.21556119957808,221.07201329595236,45.49806805139567,10.778908216130247,12277.598998711932,7615.197718374989,0.23491945732909986,0.4099188958034725,0.6735308077689008,0.5497570810937806,0.09154973490199937,0.04032402310274678
570.0,15,stripping_volume_3,tray,189.9845501827933,221.15001866856377,45.291123948922944,10.71008862375667,12335.113880896724,7652.880108494091,0.19787562455505014,0.3552708423372224,0.7087068909672283,0.6015976941408488,0.09341748447772154,0.04313146352192876
570.0,16,stripping_volume_4,tray,195.06767438948972,221.2196172088703,53.4624664325815,12.080281916422866,12410.999739546565,7710.506039523549,0.1596310664936525,0.29515137674877095,0.7445509717038438,0.658374392100217,0.09581796180250372,0.04647423115101207
570.0,17,stripping_volume_5,tray,200.20793352252295,221.29059672556755,53.164841497338344,12.007771961621344,12497.004333492028,7786.5214246989535,0.1226096510387912,0.23329019910797996,0.7777105628714687,0.7159597500609634,0.09967978608974003,0.05075005083105673
570.0,18,stripping_volume_6,tray,205.26645216825642,221.36355722414652,53.19789055306902,11.911132164253312,12574.354489042456,7872.651794100336,0.08885422087997248,0.1737558673309344,0.8035058364022166,0.7688797771563215,0.10763994271781077,0.05736435551274411
570.0,19,stripping_volume_7,tray,210.45056438633824,221.43785878701087,52.762896926136435,11.844215445533235,12608.736784431378,7950.124971357531,0.05962972368487167,0.11989616857955274,0.8139299080857662,0.8097467118920479,0.1264403682293622,0.07035711952839936
570.0,20,combined_reboiler_sump,reboiler_sump,216.68447767156974,221.46321040830787,758.7419421081595,76.94527265920718,,7984.628208785851,0.0353763126271994,0.0736285398788899,0.7926150175788431,0.8261757490057129,0.17200866979395743,0.1001957111153972
600.0,1,reflux_drum,reflux_drum,120.48153955047052,220.3489179989078,1560.0054543051995,125.93917966315819,,,0.878583407808763,0.9456083558236807,0.12137307011710888,0.05438164298094224,4.352207412825791e-05,1.0001195377036176e-05
600.0,2,rectifying_volume_1,tray,130.03928480578085,220.39660920016746,38.023318407596584,49.22994751771914,5658.959480214953,8468.139435261857,0.7532281621502631,0.878601743526129,0.246602978211799,0.12135531619609566,0.00016885963793790762,4.2940277775408854e-05
600.0,3,rectifying_volume_2,tray,141.1711672582828,220.44592852494634,34.28594282168599,12.739878169475073,5439.010793364455,8174.82545783041,0.6203656929323321,0.791883921735029,0.37918255723007094,0.20798656794560086,0.00045174983759687596,0.00012951031937029597
600.0,4,rectifying_volume_3,tray,151.5500026901596,220.49511034747346,33.35713685123721,12.522085182457376,5315.322738772137,7955.031624005997,0.5078107958296759,0.7021766191930592,0.49118631307466987,0.2975019138032146,0.0010028910956541499,0.0003214670037261218
600.0,5,rectifying_volume_4,tray,159.55244594300405,220.5445944645816,32.783232194924615,12.367601617111891,5259.260383602791,7831.497021170459,0.4276811094291342,0.6271461648022008,0.5703338197345507,0.3721611295145749,0.001985070836315105,0.000692705683224304
600.0,6,rectifying_volume_5,tray,164.96989076602983,220.59441758313073,32.39040897725307,12.274727292318854,5235.363335256837,7775.567060176916,0.37666655308156094,0.5738680952075196,0.6196675882486844,0.4247784602053448,0.0036658586697546746,0.001353444587135685
600.0,7,rectifying_volume_6,tray,168.40527731120673,220.6445875230681,32.178958145843254,12.217045068383447,5221.776080220962,7751.782668764395,0.3461083163510425,0.5399107223809101,0.6473918867546605,0.4576047879093822,0.006499796894297122,0.0024844897097076888
600.0,8,rectifying_volume_7,tray,170.5973686283125,220.69499668057736,32.04184768727386,12.18057685695156,5207.5863468619955,7738.2965914955485,0.3281803028447602,0.5196108494686775,0.6605679479543919,0.4759976753741596,0.011251749200847816,0.004391475157162844
600.0,9,rectifying_volume_8,tray,172.15452113708204,220.74548343092675,31.893091882988333,12.156017415455786,5186.267582035213,7724.204432359393,0.3173837147817469,0.5078685135997882,0.6634291478701212,0.48454483193152903,0.019187137348131898,0.0075866544686826725
600.0,10,rectifying_volume_9,tray,173.54600560192281,220.79589934713516,31.69108891012174,12.134411258772138,5151.51077520155,7702.9850686911695,0.3101461878361528,0.5011174060380983,0.6575008318872633,0.48596957754124903,0.032352980276584016,0.012913016420652748
600.0,11,rectifying_volume_10,tray,175.17652682881112,220.84613923514652,31.41958266629007,12.105773124222173,5095.018234033023,7668.331765134789,0.30407991643001187,0.49710589748740175,0.6419812657190886,0.481172356682646,0.053938817850899434,0.021721745829952264
600.0,12,feed_tray,tray,177.47616398101044,220.92124724159345,45.87047290269515,10.897900971273332,12219.16544090912,7611.944780788152,0.2973897931840715,0.4944492362314181,0.6140441382633305,0.46946696416806893,0.08856606855259808,0.03608379960051298
600.0,13,stripping_volume_1,tray,180.9973569828134,220.99691237556652,45.67670040425822,10.844274539004196,12240.303066767494,7593.215195740641,0.2686074493377847,0.4566568256108003,0.6414524014894387,0.5053682935466404,0.0899401491727767,0.03797488084255934
600.0,14,stripping_volume_2,tray,185.21060097888974,221.0736323685052,45.498889957590755,10.779039546117314,12277.873706580263,7614.46432203804,0.23496203304264673,0.4099779955586665,0.6734964769403273,0.5497036684041204,0.09154149001702595,0.0403183360372131
600.0,15,stripping_volume_3,tray,189.9789734117175,221.1516319229571,45.29197132103074,10.710221837532188,12335.383740439123,7652.155729478441,0.19792157076729502,0.3553392298744604,0.7086695782165197,0.6015357233621828,0.09340885101618523,0.04312504676335675
600.0,16,stripping_volume_4,tray,195.06217945948026,221.22122609535617,53.46346598351924,12.08042222310408,12411.278054963172,7709.789857948757,0.15967480218105098,0.29522101838416226,0.7445162522738077,0.6583116619661437,0.09580894554514131,0.046467319649694014
600.0,17,stripping_volume_5,tray,200.20315829724268,221.29220143374278,53.16582887913815,12.007891434421344,12497.308810336483,7785.827992037797,0.1226464527356123,0.23335254435101607,0.7776834145859671,0.7159046894206382,0.09967013267842059,0.050742766228345705
600.0,18,stripping_volume_6,tray,205.26285535705748,221.3651581826411,53.19887972555831,11.91122474355772,12574.706634891445,7871.998403841321,0.08888090850944244,0.17380357399949609,0.8034899556104493,0.7688398151441209,0.1076291358801083,0.05735661085638302
600.0,19,stripping_volume_7,tray,210.44837138315782,221.4394566482261,52.76389472349527,11.84428048093953,12609.153380085014,7949.532621104648,0.05964497483613367,0.11992465834249555,0.8139269727317373,0.8097265427056684,0.12642805243212898,0.07034879895183617
600.0,20,combined_reboiler_sump,reboiler_sump,216.68379995051853,221.46480466179375,758.7448194142708,76.94591609255043,,7984.1133043928385,0.03538040018110718,0.07363627055402115,0.7926233006240524,0.8261759349015938,0.17199629919484033,0.10018779454438513
630.0,1,reflux_drum,reflux_drum,120.48309576761312,220.3523348008362,1558.1720513823234,126.07436725627136,,,0.8785795188523594,0.9456061062187417,0.12137698293610971,0.05438389792407209,4.349821153083861e-05,9.995857186197704e-06
630.0,2,rectifying_volume_1,tray,130.0356070343425,220.40001780710676,38.023946148632184,49.2312617461835,5659.111252906801,8466.972217699516,0.753290820887802,0.8786377459152559,0.24654055521937135,0.12131937557379469,0.0001686238928266188,4.28785109494005e-05
630.0,3,rectifying_volume_2,tray,141.1632436375454,220.44932962238553,34.286877558153655,12.740290832683202,5439.197223085545,8173.862351058248,0.6204709617117947,0.7919590547897997,0.3790779499489426,0.20791163612553543,0.000451088339262565,0.0001293090846649357
630.0,4,rectifying_volume_3,tray,151.54076278906098,220.49850393430273,33.35805646149355,12.522498677046306,5315.48095038394,7954.1166280373545,0.507920850757849,0.7022713478768922,0.49107761731341537,0.29740765410653625,0.001001531928735631,0.0003209980165716949
630.0,5,rectifying_volume_4,tray,159.5442862856893,220.5479804742532,32.78401450290002,12.367971635922743,5259.393093324442,7830.56663968111,0.4277735152088573,0.6272370051371302,0.5702438002769886,0.37207118507535364,0.0019826845141541127,0.0006918097875161318
630.0,6,rectifying_volume_5,tray,164.9636345794951,220.597796138398,32.39107059841927,12.275048395126763,5235.492260255177,7774.622760652169,0.3767368901504237,0.5739429879014317,0.6196010777280174,0.42470507518816875,0.0036620321215587682,0.0013519369103994537
630.0,7,rectifying_volume_6,tray,168.40070893933645,220.64795891733618,32.1795581361915,12.217328073069098,5221.917557885656,7750.844959667809,0.34616074290353993,0.5399687932023903,0.6473452314036919,0.45754905114762323,0.006494025692768231,0.002482155649986406
630.0,8,rectifying_volume_7,tray,170.5939445144468,220.69836127896536,32.04243989191673,12.180834604442436,5207.749001572825,7737.380848329359,0.3282206610344676,0.5196560853977497,0.6605358346705125,0.4759558272820702,0.01124350429501989,0.0043880873201800775
630.0,9,rectifying_volume_8,tray,172.15173802884718,220.74884160522544,31.893712396968667,12.15625987252801,5186.454802954674,7723.318564539793,0.3174168393387683,0.5079054818840475,0.6634070662418046,0.4845124657713733,0.01917609441942714,0.007582052344579161
630.0,10,rectifying_volume_9,tray,173.54353194213783,220.79925144827106,31.691751387583682,12.134644305200734,5151.721371812324,7702.131939680813,0.31017532789313607,0.501149682934093,0.6574850970853329,0.4859430017700223,0.03233957502153115,0.012907315295884758
630.0,11,rectifying_volume_10,tray,175.17426630592743,220.84948557716666,31.42026966152222,12.105997638402753,5095.244319471967,7667.509794095008,0.30410678126607765,0.49713584821395074,0.6419678307128784,0.48114836230835845,0.05392538802104378,0.021715789477690792
630.0,12,feed_tray,tray,177.47435315522839,220.92458791001405,45.87114176609614,10.898091550627493,12219.463360028773,7611.145811582895,0.2974145680248914,0.49447820369424367,0.6140265965326226,0.46944177682627436,0.08855883544248605,0.03608001947948193
630.0,13,stripping_volume_1,tray,180.9940038222503,221.00024762172157,45.67747061377285,10.84448475989023,12240.603788277425,7592.499735591974,0.2686441213505319,0.4567035346360475,0.6414236552654813,0.5053263997440633,0.0899322233839868,0.03797006561988913
630.0,14,stripping_volume_2,tray,185.20601661100508,221.07696196367863,45.49972617932873,10.779262279566137,12278.169517412016,7613.763779957067,0.23500738710290964,0.41004022975316845,0.6734596010800732,0.5496472137134389,0.09153301181701722,0.04031255653339277
630.0,15,stripping_volume_3,tray,189.973724337711,221.154955660453,45.29283364756487,10.710446543845919,12335.673605454394,7651.462696105036,0.1979705908243989,0.35541151231051765,0.7086294495433049,0.6014699926177866,0.09339995963229623,0.04311849507169579
630.0,16,stripping_volume_4,tray,195.05699408379962,221.2245454224462,53.46447858641805,12.080666008304357,12411.575560135932,7709.103380412973,0.15972165429523583,0.295295013974767,0.7444786928790722,0.6582447440025478,0.09579965282569208,0.04646024202268518
630.0,17,stripping_volume_5,tray,200.19871112938645,221.29551652990887,53.16682696704157,12.008113376892364,12497.632393412705,7785.162829349596,0.12268613505270062,0.23341926062882193,0.7776536782243373,0.7158454397270418,0.09966018672296213,0.050735299644136325
630.0,18,stripping_volume_6,tray,205.2596355760121,221.36846947707673,53.199877112688064,11.911418110571544,12575.0787865458,7871.372600674829,0.08891002432162992,0.17385523177798884,0.8034719740831203,0.7687960949269117,0.10761800159524988,0.05734867329509945
630.0,19,stripping_volume_7,tray,210.44661928624524,221.4427648049278,52.764899167463426,11.844444828016467,12609.591921901629,7948.968176548319,0.05966208471417776,0.11995636103528538,0.8139226272722824,0.8097033994719424,0.12641528801353988,0.07034023949277218
630.0,20,combined_reboiler_sump,reboiler_sump,216.68361627920723,221.4681091535828,758.745794656877,76.9473177637614,,7983.62768433792,0.03538575870889216,0.07364633012364834,0.7926311765666938,0.8261742405154637,0.17198306472441408,0.10017942936088792
660.0,1,reflux_drum,reflux_drum,120.48510036322331,220.35743441638002,1556.5876852852869,126.19237536285725,,,0.8785780840429834,0.9456048781580243,0.12137844366403716,0.05438513175734375,4.3472292979383274e-05,9.990084631995006e-06
660.0,2,rectifying_volume_1,tray,130.03222879310164,220.40510907585306,38.024557789772125,49.23302264876269,5659.264644256064,8465.825533184994,0.7533578476696229,0.8786759526171346,0.2464737691761484,0.12128123183032874,0.00016838315422876708,4.2815552536690103e-05
660.0,3,rectifying_volume_2,tray,141.1554940845809,220.4544132109554,34.28780442214247,12.740820822238316,5439.384070853043,8172.920046877803,0.6205818379049302,0.792037698770221,0.37896774538311473,0.20783319627775415,0.00045041671195525406,0.000129104952024964
660.0,4,rectifying_volume_3,tray,151.53165388143572,220.50357982046867,33.35896466564971,12.523027903255723,5315.637031575227,7953.220596211092,0.5080366417917149,0.7023703977843678,0.4909632023501505,0.297309078879136,0.0010001558581344751,0.0003205233364961169
660.0,5,rectifying_volume_4,tray,159.53629525219512,220.55304857103118,32.78477787000222,12.368454831302886,5259.521475762535,7829.652047655775,0.4278710188936687,0.6273321917583213,0.5701487065185711,0.3719769031572114,0.00198027458776025,0.00069090508446733
660.0,6,rectifying_volume_5,tray,164.95762128700926,220.60285655652396,32.39170590076957,12.275480271278367,5235.615498375094,7773.69150312083,0.37681146721514097,0.5740217319073226,0.6195303553455875,0.42462784966699296,0.003658177439271374,0.0013504184256843798
660.0,7,rectifying_volume_6,tray,168.39645909193476,220.65301194541743,32.180125869710864,12.217719946498306,5222.052583343785,7749.918452120946,0.3462166373261274,0.5400300701328127,0.647295136246205,0.45749011825966607,0.006488226427667546,0.002479811607521228
660.0,8,rectifying_volume_7,tray,170.59090175338613,220.70340728082783,32.042995345447416,12.181199818559863,5207.9047304128135,7736.475102195072,0.3282638861581918,0.5197039395564748,0.6605008753710772,0.4759113654553266,0.01123523847073107,0.0043846949881986615
660.0,9,rectifying_volume_8,tray,172.1493848227725,220.75388095226492,31.894292795487296,12.156608764752535,5186.634741559241,7722.441796028191,0.3174523869872543,0.5079445985639174,0.6633825678118137,0.4844779441635407,0.019165045200931943,0.007577457272541949
660.0,10,rectifying_volume_9,tray,173.54152523238935,220.80428449084675,31.692371268637135,12.134982967770847,5151.924391255815,7701.287126360886,0.31020656415006365,0.501183747995673,0.6574672582719376,0.48591461436296945,0.032326177577998674,0.012901637641357423
660.0,11,rectifying_volume_10,tray,175.1725005357944,220.85451262856233,31.420912534840543,12.106327028891847,5095.4626519138565,7666.695405885357,0.3041354968671558,0.4971673084821173,0.6419525546345182,0.48112282300894016,0.053911948498326104,0.02170986850894256
660.0,12,feed_tray,tray,177.47305426085225,220.92960913015827,45.87181735787361,10.898370712292959,12219.782778737357,7610.353806583787,0.29744101080179103,0.49450845710978986,0.6140075268677152,0.469415290216042,0.08855146233049377,0.03607625267416809
660.0,13,stripping_volume_1,tray,180.9910977456325,221.0052634457967,45.67825035012184,10.844784223500232,12240.92534811468,7591.820016349822,0.26868296187032353,0.4567523228212665,0.6413929136714114,0.5052824555911457,0.08992412445826503,0.0379652215875878
660.0,14,stripping_volume_2,tray,185.20181738232745,221.08197213944499,45.500573883849356,10.779574696010814,12278.485210034034,7613.0977915750445,0.2350553526677147,0.4101053766843633,0.6734203165330619,0.5495879192930524,0.09152433079922345,0.04030670402258431
660.0,15,stripping_volume_3,tray,189.96881448284898,221.1599599566591,45.29370801085487,10.710761021248548,12335.982273612228,7650.802701863121,0.19802250605082813,0.3554874326711532,0.7085866515606744,0.6014007366911178,0.09339084238849747,0.04311183063772902
660.0,16,stripping_volume_4,tray,195.05212935690017,221.2295452789599,53.46550088352129,12.081011363890449,12411.891022343003,7708.448294960541,0.15977145346836377,0.2953731016692797,0.7444384295756121,0.6581738761573713,0.09579011695602406,0.046453022173348985
660.0,17,stripping_volume_5,tray,200.19460018152338,221.300512115488,53.16783248013593,12.008435965844079,12497.973754194114,7784.527568147849,0.12272855612120732,0.23349011417012558,0.7776214609039866,0.7157822100679163,0.09964998297480604,0.050727675761958094
660.0,18,stripping_volume_6,tray,205.25679623945217,221.37346121997678,53.200879479578774,11.911710554476963,12575.469445821944,7870.775894978531,0.08894146585399736,0.1739106626890961,0.8034519576098905,0.7687487696351174,0.10760657653611215,0.05734056767578655
660.0,19,stripping_volume_7,tray,210.4453058217111,221.4477533784512,52.76590707434443,11.84470688747162,12610.0506920556,7948.43295428254,0.059680994716059386,0.11999117093423282,0.8139168926141435,0.8096773640898257,0.12640211266979726,0.07033146497594155
660.0,20,combined_reboiler_sump,reboiler_sump,216.6839182261983,221.47309401616874,758.7449572282267,76.94945944187305,,7983.172421949011,0.03539237154880753,0.07365868940419083,0.7926386303757382,0.8261706777027671,0.1719689980754541,0.10017063289304204
690.0,1,reflux_drum,reflux_drum,120.48754118262211,220.3641820698513,1555.2513782144551,126.29325883030049,,,0.8785790918452117,0.9456046696430738,0.12137746379270589,0.05438534647037269,4.344436208249741e-05,9.983886553600051e-06
690.0,2,rectifying_volume_1,tray,130.02915517561416,220.4118482565584,38.02515181857983,49.23521995807759,5659.419187677704,8464.702440037358,0.7534290104259329,0.8787162345058203,0.24640285143187196,0.1212410139050212,0.0001681381421951447,4.27515891586399e-05
690.0,3,rectifying_volume_2,tray,141.14793770038966,220.46114456490787,34.288720875343834,12.74146525304239,5439.570782502081,8172.001011117901,0.6206979487376264,0.7921195932846968,0.37885231421669163,0.20775150816156418,0.0004497370456819627,0.00012889855373891042
690.0,4,rectifying_volume_3,tray,151.52269938009408,220.51030330459525,33.35985900407125,12.523669998242887,5315.790538052259,7952.345881782756,0.508157780911343,0.7024734416781188,0.4908434518634722,0.2972065138665621,0.0009987672251848773,0.00032004445531913137
690.0,5,rectifying_volume_4,tray,159.5284925932714,220.55976407834913,32.78552031460393,12.369048499948017,5259.645181674725,7828.755684189929,0.42797329173549736,0.6274314093055344,0.5700488595500759,0.3718785962599428,0.0019778487144267534,0.0006899944345228495
690.0,6,rectifying_volume_5,tray,164.9518642477419,220.6095641855242,32.392313323916184,12.276020387411387,5235.732721707786,7772.775799415424,0.3768900293557049,0.5741040643940937,0.6194556637192375,0.42454704165943424,0.00365430692505761,0.0013488939464722405
690.0,7,rectifying_volume_6,tray,168.3925354574681,220.6597119791036,32.180660013526385,12.218218286013817,5222.180795796361,7749.005659248266,0.34627580465146557,0.5400943461148715,0.6472417776968439,0.45742818886981185,0.006482417651690405,0.002477465015316553
690.0,8,rectifying_volume_7,tray,170.5882441562873,220.71010008068632,32.043512765689584,12.181670183471923,5208.053111248992,7735.581815859827,0.3283098238593354,0.5197542477133154,0.6604631979618745,0.4758644433904471,0.011226978178790172,0.0043813088962375525
690.0,9,rectifying_volume_8,tray,172.147463092253,220.76056688822476,31.89483172804765,12.15706183003853,5186.806903026452,7721.576513480372,0.3174902281270198,0.5079857274312174,0.6633557468819722,0.4844413888455792,0.01915402499100795,0.0075728837232033695
690.0,10,rectifying_volume_9,tray,173.53998586611223,220.8109639116904,31.69294708774436,12.13542501965662,5152.119269097438,7700.452930607134,0.3102397812917666,0.5012194816345535,0.6574473880540687,0.48588451716374337,0.032312830654164675,0.012896001201703037
690.0,11,rectifying_volume_10,tray,175.17122902929069,220.86118584590866,31.421509754536643,12.106759102799122,5095.672620358871,7665.890823164697,0.30416595685725467,0.4972001680300525,0.6419355008431368,0.48109583069887335,0.053898542299608526,0.02170400127107415
690.0,12,feed_tray,tray,177.47226522331198,220.93627637707144,45.872497480350134,10.89873660056762,12220.12244032415,7609.570934082404,0.2974690235532283,0.49453989166891305,0.6139870019619929,0.4693875974063863,0.08854397448477873,0.036072510924700533
690.0,13,stripping_volume_1,tray,180.9886422048516,221.0119253377805,45.67903706552348,10.84517100744508,12241.266485889564,7591.177540276362,0.26872383052035237,0.4568030210437984,0.6413602890060912,0.5052366146266927,0.0899158804735565,0.03796036432950893
690.0,14,stripping_volume_2,tray,185.1980111703275,221.0886284017311,45.50143029566906,10.77997483291978,12278.81954549661,7612.467835297346,0.23510575841590617,0.4101732103950427,0.6733787642708924,0.5495259919183988,0.09151547731320155,0.040300797686558656
690.0,15,stripping_volume_3,tray,189.96425407571843,221.16661033433272,45.29459155043916,10.711163305512423,12336.308528534626,7650.177226340715,0.1980771325186374,0.35556672800570543,0.7085413361944105,0.601328196499102,0.09338153128695209,0.04310507549519251
690.0,16,stripping_volume_4,tray,195.04759517684064,221.23619120032288,53.46652959424742,12.081456105579766,12412.223199295686,7707.82608344065,0.159824024516896,0.2954550119818883,0.7443956042078544,0.6580993040739067,0.09578037127524955,0.04644568394420498
690.0,17,stripping_volume_5,tray,200.19083246243196,221.30715373802633,53.168842220325786,12.00885710236976,12498.331558657048,7783.923642690559,0.12277356814083068,0.2335648624869052,0.777586875567296,0.7157152182310949,0.09963955629187338,0.05071991928199985
690.0,18,stripping_volume_6,tray,205.25433960053286,221.38009896956098,53.20188368165746,11.912100090527915,12575.877112044074,7870.209608243486,0.08897512500008427,0.173969679652876,0.8034299773554274,0.7686980013819342,0.10759489764448825,0.05733231896518987
690.0,19,stripping_volume_7,tray,210.44442753578323,221.45438793544199,52.7669153530864,11.845064787095804,12610.527970906574,7947.928089139785,0.05970164113653217,0.12002897339993764,0.8139097938654258,0.8096485268939714,0.12638856499804194,0.07032249970609095
690.0,20,combined_reboiler_sump,reboiler_sump,216.68469625200368,221.47972482689744,758.7423995703407,76.95232100659845,,7982.748413406748,0.03540021756435202,0.07367331077373371,0.792645648243285,0.8261652648321187,0.17195413419236305,0.10016142439414756
720.0,1,reflux_drum,reflux_drum,120.49040507887891,220.37253877417285,1554.1614913750443,126.37711702468546,,,0.8785825226588871,0.9456054751917464,0.12137406287047227,0.054384547534668606,4.341447064057815e-05,9.977273585030123e-06
720.0,2,rectifying_volume_1,tray,130.02639026494913,220.4201963871115,38.02572681451912,49.23784231514713,5659.574426679977,8463.60574763721,0.7535040692806367,0.8787584587993092,0.24632804113825835,0.1211988543925132,0.00016788958110478393,4.268680817747656e-05
720.0,3,rectifying_volume_2,tray,141.14059263698562,220.4694847455119,34.289624473273236,12.742220956395334,5439.756820807897,8171.107482526049,0.6208189130423847,0.7922044733393259,0.3787320355335614,0.20766683614145728,0.0004490514240540825,0.00012869051921689942
720.0,4,rectifying_volume_3,tray,151.51392186115493,220.5186354716872,33.360737116595445,12.524421817788689,5315.941048191698,7951.494622138476,0.5082838708229087,0.7025801460709455,0.49071875883645877,0.2971002910759115,0.0009973703406326569,0.0003195628531430228
720.0,5,rectifying_volume_4,tray,159.52089727588975,220.56808810545948,32.78623996482927,12.369749659466825,5259.763890108539,7827.879782571623,0.42807999554437137,0.6275343349422138,0.5699445899882244,0.3717765843915947,0.001975414467404258,0.0006890806661914917
720.0,6,rectifying_volume_5,tray,164.94637599758468,220.61788015873478,32.39289143170341,12.276665933637426,5235.843635790958,7771.877965103395,0.37697231282177684,0.5741897148538877,0.6193772544880971,0.4244629169339982,0.003650432690125996,0.0013473682121142988
720.0,7,rectifying_volume_6,tray,168.38894479489826,220.66802017506163,32.1811593763118,12.218820415162009,5222.301872588277,7748.108906542656,0.3463380421456085,0.5401614070753504,0.6471853403176596,0.4573634697704997,0.006476617536731855,0.0024751231541497772
720.0,8,rectifying_volume_7,tray,170.58597446457082,220.71840085753763,32.04399103086697,12.182243112240084,5208.193764605385,7734.703272303229,0.328358313245938,0.5198068397457404,0.6604229375623704,0.4758152207545028,0.011218749191691682,0.004377939499756732
720.0,9,rectifying_volume_8,tray,172.14597318891217,220.7688606134021,31.895328023818404,12.15761653776928,5186.970839671253,7720.724931213007,0.31753022785870444,0.5080287276709461,0.6633267041285009,0.4844029266203776,0.019143068012794653,0.007568345708676284
720.0,10,rectifying_volume_9,tray,173.53891286739284,220.81925093143127,31.693477576924597,12.13596796794949,5152.305492237007,7699.631489237425,0.3102748598577788,0.5012567609300997,0.6574255646482864,0.485852816004088,0.0322995754939347,0.012890423065812256
720.0,11,rectifying_volume_10,tray,175.17044980765687,220.86946646930457,31.422059998943386,12.107291403246084,5095.873668074636,7665.098110441162,0.30419805171175307,0.4972343144477935,0.6419167373552804,0.481067480190604,0.053885210932966485,0.021698205361602524
720.0,12,feed_tray,tray,177.47198243238662,220.9445509088499,45.873180002949155,10.899187137082395,12220.481071254217,7608.799209759706,0.29749850588431037,0.49457240146697434,0.6139650973785151,0.46935879299858646,0.08853639673717432,0.03606880553443905
720.0,13,stripping_volume_1,tray,180.98663915682133,221.02019456977732,45.67982828185652,10.845642966431653,12241.625927221043,7590.573589182976,0.26876658417611743,0.4568554585002718,0.6413258967047017,0.5051890324799366,0.08990751911918078,0.03795550901979153
720.0,14,stripping_volume_2,tray,185.19460443485312,221.09689203769847,45.502292709666484,10.780460504330845,12279.171273862266,7611.8751754305,0.2351584297053091,0.41024350216533856,0.6733350889113348,0.5494616414856579,0.09150648138335613,0.040294856349003594
720.0,15,stripping_volume_3,tray,189.9600520253877,221.17486809664635,45.29548147667071,10.711651208302214,12336.651146341954,7649.587541742877,0.19813428230027705,0.35564913114860275,0.7084936596245248,0.601252617461102,0.09337205807519809,0.04309825139029531
720.0,16,stripping_volume_4,tray,195.04340021868555,221.2444445018196,53.46756153055065,12.08199779388111,12412.570845715978,7707.238027577548,0.15987918765477524,0.2955404696357572,0.7443503634040837,0.6580212793932613,0.09577044894114103,0.04643825097098159
720.0,17,stripping_volume_5,tray,200.187413817611,221.31540272443647,53.1698530869544,12.00937443226381,12498.704474279142,7783.352295866432,0.12282101842525002,0.23364325607323094,0.7775500401559765,0.7156446891585976,0.09962894141877336,0.050712054768171526
720.0,18,stripping_volume_6,tray,205.2522667713558,221.3883440629839,53.202886678509316,11.91258447974628,12576.300289874565,7869.674879194536,0.08901088880596554,0.1740320878552939,0.8034061092933654,0.7686439600485079,0.10758300190066909,0.05732395209619832
720.0,19,stripping_volume_7,tray,210.44397984940116,221.46262982110298,52.76792101844619,11.84551640078951,12611.022045950529,7947.454540953936,0.05972395569056249,0.12006964581607038,0.8139013600605549,0.8096169858700558,0.12637468424888257,0.07031336831387382
720.0,20,combined_reboiler_sump,reboiler_sump,216.68593979461716,221.487962941213,758.738214776105,76.95588077164444,,7982.356385459234,0.035409271415126,0.07369014867409587,0.7926522176149479,0.8261580264556992,0.17193851096992613,0.10015182487020494
750.0,1,reflux_drum,reflux_drum,120.49367801620934,220.38246166799124,1553.3157635115208,126.4440912599675,,,0.8785883491390333,0.9456072859582,0.12136826818277374,0.05438274378373862,4.338267819294153e-05,9.970258061453896e-06
750.0,2,rectifying_volume_1,tray,130.02393714707435,220.4301106302143,38.02628145304295,49.24087736279342,5659.729916806917,8462.538020269643,0.7535827780224776,0.8788024898553699,0.2462495837826558,0.12115488874815668,0.0001676381948664711,4.262139647333472e-05
750.0,3,rectifying_volume_2,tray,141.13347602924406,220.47939093809293,34.29051287496727,12.743084505547861,5439.941667612406,8170.241478407921,0.6209443435520564,0.792292070908931,0.37860729453720293,0.20757944762011063,0.0004483619107408675,0.0001284814709583234
750.0,4,rectifying_volume_3,tray,151.50534296017028,220.52853353012577,33.36159675212574,12.525279961838965,5316.088164389656,7950.668744360961,0.5084145074516456,0.702690173296135,0.4905895230913328,0.2969907467148942,0.000995969457021703,0.0003190799889706739
750.0,5,rectifying_volume_4,tray,159.51352738936515,220.57797788437915,32.78693506560434,12.37055507314537,5259.87730902747,7827.026374841186,0.4281907849401263,0.6276406404855909,0.5698362357710557,0.37167119295588147,0.0019729792888179784,0.0006881665585277731
750.0,6,rectifying_volume_5,tray,164.9411681866173,220.6277617317056,32.39343891660784,12.277413847394495,5235.947979894423,7771.000123115601,0.37705804690237515,0.5742784070047745,0.6192953865146615,0.4243757471355559,0.0036465665829632683,0.0013458458596695454
750.0,7,rectifying_volume_6,tray,168.38569290447853,220.67789381167574,32.18162291075249,12.219523406776114,5222.415529445111,7747.230334975797,0.3464031408226487,0.5402310335159497,0.6471260154043647,0.4572961733722042,0.006470843772986689,0.0024727931118460533
750.0,8,rectifying_volume_7,tray,170.58409434826035,220.72826691164803,32.04442918086144,12.182915769325913,5208.32635400254,7733.841577607895,0.3284091881263978,0.519861540944505,0.6603802354021351,0.47576386213493005,0.011210576471467093,0.004374596920564941
750.0,9,rectifying_volume_8,tray,172.1449142618995,220.77871944896137,31.895780692188566,12.158270110884086,5187.126151441241,7719.889094026889,0.3175722470119933,0.5080734549351437,0.6632955457340869,0.4843626883483712,0.019132207253919765,0.0075638567164851385
750.0,10,rectifying_volume_9,tray,173.53830392654055,220.82910289120787,31.693961665818282,12.136609075399877,5152.482599544545,7698.824776823522,0.31031167711439206,0.5012954605241764,0.6574018711847159,0.48581961988180217,0.032286451700892,0.012884919594021365
750.0,11,rectifying_volume_10,tray,175.17015945220544,220.8793118590423,31.42256215594994,12.107921230780592,5096.065293306982,7664.319176838796,0.30423166950430314,0.49726963393034423,0.6418963362642733,0.4810378685101518,0.053871994231423616,0.02169249755950401
750.0,12,feed_tray,tray,177.4722008061921,220.954390103285,45.87386287056637,10.899720038866185,12220.857387850174,7608.040499332713,0.2975293556036535,0.49460588013908147,0.6139418910314831,0.46932897253854533,0.08852875336486332,0.03606514732237321
750.0,13,stripping_volume_1,tray,180.98508909552433,221.0300285326613,45.680621600837576,10.846197750708017,12242.002390314246,7590.0092328880155,0.2688110778451746,0.45690946371741803,0.6412898545987463,0.5051398659313008,0.08989906755607893,0.037950670351281086
750.0,14,stripping_volume_2,tray,185.19160222275897,221.10672045239974,45.5031585025083,10.781029319542485,12279.539140554814,7611.32087036401,0.23521318964289284,0.4103160218783524,0.6732894378073054,0.5493950797416373,0.09149737254980157,0.04028889838001044
750.0,15,stripping_volume_3,tray,189.95621590954187,221.18469066384006,45.29637508263909,10.71222233590189,12337.00890177062,7649.03472065134,0.19819376463011346,0.3557343723406287,0.7084437812990382,0.6011742479937354,0.09336245407084846,0.04309137966563589
750.0,16,stripping_volume_4,tray,195.03955192122305,221.2542626152401,53.46859361030504,12.082633755130296,12412.932719460954,7706.685216298425,0.15993675962477916,0.2956291952724543,0.7443028576342637,0.6579400581759418,0.09576038274095706,0.04643074655160381
750.0,17,stripping_volume_5,tray,200.18434893076946,221.32521651763994,53.170862089522956,12.009985366586507,12499.091176522317,7782.814586306596,0.12287075038544872,0.23372503999613164,0.7775110768281136,0.7155708534940703,0.09961817278643777,0.050704106509797946
750.0,18,stripping_volume_6,tray,205.2505777507852,221.3981539529797,53.203885545913415,11.913161248825732,12576.737496540725,7869.1726710182365,0.08904864022976662,0.1740976860491205,0.803380433658822,0.7685868221235014,0.10757092611141135,0.05731549182737808
750.0,19,stripping_volume_7,tray,210.4439571167435,221.4724364958511,52.7689212024524,11.846059367860358,12611.531220064748,7947.013102332551,0.059747866024558755,0.1201130585065989,0.8138916238832261,0.8095828458825386,0.1263605100922151,0.07030409561086257
750.0,20,combined_reboiler_sump,reboiler_sump,216.68763735473456,221.4977658293199,758.732494706747,76.96011576538841,,7981.996904059283,0.03541950383869153,0.07370915013531018,0.7926583272134871,0.8261489929608296,0.1719221689478213,0.10014185690386038
780.0,1,reflux_drum,reflux_drum,120.49734517097355,220.3939043530303,1552.7113494888372,126.49436223780688,,,0.8785965365511074,0.9456100898699962,0.12136011439737396,0.05437994727608911,4.334905151852094e-05,9.962853914628445e-06
780.0,2,rectifying_volume_1,tray,130.0217979307034,220.44154461070858,38.02681450857761,49.244311838501055,5659.885227309512,8461.50158251509,0.7536648854978659,0.8788481899206853,0.24616772979961957,0.12110925453998951,0.0001673847025145455,4.2555539325182036e-05
780.0,3,rectifying_volume_2,tray,141.12660394043897,220.49081678933163,34.2913838510611,12.744052240990458,5440.124825622094,8169.4048014485215,0.6210738490421359,0.7923821163954867,0.37847848042063525,0.20748961158359402,0.0004476705372287713,0.00012827202091921443
780.0,4,rectifying_volume_3,tray,151.4969832842819,220.539951148933,33.36243577657463,12.526240799770944,5316.231514108685,7949.869971954189,0.5085492822729631,0.7028031834323499,0.49045614898313206,0.2968782192753482,0.0009945687439048144,0.0003185972923018706
780.0,5,rectifying_volume_4,tray,159.50640006608003,220.58938710711277,32.78760398420061,12.371461274495578,5259.9851756521575,7826.197297526722,0.42830530946681605,0.6277499943961867,0.5697241400854998,0.3715627507782842,0.001970550447684105,0.0006872548255292344
780.0,6,rectifying_volume_5,tray,164.93625152859914,220.63916261938004,32.39395460275573,12.27826083714952,5236.045527009328,7770.144208563744,0.3771469556887628,0.5743698605753337,0.6192103241853388,0.4242858080256448,0.0036427201258985627,0.0013443313990214453
780.0,7,rectifying_volume_6,tray,168.38278460843554,220.6892866261848,32.18204971466845,12.220324105958058,5222.521520383953,7746.37190527895,0.3464708868761823,0.5403030020084897,0.6470639996430657,0.45722651624382193,0.006465113480751949,0.002470481747688312
780.0,8,rectifying_volume_7,tray,170.58260441292117,220.73965200165057,32.044826417091805,12.183685093026659,5208.450585928652,7732.9986649977955,0.3284622781768221,0.5199181732381973,0.6603352377674396,0.4757105358615807,0.011202484055738163,0.004371290900222027
780.0,9,rectifying_volume_8,tray,172.14428428521092,220.7900971739941,31.89618892185553,12.159019547905068,5187.272485997529,7719.070881129033,0.3176161431136269,0.5081197623464686,0.6632623825559282,0.48432080799987587,0.019121474330444886,0.007559429653655511
780.0,10,rectifying_volume_9,tray,173.53815544346966,220.84047358969332,31.69439848020334,12.13734538211284,5152.6501820447065,7698.034609523548,0.310350107870903,0.501335453450902,0.6573763950378781,0.4857850401913344,0.032273497091218774,0.012879506357763505
780.0,11,rectifying_volume_10,tray,175.1703531615393,220.89067583259992,31.42301532093625,12.108645664757614,5096.247049516794,7663.555779832315,0.30426669660121275,0.49730601196868074,0.6418743731837415,0.48100709426193167,0.05385893021504577,0.02168689376938751
780.0,12,feed_tray,tray,177.47291386169053,220.96574779483666,45.874544110609826,10.90033283638248,12221.250102481974,7607.296522152181,0.29756146931245836,0.49464022143581926,0.6139174627004138,0.46929823198029813,0.08852106798712779,0.036061546583882546
780.0,13,stripping_volume_1,tray,180.983991093701,221.04138107306701,45.681414712666104,10.84683282443903,12242.394592043052,7589.485338598869,0.268857165475329,0.4569648654675866,0.6412522822308047,0.505089272057823,0.0898905522938663,0.037945862474590426
780.0,14,stripping_volume_2,tray,185.1890081844497,221.11806750577884,45.50402514242178,10.781678701711837,12279.921892223167,7610.80578163337,0.23526986006777892,0.4103905392617033,0.6732419602048886,0.5493265191250969,0.09148817972733259,0.0402829416131998
780.0,15,stripping_volume_3,tray,189.9527519754061,221.19603191022404,45.29726975439812,10.712874107850084,12337.38057380824,7648.519644637277,0.19825538697504272,0.3558221807116856,0.7083918630197317,0.601093338130153,0.0933527500052255,0.04308448115816146
780.0,16,stripping_volume_4,tray,195.0360564857001,221.2655994258826,53.469622868697016,12.083361102453086,12413.307587134079,7706.1685539067485,0.15999655474780583,0.2957209070278826,0.744253240330546,0.6578558994422747,0.09575020492164815,0.046423193529842685
780.0,17,stripping_volume_5,tray,200.18164133511695,221.33654901356982,53.171866358484074,12.010687102206589,12499.490354740385,7782.311396256102,0.1229226044499128,0.2338099553774936,0.7774701112189024,0.7154939462247689,0.09960728433118488,0.050696098397737435
780.0,18,stripping_volume_6,tray,205.24927145890382,221.40948254487006,53.20487748599776,11.913827710075994,12577.187268382524,7868.7037793024565,0.08908825886235895,0.1741662677843377,0.8033530344212477,0.7685267696000098,0.10755870671639331,0.05730696261565248
780.0,19,stripping_volume_7,tray,210.44435268679493,221.48376187233913,52.76991316408308,11.84669111242349,12612.053818966546,7946.604406996482,0.059773296213569624,0.12015907562661599,0.8138806213894818,0.8095462179194289,0.1263460823969485,0.07029470645395496
780.0,20,combined_reboiler_sump,reboiler_sump,216.689776580059,221.50908741321194,758.7253285979843,76.96500197018621,,7981.670383370602,0.035430881939829156,0.07373025531555524,0.7926639670562449,0.8261382002077736,0.17190515100392603,0.10013154447667108
810.0,1,reflux_drum,reflux_drum,120.50139102960262,220.40681722880322,1552.3448586049992,126.52814751749848,,,0.8786070431558617,0.9456138717798376,0.12134964318003941,0.05437617314360305,4.331366409896115e-05,9.955076559415344e-06
810.0,2,rectifying_volume_1,tray,130.01997377276075,220.45444875027093,38.02732485648156,49.248131666007296,5660.039942555296,8460.498526042791,0.7537501369216622,0.8788954198317359,0.24608273326413155,0.1210620907488669,0.0001671298142064249,4.248941939710519e-05
810.0,3,rectifying_volume_2,tray,141.1199913206038,220.50371274193938,34.29223529027539,12.745120295295692,5440.305819870145,8168.599047609232,0.6212070363181647,0.7924743399723155,0.37834598438994743,0.20739759726040613,0.0004469792918879803,0.00012806276727838302
810.0,4,rectifying_volume_3,tray,151.48886233967983,220.55283879242145,33.36325217919918,12.527300495200103,5316.370750625539,7949.099832553071,0.5086877844768701,0.7029188360798774,0.4903190432572648,0.29676304776442186,0.000993172265865152,0.00031811615570090596
810.0,5,rectifying_volume_4,tray,159.49953141617982,220.60226626027045,32.78824521434848,12.372464591400965,5260.087256535072,7825.394198385287,0.4284232155642277,0.6278620636222008,0.5696086494328064,0.37145158827537444,0.001968135002966045,0.0006863481024248562
810.0,6,rectifying_volume_5,tray,164.9316357618704,220.65203333067774,32.39443744765138,12.27920340576422,5236.13608356706,7769.311974588945,0.37723875972483806,0.5744637929659806,0.619122335815326,0.4241933778428106,0.0036389044598359372,0.0013428291912087188
810.0,7,rectifying_volume_6,tray,168.38022374085523,220.70214914923008,32.18243903089002,12.221219152774776,5222.619637321791,7745.535403231687,0.34654106302244264,0.5403770865896824,0.6469994938429774,0.45715471774849764,0.006459443134580045,0.0024681956618198934
810.0,8,rectifying_volume_7,tray,170.58150421439575,220.75250667905976,32.04518210111533,12.184547817657311,5208.566209467337,7732.176299813109,0.3285174100359486,0.5199765563343841,0.6602880950027386,0.4756554129049551,0.011194494961312815,0.004368030760660676
810.0,9,rectifying_volume_8,tray,172.14408009207008,220.80294436000304,31.896552078560553,12.159861644730006,5187.409538407288,7718.272010941823,0.31766177129243367,0.5081675014292585,0.6632273293335914,0.4842774217702398,0.01911089937397491,0.007555076800501665
810.0,10,rectifying_volume_9,tray,173.53846257776763,220.8533136175502,31.69478733906489,12.138173727023586,5152.807882666924,7697.262649773519,0.31039002523850573,0.5013766119004734,0.6573492271873604,0.4857491900085001,0.0322607475741338,0.012874198091026448
810.0,11,rectifying_volume_10,tray,175.1710248150221,220.90350899906895,31.42341879322442,12.109461584515582,5096.418545155772,7662.809529806355,0.30430301830283213,0.4973433339791985,0.6418509267172466,0.4809752570430158,0.05384605497992121,0.021681408977785577
810.0,12,feed_tray,tray,177.47411379042524,220.97857460904797,45.87522183871683,10.901022891393376,12221.657929224491,7606.568855579462,0.2975947429460079,0.49467531974106466,0.6138918935772723,0.469266667199531,0.08851336347671984,0.036058013059404294
810.0,13,stripping_volume_1,tray,180.98334285277315,221.0542028278262,45.68220540314821,10.847545483870892,12242.801253494628,7589.002580982089,0.2689047006923235,0.4570214935917324,0.6412133002234355,0.5050374074609713,0.08988199908424116,0.03794109894729641
810.0,14,stripping_volume_2,tray,185.1868246008872,221.13088384712339,45.50489019731904,10.782405906219893,12280.318282071283,7610.330583680691,0.23532826244851393,0.41046682500827053,0.673192806469375,0.5492561717167533,0.09147893108211111,0.04027700327497615
810.0,15,stripping_volume_3,tray,189.94966515202478,221.20884249863977,45.29816297950368,10.713603775344064,12337.764950797724,7648.043013595836,0.19831895601545774,0.35591228562809796,0.7083380680989293,0.601010138261215,0.09334297588561301,0.04307757611068718
810.0,16,stripping_volume_4,tray,195.03291888524038,221.27840560701893,53.47064646764596,12.08417675649395,12413.69422914013,7705.688768938149,0.16005838589072124,0.29581532197668325,0.7442016670700682,0.6577690638301077,0.09573994703921054,0.04641561419320915
810.0,17,stripping_volume_5,tray,200.17929343324303,221.34935089564058,53.17286315410553,12.01147664216065,12499.900717460541,7781.8434401273325,0.1229764189213918,0.23389774076720654,0.7774272717455404,0.7154142054181888,0.09959630933306776,0.05068805381460461
810.0,18,stripping_volume_6,tray,205.24834577704505,221.42228053104196,53.20585983552144,11.914580981243956,12577.648166681127,7868.268840560039,0.0891296216078855,0.17423762256615652,0.8033239987789925,0.7684639889319138,0.10754637961312195,0.057298388501929726
810.0,19,stripping_volume_7,tray,210.44515896707048,221.496556649949,52.77089429715776,11.847408862738822,12612.58819784995,7946.228938612515,0.05980016724205712,0.12020755602258125,0.8138683917327427,0.8095072183580198,0.12633144102520025,0.07028522561939904
810.0,20,combined_reboiler_sump,reboiler_sump,216.6923443480706,221.52187840117614,758.716802110055,76.97051452310114,,7981.3770951971865,0.03544336948391651,0.07375339805021519,0.792669128466833,0.8261256891583428,0.17188750204925038,0.10012091279144204
840.0,1,reflux_drum,reflux_drum,120.50579948283843,220.42114782201747,1552.2123923563079,126.54569903286308,,,0.8786198206182179,0.9456186136295166,0.12133690278622938,0.05437143942771013,4.327659555268628e-05,9.946942773271903e-06
840.0,2,rectifying_volume_1,tray,130.01846490857122,220.46877059681,38.02781147407661,49.25232204496104,5660.193663192564,8459.530717570497,0.7538382751040179,0.8789440396668691,0.24599485066835966,0.12101353711730135,0.00016687422762242383,4.242321582966919e-05
840.0,3,rectifying_volume_2,tray,141.11365197670452,220.51802636404358,34.2930652044531,12.746284617342377,5440.484198876675,8167.825614870507,0.621343512047436,0.7925684728143515,0.37821019784223525,0.2073036728940527,0.0004462901103287791,0.00012785429159571518
840.0,4,rectifying_volume_3,tray,151.4809984734256,220.5671440495613,33.364044077428304,12.52845503015943,5316.50555349938,7948.359666390629,0.5088296029640093,0.7030367919877859,0.49017861307269517,0.296645570083899,0.0009917839632957504,0.0003176379283150853
840.0,5,rectifying_volume_4,tray,159.49293647543286,220.61656295440986,32.78885737898412,12.373561169692492,5260.183347377539,7824.61854392172,0.4285441483933899,0.6279765152967266,0.5694901118350613,0.37133803576946683,0.001965739771549113,0.0006854489338066199
840.0,6,rectifying_volume_5,tray,164.92732962091085,220.6663214978087,32.39488654267689,12.28023787335702,5236.21948889626,7768.504998986629,0.3773331775414441,0.5745599207842208,0.6190316921616544,0.42409873578591056,0.003635130296901481,0.0013413434298685844
840.0,7,rectifying_volume_6,tray,168.37801314599108,220.71642903414138,32.18279024597401,12.222205004500605,5222.709709401094,7744.7224457133,0.34661344975185504,0.5404530600527941,0.6469327017488449,0.45708099877776287,0.006453848499300095,0.0024659411694430353
840.0,8,rectifying_volume_7,tray,170.58079228045713,220.76677861753103,32.04549575205024,12.185500495313287,5208.673015602998,7731.376085243685,0.3285744083250663,0.520036508775332,0.6602389605704381,0.4755986658529854,0.011186631104495649,0.004364825371682717
840.0,9,rectifying_volume_8,tray,172.14429741536492,220.81720870013635,31.89686970157776,12.160793016027334,5187.537050469492,7717.494046611343,0.3177089851197409,0.5082165229670952,0.6631905039396024,0.4842326672593404,0.019100510940656585,0.007550809773564332
840.0,10,rectifying_volume_9,tray,173.5392193043015,220.86757068664116,31.695127750351684,12.139090768990622,5152.955395590771,7696.510411609865,0.31043130133121827,0.5014188079172984,0.6573204616106456,0.48571218342985284,0.032248237058136155,0.012869008652848585
840.0,11,rectifying_volume_10,tray,175.1721670412459,220.91775908834182,31.423772071189536,12.110365690187527,5096.579443012441,7662.081895175827,0.30434051943221746,0.49738148587296616,0.6418260779555264,0.4809424569063398,0.053833402612256116,0.021676057220694003
840.0,12,feed_tray,tray,177.47579153818435,220.992818291723,45.87589426320412,10.901787414516331,12222.079588968067,7605.858939897647,0.2976290722684976,0.4947110705342892,0.6138652658462708,0.46923437355523323,0.08850566188523165,0.036054555910477536
840.0,13,stripping_volume_1,tray,180.983140759576,221.0684415531719,45.68299155935633,10.848332875152277,12243.221104957522,7588.56145265499,0.2689535374690005,0.45707917973371526,0.641173029700854,0.5049844275736048,0.08987343283014541,0.037936392692679864
840.0,14,stripping_volume_2,tray,185.18505241955248,221.14511724428797,45.50575134133485,10.783208038672816,12280.727074635708,7609.895773979571,0.23538821869711343,0.41054465178087607,0.6731421273773966,0.5491842482938455,0.09146965392548992,0.040271099925278525
840.0,15,stripping_volume_3,tray,189.94695907240316,221.22307020969663,45.299052353917126,10.71440843928142,12338.160834988514,7647.605355394566,0.1983842785389449,0.356004417909128,0.7082825605854485,0.6009248979945165,0.09333316087560664,0.04307068409635545
840.0,16,stripping_volume_4,tray,195.0301428835314,221.29262894913757,53.4716617032964,12.085077465763511,12414.091444148618,7705.246423351881,0.16012206535438522,0.2959121574486508,0.7441482948188538,0.6576798123668164,0.09572963982676091,0.04640803018453279
840.0,17,stripping_volume_5,tray,200.17730652430333,221.36356996399724,53.17384987345146,12.012350815679142,12500.320997010065,7781.411273317733,0.12303203077080192,0.2339881334092639,0.777382688956063,0.7153318710521291,0.09958528027313507,0.05067999553860699
840.0,18,stripping_volume_6,tray,205.2477975923045,221.43649572020573,53.20683007230369,11.915418005060701,12578.11878273364,7867.868340910123,0.08917260332346504,0.17431153693998783,0.8032934166764607,0.7683986700506674,0.1075339800000742,0.05728979300934476
840.0,19,stripping_volume_7,tray,210.44636748861157,221.51076864406426,52.77186213643904,11.848209670332883,12613.132747160882,7945.887039650571,0.05982839746638882,0.12025835405879985,0.8138549768923068,0.8094659682546882,0.1263166256413044,0.0702756776865119
840.0,20,combined_reboiler_sump,reboiler_sump,216.69532684668485,221.53608661707497,758.7069967656855,76.97662788184789,,7981.117178277384,0.03545692719149881,0.07377850640442811,0.7926738040814447,0.8261115054993599,0.1718692687270566,0.10010998809621197
870.0,1,reflux_drum,reflux_drum,120.51055391576318,220.4368411082718,1552.309581413474,126.54730067048708,,,0.8786348144348027,0.9456242946237392,0.12132194763414911,0.05436576690569023,4.32379310481458e-05,9.938470570538352e-06
870.0,2,rectifying_volume_1,tray,130.0172706859229,220.48445514616236,38.0282734408448,49.25686753806028,5660.346007084501,8458.5998077169,0.7539290415920659,0.8789939093493644,0.24590433978317044,0.12096373354720075,0.000166618624763676,4.235710343485384e-05
870.0,3,rectifying_volume_2,tray,141.10759855357563,220.53370267087837,34.29387173220859,12.747540995775328,5440.659535508973,8167.085712582755,0.6214828844357716,0.7926642482158514,0.378071510697212,0.20720810462779682,0.0004456048670162945,0.00012764715635184916
870.0,4,rectifying_volume_3,tray,151.47340882862508,220.58281195565917,33.36480972030031,12.529700228501264,5316.635628786995,7947.650635339925,0.5089743281733564,0.7031567145330467,0.4900352641907878,0.2965261215566393,0.0009904076358558387,0.0003171639103139752
870.0,5,rectifying_volume_4,tray,159.48662916534175,220.63222224569733,32.789439231771105,12.37474699600185,5260.273272626909,7823.8716275179095,0.428667753515087,0.6280930182878451,0.5693688751839499,0.37122242194861693,0.0019633713009631197,0.0006845597635378427
870.0,6,rectifying_volume_5,tray,164.92334081771972,220.68197219791324,32.39530111249944,12.281360399507923,5236.295614456049,7767.724691479634,0.3774299270728117,0.5746579612528492,0.6189386650465056,0.4240021606214874,0.003631407880682803,0.001339878125663469
870.0,7,rectifying_volume_6,tray,168.3761546841471,220.7320713785555,32.183102887866326,12.223277957256492,5222.791602057316,7743.934487401263,0.34668782648708735,0.5405306951349447,0.646863828935569,0.457005580585473,0.00644834457734354,0.0024637242795824466
870.0,8,rectifying_volume_7,tray,170.5804661384681,220.782412934458,32.04576704293185,12.186539517065155,5208.770836230356,7730.599468650013,0.3286330965915582,0.5200978489075981,0.6601879901712474,0.47554046796745625,0.011178913237194268,0.0043616831249457125
870.0,9,rectifying_volume_8,tray,172.14493093312217,220.83283533076454,31.89714149908256,12.161810116086793,5187.654809703128,7716.738402087857,0.3177576373845514,0.5082666777870044,0.663152026674743,0.4841866827158806,0.01909033594070546,0.007546639497115146
870.0,10,rectifying_volume_9,tray,173.54041847324137,220.88318995158613,31.695419405549853,12.140093007361543,5153.092465215726,7695.779266526252,0.31047380790901613,0.5014619140335079,0.6572901947096774,0.4856741349664221,0.032235997381306405,0.012863951000070073
870.0,11,rectifying_volume_10,tray,175.17377129029143,220.93337127265048,31.424074846164032,12.11135452300365,5096.729459157504,7661.37420803221,0.30437908487191223,0.4974203545667026,0.6417999100022374,0.4809087938717956,0.053821005125850405,0.0216708515615018
870.0,12,feed_tray,tray,177.477936887386,221.00842403046096,45.87655968830218,10.902623482352775,12222.513813968468,7605.168083734299,0.29766435332231544,0.49474737079986936,0.6138376622959129,0.4692014454975144,0.0884979843817716,0.036051183702616195
870.0,13,stripping_volume_1,tray,180.98337994854018,221.08404244630194,45.68377117389032,10.849192011693837,12243.652890341524,7588.162275002302,0.26900353072823474,0.45713775799012873,0.6411315917618199,0.5049304860425015,0.08986487750994535,0.03793175596736988
870.0,14,stripping_volume_2,tray,185.18369129793132,221.16071290528086,45.506606359838706,10.784082072422944,12281.147049993968,7609.501683516782,0.23544955190275715,0.4106237951060798,0.6730900734729726,0.5491109574847766,0.09146037462427026,0.040265247409143605
870.0,15,stripping_volume_3,tray,189.94463610406618,221.23866026337564,45.29993558732839,10.715285067824073,12338.567046513857,7647.207035933113,0.19845116224952505,0.3560983109179649,0.708225504557564,0.600837865126691,0.09332333319291104,0.043063823955344076
870.0,16,stripping_volume_4,tray,195.0277310614268,221.3082146815578,53.47266601166933,12.086059826469885,12414.498052955898,7704.841922096333,0.1601874056839976,0.2960111322214502,0.7440932812352636,0.6575884053519708,0.09571931308073887,0.046400462426578935
870.0,17,stripping_volume_5,tray,200.17568083732857,221.379151457138,53.174824055551795,12.013306297742467,12500.749953476392,7781.015301367555,0.12308927636925643,0.23408087040318112,0.777336494921638,0.715247183936368,0.09957422870910553,0.050671945660450794
870.0,18,stripping_volume_6,tray,205.24762284552114,221.45207335902808,53.20778581987137,11.91633556837581,12578.597742169062,7867.502625100825,0.08921707741775048,0.17438779550325917,0.8032613803445171,0.768331005443023,0.10752154223773236,0.05728119905371794
870.0,19,stripping_volume_7,tray,210.44796897144818,221.52634310771816,52.772814362016426,11.849090428762889,12613.685897515652,7945.578920509361,0.05985790305745805,0.12031132040741795,0.8138404214066361,0.8094225926614548,0.12630167553590585,0.07026608693112717
870.0,20,combined_reboiler_sump,reboiler_sump,216.69870965226406,221.55165732200757,758.6959897133305,76.98331596043391,,7980.890647777224,0.03547151303144415,0.07380550322408565,0.7926779878500635,0.8260956992646014,0.17185049911849237,0.10009879751131302
900.0,1,reflux_drum,reflux_drum,120.51563729317294,220.45383982390436,1552.6316216020928,126.53326592133335,,,0.8786519643750402,0.9456308914115733,0.12130483786425576,0.05435917890935341,4.319776070398878e-05,9.929679073245824e-06
900.0,2,rectifying_volume_1,tray,130.0163896021509,220.50144515394578,38.02870993787225,49.26175215515098,5660.496610023006,8457.707240451287,0.754022177726507,0.8790448892020192,0.245811458604354,0.12091281954598905,0.0001663636691390461,4.229125199183044e-05
900.0,3,rectifying_volume_2,tray,141.10184252453453,220.55068443663737,34.294653141363554,12.748885081566264,5440.831427587578,8166.380371174208,0.6216247647517537,0.7927614025980825,0.3779303098801473,0.20711115549906298,0.0004449253680990306,0.00012744190285456753
900.0,4,rectifying_volume_3,tray,151.46610931183693,220.5997853042046,33.36554749061809,12.531031778393668,5316.760709023533,7946.973732244346,0.5091215537438484,0.7032782710545697,0.4898893993276549,0.29640503359722004,0.0009890469284964665,0.0003166953482102585
900.0,5,rectifying_volume_4,tray,159.48062226451486,220.6491869477417,32.78998965747162,12.376017919763994,5260.356884863344,7823.154577882596,0.4287936784221248,0.6282112446033122,0.5692452857312341,0.3711050724703313,0.0019610358466410393,0.0006836829263564256
900.0,6,rectifying_volume_5,tray,164.91967603210466,220.69892826488015,32.395680513464335,12.282567004676453,5236.3643628578775,7766.972301346479,0.3775287269549749,0.5747576334918831,0.6188435260913482,0.4239039294145791,0.003627746953676978,0.0013384370935377002
900.0,7,rectifying_volume_6,tray,168.3746492442541,220.7490190362168,32.183376622630796,12.224434166912058,5222.86521585864,7743.1728278215205,0.34676397264721465,0.540609765600512,0.6467930817860628,0.4569286837213405,0.006442945566722722,0.0024615506781475796
900.0,8,rectifying_volume_7,tray,170.5805223481129,220.79935250275634,32.04599579613356,12.187661133452954,5208.859542901303,7729.84774824456,0.3286932981758167,0.5201603957660523,0.6601353409263863,0.475480992319936,0.011171360897797149,0.0043586119140117275
900.0,9,rectifying_volume_8,tray,172.14597431801434,220.849767143248,31.897367342544502,12.162909258993649,5187.762648035337,7716.006348504202,0.3178075808037205,0.5083178174713848,0.6631120196092957,0.48413960634602154,0.01908039958698387,0.007542576182593581
900.0,10,rectifying_volume_9,tray,173.54205187340406,220.90011432151425,31.69566217322737,12.141176801881654,5153.21888479385,7695.070449604035,0.3105174169639715,0.5015058038395555,0.6572585247722467,0.4856351589909465,0.032224058263781774,0.01285903716949819
900.0,11,rectifying_volume_10,tray,175.17582790861428,220.95028847830204,31.424326995292603,12.112424484956636,5096.868361527409,7660.687670015731,0.3044186000501286,0.49745982843786346,0.6417725075288201,0.48087436748374673,0.05380889242105123,0.021665804078389868
900.0,12,feed_tray,tray,177.4805385410284,221.02533476638857,45.87721651625136,10.903528054080175,12222.959351837879,7604.497469684756,0.2977004828333525,0.4947841193863823,0.6138091659624837,0.4691679762191888,0.08849035120416389,0.03604790439442908
900.0,13,stripping_volume_1,tray,180.98405436800238,221.10094845714224,45.68454234782246,10.850119790960193,12244.09537102872,7587.8052090105,0.2690545368824702,0.4571970654804208,0.6410891070017141,0.504875734182366,0.08985635611581583,0.03792720033721323
900.0,14,stripping_volume_2,tray,185.18273965309172,221.1776137900527,45.50745315301359,10.785024865505036,12281.577007404228,7609.148487254904,0.2355120869886663,0.41070403416308876,0.673036794484777,0.549036505018585,0.09145111852655663,0.04025946081832604
900.0,15,stripping_volume_3,tray,189.9426973866137,221.255555630837,45.3008105069967,10.716230513378957,12338.982426797935,7646.848269126003,0.19851941649591964,0.35619370153337265,0.7081670634803048,0.6007492847235754,0.0933135200237755,0.04305701374305212
900.0,16,stripping_volume_4,tray,195.025684850124,221.325105784248,53.47365697257501,12.087120301713732,12414.912901742746,7704.4755226353645,0.16025422040448906,0.296111967594838,0.7440367840310097,0.6574951013461906,0.09570899556450128,0.04639293105897131
900.0,17,stripping_volume_5,tray,200.1744155694486,221.39603836374155,53.17578338485674,12.014339628044826,12501.186378000308,7780.6557890595905,0.12314799215977731,0.2341756897640227,0.7772888226714311,0.7151603847233218,0.09956318516879158,0.05066392551265543
900.0,18,stripping_volume_6,tray,205.2478165817263,221.46895644396906,53.20872485041644,11.917330320753045,12579.083708510703,7867.171905327069,0.08926291640852277,0.1744661818448482,0.8032279838644647,0.7682611892894258,0.10750909972701259,0.05727262886572606
900.0,19,stripping_volume_7,tray,210.4499533897554,221.54322304344325,52.77374880203831,11.850047891895048,12614.246123764158,7945.30466832659,0.05988859842227769,0.12036630280003595,0.8138247721125114,0.809377219971284,0.126286629465211,0.07025647722868
900.0,20,combined_reboiler_sump,reboiler_sump,216.70247780450094,221.56853352617028,758.6838537510007,76.99055223922109,,7980.69740432979,0.035487082510406255,0.07383430668089525,0.7926816750328233,0.8260783244583563,0.17183124245677053,0.10008736886074833
930.0,1,reflux_drum,reflux_drum,120.52103223993639,220.47208476614472,1553.17330871509,126.50393561552254,,,0.8786712049310258,0.945638378273406,0.12128563888999085,0.05435170113821395,4.31561789833785e-05,9.920588380055515e-06
930.0,2,rectifying_volume_1,tray,130.0158193434788,220.51968143572307,38.02912024665696,49.26695943384125,5660.64512625003,8456.854263252228,0.754117425613621,0.8790968404539629,0.24571646438305025,0.12086093372039722,0.0001661100033286778,4.222582564004086e-05
930.0,3,rectifying_volume_2,tray,141.0963941905928,220.56891249464357,34.2954078302276,12.750312409570967,5440.999498236534,8165.710452298263,0.621768768702039,0.7928596764103568,0.37778697795256433,0.20701308454014888,0.00044425334539662626,0.000127239049494356
930.0,4,rectifying_volume_3,tray,151.45911457162418,220.6180049470393,33.3662559059321,12.532445253803024,5316.880552989775,7946.329790637154,0.5092708780131858,0.7034011340459079,0.4897414166668843,0.2962826325230748,0.0009877053199298773,0.00031623343101720247
930.0,5,rectifying_volume_4,tray,159.47492739027942,220.6673979317573,32.79050767129729,12.377369674257652,5260.43406400655,7822.468367924639,0.4289215739275432,0.6283308706529627,0.5691196867189855,0.37098630870595756,0.0019587393534713066,0.0006828206410799092
930.0,6,rectifying_volume_5,tray,164.91634090996115,220.71713058949922,32.3960242311076,12.283853590719364,5236.425666710452,7766.248925484516,0.3776292977072868,0.5748586596762865,0.6187465455611906,0.4238043163810786,0.003624156731522827,0.0013370239426349075
930.0,7,rectifying_volume_6,tray,168.37349676224304,220.7672129171188,32.18361125036104,12.225669669139037,5222.930485146234,7742.438618834146,0.34684166861859816,0.5406900472220737,0.6467206665524324,0.45685052706291607,0.006437664828969353,0.0024594257150101855
930.0,8,rectifying_volume_7,tray,170.58095653830364,220.81753825099324,32.04618197798292,12.18886147416709,5208.939045342962,7729.122080164792,0.3287548370022012,0.5202239698738073,0.6600811706220385,0.4754204110061779,0.011163992375760158,0.004355619120014717
930.0,9,rectifying_volume_8,tray,172.14742028993842,220.86794508405492,31.897547260280245,12.164086638015448,5187.860440223767,7715.299020946439,0.31785866866808027,0.5083697949994405,0.6630706059707883,0.48409157568522404,0.01907072536113152,0.007538629315335652
930.0,10,rectifying_volume_9,tray,173.5441102978958,220.9182847601693,31.69585609169755,12.142338391834539,5153.3344947637715,7694.385065992732,0.3105620012507397,0.5015503524941829,0.6572255514687211,0.48559536923716023,0.03221244728053915,0.012854278268656854
930.0,11,rectifying_volume_10,tray,175.17832621549903,220.96845168577198,31.424528573495046,12.113571857719148,5096.995968187833,7660.023358507303,0.304458951378,0.49749979772652775,0.641743956358658,0.4808392764131632,0.05379709226334193,0.021660925860309075
930.0,12,feed_tray,tray,177.48358420717298,221.04349149425443,45.87786324835097,10.904497987414027,12223.414968990752,7603.848160233358,0.29773735857402983,0.4948212173188621,0.6137798598041427,0.46913405734873426,0.08848278162182749,0.036044725332403806
930.0,13,stripping_volume_1,tray,180.9851568494497,221.119100588474,45.68530329242929,10.851113010603637,12244.547329169885,7587.4902661731485,0.26910641431280696,0.4572569428421108,0.6410456950817661,0.5048203204972125,0.08984789060542696,0.037922736660676575
930.0,14,stripping_volume_2,tray,185.18219471606906,221.1957609106504,45.50828973810771,10.786033176898199,12282.015768389745,7608.836214656775,0.23557565129579316,0.410785152473766,0.6729824388019097,0.548961093064021,0.09144190990229698,0.04025375446221302
930.0,15,stripping_volume_3,tray,189.9411428749516,221.27369733459565,45.30167506020872,10.717241528906987,12339.405841401976,7646.529126997876,0.19858885292244768,0.35629033100825197,0.7081073996243772,0.6006593983027831,0.0933037474531751,0.043050270688964956
930.0,16,stripping_volume_4,tray,195.02400456968854,221.34324328801367,53.47463231191464,12.088255239943976,12415.334864743101,7704.147344531101,0.16032232468385813,0.29621438835175634,0.7439789603876855,0.6574001562615963,0.09569871492845641,0.04638545538664737
930.0,17,stripping_volume_5,tray,200.17350892797285,221.4141717228655,53.1767256931042,12.015447229258946,12501.629095424738,7780.332869548299,0.12320801527040066,0.23427233138450343,0.7772398056691002,0.715071713004911,0.09955217906049924,0.05065595561058551
930.0,18,stripping_volume_6,tray,205.2483730021862,221.48708602149068,53.20964508617422,11.918398792419426,12579.57538600597,7866.876270097343,0.08930999243964173,0.1745464794131044,0.8031933227558495,0.7681894166626311,0.10749668480450876,0.05726410392426465
930.0,19,stripping_volume_7,tray,210.45231003603982,221.56134950349232,52.774663433905886,11.85107869158523,12614.811948229515,7945.0642557620695,0.059920396603576884,0.12042314673932543,0.8138080778910233,0.8093299812938589,0.12627152550539986,0.07024687196681556
930.0,20,combined_reboiler_sump,reboiler_sump,216.70661587776743,221.58665628908994,758.6706575471079,76.99830985416435,,7980.537242978933,0.03550358895660799,0.07386483080765699,0.7926848621917026,0.8260594386833592,0.1718115488516893,0.1000757305089837
960.0,1,reflux_drum,reflux_drum,120.52672111608668,220.49151508007054,1553.9290720165811,126.45967574807148,,,0.8786924657717432,0.9456467273114181,0.12126442094416774,0.054343361469147165,4.311328408907114e-05,9.911219434816811e-06
960.0,2,rectifying_volume_1,tray,130.01555682589589,220.53910315397454,38.029503747349146,49.272472516280516,5660.791228794166,8456.041937513115,0.7542145290141655,0.8791496257009358,0.24561961273892613,0.12080821331669897,0.00016585824690831734,4.216098236518262e-05
960.0,3,rectifying_volume_2,tray,141.09126268722983,220.58832602433105,34.29613432787743,12.75181841899353,5441.163396016898,8165.076659043554,0.6219145176624671,0.7929588149284684,0.37764189188604846,0.20691414598120209,0.000443590451484579,0.00012703909032938448
960.0,4,rectifying_volume_3,tray,151.45243798712036,220.63741008134258,33.36693361848703,12.533936134877298,5316.994945295601,7945.719494507803,0.5094219053588566,0.703524982211865,0.48959170852774364,0.2961592385009433,0.0009863861133996444,0.00031577928719183187
960.0,5,rectifying_volume_4,tray,159.4695549895172,220.686794413547,32.79099241735774,12.378797896596431,5260.504716368671,7821.813823711952,0.42905109541238845,0.62845157837325,0.568992417146236,0.37086644662144036,0.001956487441375337,0.0006819750053097539
960.0,6,rectifying_volume_5,tray,164.9133400686274,220.73651840643888,32.39633187689756,12.285215960418835,5236.479487313167,7765.555516614158,0.3777313627993921,0.5749607660727794,0.6186479913170502,0.4237035918585276,0.0036206458835578775,0.0013356420686931657
960.0,7,rectifying_volume_6,tray,168.37269624437005,220.78659227447403,32.18380670039759,12.226980398524079,5222.987376506698,7741.732872269905,0.3469206966341577,0.5407713186614931,0.6466467884995467,0.4567713269437111,0.006432514866295499,0.0024573543947959534
960.0,8,rectifying_volume_7,tray,170.58176344740292,220.83690945034954,32.046325692694595,12.190136566825343,5209.009289777804,7728.423485696199,0.3288175382954659,0.5202883939603505,0.6600256370157409,0.4753588944371649,0.011156824688793194,0.00435271160248457
960.0,9,rectifying_volume_8,tray,172.1492606707775,220.88730844171397,31.897681430310094,12.165338344109557,5187.948102052023,7714.6174253275585,0.31791075542607616,0.5084224653205336,0.6630279095782194,0.4840427270315304,0.019061334995704515,0.007534807647935964
960.0,10,rectifying_volume_9,tray,173.54658361111808,220.93764057285324,31.696001360962953,12.143573914322749,5153.439180831327,7693.724097466774,0.31060743476319697,0.5015954371764114,0.6571913753842326,0.48555487834931244,0.03220118985257046,0.012849684474276174
960.0,11,rectifying_volume_10,tray,175.18125458011696,220.98780021663757,31.424679804700986,12.114792820721632,5097.11214532293,7659.382232894727,0.30450002663984715,0.49754015488699693,0.6417143430804879,0.4808036181023692,0.05378563027966483,0.021656227010633973
960.0,12,feed_tray,tray,177.48706068302462,221.06283354936448,45.87849848505101,10.905530053863266,12223.879453560983,7603.221103754877,0.2977748796859694,0.4948585680671112,0.6137498264045685,0.46909977868211455,0.088475293909462,0.03604165325077416
960.0,13,stripping_volume_1,tray,180.98667917859757,221.13843818290252,45.68605232981237,10.852168383865333,12245.007570444026,7587.217319214299,0.269159023790849,0.45731723465607976,0.641001474343162,0.5047643902648329,0.08983950186598891,0.037918375079087345
960.0,14,stripping_volume_2,tray,185.1820525898462,221.21509361821452,45.50911425046808,10.787103682040666,12282.462179285658,7608.564760047833,0.23564007509726448,0.41086693850006445,0.672927153005213,0.5488849196526908,0.09143277189752252,0.04024814184724476
960.0,15,stripping_volume_3,tray,189.9399713869965,221.29302473554128,45.30252731547307,10.718314783485773,12339.836182332489,7646.249549582636,0.19865928604650215,0.3563879457217826,0.7080466735437493,0.6005684431128437,0.09329404040974842,0.0430436111653737
960.0,16,stripping_volume_4,tray,195.0226894717831,221.36256656153068,53.47558990251509,12.089460892587883,12415.762846349864,7703.857378892976,0.16039153592770747,0.2963181236121423,0.7439199664265049,0.6573038225488248,0.09568849764578771,0.046378053839032825
960.0,17,stripping_volume_5,tray,200.17295817532565,221.43349091098983,53.177648959735215,12.016625424513482,12502.076966326125,7780.046553322603,0.12326918407073766,0.23437053790318416,0.7771895773297356,0.7149814064923605,0.0995412385995268,0.0506480556044554
960.0,18,stripping_volume_6,tray,205.24928551723772,221.50640147510993,53.210544599374444,11.9195374114743,12580.07152176726,7866.615692839156,0.08935817775805249,0.17462847231404136,0.8031574935881208,0.7681158827855634,0.10748432865382664,0.057255644900395274
960.0,19,stripping_volume_7,tray,210.4550275837733,221.58066187690193,52.775556384068615,11.852179354665179,12615.381943171209,7944.857549459991,0.0599532096567716,0.12048169616966141,0.813790389421202,0.8092810098630301,0.12625640092202634,0.07023729396730843
960.0,20,combined_reboiler_sump,reboiler_sump,216.71110804860336,221.60596500669908,758.6564659989826,77.00656166972458,,7980.409861715961,0.03552098379625039,0.07389698602046293,0.792687547177751,0.8260391027754481,0.17179146902599857,0.10006391120408892
990.0,1,reflux_drum,reflux_drum,120.53268608647953,220.51206853115318,1554.8930063266255,126.40087540146779,,,0.8787156721975531,0.9456559086417269,0.12124125862508166,0.05433418976437707,4.3069177365253287e-05,9.901593896097508e-06
990.0,2,rectifying_volume_1,tray,130.01559823693836,220.55964809066387,38.02985991652174,49.278274221822656,5660.934609645928,8455.271149215157,0.7543132341510788,0.8792031093204535,0.24552115685420475,0.12075479380597323,0.0001656089947164038,4.2096873573183705e-05
990.0,3,rectifying_volume_2,tray,141.08645599772998,220.60886282382418,34.29683129354205,12.753398472692023,5441.32279486303,8164.4795462221555,0.6220616397705143,0.7930585689551479,0.37749542197367836,0.20681458855087373,0.00044293825580733363,0.00012684249397838888
990.0,4,rectifying_volume_3,tray,151.4460916655271,220.65793852221793,33.367579414243004,12.535499827164847,5317.103695800694,7945.143388094027,0.5095742473871738,0.7036495013948166,0.4894406601832276,0.29603516462287344,0.0009850924295986988,0.00031533398230985054
990.0,5,rectifying_volume_4,tray,159.4645143377139,220.70731422609128,32.79144316631898,12.380298146603138,5260.568773576551,7821.191633507783,0.42918190393761935,0.6285730562192263,0.5688638106677546,0.3707457957892471,0.0019542853946259496,0.0006811479915265737
990.0,6,rectifying_volume_5,tray,164.91067710842282,220.75702956683358,32.396603184322935,12.286649835950588,5236.52581322608,7764.892891584046,0.3778346496069269,0.5750636839599562,0.6185481278738525,0.4236020213913165,0.0036172225192206,0.0013342946487273318
990.0,7,rectifying_volume_6,tray,168.3722457946645,220.80709497729808,32.183963025972204,12.22836220666918,5223.035887108109,7741.0564676790655,0.34700084156346356,0.5408533622544566,0.6465716511293156,0.45669129637446126,0.00642750730722085,0.002455341371082135
990.0,8,rectifying_volume_7,tray,170.5829369659619,220.85740398719844,32.04642717576286,12.19148235477163,5209.070257086623,7727.752858601853,0.32888122922476043,0.5203534936008135,0.6599688972037125,0.4752966107043245,0.011149873571527117,0.004349895694862115
990.0,9,rectifying_volume_8,tray,172.15148644053463,220.90779511938808,31.897770172660817,12.16666038347793,5188.02558833911,7713.962445370273,0.3179636972069337,0.5084756858622733,0.6629840543222743,0.4839931949381337,0.019052248470791976,0.007531119199593028
990.0,10,rectifying_volume_9,tray,173.5494608162929,220.95811967899337,31.696098334077735,12.144879421616782,5153.532871834489,7693.088409088947,0.31065359315928065,0.5016409374824115,0.6571560975861337,0.4855137974798872,0.03219030925458565,0.012845265037701314
990.0,11,rectifying_volume_10,tray,175.18460049833257,221.00827200613716,31.4247810725034,12.116083468318454,5097.216804991968,7658.765140906687,0.30454171533861396,0.49758079489212653,0.6416837546907503,0.48076748845024786,0.0537745299706357,0.021651716657625435
990.0,12,feed_tray,tray,177.4909539378103,221.08329888014623,45.879120925192325,10.906620953216713,12224.351617820246,7602.617140557329,0.2978129469643486,0.4948960777731808,0.6137191477050254,0.4690652279509199,0.08846790533062585,0.03603869427589927
990.0,13,stripping_volume_1,tray,180.98861216733278,221.15889919545532,45.68678789253001,10.853282554183444,12245.474926313831,7586.986112608537,0.26921222884661367,0.4573777898069095,0.6409565614637235,0.5047080851800694,0.08983120968966293,0.03791412501302128
990.0,14,stripping_volume_2,tray,185.18230830985777,221.23554987560576,45.509924943488734,10.788232987537876,12282.91511328304,7608.333892746702,0.23570519204757143,0.41094918615512177,0.6728710814511747,0.5488081781808163,0.09142372650125392,0.04024263566406193
990.0,15,stripping_volume_3,tray,189.93918065474077,221.3134758055882,45.30336546257803,10.71944687706769,12340.272369842864,7646.0093546357,0.19873053376659583,0.35648629783172114,0.7079850436089452,0.6004766515031601,0.09328442262445899,0.04303705066511867
990.0,16,stripping_volume_4,tray,195.02173778558168,221.38301358400895,53.47652776363559,12.090733430787498,12416.195782686691,7703.605497603022,0.16046167430828093,0.2964229075852878,0.7438599567289583,0.6572063484755951,0.0956783689627608,0.04637074393911712
990.0,17,stripping_volume_5,tray,200.17275967596893,221.45393391469136,53.1785513110029,12.01787045401096,12502.52888846758,7779.796736959934,0.12333133867417072,0.23447005548287095,0.7771382705760274,0.7148897002755837,0.09953039074980193,0.05064024424154539
990.0,18,stripping_volume_6,tray,205.2505467992281,221.52684079808236,53.21142161089179,11.920742520284467,12580.570907260695,7866.390040292249,0.08940734515167613,0.17471194604147372,0.8031205936160957,0.7680407823472579,0.10747206123222817,0.05724727161126841
990.0,19,stripping_volume_7,tray,210.45809414798322,221.60109816218537,52.77642592654107,11.853346319157646,12615.954732513113,7944.684318229378,0.05998694900388585,0.12054179410611067,0.81377175894198,0.8092304404768507,0.12624129205413426,0.07022776541703861
990.0,20,combined_reboiler_sump,reboiler_sump,216.71593815910103,221.62639768404034,758.6413406758579,77.01528033954457,,7980.314869658179,0.035539216821121704,0.07393067962503919,0.7926897291140084,0.8260173804469463,0.17177105406486995,0.10005193992801437
1020.0,1,reflux_drum,reflux_drum,120.53890918492675,220.53368176247602,1556.0589026040652,126.32794476924967,,,0.8787407455912583,0.9456658905865081,0.12121623044603026,0.05432421767948299,4.302396271148275e-05,9.891734008898202e-06
1020.0,2,rectifying_volume_1,tray,130.01593907782623,220.58125290448007,38.030188324545904,49.28434711536805,5661.07497978675,8454.542619670749,0.7544132904382548,0.8792571578434244,0.2454213467463011,0.12070080851282872,0.00016536281544419674,4.203364374686269e-05
1020.0,3,rectifying_volume_2,tray,141.08198097217024,220.6304595671961,34.29749751520002,12.755047875278349,5441.477393844007,8163.919530570011,0.6222097708850837,0.793158695427374,0.3773479308731682,0.20671465486982682,0.0004422982417480275,0.0001266497027991486
1020.0,4,rectifying_volume_3,tray,151.4400864475239,220.6795269599629,33.36819221109113,12.537131679622425,5317.206638897968,7944.601885614012,0.5097275239767753,0.7037743853770337,0.48928864882164896,0.29591071610555,0.0009838272015756377,0.00031489851741632174
1020.0,5,rectifying_volume_4,tray,159.4598135452801,220.72889407682362,32.791859312384574,12.381865924518202,5260.626191388764,7820.602356781265,0.42931366722542313,0.6286950000298674,0.5687341946199631,0.37062465852566734,0.0019521381546137996,0.0006803414444653168
1020.0,6,rectifying_volume_5,tray,164.90835462953345,220.77860079556146,32.396838004435764,12.288150876240632,5236.564658742607,7764.261739712724,0.3779388902598929,0.5751671504365125,0.6184472155602965,0.4234998649256821,0.003613894179810607,0.0013329846378054915
1020.0,7,rectifying_volume_6,tray,168.37214264574598,220.82865776768708,32.184080398390705,12.229810879226156,5223.07604292932,7740.410160137924,0.34708189161668973,0.5409359647023877,0.6464954554834015,0.45661064435391974,0.006422652899908687,0.00245339094369269
1020.0,8,rectifying_volume_7,tray,170.58447018124926,220.87895862038218,32.04648678692618,12.192894713843083,5209.121960844231,7727.110972510709,0.3289457394777539,0.5204190977797415,0.6599111070476912,0.47523372501601213,0.011143153474554834,0.004347177204246367
1020.0,9,rectifying_volume_8,tray,172.15408779410495,220.9293418921483,31.897813941245403,12.168048694114914,5188.092890799184,7713.3348496368535,0.31801735228572836,0.5085293169764861,0.6629391636906604,0.48394311176271143,0.019043484023611276,0.007527571260802513
1020.0,10,rectifying_volume_9,tray,173.5527301227719,220.97965886941233,31.69614750808645,12.146250897515605,5153.615537441066,7692.478755887193,0.3107003541364114,0.50168673577039,0.6571198192261647,0.485472235933183,0.03217982663742393,0.012841028296426901
1020.0,11,rectifying_volume_10,tray,175.18835066852074,221.02980386043544,31.424832910392865,12.117439825985175,5097.309902703255,7658.172824968058,0.30458390899874127,0.4976216154934489,0.641652278264391,0.48073098153567967,0.05376381273686769,0.021647402970871508
1020.0,12,feed_tray,tray,177.49524919376418,221.1048243054199,45.8797293644952,10.907767327213765,12224.830300127418,7602.037008960114,0.29785146310597643,0.4949336554409714,0.6136879047637133,0.4690304906244149,0.08846063213031029,0.036035853934613726
1020.0,13,stripping_volume_1,tray,180.99094572567913,221.18042045088708,45.68750852234645,10.854452108963955,12245.948255805806,7586.796272849879,0.26926589608571466,0.4574384617829728,0.6409110711549283,0.5046515430528485,0.08982303275935695,0.037909995164178596
1020.0,14,stripping_volume_2,tray,185.18295590607272,221.25706651473962,45.51072018758234,10.789417645020851,12283.37347199782,7608.1432669772785,0.2357708395704324,0.41103169523402733,0.6728143659055332,0.5487310569843507,0.09141479452403455,0.04023724778162211
1020.0,15,stripping_volume_3,tray,189.93876737772416,221.33498738503485,45.30418781163487,10.72063435438859,12340.713353762128,7645.808247105655,0.1988024178049447,0.35658514583334616,0.7079226655931531,0.6003842503791124,0.0932749166019021,0.04303060378754155
1020.0,16,stripping_volume_4,tray,195.02114676596162,221.40452120256603,53.477444059317364,12.092068961188408,12416.632642695347,7703.3914623372975,0.16053256323137394,0.29652848022657824,0.7437990839060912,0.6571079774918239,0.0956683528625349,0.04636354228159779
1020.0,17,stripping_volume_5,tray,200.1729089445394,221.4754375880282,53.179431017933716,12.019178490730287,12502.983797722782,7779.583211642756,0.12339432138791599,0.23457063450336876,0.7770860174324273,0.7147968261587725,0.0995196611796566,0.050632539337858745
1020.0,18,stripping_volume_6,tray,205.2521488349705,221.54834085079506,53.21227448776763,11.922010391005099,12581.072379205069,7866.199080603886,0.0894573683491411,0.17479668814103236,0.803082720439124,0.7679643088755864,0.10745991121173486,0.0572390029833813
1020.0,19,stripping_volume_7,tray,210.4614973434146,221.62259522473346,52.777270480314876,11.854575949655672,12616.528992909482,7944.54424087424,0.06002152576416574,0.12060328322141191,0.8137522400230965,0.8091784089708493,0.12622623421273774,0.07021830780773872
1020.0,20,combined_reboiler_sump,reboiler_sump,216.72108977601263,221.64789119267854,758.6253403004829,77.02443835845104,,7980.251794815464,0.035558236446216196,0.07396581630488931,0.7926914083743144,0.825994337940466,0.1717503551794694,0.10003984575464465
1050.0,1,reflux_drum,reflux_drum,120.54537237281708,220.55629053601052,1557.4202769699768,126.2413132832133,,,0.8787676038624416,0.9456766398645527,0.12118941839154501,0.05431347847296765,4.2977746013415876e-05,9.881662479622776e-06
1050.0,2,rectifying_volume_1,tray,130.01657420549424,220.6038533721408,38.03048863264573,49.29067357125549,5661.212069089677,8453.856916392451,0.7545144511331066,0.8793116402839997,0.24532042861636533,0.12064638828582064,0.00016512025052796685,4.197143017968531e-05
1050.0,3,rectifying_volume_2,tray,141.07784335120976,220.65305204579158,34.29813190748639,12.75676188998584,5441.626916769106,8163.396900953997,0.6223585554202077,0.7932589579357239,0.37719977277521216,0.2066145809319466,0.0004416718045801295,0.00012646113232947634
1050.0,4,rectifying_volume_3,tray,151.43443191961893,220.70211120140607,33.368771056364466,12.538827001386874,5317.3036326788315,7944.09528089659,0.5098813641837414,0.7038993365658148,0.4891360426447931,0.2957861896061902,0.000982593171465672,0.00031447382799496785
1050.0,5,rectifying_volume_4,tray,159.45545957023037,220.7514697889773,32.79224036970865,12.383496687514143,5260.676948431209,7820.046433177902,0.42944606051596396,0.6288171137732916,0.5686038891682731,0.3705033291470508,0.0019500503157631852,0.0006795570796574951
1050.0,6,rectifying_volume_5,tray,164.90637425345554,220.80116793259717,32.3970363009592,12.289714693178913,5236.596062292588,7763.66263110442,0.37804382238831924,0.5752709091230421,0.6183455097765658,0.42339737610923295,0.00361066783511509,0.0013317147677249853
1050.0,7,rectifying_volume_6,tray,168.37238319231378,220.85121650217422,32.18415910086785,12.231322151831385,5223.107896912851,7739.794588044804,0.34716363896599683,0.5410189176761309,0.6464183995215486,0.45652957526508514,0.0064179615124545725,0.0024515070587841008
1050.0,8,rectifying_volume_7,tray,170.58635542292507,220.90150922256996,32.0465050028245,12.194369468069654,5209.164445263075,7726.498488287782,0.32901090176783193,0.5204850393830768,0.6598524206594125,0.4751703992020008,0.011136677572755573,0.004344561414922436
1050.0,9,rectifying_volume_8,tray,172.15705419806127,220.95188464833186,31.89781331545082,12.169499161310938,5188.150035792053,7712.735298512917,0.318071581493037,0.5085832223264258,0.6628933603373448,0.4838926072707924,0.019035058169618164,0.00752417040278175
1050.0,10,rectifying_volume_9,tray,173.5563790124924,221.0021940476849,31.69614951466554,12.14768427268307,5153.687185716246,7691.895789502133,0.3107475977599747,0.5017327174566165,0.6570826411766083,0.48543030085238853,0.03216976106341705,0.01283698169099498
1050.0,11,rectifying_volume_10,tray,175.19249106577908,221.05233169797683,31.424835991704327,12.118857865510241,5097.391434845746,7657.605928513212,0.3046265014288525,0.4976625174401106,0.6416200006534708,0.4806941893769767,0.053753497917676564,0.021643293182912603
1050.0,12,feed_tray,tray,177.49993100465844,221.1273457557602,45.880322693399314,10.908965772367214,12225.314366446211,7601.481351318706,0.29789033292322487,0.49497121309089226,0.6136561775411705,0.4689956497430817,0.0884534895356047,0.03603313716602592
1050.0,13,stripping_volume_1,tray,180.99366893306754,221.20293788507536,45.68821286822178,10.855673592483441,12246.42644685751,7586.647318385252,0.2693198954591304,0.4574991089209783,0.6408651158969637,0.5045948975569139,0.08981498864390597,0.0379059935221078
1050.0,14,stripping_volume_2,tray,185.18398846583784,221.27957947801153,45.51149846831751,10.790654164124208,12283.836186613022,7607.9924314343825,0.2358368591893007,0.4111142717702243,0.6727571452236765,0.5486537389822287,0.0914059955870228,0.040231989247547076
1050.0,15,stripping_volume_3,tray,189.93872727806715,221.35749542401328,45.3049927912411,10.721873717997159,12341.158114396114,7645.645828312598,0.1988747640885657,0.35668425503135287,0.7078596923082572,0.6002914607367951,0.09326554360317713,0.0430242842318521
1050.0,16,stripping_volume_4,tray,195.02091274320674,221.42702537369146,53.478337095712234,12.093463540746132,12417.072428775879,7703.214933291863,0.16060402974446397,0.29663458780431967,0.7437374982141274,0.6570089476763803,0.09565847204140876,0.04635646451930003
1050.0,17,stripping_volume_5,tray,200.17340069456367,221.49793789401514,53.1802864932961,12.020545655174681,12503.440668522919,7779.405671397174,0.12345797711330335,0.23467203017283847,0.777032948656017,0.7147030120687085,0.09950907423067959,0.05062495775845303
1050.0,18,stripping_volume_6,tray,205.25408297724164,221.5708376022509,53.21310173975072,11.923337240184631,12581.574819937063,7866.042491175716,0.08950812238246823,0.17488248881022336,0.8030439716837505,0.767886654165248,0.10744790593378116,0.05723085702452861
1050.0,19,stripping_volume_7,tray,210.46522433996898,221.6450890383062,52.778088605803944,11.855864551821508,12617.103454207809,7944.436913748606,0.06005685106135055,0.12066600639094377,0.8137318873454625,0.8091250517248855,0.12621126159318685,0.07020894188417069
1050.0,20,combined_reboiler_sump,reboiler_sump,216.7265462454959,221.6703815122035,758.6085212318087,77.03400810875014,,7980.220091533846,0.03557798995640307,0.07400229858933371,0.792692586558196,0.825970043694529,0.17172942348540077,0.10002765771613727
1080.0,1,reflux_drum,reflux_drum,120.55205759229362,220.5798299576155,1558.9703981369582,126.14142784551943,,,0.8787961618821465,0.945688121778878,0.12116090748325911,0.05430200681876684,4.293063459435532e-05,9.871402355236029e-06
1080.0,2,rectifying_volume_1,tray,130.01749787412308,220.62738461342076,38.03076058968954,49.29723583264733,5661.345626104598,8453.21446381342,0.7546164739160082,0.8793664284295987,0.24521864427067047,0.12059166120762049,0.00016488181332124043,4.191036278080269e-05
1080.0,3,rectifying_volume_2,tray,141.07404779392058,220.67657539327752,34.29873350903169,12.7585357542931,5441.771111669607,8162.911828276738,0.6225076470596344,0.7933591271611438,0.37705129269014004,0.20651459566788866,0.00044106025022560305,0.00012627717096757126
1080.0,4,rectifying_volume_3,tray,151.4291364325393,220.7256263949748,33.3693151237593,12.540581077301617,5317.394558006461,7943.623756819675,0.5100354070160058,0.704024066568594,0.48898320009511315,0.29566187264790733,0.0009813928888809758,0.00031406078349868825
1080.0,5,rectifying_volume_4,tray,159.45145823639942,220.7749765266655,32.79258596832987,12.385185865005113,5260.721044869689,7819.524191321647,0.4295787673059963,0.6289391101787106,0.5684732065697041,0.3703820933382609,0.0019480261242996158,0.0006787964830284155
1080.0,6,rectifying_volume_5,tray,164.90473664829574,220.82466615810074,32.39719814504898,12.291336866675666,5236.620084796258,7763.0960248687525,0.3781491897702435,0.5753747107631814,0.6182432603453414,0.4232948016894223,0.0036075498844150063,0.0013304875473962596
1080.0,7,rectifying_volume_6,tray,168.37296302669756,220.87470637682492,32.18419952210893,12.232891724924096,5223.131527066989,7739.210280845018,0.3472458802882952,0.541102018336143,0.646340677572319,0.45644828835243534,0.006413442139385903,0.0024496933114215393
1080.0,8,rectifying_volume_7,tray,170.5885843093032,220.92499100535764,32.046482409458974,12.195902404287883,5209.197783076805,7725.915961346514,0.32907655227766147,0.5205511556223408,0.6597929899405,0.47510679128242744,0.011130457781838583,0.004342053095231779
1080.0,9,rectifying_volume_8,tray,172.1603744469183,220.97535861464465,31.897768991544638,12.171007632093744,5188.197081996809,7712.16435117249,0.3181262485720145,0.5086372692186901,0.6628467656942661,0.4838418082902779,0.0190269857337193,0.007520922491032111
1080.0,10,rectifying_volume_9,tray,173.56039430506831,221.02566045524148,31.69610511059973,12.149175438939382,5153.747860602595,7691.3400647859235,0.31079520674750993,0.5017787712657986,0.6570446636994802,0.4853880969476744,0.03216012955300987,0.012833131786526996
1080.0,11,rectifying_volume_10,tray,175.1970070140249,221.07579077458865,31.42479111941774,12.120333519159743,5097.4614360244905,7657.065002245928,0.3046693889466983,0.4977034046596596,0.6415870082128005,0.4806572017250444,0.05374360284050112,0.021639393615296047
1080.0,12,feed_tray,tray,177.50498333143773,221.15079849860876,45.88089989436233,10.910212851920079,12225.80271147326,7600.950720005576,0.2979294635259763,0.4950086658824017,0.6136240447104689,0.46896078578132666,0.08844649176355464,0.036030548336271555
1080.0,13,stripping_volume_1,tray,180.99677010832158,221.22638677016678,45.68889968365616,10.856943517907837,12246.90841727333,7586.538669227178,0.26937410048878324,0.45755959459941725,0.6408188057095588,0.5045382780254121,0.08980709380165787,0.03790212737517061
1080.0,14,stripping_volume_2,tray,185.1853981967957,221.303024043473,45.51225838383182,10.791939024569682,12284.302218631416,7607.880838550671,0.23590309680438437,0.4111967283232181,0.6726995550750117,0.5485764013827852,0.09139734812060395,0.04022687029399671
1080.0,15,stripping_volume_3,tray,189.93905515635993,221.38093520769107,45.30577894589538,10.72316144038873,12341.605663048464,7645.521604809546,0.19894740307283296,0.3567833979309139,0.7077962732879429,0.6001984972719521,0.09325632363922415,0.043018104797133964
1080.0,16,stripping_volume_4,tray,195.02103117355963,221.45046138846357,53.47920531755992,12.094913190529052,12417.514177038087,7703.075477630523,0.1606759048894661,0.2967409833823419,0.7436753472141497,0.6569094912605902,0.09564874789638413,0.046349525357067864
1080.0,17,stripping_volume_5,tray,200.174228887211,221.5213701298517,53.18111628772587,12.021968029142588,12503.89851388109,7779.263721063736,0.12352215369864716,0.23477400306198273,0.7769791934027684,0.7146084815323288,0.09949865289858438,0.05061751540568844
1080.0,18,stripping_volume_6,tray,205.25633999494363,221.59426635530474,53.21390201501268,11.92471924242735,12582.077157305768,7865.919866171212,0.08955948391393638,0.17496914143683778,0.8030044447095969,0.7678080077593725,0.10743607137646682,0.057222850803789624
1080.0,19,stripping_volume_7,tray,210.46926191521493,221.66851491027512,52.77887900048661,11.857208385975248,12617.676899383112,7944.361857921382,0.06009283630771997,0.12072980719594084,0.813710756491413,0.8090705052037032,0.12619640720086694,0.07019968760035607
1080.0,20,combined_reboiler_sump,reboiler_sump,216.73229074349427,221.69380395548384,758.5909379195164,77.0439619031675,,7980.219147501016,0.03559842374138827,0.07404002729992003,0.7926932664620601,0.8259445680221494,0.17170830979655166,0.10001540467793069
1110.0,1,reflux_drum,reflux_drum,120.55894681413662,220.60423468565406,1560.702313230217,126.02875116572403,,,0.8788263319053582,0.9457003004001652,0.12113078535795084,0.05428983862292735,4.288273669100618e-05,9.860976907398118e-06
1110.0,2,rectifying_volume_1,tray,130.01870377587298,220.65178129979907,38.031004028783926,49.30401606640472,5661.475417746489,8452.615553724787,0.7547191213998159,0.8794213970930514,0.24511623061165896,0.12053675234300294,0.00016464798852501128,4.1850563945577784e-05
1110.0,3,rectifying_volume_2,tray,141.07059790896375,220.70096429431325,34.29930147930054,12.760364694311992,5441.909750167137,8162.464375084197,0.6226567093593683,0.7934589812345122,0.37690282584588725,0.206414920585619,0.00044046479474440375,0.00012609817986878772
1110.0,4,rectifying_volume_3,tray,151.42420712484028,220.75000723938402,33.36982370976466,12.542389182204012,5317.479317518073,7943.187394373998,0.5101893020848859,0.704148296665213,0.48883046920431644,0.2955380431474021,0.0009802287107974874,0.00031366018738491623
1110.0,5,rectifying_volume_4,tray,159.44781425641608,220.7993490035846,32.79289584974691,12.386928872753586,5260.7585010507855,7819.0358573284575,0.4297114799762123,0.6290607112623083,0.5683424505442126,0.37026122762625263,0.0019460694795751332,0.0006780611114390032
1110.0,6,rectifying_volume_5,tray,164.90344155726342,220.8490302011319,32.397323709816625,12.293012958560526,5236.636807998693,7762.562277081156,0.3782547428873792,0.5754783137301472,0.6181407109512247,0.4231923810051052,0.0036045461613960295,0.001329305264747513
1110.0,7,rectifying_volume_6,tray,168.37387697592163,220.89906213595964,32.18420214974027,12.234515277445595,5223.147034546531,7738.657666526334,0.3473284172335796,0.5411850697740905,0.6462624798527639,0.4563669772755536,0.006409102913656448,0.002447952950355912
1110.0,8,rectifying_volume_7,tray,170.59114779372126,220.94933872799723,32.04641969454756,12.19748928566515,5209.222073391554,7725.363848755874,0.3291425310425135,0.5206172883950562,0.6597329641753931,0.47504305509757555,0.01112450478209351,0.004339656507368243
1110.0,9,rectifying_volume_8,tray,172.16403671842835,220.99969856489528,31.897681774011303,12.172569928601474,5188.234118044265,7711.622472310079,0.31818122048588976,0.5086913288833999,0.6627994996238612,0.4837908384141199,0.019019279890249038,0.007517832702480333
1110.0,10,rectifying_volume_9,tray,173.564762221075,221.04999288010458,31.696015168201505,12.1507202625024,5153.797639346414,7690.8120461988165,0.3108430667112919,0.5018247894389817,0.657005986147652,0.48534572626280653,0.03215094714105599,0.012829484298211877
1110.0,11,rectifying_volume_10,tray,175.20188325558283,221.10011589221818,31.424699215919688,12.12186269280844,5097.51997633505,7656.550510209698,0.30471247056877726,0.49774418440354073,0.6415533865517258,0.4806201058880921,0.05373414287949703,0.021635709708367114
1110.0,12,feed_tray,tray,177.510389614611,221.1751173470218,45.881460038701576,10.91150510693101,12226.294259411186,7600.445583209797,0.2979687644736736,0.49504593220707316,0.6135915834909563,0.46892597653715773,0.08843965203537019,0.03602809125576907
1110.0,13,stripping_volume_1,tray,181.00023687788635,221.25070192335724,45.68956782349029,10.858258378422631,12247.393115327952,7586.469656093549,0.26942838845207895,0.4576197873851554,0.6407722479564092,0.5044818092896648,0.08979936359151186,0.03789840332517988
1110.0,14,stripping_volume_2,tray,185.18717648930448,221.32733503364068,45.51299864164303,10.793268687350201,12284.7705602858,7607.807853297606,0.23596940291996646,0.4112788842030411,0.6726417277085456,0.5484992154485565,0.09138886937148802,0.04022190034840255
1110.0,15,stripping_volume_3,tray,189.93974494779727,221.40524156510568,45.30654493277435,10.724493975239854,12342.055042201333,7645.434996821626,0.1990201700113123,0.35688235455377865,0.7077325545151245,0.6001055680579596,0.09324727547356317,0.043012077388261814
1110.0,16,stripping_volume_4,tray,195.02149669006886,221.4747640813983,53.480047303948346,12.096413908511161,12417.956957209855,7702.972577508855,0.16074802400343544,0.29684742722385876,0.7436127754736072,0.6568098342237709,0.09563920052295727,0.046342738552370324
1110.0,17,stripping_volume_5,tray,200.17538677964387,221.54566913578228,53.18191908516492,12.023441668510445,12504.356385055049,7779.156883833075,0.12358670224713127,0.23487631956530639,0.7769248789278651,0.7145134532200457,0.09948841882500367,0.05061022721464794
1110.0,18,stripping_volume_6,tray,205.2589101216379,221.61856195553122,53.21467409519932,11.926152543099056,12582.578364166759,7865.830723616685,0.08961133152843578,0.17505644307812337,0.8029642363381273,0.7677285564829729,0.10742443213343691,0.05721500043890374
1110.0,19,stripping_volume_7,tray,210.473596503844,221.69280769049647,52.7796404938892,11.858603679755893,12618.248164013497,7944.318525923265,0.060129393465177934,0.12079453038545604,0.8136889037452076,0.809014905531074,0.12618170278961438,0.07019056408346987
1110.0,20,combined_reboiler_sump,reboiler_sump,216.73830632178985,221.71809337755028,758.5726433092386,77.05427202618262,,7980.248290292409,0.03561948351839711,0.07407890197402635,0.7926934520469214,0.8259179828032894,0.17168706443468154,0.10000311522268418
1140.0,1,reflux_drum,reflux_drum,120.5660220805356,220.62943912331284,1562.6088720045075,125.90376020167795,,,0.8788580239791032,0.945713138744959,0.1210991418599406,0.05427701084551888,4.2834160956218036e-05,9.85040952223204e-06
1140.0,2,rectifying_volume_1,tray,130.0201850805707,220.67697784681212,38.03121886372388,49.31099641350032,5661.601228901691,8452.060355742424,0.7548221615729301,0.8794764243289286,0.24501341919521624,0.12048178352258564,0.00016441923185366963,4.179214848579368e-05
1140.0,3,rectifying_volume_2,tray,141.06749628849983,220.72615317692947,34.29983509501091,12.762243937957473,5442.042626747012,8162.054505057811,0.6228054162455008,0.7935583060245105,0.3767546971900185,0.20631576948245342,0.00043988656448084055,0.00012592449303616956
1140.0,4,rectifying_volume_3,tray,151.41964995098036,220.77518817603695,33.370296229667794,12.544246593994217,5317.55783456618,7942.786181635026,0.510342710141658,0.7042717581845818,0.4886781870555634,0.29541496903781733,0.0009791028027787165,0.0003132727776008729
1140.0,5,rectifying_volume_4,tray,159.44453125874153,220.82452167543244,32.79316986217886,12.388721125793408,5260.789356113105,7818.581563242138,0.4298439003141901,0.6291816487541482,0.5682119157481429,0.37014099895178615,0.0019441839376669507,0.0006773522940657385
1140.0,6,rectifying_volume_5,tray,164.90248782978395,220.87419453208304,32.39741326467294,12.294738525338195,5236.646332795882,7762.061648725748,0.3783602393940203,0.5755814844448737,0.6180380986634755,0.4230903455651566,0.003601661942504192,0.0013281699899695446
1140.0,7,rectifying_volume_6,tray,168.3751191398041,220.9242182645987,32.18416756366093,12.236188479430801,5223.15454173097,7738.137079120208,0.3474110568232485,0.5412678813809315,0.6461839920533075,0.4562858297343456,0.006404951123443959,0.00244628888472294
1140.0,8,rectifying_volume_7,tray,170.59403621060986,220.97448688985077,32.04631763987066,12.19912586414294,5209.23743953379,7724.842516340063,0.3292086822769822,0.5206832845856179,0.6596724896746474,0.47497933999468334,0.011118828048370335,0.004337375419698878
1140.0,9,rectifying_volume_8,tray,172.16802862754682,221.02483901245643,31.897552566914715,12.174181860395008,5188.261260139074,7711.110038876614,0.31823636767895513,0.5087452767061672,0.6627516801106147,0.4837398177481673,0.019011952210430137,0.007514905545665488
1140.0,10,rectifying_volume_9,tray,173.56946844320382,221.0751258493559,31.695880665784284,12.152314596184565,5153.836629908443,7690.31211418764,0.3108910663620309,0.5018706679020974,0.6569667066966995,0.48530328797779765,0.03214222694126951,0.012826044120105035
1140.0,11,rectifying_volume_10,tray,175.20710401794713,221.1252415914031,31.424561312846755,12.123441278042238,5097.567158618768,7656.062835845146,0.3047556481671015,0.49778476736018207,0.6415192203110903,0.48058298658568466,0.05372513152180824,0.021632246054133192
1140.0,12,feed_tray,tray,177.51613284315755,221.2002368521527,45.88200228308498,10.912839066491866,12226.787964435323,7599.9663307264955,0.2980081478996273,0.4950829337547938,0.613558869504235,0.46889129704666,0.0884329825961378,0.03602576919854633
1140.0,13,stripping_volume_1,tray,181.0040562419061,221.27581789940783,45.69021624027757,10.859614657480265,12247.879520066646,7586.439529274723,0.2694826405285268,0.45767956113726854,0.6407255471809905,0.5044256115575602,0.08979181229048276,0.037894827305171415
1140.0,14,stripping_volume_2,tray,185.18931397788992,221.35244700804262,45.5137180549736,10.794639605021322,12285.240234653153,7607.772761736263,0.23603563282572787,0.4113605656367236,0.672583791756977,0.5484223463148499,0.0913805754172951,0.04021708804842673
1140.0,15,stripping_volume_3,tray,189.94078977807726,221.43034906173662,45.30728951800086,10.725867767748667,12342.505325410382,7645.385346458386,0.19909290517564965,0.35698091268516235,0.7076686781909753,0.6000128742878157,0.09323841663337498,0.04300621302702201
1140.0,16,stripping_volume_4,tray,195.0223031532888,221.49986802303775,53.480861763497956,12.097961681360138,12418.39987225432,7702.905637915139,0.1608202269705057,0.2969536871219395,0.7435499243074349,0.6567101959561699,0.09562984872205955,0.046336116921890665
1140.0,17,stripping_volume_5,tray,200.17686697262508,221.57076948769642,53.182693697743005,12.024962615030965,12504.813370900274,7779.0846086505835,0.12365147738212667,0.23497875229362317,0.7768701303187281,0.7144181405513598,0.0994783922991453,0.050603107155017035
1140.0,18,stripping_volume_6,tray,205.26178310224284,221.643658983834,53.215416889942695,11.927633270077438,12583.077457529718,7865.774512385553,0.08966354599270425,0.1751441948832396,0.8029234426038886,0.7676484840263643,0.10741301140340713,0.05720732109039609
1140.0,19,stripping_volume_7,tray,210.47821424401457,221.71790196392635,52.78037204205423,11.860046639852627,12618.816135366702,7944.306308363521,0.0601664352837813,0.12086002229781229,0.8136663859040618,0.8089583880972236,0.12616717881215694,0.07018158960496414
1140.0,20,combined_reboiler_sump,reboiler_sump,216.7445759498524,221.74318436822318,758.553689184825,77.06491077494177,,7980.306793757059,0.03564111454217269,0.0741188212647993,0.7926931484029496,0.825890361191895,0.17166573705487784,0.0999908175433056
1170.0,1,reflux_drum,reflux_drum,120.57326554301035,220.65537759498264,1564.6827494769032,125.76694470236856,,,0.8788911463343432,0.9457265989477021,0.12106606864966589,0.0542635613287018,4.2785015990905e-05,9.839723596253449e-06
1170.0,2,rectifying_volume_1,tray,130.02193447418927,220.70290859046676,38.031405085329865,49.31815903508306,5661.722861960578,8451.54892721568,0.7549253681794675,0.8795313916161364,0.24491043585061792,0.12042687316024975,0.00016419596991455252,4.173522361381434e-05
1170.0,3,rectifying_volume_2,tray,141.06474454431083,220.75207638896737,34.300333746228844,12.764168726932688,5442.16955796222,8161.68209196086,0.6229534524145136,0.793656895359096,0.3766072209886909,0.2062173482233208,0.00043932659679545325,0.0001257564175831821
1170.0,4,rectifying_volume_3,tray,151.415469713193,220.8011035654862,33.370732213243244,12.546148605518663,5317.630052127372,7942.4200222121,0.5104953035074042,0.7043941927930767,0.4885266793512141,0.29529290797945784,0.0009780171413817237,0.0003128992274655602
1170.0,5,rectifying_volume_4,tray,159.44161181814917,220.85042891638824,32.79340795562699,12.390558050198726,5260.813666602318,7818.161355022937,0.42997573994012445,0.6293016644334152,0.5680818873429015,0.37002166433206896,0.001942372716974014,0.0006766712345159211
1170.0,6,rectifying_volume_5,tray,164.9018734547326,220.90009353917435,32.39746716958274,12.296509129829202,5236.648777577998,7761.59431322379,0.37846544450485387,0.5756839977119,0.6179356535368388,0.42298891870817085,0.0035989019583075234,0.0013270835799291433
1170.0,7,rectifying_volume_6,tray,168.37668292970906,220.95010916497003,32.1840964293919,12.237907003517762,5223.154190322588,7737.648765823529,0.3474936117828765,0.5413502691465217,0.6461053949840242,0.4562050271610758,0.006400993233099253,0.0024447036924024014
1170.0,8,rectifying_volume_7,tray,170.59723932095793,221.00036990690919,32.04617711367411,12.200807891823661,5209.244026915345,7724.352245448331,0.32927485464872863,0.5207489963107383,0.6596117094658921,0.4749157905680229,0.01111343588537913,0.004335213121238702
1170.0,9,rectifying_volume_8,tray,172.17233727880466,221.05071438679215,31.897382365360002,12.175839235733251,5188.278649694979,7710.62734652216,0.3182915642941339,0.5087989924153621,0.662703422989731,0.4836888627011562,0.01900501271613513,0.007512144883481688
1170.0,10,rectifying_volume_9,tray,173.5744981750448,221.10099380566993,31.695702678266557,12.153954290567976,5153.864968384144,7689.84057130355,0.31093909767639716,0.5019163063981925,0.6569269221061591,0.4852608782451547,0.03213398021744374,0.01282281535665276
1170.0,11,rectifying_volume_10,tray,175.21265307752415,221.1511023278097,31.42437854108986,12.125065163253085,5097.603115726575,7655.602287782564,0.30479882659548385,0.4978250677382882,0.6414845929643517,0.4805459258300983,0.053716580440164495,0.021629006431613498
1170.0,12,feed_tray,tray,177.52219561980075,221.22609147980344,45.88252586574491,10.914211257095449,12227.28281088892,7599.513279507814,0.29804752860961453,0.495119595555441,0.6135259766511264,0.4688568195213057,0.08842649473925913,0.03602358492325325
1170.0,13,stripping_volume_1,tray,181.00821463790643,221.30166916722766,45.690843980312074,10.861008838183126,12248.366641339788,7586.447466981555,0.2695367419113916,0.45773879507189413,0.6406788049716952,0.5043698003282817,0.08978445311691328,0.037891404599824076
1170.0,14,stripping_volume_2,tray,185.19180060137708,221.3782944398298,45.51441553868478,10.796048231119247,12285.710295513438,7607.774779071685,0.23610164673560693,0.4114416058816631,0.6725258720767167,0.5483459528577714,0.09137248118767641,0.04021244126056536
1170.0,15,stripping_volume_3,tray,189.94218201867014,221.45619217614282,45.308011572505215,10.727279264099872,12342.955616956577,7645.371925440646,0.1991654540291428,0.35707886805685796,0.707604782542939,0.5999206100753549,0.09322976342791812,0.04300052186778729
1170.0,16,stripping_volume_4,tray,195.02344370148106,221.52570769660252,53.481647529103114,12.099552495238665,12418.842057749087,7702.873994035747,0.1608923584282885,0.29705953866175266,0.743486931556614,0.6566107889848409,0.09562071001509748,0.046329672353406355
1170.0,17,stripping_volume_5,tray,200.1786614571228,221.5966056737933,53.18343906024094,12.026526907162422,12505.26859697295,7779.046277125078,0.12371633747236097,0.2350810804019183,0.77681507025938,0.7143227513593486,0.09946859226825892,0.05059616823873313
1170.0,18,stripping_volume_6,tray,205.26494823777657,221.66949193311785,53.2161294309836,11.929157544558045,12583.57349743109,7865.750618650862,0.0897160104828926,0.17523220246156773,0.8028821585277569,0.7675679705766029,0.1074018309893504,0.05719982696182926
1170.0,19,stripping_volume_7,tray,210.4831010206046,221.7437322272978,52.78107272163113,11.861533462814666,12619.379751169783,7944.324539991004,0.06020387551821688,0.12092613124244025,0.8136432600999242,0.8089010871990652,0.12615286438185902,0.0701727815584945
1170.0,20,combined_reboiler_sump,reboiler_sump,216.75108255264433,221.7690114287999,758.534126440503,77.07585050045888,,7980.393883835435,0.035663261802028334,0.07415968331683248,0.7926923617111058,0.8258617773380365,0.17164437648686579,0.09997853934513114
1200.0,1,reflux_drum,reflux_drum,120.58065949574922,220.6819845071061,1566.9164670092189,125.61880584989892,,,0.8789256057601691,0.9457406424258331,0.12103165882992413,0.05424952863172798,4.273540990678704e-05,9.828942438867817e-06
1200.0,2,rectifying_volume_1,tray,130.02394419598457,220.7295079481233,38.031562757723734,49.325486154320345,5661.840136293456,8451.081223052412,0.7550285210403314,0.8795861840089474,0.24480750035938925,0.12037213610207749,0.0001639786002795217,4.167988897511393e-05
1200.0,3,rectifying_volume_2,tray,141.06234334563763,220.77866835898948,34.30079693219676,12.766134327568773,5442.290381579745,8161.34692841481,0.6231005136435203,0.7937545511860594,0.3764607005151676,0.2061198545797931,0.0004387858413122591,0.00012559423414747547
1200.0,4,rectifying_volume_3,tray,151.4116700965262,220.82768784836904,33.37113130017886,12.548090535309193,5317.695931685263,7942.0887435217555,0.5106467664042224,0.7045153527018824,0.48837626007818075,0.29517210715122,0.0009769735175967392,0.00031254014689762795
1200.0,5,rectifying_volume_4,tray,159.43905748907335,220.8770051800687,32.79361017677461,12.39243509373761,5260.831505091721,7817.775200389493,0.43010672064248706,0.629420510379216,0.5679526406519648,0.36990347060720374,0.0019406387055481544,0.0006760190135802171
1200.0,6,rectifying_volume_5,tray,164.9015955953227,220.92666168942822,32.39748586928391,12.298320351729439,5236.64427660145,7761.1603638756005,0.37857013130749223,0.5757856369793506,0.6178335982850652,0.4228883153370633,0.003596270407442432,0.0013260476835861912
1200.0,7,rectifying_volume_6,tray,168.37856110759134,220.97666931749964,32.1839894914897,12.239666535406359,5223.1461394836815,7737.192894058108,0.34757590081402556,0.541432055895878,0.6460268642783532,0.4561247444743358,0.006397234907621287,0.0024431996297863525
1200.0,8,rectifying_volume_7,tray,170.60074635689395,221.0269222727957,32.0459990632039,12.20253113133008,5209.242000939441,7723.893239650829,0.3293409015029346,0.5208142811136062,0.6595507630296265,0.47485254644847025,0.011108335467438942,0.004333172437923666
1200.0,9,rectifying_volume_8,tray,172.17694931686302,221.07725919447242,31.897172247134968,12.177537871838625,5188.286451010864,7710.174615932853,0.31834668835023494,0.5088523602281213,0.6626548417109476,0.4836380858138689,0.018998469938817538,0.007509553958009717
1200.0,10,rectifying_volume_9,tray,173.57983619731675,221.12753126833712,31.695482367992156,12.155635204183993,5153.882816464398,7689.3976482091275,0.31098705603109283,0.5019616085863088,0.6568867275087991,0.48521859005730794,0.03212621646010815,0.012819801356383295
1200.0,11,rectifying_volume_10,tray,175.21851382020282,221.17763263326268,31.424152121048113,12.126730243751767,5097.6280078237305,7655.169105552975,0.30484191378777725,0.49786500332304784,0.6414495866417209,0.4805090028328472,0.053708499570501826,0.021625993844104966
1200.0,12,feed_tray,tray,177.5285602225623,221.2526157714684,45.88303010249671,10.915618211174321,12227.777813248567,7599.086679125921,0.2980868241568655,0.49515584599845014,0.6134929770082732,0.46882261330605307,0.08842019883486142,0.03602154069549694
1200.0,13,stripping_volume_1,tray,181.01269800184957,221.3281902709497,45.6914501794057,10.862437411825299,12248.853519614564,7586.492583351809,0.2695905818873762,0.4577973737918738,0.6406321198541289,0.5043144863400658,0.08977729825849495,0.03788813986806049
1200.0,14,stripping_volume_2,tray,185.19462566140407,221.40481187688107,45.51509010492159,10.797491028728215,12286.179826998223,7607.813057373993,0.2361673098877611,0.41152184529077923,0.6724680896211902,0.5482701876073832,0.09136460049104873,0.04020796710183747
1200.0,15,stripping_volume_3,tray,189.9439133411354,221.4827054610937,45.30871006757762,10.728724920077545,12343.405051297292,7645.3939425343915,0.1992376673576396,0.3571760244719489,0.7075410016690562,0.5998289623109335,0.09322133097330412,0.042995013217117545
1200.0,16,stripping_volume_4,tray,195.0249108000223,221.5522176591392,53.48240355233973,12.101182345644816,12419.28268107028,7702.876918359782,0.16096426793199575,0.2971647654197692,0.7434239314019316,0.6565118187579412,0.09561180066607253,0.04632341582228955
1200.0,17,stripping_volume_5,tray,200.18076165971166,221.62311225574118,53.18415422424906,12.028130589951614,12505.721224432138,7779.041210234386,0.12378114481945686,0.2351830898568138,0.7767598188246659,0.7142274876104502,0.09945903635587726,0.050589422532736
1200.0,18,stripping_volume_6,tray,205.26839442804942,221.6959953694575,53.21681086601267,11.930721490937085,12584.065585582366,7865.7583721756,0.0897686107820471,0.17532027619967203,0.8028404779115922,0.7674871924947664,0.10739091130636072,0.05719253130556165
1200.0,19,stripping_volume_7,tray,210.48824250541728,221.7702330502947,52.78174172369708,11.863060344958665,12619.93799811828,7944.372505594429,0.06024162912289233,0.12099270784328989,0.8136195836321168,0.8088431357125294,0.12613878724499078,0.07016415644418071
1200.0,20,combined_reboiler_sump,reboiler_sump,216.75780904458355,221.7955091332409,758.5140052815565,77.08706364936326,,7980.508744182396,0.035685870205837404,0.07420138611727527,0.7926910992021899,0.8258323061255068,0.1716230305919726,0.099966307757218
1230.0,1,reflux_drum,reflux_drum,120.58818640467652,220.7091944941351,1569.302411885709,125.45985499720587,,,0.8789613079591232,0.9457552300373157,0.12099600659095577,0.05423495187350261,4.2685449921091013e-05,9.818089181730018e-06
1230.0,2,rectifying_volume_1,tray,130.0262060742224,220.75671056448675,38.031692014573196,49.33296009420276,5661.952887680498,8450.657104966462,0.7551314063189053,0.8796406902585773,0.2447048261893671,0.12031768350469903,0.00016376749172769453,4.1626236723803155e-05
1230.0,3,rectifying_volume_2,tray,141.06029245833452,220.8058637422983,34.301224256944764,12.768136040573047,5442.404955678831,8161.048734103084,0.623246307017691,0.7938510836778875,0.3763154278206939,0.20602347812467675,0.0004382651616151621,0.0001254381974358091
1230.0,4,rectifying_volume_3,tray,151.4082537065175,220.8548756914505,33.37149323531424,12.550067737229796,5317.7554521059665,7941.792104519447,0.5107967951958142,0.7046350008003076,0.48822723126300616,0.29505280311575127,0.0009759735411794296,0.0003121960839410423
1230.0,5,rectifying_volume_4,tray,159.43686884132424,220.90418514559283,32.793776663807364,12.394347735459204,5260.842958830461,7817.422996187382,0.430236574630734,0.6295379491440452,0.567824440899355,0.36978665426342494,0.0019389844699109458,0.0006753965925299989
1230.0,6,rectifying_volume_5,tray,164.9016506252744,220.95383367475273,32.39746988753116,12.300167797135316,5236.632978405472,7760.759820860277,0.378674081005414,0.575886194529069,0.6177321480218342,0.42278874172266967,0.0035937709727516527,0.0013250637482613524
1230.0,7,rectifying_volume_6,tray,168.38074582507858,221.00383342691094,32.183847567069606,12.241462783310293,5223.130564025383,7736.769558134194,0.34765774880961287,0.5415130714670595,0.6459485701503073,0.4560451498902154,0.006393681040079789,0.0024417786427251517
1230.0,8,rectifying_volume_7,tray,170.6045460652037,221.05407870487917,32.04578450742117,12.204291365179472,5209.231544963252,7723.46563108572,0.3294066810411534,0.5208790021108273,0.659489786076971,0.4747897421388153,0.011103532881875594,0.00433125575035731
1230.0,9,rectifying_volume_8,tray,172.1818509751243,221.10440816529805,31.89692336458471,12.17927360419344,5188.284849005922,7709.7519988843105,0.3184016218819764,0.508905268958452,0.662606047135441,0.48358759562453374,0.0189923309825826,0.007507135417014195
1230.0,10,rectifying_volume_9,tray,173.5854669214443,221.15467297939895,31.695220975825396,12.157353212737208,5153.890358957351,7688.9835094256705,0.3110348403061124,0.5020064821098721,0.6568462162264643,0.4851765131428625,0.032118943467423305,0.012817004747265524
1230.0,11,rectifying_volume_10,tray,175.22466929868915,221.20476726188792,31.42388335319118,12.12843243093729,5097.642019757723,7654.763465043637,0.3048848208303462,0.49790449550764193,0.6414142819762216,0.48047229393449065,0.05370089719343227,0.021623210557867333
1230.0,12,feed_tray,tray,177.53520866258208,221.27974449049208,45.88351438263467,10.917056474843355,12228.272015898065,7598.686717005274,0.2981259548954344,0.49519161683241286,0.613459940743088,0.46878874485641225,0.08841410436147763,0.03601963831117496
1230.0,13,stripping_volume_1,tray,181.0174918264554,221.3553159761188,45.69203405849514,10.863896885626065,12249.339225603322,7586.573935991519,0.26964405388714147,0.457855187284632,0.640585587208554,0.5042597755479558,0.08977035890430453,0.03788503716741245
1230.0,14,stripping_volume_2,tray,185.19777787911673,221.4319340880199,45.51574085855266,10.798964478231637,12286.647943067728,7607.8866928668485,0.23623249260896254,0.4116011313339356,0.6724105613449577,0.54819519670201,0.09135694604607977,0.04020367196405446
1230.0,15,stripping_volume_3,tray,189.9459747702549,221.50982368981192,45.30938407020862,10.730201208858317,12343.85279236256,7645.450550564254,0.19930940136123051,0.35727219387619513,0.7074774654160646,0.5997381105670958,0.09321313322270496,0.04298969555670897
1230.0,16,stripping_volume_4,tray,195.0266962898143,221.57933268777884,53.48312889765174,12.102847246326938,12419.72094042914,7702.913627406139,0.16103581007940146,0.297269159104806,0.7433610542107828,0.6564134834831798,0.09560313570981573,0.04631735741201432
1230.0,17,stripping_volume_5,tray,200.18315848664133,221.6502240149491,53.18483835213307,12.029769724004174,12506.170448792647,7779.068674655904,0.1238457658102632,0.23528457364767497,0.7767044933028929,0.714132545176135,0.0994497408868438,0.05058288117619003
1230.0,18,stripping_volume_6,tray,205.27211021229925,221.7231040783777,53.21746045235369,11.932321245800821,12584.552863856226,7865.7970522332635,0.08982123544907115,0.17540823152963778,0.8027984931536921,0.7674063220369414,0.10738027139723687,0.05718544643342085
1230.0,19,stripping_volume_7,tray,210.49362419445114,221.7973392218378,52.782378347437685,11.864623491399843,12620.489910196033,7944.44944554482,0.060279612426351346,0.12105960534506881,0.8135954138109159,0.8087846647961858,0.12612497376273274,0.0701557298587453
1230.0,20,combined_reboiler_sump,reboiler_sump,216.76473835990024,221.82261227446716,758.4933753564198,77.09852280615061,,7980.650521437586,0.03570888475094709,0.074243827822256,0.7926893691136182,0.8258020229250922,0.17160174613543466,0.09995414925265182
1260.0,1,reflux_drum,reflux_drum,120.59582893257328,220.73694255026135,1571.8328554416773,125.29061249747443,,,0.8789981578827686,0.9457703222300936,0.12095920687524758,0.05421987058321113,4.2635241983883534e-05,9.807186695154786e-06
1260.0,2,rectifying_volume_1,tray,130.02871156044858,220.78445144337218,38.03179305532668,49.340563311502045,5662.0609677023485,8450.276350413953,0.7552338167352947,0.8796948029075083,0.2446026202800665,0.12026362274085564,0.00016356298463902398,4.1574351635943615e-05
1260.0,3,rectifying_volume_2,tray,141.05859078496195,220.83359755273034,34.30161542476449,12.77016920973802,5442.513157724563,8160.787163660918,0.6233905510820147,0.7939463112861035,0.3761716835806548,0.2059284001770153,0.000437765337330492,0.0001252885368812416
1260.0,4,rectifying_volume_3,tray,151.40522210898638,220.88260211944245,33.371817863743104,12.552075609086803,5317.808608514716,7941.529803128533,0.5109450985454849,0.7047529107220926,0.488079882808773,0.29493522175136444,0.0009750186457419608,0.0003118675265429624
1260.0,5,rectifying_volume_4,tray,159.43504549771197,220.9319038494239,32.79390764118934,12.396291494267969,5260.848128423156,7817.10457547859,0.4303650447121166,0.6296537538568968,0.5676975430227621,0.3696714413262308,0.0019374122651211571,0.0006748048168723959
1260.0,6,rectifying_volume_5,tray,164.90203416591012,220.98154454380403,32.39741982140513,12.302047107084434,5236.615044281759,7760.392638015479,0.37877708309705865,0.5759854716030212,0.6176315100636999,0.4226903953703696,0.0035914068392414373,0.0013241330266092895
1260.0,7,rectifying_volume_6,tray,168.38322866233636,221.03153655410506,32.18367153948957,12.243291486449463,5223.107652662905,7736.378785702027,0.3477389870173851,0.5415931528356486,0.6458706772011763,0.4559664047859191,0.006390335781438567,0.002440442378432359
1260.0,8,rectifying_volume_7,tray,170.6086267496238,221.08177427617002,32.04553452994679,12.206084404217613,5209.212858332968,7723.069486595672,0.329472056458195,0.5209430280961294,0.6594289103664898,0.47472750689114507,0.011099033175315208,0.004329465012725627
1260.0,9,rectifying_volume_8,tray,172.1870281222936,221.13209638421012,31.896636936768832,12.181042294911457,5188.274047031405,7709.359584065545,0.3184562510458012,0.5089576120907169,0.6625571473637694,0.48353749656757294,0.018986601590429433,0.0075048913417102995
1260.0,10,rectifying_volume_9,tray,173.59137444042713,221.18235403556787,31.69491981257427,12.159104217416303,5153.887801391595,7688.598258851996,0.31108235295981573,0.5020508386373477,0.6568054796110027,0.48513473388938627,0.032112167429181535,0.012814427473266065
1260.0,11,rectifying_volume_10,tray,175.23110228658183,221.2324413220415,31.423573608991962,12.130167660563988,5097.6453585132895,7654.385483745948,0.3049274620111221,0.4979434693025532,0.6413787579704222,0.48043587255569176,0.05369378001845561,0.02162065814175519
1260.0,12,feed_tray,tray,177.54212273823492,221.3074127540138,45.88397816476145,10.91852261488092,12228.76449274261,7598.313523472468,0.29816484401393056,0.49522684314686044,0.6134269360457274,0.4687552777326305,0.08840821994034212,0.03601787912050898
1260.0,13,stripping_volume_1,tray,181.02258121670545,221.3829814016662,45.69259491914593,10.86538378969128,12249.822859743113,7586.690533081299,0.2696970555094733,0.45791213089170457,0.6405392992104078,0.5042057691285358,0.08976364528011888,0.03788209997975963
1260.0,14,stripping_volume_2,tray,185.20124544988374,221.45959619501667,45.51636699247929,10.800465084283354,12287.113786851585,7607.994732797639,0.23629707034679295,0.411679318580111,0.672353400136093,0.5481211198796941,0.09134952951711402,0.04019956154019499
1260.0,15,stripping_volume_3,tray,189.9483567357813,221.5374819880013,45.31003273828779,10.731704628022603,12344.298032727525,7645.540853049368,0.1993805177102161,0.3573671963811281,0.7074142992886597,0.5996482270497244,0.0932051830011241,0.04298457656914761
1260.0,16,stripping_volume_4,tray,195.02879143452293,221.60698791178152,53.4838227364023,12.10454323731391,12420.156063796976,7702.98328807349,0.1611068445998449,0.29737251964590045,0.7432984264147432,0.6563159740160267,0.0955947289854119,0.04631150633807279
1260.0,17,stripping_volume_5,tray,200.1858423664683,221.6778760846239,53.1854907108916,12.031440393581088,12506.615498566824,7779.127888754359,0.12391007103653626,0.2353853319455912,0.7766492080452836,0.7140381136528334,0.09944072091818004,0.05057655440157541
1260.0,18,stripping_volume_6,tray,205.27608380776644,221.75075319691962,53.218077550560196,11.933952966058863,12585.034512646587,7865.865893211998,0.08987377596089334,0.17549588915178566,0.8027562950842603,0.7673255271165015,0.10736992895484633,0.057178583731712807
1260.0,19,stripping_volume_7,tray,210.49923144235672,221.8249858821562,52.78298199375967,11.866219124242216,12621.034566847002,7944.554561013696,0.060317743285890325,0.12112667988386687,0.8135708078120334,0.8087258036250942,0.12611144890207632,0.07014751649103881
1260.0,20,combined_reboiler_sump,reboiler_sump,216.77185347964158,221.8502559964435,758.4722858267384,77.11020073560448,,7980.818330133881,0.035732250682125405,0.07428690705874279,0.7926871806442655,0.8257710033635811,0.17158056867360919,0.09994208957767613
1290.0,1,reflux_drum,reflux_drum,120.6035699605864,220.7651641477156,1574.4999698069257,125.11160662079223,,,0.8790360600468993,0.9457858791830932,0.12092135506266241,0.05420432455939508,4.258489043829126e-05,9.796257511674428e-06
1290.0,2,rectifying_volume_1,tray,130.03145176229884,220.8126660660376,38.031866141477565,49.34827842710214,5662.164243107937,8449.938661012498,0.7553355517329169,0.8797484183586612,0.24450108287556352,0.12021005733008304,0.00016336539151960504,4.152431125575965e-05
1290.0,3,rectifying_volume_2,tray,141.0572364055071,220.86180528101653,34.30197023557118,12.772229229675474,5442.614883619117,8160.5618140528595,0.6235329759244694,0.7940400607500837,0.3760297370089944,0.20583479379252156,0.00043728706653616917,0.00012514545739484182
1290.0,4,rectifying_volume_3,tray,151.40257587152314,220.91080263338986,33.37210512583551,12.554109600264244,5317.8554111862595,7941.3014831893815,0.5110913974991891,0.7048688668513055,0.4879344924063325,0.294819578244153,0.0009741100944782878,0.00031155490454160185
1290.0,5,rectifying_volume_4,tray,159.43358617318364,220.96009680377864,32.794003414449456,12.398261936544017,5260.84712655386,7816.819714222939,0.43049188439945296,0.6297677082627865,0.5675721915546729,0.3695580473167313,0.0019359240458742349,0.00067424442048222
1290.0,6,rectifying_volume_5,tray,164.902741123892,221.00972982041657,32.39733633573138,12.303953965167729,5236.590646808838,7760.058709248198,0.37887893549662305,0.5760832784718132,0.6175318837898618,0.42259346494402256,0.0035891807135149663,0.0013232565841642212
1290.0,7,rectifying_volume_6,tray,168.38600066654988,221.05971423460974,32.18346235222677,12.245148422636609,5223.077606346433,7736.020543892831,0.3478194531558918,0.5416721441905769,0.6457933442718286,0.4558886636112737,0.006387202572279512,0.0024391921981494783
1290.0,8,rectifying_volume_7,tray,170.61297631181785,221.1099445337854,32.045250272266514,12.207906095165056,5209.1861545017,7722.704813591354,0.32953689604059444,0.5210062336046649,0.659368263557216,0.47466596462273136,0.01109484040218964,0.004327801772603704
1290.0,9,rectifying_volume_8,tray,172.19246630685495,221.16025940976925,31.896314241938008,12.18283984023494,5188.254264772697,7708.997402660602,0.31851046619445517,0.5090092878216349,0.6625082475927522,0.48348788890292155,0.018981286212792676,0.007502823275443559
1290.0,10,rectifying_volume_9,tray,173.59754257699376,221.2105100067194,31.694580250779264,12.16088415234206,5153.875367715236,7688.241945088248,0.3111295000783488,0.5020945938778215,0.6567646069087409,0.48509333529048765,0.032105893012910315,0.012812070831690767
1290.0,11,rectifying_volume_10,tray,175.23779532922424,221.260590394812,31.423224322262257,12.131931900156033,5097.638250768339,7654.035225822066,0.30496975484740546,0.49798185332487815,0.6413430918826533,0.48039980916773123,0.053687153269941175,0.02161833750739054
1290.0,12,feed_tray,tray,177.54928408562853,221.33555615148592,45.884420972611714,10.92001322498992,12229.25434669829,7597.967176623372,0.29820341755152574,0.49526146333821125,0.6133940290767839,0.4687222726092771,0.08840255337169033,0.036016264052511585
1290.0,13,stripping_volume_1,tray,181.02795094250703,221.411122138457,45.69313213901767,10.86689468324551,12250.303551559475,7586.841340098478,0.2697494885217429,0.45796810525305254,0.6404933447919399,0.5041525635088567,0.08975716668631718,0.03787933123809083
1290.0,14,stripping_volume_2,tray,185.20501609593538,221.48773379116426,45.51696778288949,10.801989382041643,12287.576529891201,7608.1361819558715,0.23636092367279377,0.41175626864447856,0.6722967147744392,0.5480480905030749,0.09134236155276705,0.040195640852446445
1290.0,15,stripping_volume_3,tray,189.951049122677,221.56561595244827,45.310655315743354,10.733231705824839,12344.73999270314,7645.663910511408,0.19945088356866,0.35746086024358786,0.7073516243874369,0.5995594765904486,0.09319749204390308,0.042979663165963376
1290.0,16,stripping_volume_4,tray,195.03118696653115,221.63511893115407,53.48448434088391,12.106266392106761,12420.58730776166,7703.085023714938,0.1611772364103055,0.2974746552316991,0.7432361704157557,0.6562194737935454,0.09558659317393889,0.04630587097475555
1290.0,17,stripping_volume_5,tray,200.18880329120773,221.7060040684016,53.186110666000346,12.033138713865606,12507.05563384158,7779.218028330282,0.12397393538439323,0.2354851722142179,0.7765940743407209,0.7139443762267023,0.09943199027488589,0.05057045155907982
1290.0,18,stripping_volume_6,tray,205.28030314626287,221.77887833228218,53.218661618039334,11.935612836262203,12585.509749161754,7865.964089969884,0.08992612682948829,0.1755830752145928,0.8027139728201352,0.7672449711053847,0.1073599003503764,0.05717195368002246
1290.0,19,stripping_volume_7,tray,210.5050494942426,221.8531086414349,52.78355215893691,11.867843489966663,12621.571091057958,7944.687018943128,0.06035594122321813,0.12119379072364123,0.8135458225419256,0.8086666791538453,0.12609823623485628,0.07013953012251348
1290.0,20,combined_reboiler_sump,reboiler_sump,216.7791374556007,221.8783759128384,758.4507853839643,77.1220704249279,,7981.011257407541,0.03575591363672652,0.07433052320211173,0.7926845439077093,0.8257393231084726,0.17155954245556432,0.09993015368941555
1320.0,1,reflux_drum,reflux_drum,120.61139260647302,220.7937953424777,1577.2958433346737,124.92337255318452,,,0.8790749188260347,0.9458018609385104,0.12088254667625183,0.05418835373773281,4.253449771348772e-05,9.78532375675317e-06
1320.0,2,rectifying_volume_1,tray,130.03441747485593,220.84129049692774,38.03191159285896,49.35608825294098,5662.262595159056,8449.643670624284,0.755436417601416,0.8798014369216122,0.24440040740094376,0.12015708689231779,0.00016317499764020572,4.147618607002507e-05
1320.0,3,rectifying_volume_2,tray,141.05622661845362,220.890423000554,34.30228858021052,12.774311552639762,5442.710046746233,8160.3722315779,0.6236733231975663,0.79413216706528,0.37588984583399193,0.2057428237945247,0.00043683096844175656,0.00012500914019532178
1320.0,4,rectifying_volume_3,tray,151.40031460624988,220.93941331646806,33.37235505222641,12.556165218450328,5317.895884457751,7941.106741041313,0.5112354255014336,0.7049826642745234,0.48779132551216053,0.2947060771336525,0.0009732489864058616,0.00031125859182415345
1320.0,5,rectifying_volume_4,tray,159.43248871509903,220.98870010244863,32.79406436501954,12.400254682872877,5260.840076762513,7816.56813760591,0.43061685795674487,0.6298796067053802,0.567448620564827,0.3694466772645851,0.0019345214784281326,0.000673716030034805
1320.0,6,rectifying_volume_5,tray,164.90376572934196,221.03832560944568,32.397220157640525,12.305884104273785,5236.55996845762,7759.757874619943,0.37897944460212557,0.5761794344511253,0.6174334605535149,0.422498130241542,0.0035870948443595748,0.0013224353073327732
1320.0,7,rectifying_volume_6,tray,168.38905238986445,221.08830258444146,32.18322100297633,12.247029415016417,5223.040636675481,7735.694745140311,0.34789899148735276,0.5417498969660153,0.6457167243366891,0.45581207384360106,0.006384284175958077,0.0024380291903837174
1320.0,8,rectifying_volume_7,tray,170.61758229096782,221.13852560482852,32.04493292723086,12.209752327331417,5209.151659242154,7722.371565608091,0.32960107323019605,0.5210684989416964,0.6593079690949917,0.4746052338669082,0.011090957674812118,0.004326267191395457
1320.0,9,rectifying_volume_8,tray,172.19815079945118,221.1888333800499,31.895956610359466,12.184662177212623,5188.225736252749,7708.66543364825,0.31856416192322873,0.5090601990738705,0.6624594499992057,0.48343886867317853,0.01897638807756554,0.00750093225295101
1320.0,10,rectifying_volume_9,tray,173.60395492907574,221.2390770417987,31.694203716901928,12.162688991206029,5153.853298104853,7687.91456645123,0.3111761914019064,0.5021376675740589,0.6567236851469697,0.4850523969150207,0.03210012345112392,0.01280993551092039
1320.0,11,rectifying_volume_10,tray,175.24473079139833,221.28915063993827,31.422836980929127,12.133721155621298,5097.6209405667905,7653.712706877367,0.3050116200946254,0.4980195797699002,0.6413073591314358,0.48036417128061415,0.053681020773938756,0.021616248949485647
1320.0,12,feed_tray,tray,177.55667422559185,221.36411085060826,45.88484239091287,10.921524931382855,12229.74070908476,7597.647706922562,0.29824160439814906,0.4952954190618489,0.6133612839293465,0.46868978729850513,0.08839711167250437,0.03601479363964596
1320.0,13,stripping_volume_1,tray,181.03358548853762,221.43967435525212,45.693645167346546,10.868426160179297,12250.78045894614,7587.025286066044,0.2698012588393353,0.4580230162293364,0.6404478096229332,0.5041002504167013,0.08975093153773137,0.03787673335396231
1320.0,14,stripping_volume_2,tray,185.2090771168588,221.51628304726617,45.51754258450619,10.8035339427124,12288.035371308068,7608.310008724668,0.23642393825975477,0.41183185010451906,0.6722406099132497,0.547976235613967,0.09133545182699548,0.04019191428151393
1320.0,15,stripping_volume_3,tray,189.95404131973606,221.59416175703538,45.31125112767452,10.734779006769752,12345.177919368683,7645.818746331419,0.19952037158887073,0.3575530218064748,0.707289557372925,0.599472016676011,0.09319007103820427,0.042974961517514246
1320.0,16,stripping_volume_4,tray,195.03387313151654,221.66366192267998,53.48511307834431,12.108012824083735,12421.013956339464,7703.217919772525,0.16124685564167618,0.2975753823061482,0.7431744045186114,0.6561241588095763,0.0955787398397126,0.04630045888427538
1320.0,17,stripping_volume_5,tray,200.19203085597545,221.73454414639056,53.18669767530572,12.034860837449866,12507.490144821122,7779.338231940965,0.12403723809612513,0.23558390927671638,0.7765392003140615,0.7138515095795337,0.0994235615898133,0.05056458114374988
1320.0,18,stripping_volume_6,tray,205.28475590879663,221.8074156678747,53.219212202751805,11.937297075153573,12585.977825678448,7866.0908028277045,0.08997818569558443,0.1756696214549912,0.8026716136378286,0.767164812671746,0.10735020066658695,0.057165565873262845
1320.0,19,stripping_volume_7,tray,210.5110635149991,221.8816436858734,52.78408842835178,11.86949286606201,12622.098647390061,7944.845956688485,0.060394127542212406,0.12126080046044142,0.8135205145137501,0.808607415907423,0.1260853579440376,0.07013178363213553
1320.0,20,combined_reboiler_sump,reboiler_sump,216.7865734314541,221.9069082130941,758.4289222227909,77.13410512498663,,7981.228367302463,0.03577981977735585,0.0743745766298838,0.7926814698842183,0.8257070576682256,0.17153871033842594,0.09991836570189051
1350.0,1,reflux_drum,reflux_drum,120.6192802399043,220.82277286825155,1580.2124947921066,124.7264514728652,,,0.8791146387270654,0.9458182275252272,0.12084287710888456,0.054171998067686196,4.2484164049998685e-05,9.774407086592043e-06
1350.0,2,rectifying_volume_1,tray,130.03759921058833,220.87026147768134,38.03192978400479,49.36397581579532,5662.35591896775,8449.390952788262,0.7555362275596916,0.8798537628379263,0.24430078037853756,0.12010480712236758,0.0001629920617708444,4.1430039706254e-05
1350.0,3,rectifying_volume_2,tray,141.05555798194018,220.91938746144044,34.302570435754056,12.776411694505757,5442.798577020285,8160.217918314168,0.6238113460848399,0.7942224734154874,0.37575225632887227,0.2056526468408114,0.00043639758628782996,0.00012487974370126382
1350.0,4,rectifying_volume_3,tray,151.3984370135021,220.96837092804205,33.372567758803754,12.558238035521033,5317.930065669114,7940.945131586408,0.5113769283512104,0.7050941086854422,0.4876506353857733,0.2945949124059394,0.000972436263016454,0.00031097890861853653
1350.0,5,rectifying_volume_4,tray,159.43175014432987,221.01765051488283,32.794090945143616,12.402265413948552,5260.827112274288,7816.349525908991,0.43073974038905843,0.6299892540589638,0.5673270536577728,0.36933752577136536,0.0019332059531687149,0.0006732201696709989
1350.0,6,rectifying_volume_5,tray,164.9051015741192,221.0672686908722,32.39707207129207,12.30783331252576,5236.5232002721605,7759.489926027983,0.3790784253159956,0.5762737678715532,0.6173364236398088,0.422404562216726,0.0035851510441957655,0.0013216699117209096
1350.0,7,rectifying_volume_6,tray,168.39237392667025,221.11723839422908,32.182948537997056,12.24893033801418,5222.99696440456,7735.401252649046,0.3479774528516322,0.541826269833829,0.6456409644356005,0.45573677598162055,0.006381582712767403,0.0024369541845505045
1350.0,8,rectifying_volume_7,tray,170.62243190193524,221.1674542905295,32.04458373286399,12.211619038554124,5209.109608958444,7722.069647539731,0.3296644666562237,0.521129710179267,0.6592481461293255,0.4745454277555573,0.011087387214450886,0.004324862065175631
1350.0,9,rectifying_volume_8,tray,172.2040666331779,221.2177551067967,31.895565417513556,12.186505289612935,5188.188707945805,7708.363608782129,0.3186172370906773,0.5091102534841601,0.6624108536484424,0.48339052768593066,0.01897190926088027,0.0074992188299092336
1350.0,10,rectifying_volume_9,tray,173.61059491265323,221.26799196299075,31.693791683934418,12.164514753153695,5153.821846893575,7687.616075732824,0.3112223403302324,0.5021799834755094,0.6566827990408713,0.48501199489628866,0.032094860628896243,0.012808021628201842
1350.0,11,rectifying_volume_10,tray,175.2518909019443,221.3180588899907,31.422413119272612,12.135531477118196,5097.593687118179,7653.417898497802,0.3050529817381303,0.4980565843669961,0.6412716332168479,0.48032902344701794,0.05367538504502186,0.021614392185985928
1350.0,12,feed_tray,tray,177.5642746072836,221.39301369152545,45.885242061327475,10.923054397736,12230.222738948263,7597.355101582581,0.2982793362806501,0.4953286551721512,0.6133287626041585,0.4686578767853877,0.08839190111519143,0.036013468042461215
1350.0,13,stripping_volume_1,tray,181.03946910129812,221.46857489293305,45.69413352048781,10.869974853958443,12251.252767384369,7587.241269400043,0.26985227648650906,0.45807677480500525,0.6404027761086233,0.5040489169496316,0.08974494740486767,0.037874308245363315
1350.0,14,stripping_volume_2,tray,185.21341543791848,221.54518080588787,45.51809082588916,10.80509537844725,12288.489536929535,7608.515150760309,0.23648600483612445,0.41190593838906836,0.6721851860818945,0.5479056760141041,0.09132880908198104,0.04018838559682751
1350.0,15,stripping_volume_3,tray,189.9573222665199,221.62305624701693,45.31181957553461,10.736343136540153,12345.611085576746,7646.004352279946,0.19958885987997305,0.35764352540516575,0.7072282104532702,0.5993859975105664,0.0931829296667567,0.04297047708426795
1350.0,16,stripping_volume_4,tray,195.03683973159076,221.69255373421154,53.4857084051008,12.109778692169225,12421.435319776523,7703.381029136847,0.16131557763819313,0.29767452552503004,0.7431132428875378,0.656030197627214,0.09557117947426903,0.046295276847755945
1350.0,17,stripping_volume_5,tray,200.19551429710629,221.7634331694773,53.18725128303224,12.036602960091574,12507.918350367012,7779.487605985877,0.1240998628067967,0.23568136534274814,0.776484690846381,0.7137596838323529,0.09941544634682224,0.05055895082489889
1350.0,18,stripping_volume_6,tray,205.28942955832656,221.83630205763302,53.21972893705327,11.939001941498553,12586.438027792472,7866.2451623051575,0.0900298534007915,0.17575536530201236,0.802629302863946,0.7670852056515055,0.10734084373526256,0.05715942904648226
1350.0,19,stripping_volume_7,tray,210.51725861631397,221.91052787200863,52.784590470391976,11.871163566945098,12622.616439997504,7945.030486392922,0.0604322254297576,0.12132757519611771,0.8134949397337456,0.8085481357985881,0.12607283483649687,0.07012428900529429
1350.0,20,combined_reboiler_sump,reboiler_sump,216.794144661378,221.93578975676203,758.406743981972,77.14627839006353,,7981.468704890407,0.035803915912377304,0.07441896895221403,0.7926779703718074,0.8256742822077939,0.1715181137158152,0.0999067488399921
1380.0,1,reflux_drum,reflux_drum,120.62721649516754,220.85203421959292,1583.2418863926678,124.5213896983129,,,0.8791551246421359,0.9458349390732975,0.12080244137060753,0.05415529739806957,4.243398725658744e-05,9.763528632892809e-06
1380.0,2,rectifying_volume_1,tray,130.04098722788854,220.8995165102893,38.03192114058337,49.371924378156905,5662.444122828747,8449.180027694165,0.7556348018029994,0.8799053042877744,0.2442023813800057,0.12005330978307513,0.00016281681699496298,4.1385929150504716e-05
1380.0,3,rectifying_volume_2,tray,141.05522635477203,220.9486361736581,34.30281586079572,12.77852523997093,5442.880419938648,8160.098338100552,0.6239468092191132,0.7943108310738917,0.3756172033904711,0.20556441152163676,0.0004359873904157993,0.0001247574044714539
1380.0,4,rectifying_volume_3,tray,151.39694092607473,220.9976129868751,33.37274344173845,12.560323692648192,5317.958004139443,7940.816173916628,0.5115156641053396,0.7052030162481622,0.48751266317942576,0.29448626762795305,0.0009716727152346215,0.0003107161238847268
1380.0,5,rectifying_volume_4,tray,159.43136669686,221.04688556941935,32.794083672903355,12.404289875714372,5260.808374892575,7816.163519979958,0.43086031738325115,0.6300964656161282,0.5672077040191108,0.3692307771180426,0.0019319785976381885,0.0006727572658291959
1380.0,6,rectifying_volume_5,tray,164.9067416500486,221.09649660305544,32.39689291278455,12.30979743847352,5236.480540629779,7759.254612526014,0.37917570102348735,0.5763661160073277,0.617240948265399,0.42231292304198353,0.0035833507111137437,0.001320960950688776
1380.0,7,rectifying_volume_6,tray,168.39595495011534,221.14645921248663,32.182646046711355,12.250847122556165,5222.946818039325,7735.139885517137,0.34805469466546113,0.5419011286609944,0.645566205639824,0.45566290357414224,0.006379099694714969,0.0024359677648633964
1380.0,8,rectifying_volume_7,tray,170.62751207197277,221.1966681495358,32.04420396649839,12.21350222042057,5209.060249102989,7721.79892054607,0.3297269601391775,0.5211897591243927,0.659188909457961,0.47448665402989004,0.011084130402861478,0.004323586845717261
1380.0,9,rectifying_volume_8,tray,172.21019864183316,221.24696215873016,31.89514207766961,12.188365213130803,5188.143437005143,7708.091817285023,0.3186695948165488,0.5091593633688093,0.6623625544254887,0.48334295351869827,0.018967850757962427,0.007497683112492459
1380.0,10,rectifying_volume_9,tray,173.61744580204416,221.29719234903945,31.693345664437444,12.166357507969805,5153.781280622372,7687.346384659877,0.3112678639096909,0.5022214692936285,0.6566420309193475,0.4849722019391993,0.032090105170961614,0.012806328767172255
1380.0,11,rectifying_volume_10,tray,175.25925779541566,221.34725273370287,31.421954310634078,12.137358964231508,5097.556762729404,7653.150732510988,0.3050937669700753,0.49809280632196956,0.6412359856575434,0.48029442728031824,0.053670247372381324,0.021612766397712178
1380.0,12,feed_tray,tray,177.57206664856545,221.42220227017535,45.88561967850598,10.924598329559931,12230.69962233646,7597.089308682715,0.2983165477367747,0.4953611196523225,0.6132965249965073,0.46862659327367157,0.08838692726671799,0.03601228707400602
1380.0,13,stripping_volume_1,tray,181.0455858334314,221.49776134787507,45.69459677756095,10.871537441942996,12251.719689126912,7587.488163304068,0.2699024555412628,0.4581292969752115,0.6403583234027888,0.5039986456600759,0.08973922105594846,0.03787205736471246
1380.0,14,stripping_volume_2,tray,185.21801765616448,221.57436466475474,45.51861200482656,10.806670346646325,12288.938278389962,7608.750520258704,0.23654701912061932,0.4119784156442436,0.6721305397071472,0.5478365263684585,0.09132244117223347,0.04018505798729803
1380.0,15,stripping_volume_3,tray,189.9608804985284,221.65223702244165,45.31236013240878,10.73792074632565,12346.038788951057,7646.219693635679,0.19965623195385476,0.357732223244264,0.7071676913929325,0.5993015621066673,0.09317607665321266,0.04296621464906867
1380.0,16,stripping_volume_4,tray,195.04007616693218,221.7217319681085,53.48626986078561,12.111560205822505,12421.850733357773,7703.573377090478,0.16138328293314574,0.29777191767810113,0.7430527955244737,0.6559377514242773,0.09556392154238058,0.04629033089762155
1380.0,17,stripping_volume_5,tray,200.19924252873838,221.79260874277867,53.1877711139448,12.038361325794112,12508.339596556045,7779.665229412644,0.12416169755827187,0.2357773699998512,0.776430647515276,0.713669062522867,0.09940765492645207,0.050553567477282
1380.0,18,stripping_volume_6,tray,205.29431137071626,221.8654751094819,53.2202115317302,11.940723739247684,12586.889672695457,7866.426273535964,0.09008103404009032,0.17584014994712835,0.8025871237818699,0.7670062989509581,0.10733184217803979,0.057153551101913565
1380.0,19,stripping_volume_7,tray,210.5236198815471,221.93969881018361,52.78505803055077,11.872851949219209,12623.123710664046,7945.239699080215,0.0604701600408316,0.12139398468360241,0.8134691535977097,0.8084889579701805,0.12606068636145887,0.07011705734621715
1380.0,20,combined_reboiler_sump,reboiler_sump,216.80183452642635,221.96495815698302,758.3842976632984,77.15856411550126,,7981.731300042266,0.03582814960468611,0.0744636032198827,0.7926740579366921,0.8256410713790945,0.1714977924586217,0.09989532540102293
1410.0,1,reflux_drum,reflux_drum,120.63518528158902,220.88151772512302,1586.3759357535885,124.30873790262858,,,0.8791962820810076,0.9458519559195301,0.12076133385649464,0.05413829137151552,4.2384062497741357e-05,9.7527089543917e-06
1410.0,2,rectifying_volume_1,tray,130.04457155829664,220.92899393033863,38.03188613591488,49.3799174564519,5662.527127553989,8449.010368726349,0.7557319675177205,0.879955973379776,0.24410538301069126,0.12000268271524296,0.000162649471588182,4.134390498100521e-05
1410.0,3,rectifying_volume_2,tray,141.0552269371302,220.97810748034323,34.303024990813974,12.780647847048417,5442.955535659524,8160.012922102872,0.624079488558412,0.7943970992769865,0.37548491066012296,0.2054782584848328,0.0004356007814650298,0.0001246422381806005
1410.0,4,rectifying_volume_3,tray,151.3958233537685,221.02707784442214,33.37288237258805,12.562417904701931,5317.979760185803,7940.719356530301,0.5116514029358538,0.7053092134247261,0.48737763807355233,0.2943803161174985,0.0009709589905937948,0.0003104704577754378
1410.0,5,rectifying_volume_4,tray,159.43133386566012,221.07634362660187,32.794043127371374,12.406323883810298,5260.784013954837,7816.009726314039,0.43097838520543236,0.6302010669367755,0.5670907745046961,0.36912660541103687,0.0019308402898714663,0.00067232765218765
1410.0,6,rectifying_volume_5,tray,164.90867838695246,221.12594771607084,32.39668356527277,12.31177239560615,5236.432194085395,7759.051645263947,0.3792711035337849,0.576456324968904,0.6171472016149584,0.4222233662070554,0.003581694851256808,0.0013203088240406648
1410.0,7,rectifying_volume_6,tray,168.39978474780924,221.17590341897036,32.18231465658349,12.25277576062287,5222.890432532547,7734.910423513067,0.34813058089083315,0.5419743464361129,0.645492583048599,0.4555905832795519,0.0063768360605677725,0.0024350702843351905
1410.0,8,rectifying_volume_7,tray,170.6328094760101,221.22610557128678,32.0437949392428,12.215397922834855,5209.0038327016355,7721.559206638322,0.329788442669702,0.5212485432620734,0.659130369496478,0.47442901507640556,0.011081187833820168,0.004322441661521173
1410.0,9,rectifying_volume_8,tray,172.2165314961887,221.27639293493695,31.894688037854145,12.190238039948149,5188.090189610876,7707.849910225257,0.3187211424595663,0.509207445669295,0.662314644986942,0.48329622954399265,0.018964212553491726,0.007496324786712478
1410.0,10,rectifying_volume_9,tray,173.62449076775195,221.3266166086518,31.69286720402305,12.168213380624536,5153.731876223016,7687.1053680655305,0.3113126828041697,0.5022620566417741,0.656601460668119,0.48493308734336554,0.03208585652771126,0.012804856014860392
1410.0,11,rectifying_volume_10,tray,175.2668135509153,221.3766705893874,31.421462160607174,12.139199770515706,5097.5104508763,7652.911104964992,0.30513390615332425,0.49812818824765853,0.641200485942101,0.4802604414850782,0.05366560790457484,0.02161137026726334
1410.0,12,feed_tray,tray,177.580031773333,221.4516150117207,45.88597498628198,10.926153478035753,12231.17057154801,7596.850241021944,0.2983531760785606,0.4953927635355907,0.6132646288936439,0.46859598624054705,0.08838219502779561,0.036011250223862194
1410.0,13,stripping_volume_1,tray,181.05191958541087,221.52717214540394,45.695034576229666,10.873110649166621,12252.180462367525,7587.764820769616,0.2699517140663961,0.45818050361902435,0.640314527434304,0.503949514654216,0.08973375849930001,0.037869981726759615
1410.0,14,stripping_volume_2,tray,185.22287008438335,221.60377305023303,45.51910568386103,10.808255553715851,12289.380872233427,7609.015008808814,0.23660688173968195,0.4120491705796129,0.6720767631509553,0.5477688953280574,0.09131635510936288,0.0401819340923297
1410.0,15,stripping_volume_3,tray,189.96470419062834,221.68164251165646,45.3128723384253,10.73950853660274,12346.460350899753,7646.463713929545,0.19972237665130618,0.3578189752485731,0.7071081035401785,0.5992188464013886,0.09316951980851522,0.04296217835003842
1410.0,16,stripping_volume_4,tray,195.04357147593075,221.75113505475747,53.48679706277034,12.1133536294021,12422.259556248686,7703.793965922623,0.16144985720354652,0.29786739958087993,0.7429931682669898,0.6558469740681212,0.0955569745294637,0.04628562635099884
1410.0,17,stripping_volume_5,tray,200.20320417792064,221.82200929917465,53.18825686772299,12.040132231264693,12508.75325528698,7779.8701580902425,0.12422263479291999,0.23587176017281278,0.7763771685536404,0.713579802613567,0.0994001966534396,0.05054843721362007
1410.0,18,stripping_volume_6,tray,205.29938846401967,221.89487325887822,53.2206597702682,11.942458822083871,12587.332107502101,7866.633220350957,0.09013163499632362,0.17592382438407886,0.8025451575537375,0.766928236478054,0.10732320744993899,0.05714793913786721
1410.0,19,stripping_volume_7,tray,210.5301323886862,221.96909493809727,52.785490925769146,11.874554416322459,12623.619736886285,7945.472668398044,0.060507858568848334,0.12145990244553988,0.8134432107972446,0.8084299986609592,0.12604893063390707,0.07011009889350099
1410.0,20,combined_reboiler_sump,reboiler_sump,216.80962654895245,221.9943518540483,758.3616295382326,77.17093657275038,,7982.015170907123,0.03585246926919242,0.07450838411057364,0.7926697458634313,0.825607499165996,0.17147778486737625,0.09988411672343055
1440.0,1,reflux_drum,reflux_drum,120.64317079197218,220.91116261167267,1589.6065268639977,124.08905038847881,,,0.8792380173833317,0.945869238704278,0.12071964813455772,0.05412101932772707,4.2334482110571644e-05,9.741967994924802e-06
1440.0,2,rectifying_volume_1,tray,130.0483420324181,220.9586329711839,38.031825287593186,49.38793883683921,5662.604865817421,8448.881408344034,0.7558275588677092,0.8800056861261977,0.24400995092234348,0.11995300986218851,0.00016249020994724256,4.130401161393341e-05
1440.0,3,rectifying_volume_2,tray,141.0555543107393,221.0077406219809,34.30319803358817,12.782775250919162,5443.02389809394,8159.961073792031,0.6242091712260337,0.794481145075865,0.3753555906803108,0.20539432058351692,0.000435238093655413,0.000124534340618025
1440.0,4,rectifying_volume_3,tray,151.39508052791368,221.05670474904707,33.37298489349058,12.564516464012886,5317.995404183181,7940.654142014519,0.511783926948274,0.7054125367726922,0.4872457774511816,0.29427722114317034,0.0009702956005444766,0.0003102420841373586
1440.0,5,rectifying_volume_4,tray,159.43164644254372,221.10596394341852,32.793969943917055,12.408363327388367,5260.754185354355,7815.887721645103,0.43109375056134586,0.630302893664396,0.5669764577667621,0.3690251747609418,0.0019297916718920144,0.0006719315746623193
1440.0,6,rectifying_volume_5,tray,164.91090369029848,221.15556129596942,32.396444954296314,12.313754166244653,5236.37837029741,7758.880702004905,0.37936447298878523,0.5765442495645606,0.6170553429098926,0.4221360366486783,0.003580184101322081,0.001319713786760981
1440.0,7,rectifying_volume_6,tray,168.403852256614,221.20551028895682,32.18195552827149,12.254712309194192,5222.828048074957,7734.712611452439,0.3482049819764961,0.5420458031691668,0.6454202258126683,0.45551993495207443,0.006374792210835466,0.0024342618787586744
1440.0,8,rectifying_volume_7,tray,170.63831057049038,221.25570584030854,32.04335799078865,12.217302257985727,5208.940618988239,7721.350292880706,0.3298488083655611,0.5213059656764486,0.6590726322702288,0.4743726079848847,0.011078559364210167,0.004321426338666732
1440.0,9,rectifying_volume_8,tray,172.2230497383302,221.30598672917998,31.894204772211683,12.192119922702986,5188.029239438824,7707.637704531676,0.3187717915775987,0.5092544218806012,0.6622672147315007,0.48325043497208914,0.01896099369090064,0.007495143147309735
1440.0,10,rectifying_volume_9,tray,173.63171291195195,221.35620404482148,31.692357875278972,12.170078555235078,5153.673919332879,7686.892867726716,0.31135672125197444,0.5023016809618835,0.656561165688607,0.48489471704022186,0.03208211305941851,0.01280360199789456
1440.0,11,rectifying_volume_10,tray,175.27454022822286,221.40625176927182,31.420938300711022,12.141050107459028,5097.4550444165925,7652.698879805036,0.30517333277430114,0.4981626760847833,0.6411652014934369,0.48022712189831235,0.05366146573226194,0.021610202016904275
1440.0,12,feed_tray,tray,177.588151445937,221.48119123490056,45.88630777403539,10.92771664336201,12231.634824375633,7596.637779687138,0.29838916134691673,0.4954235408195578,0.6132331299813681,0.46856610249881364,0.08837770867171511,0.03601035668162848
1440.0,13,stripping_volume_1,tray,181.05845414465253,221.55674660416992,45.69544660864703,10.874691251622197,12252.634350414039,7588.070079141445,0.2699999740292246,0.45823032036180383,0.640271460945137,0.5039015977020349,0.08972856502563838,0.037868081936161195
1440.0,14,stripping_volume_2,tray,185.2279587928557,221.63334528172655,45.51957148597671,10.809847758327644,12289.816619031508,7609.307491868629,0.23666549813076448,0.4121180982984534,0.6720239447622102,0.5477028856687585,0.0913105571070254,0.04017901603278812
1440.0,15,stripping_volume_3,tray,189.9687811986527,221.71121203572596,45.313355796331095,10.741103260413585,12346.875115657522,7646.735339340694,0.19978718805156948,0.35790364889284676,0.707049545870702,0.5991379793934025,0.0931632660777286,0.0429583717137507
1440.0,16,stripping_volume_4,tray,195.04731437376321,221.78070231700738,53.4872897008029,12.11515528595957,12422.661170382082,7704.041779224074,0.1615151912068596,0.29796081994081,0.7429344628033695,0.655758012215476,0.09555034598977094,0.04628116784371396
1440.0,17,stripping_volume_5,tray,200.2073876182098,221.85157416375728,53.18870831356292,12.041912029803608,12509.158722942218,7780.1014289359755,0.12428257132966365,0.23596438005541,0.7763243488249169,0.7134920545265587,0.09939307984541951,0.050543565418031226
1440.0,18,stripping_volume_6,tray,205.30464782613933,221.92443583327,53.221073503376715,11.944203597405341,12587.764707642158,7866.865069156945,0.09018156695872331,0.1760062434217054,0.8025034831564243,0.7668511570993123,0.10731494988485227,0.05714259947898233
1440.0,19,stripping_volume_7,tray,210.53678123150675,221.99865558527077,52.78588903904937,11.87626742261503,12624.103830023712,7945.728454221546,0.060545250302543416,0.12152520586859425,0.8134171652353186,0.8083713710931508,0.12603758446213797,0.07010342303825497
1440.0,20,combined_reboiler_sump,reboiler_sump,216.81750440531454,222.02391017987802,758.3387850512934,77.18337044133672,,7982.319327249728,0.03587682425954812,0.0745532180944172,0.7926650481050512,0.8255736387433136,0.17145812763540064,0.09987314316226914
1470.0,1,reflux_drum,reflux_drum,120.65115750934613,220.94090906024638,1592.9255201506123,123.86288441788079,,,0.8792802379113878,0.9458867484596135,0.12067747675316254,0.05410352021533876,4.228533544977094e-05,9.731325047746695e-06
1470.0,2,rectifying_volume_1,tray,130.05228830461036,220.9883738199379,38.03173915420871,49.3959725888297,5662.677281510543,8448.792543562296,0.7559214169556541,0.8800543624053622,0.24391624385078992,0.11990437130707977,0.0001623391935561706,4.1266287558081494e-05
1470.0,3,rectifying_volume_2,tray,141.0562024783717,221.0374757924184,34.30333526473135,12.78490326720617,5443.08549403427,8159.942173529271,0.6243356553202112,0.7945628431686089,0.3752294450816695,0.20531272304269232,0.00043489959811930255,0.00012443378869874896
1470.0,4,rectifying_volume_3,tray,151.39470794564363,221.0864339020577,33.37305141248274,12.566615243559543,5318.00501567387,7940.6199713338965,0.511913029966922,0.7055128327178462,0.48711728710525837,0.29417713614912583,0.0009696829278197966,0.0003100311330279019
1470.0,5,rectifying_volume_4,tray,159.43229855981116,221.13568672935784,32.79386480967292,12.410404172361828,5260.7190506264615,7815.797057171511,0.4312062304250755,0.6304017913147436,0.5668649364116848,0.36892663948884274,0.0019288331632395525,0.0006715691964136076
1470.0,6,rectifying_volume_5,tray,164.9134089783448,221.18527756085362,32.39617804332539,12.315738804877874,5236.319283034266,7758.741431275512,0.3794556577440244,0.5766297531355498,0.6169655235049933,0.4220510709067295,0.0035788187509822535,0.0013191759577207208
1470.0,7,rectifying_volume_6,tray,168.40814609649834,221.23522004933704,32.18156985105481,12.256652893646734,5222.759908980942,7734.546163225284,0.34827777477612215,0.542115385768274,0.6453492571814645,0.45545107175116906,0.006372968042413304,0.002433542480556851
1470.0,8,rectifying_volume_7,tray,170.64400162580878,221.28540919232472,32.04289448454638,12.219211403774555,5208.870872145699,7721.17193527533,0.3299079564096325,0.5213619349531264,0.6590157994260745,0.47431752462553667,0.011076244164292872,0.004320540421336798
1470.0,9,rectifying_volume_8,tray,172.22973781415152,221.33568378602396,31.893693776750517,12.194007077925697,5187.960866248308,7707.454986713288,0.3188214578726684,0.5093002179648031,0.6622203497871719,0.48320564490918316,0.01895819234015966,0.007494137126013707
1470.0,10,rectifying_volume_9,tray,173.63909530173697,221.3858949109675,31.691819272126438,12.171949278500342,5153.60770273989,7686.7086959048265,0.3113999070107798,0.5023402814399903,0.6565212208710213,0.4848571536422915,0.03207887211819888,0.01280256491771816
1470.0,11,rectifying_volume_10,tray,175.28241990136436,221.43593653564884,31.42038438253303,12.14290624792594,5097.390843941847,7652.513892254193,0.3052119833865577,0.4981962190147361,0.6411301976449736,0.48019452154000597,0.05365781896846877,0.021609259445257954
1470.0,12,feed_tray,tray,177.5964072028902,221.51087120819568,45.88661787323344,10.929284677660732,12232.091643354079,7596.451777333877,0.29842444625887854,0.4954534083751521,0.6132020818586166,0.4685369862651133,0.08837347188250488,0.0360096053597346
1470.0,13,stripping_volume_1,tray,181.06517322216,221.58642499233437,45.69583261758154,10.876276079103064,12253.080640877224,7588.402764257333,0.2700471612120149,0.4582786774290646,0.6402291935381254,0.5038549643563924,0.0897236452498597,0.037866358214543004
1470.0,14,stripping_volume_2,tray,185.23326964897294,221.66302162788494,45.520009090467155,10.811443774230645,12290.24484252768,7609.62683280924,0.23672277843395237,0.4121851001152687,0.6719721689404494,0.5476385944430522,0.09130505262559835,0.040176305441679265
1470.0,15,stripping_volume_3,tray,189.9730990991904,221.74088586466164,45.31381016725534,10.742701726193037,12347.282449370337,7647.033482644608,0.1998505653680335,0.3579861190141149,0.7069921130451287,0.5990590832975098,0.09315732158683797,0.042954797688375276
1470.0,16,stripping_volume_4,tray,195.05129328941456,221.8103740264128,53.487747531881205,12.116961560517726,12423.054979403569,7704.315785729982,0.16157918070244268,0.2980520352018137,0.742876776702719,0.6556710054336387,0.09554404259483834,0.04627695936454757
1470.0,17,stripping_volume_5,tray,200.21178100180077,221.88124361008636,53.18912528504298,12.04369713467792,12509.555419124821,7780.358063570241,0.12434140832465904,0.2360550810182104,0.776272279813104,0.7134059622017903,0.09938631186223702,0.05053895677999928
1470.0,18,stripping_volume_6,tray,205.31007634096338,221.95410310836186,53.221452643808114,11.945954529795912,12588.18687533969,7867.120872329445,0.0902307439271961,0.17608726767273458,0.8024621773304214,0.7667751946198038,0.10730707874238248,0.057137537707461564
1470.0,19,stripping_volume_7,tray,210.54355153912852,222.02832102931905,52.78625231436123,11.877987476955964,12624.575333533856,7946.006105742984,0.06058226667050448,0.12158977627540209,0.8133910699506818,0.8083131853801188,0.12602666337881374,0.07009703834447911
1470.0,20,combined_reboiler_sump,reboiler_sump,216.82545193712096,222.05357341430206,758.3158087274177,77.1958408374376,,7982.642773248119,0.03590116494465724,0.07459801357978935,0.7926599792334118,0.8255395623492496,0.1714388558219309,0.09986242407096102
1500.0,1,reflux_drum,reflux_drum,120.6591302122997,220.97069825468364,1596.3247617283464,123.63079959107117,,,0.879322852223963,0.9459044466891237,0.12063491106727788,0.0540858325121505,4.22367087591384e-05,9.720798725791724e-06
1500.0,2,rectifying_volume_1,tray,130.05639987648416,221.01815766615584,38.03162833219263,49.40400307696725,5662.7443291177915,8448.743140733266,0.7560133897631409,0.8801019259132561,0.24382441367488175,0.11985684332106857,0.0001621965619773804,4.123076567529704e-05
1500.0,3,rectifying_volume_2,tray,141.05716490251493,221.06725418756938,34.30343702333364,12.787027794739009,5443.140322311746,8159.9555825523685,0.624458749699269,0.7946420757178283,0.3751066647944828,0.20523358364069486,0.00043458550624827824,0.00012434064147677997
1500.0,4,rectifying_volume_3,tray,151.39470041366383,221.11620650642982,33.37308239897454,12.568710199646056,5318.008682533085,7940.616267573069,0.5120385172935282,0.7056099573072637,0.4869923614726835,0.29408020499951226,0.0009691212337883239,0.0003098376932239689
1500.0,5,rectifying_volume_4,tray,159.43328373145664,221.16545319515222,32.79372845921368,12.412442464148254,5260.678776115018,7815.737262261631,0.43131565184174864,0.6304976150422738,0.5667563831838424,0.36883114435490855,0.0019279649744090531,0.000671240602817713
1500.0,6,rectifying_volume_5,tray,164.91618521865195,221.215037729639,32.39588382956562,12.317722440999681,5236.255149275912,7758.633456034772,0.3795445142263319,0.5767127073694588,0.6168778870086238,0.42196859730225783,0.003577598765044329,0.0013186953282832757
1500.0,7,rectifying_volume_6,tray,168.41265460341003,221.2649739273951,32.181158838562325,12.258593710660731,5222.686262677954,7734.410765389136,0.34834884244676745,0.5421829878971993,0.6452797945706069,0.45538410027040066,0.006371362982625734,0.002432911832399879
1500.0,8,rectifying_volume_7,tray,170.6498687573721,221.31515686305042,32.04240580312648,12.221121606760361,5208.794860159862,7721.023862215875,0.32996579097178025,0.5214163650656838,0.6589599682613967,0.4742638517424366,0.011074240766823016,0.00431978319187954
1500.0,9,rectifying_volume_8,tray,172.23658010408556,221.36542534964306,31.893156564475465,12.195895788998763,5187.885354591321,7707.301516171283,0.31887006112312166,0.5093447642522719,0.6621741330132475,0.483161930428723,0.018955805863630826,0.007493305319005148
1500.0,10,rectifying_volume_9,tray,173.6466210002459,221.41563045975442,31.69125300460905,12.173821862664365,5153.533524959544,7686.552638517435,0.31144217129263635,0.5023778009125838,0.6564816985801315,0.4848204565027939,0.03207613012723217,0.01280174258462239
1500.0,11,rectifying_volume_10,tray,175.29043468978082,221.46566614970774,31.41980207233947,12.144764529132212,5097.318156270642,7652.355951864122,0.30524979754679454,0.49822876936604227,0.6410955376272848,0.4801626906713415,0.05365466482592067,0.021608539962616233
1500.0,12,feed_tray,tray,177.60478068204054,221.54059619867374,45.886905154170066,10.930854487488732,12232.540315030436,7596.292061159167,0.2984589761490649,0.49548232585165153,0.613171536058818,0.4685086792328784,0.08836948779211702,0.036008994915470036
1500.0,13,stripping_volume_1,tray,181.07206048681147,221.61614857643497,45.69619239274939,10.877862017646905,12253.518644892345,7588.761694184317,0.2700932051152371,0.45832550949421025,0.640187791732777,0.5038096800789109,0.08971900315198576,0.037864810426878816
1500.0,14,stripping_volume_2,tray,185.23878835475617,221.69274335548874,45.52041822901551,10.813040472661317,12290.66488882768,7609.971886594269,0.2367786373744707,0.41225008336377805,0.6719215162093544,0.5475761131419162,0.09129984641617497,0.04017380349430573
1500.0,15,stripping_volume_3,tray,189.97764522756566,221.77060526632732,45.31423516668868,10.744300800191485,12347.6817392378,7647.3570468724365,0.1999124128328161,0.35806626761037386,0.706935895478115,0.5989822737131134,0.09315169168906895,0.04295145867651261
1500.0,16,stripping_volume_4,tray,195.05549640113824,221.840091452154,53.48817037539448,12.118768902887723,12423.440407689677,7704.614942926609,0.16164172636036225,0.298140909371218,0.7428202034579455,0.6555860863393596,0.09553807018169233,0.0462730042894224
1500.0,17,stripping_volume_5,tray,200.21637229022937,221.91095890912237,53.189507675273575,12.045484022033198,12509.942785482239,7780.639071794226,0.12439905121891386,0.2361437214961606,0.7762210496257501,0.7133216631753075,0.09937989915533611,0.05053461532853185
1500.0,18,stripping_volume_6,tray,205.31566081308546,221.98381635705817,53.221797161473106,11.94770814403576,12588.598038185542,7867.39967151817,0.09027908320413294,0.1761667635215452,0.8024213145404107,0.7667004777835288,0.1072996022554564,0.05713275869492601
1500.0,19,stripping_volume_7,tray,210.55042849414113,222.05803254490075,52.78658075185979,11.879711145820291,12625.033621309316,7946.304664519472,0.060618841274511406,0.12165349897625903,0.8133649770506376,0.8082555484524583,0.12601618167485104,0.0700909525712826
1500.0,20,combined_reboiler_sump,reboiler_sump,216.8334531612506,222.0832828340212,758.2927440890982,77.20832333888255,,7982.984510318193,0.03592544277555316,0.07464268104043988,0.7926545543900432,0.8255053411706609,0.17142000283440367,0.09985197778889933
1530.0,1,reflux_drum,reflux_drum,120.66707397914885,221.0004724237897,1599.796091923604,123.39335726864564,,,0.87936577023216,0.9459222954396226,0.12059204108277184,0.05406799415343994,4.218868506807819e-05,9.710406937540487e-06
1530.0,2,rectifying_volume_1,tray,130.060666119273,221.0479267439895,38.031493452775344,49.41201497078293,5662.805973110376,8448.732540066798,0.7561033320725692,0.8801483041060357,0.2437346054935741,0.11981049842052044,0.0001620624338568623,4.1197473443958285e-05
1530.0,3,rectifying_volume_2,tray,141.05843454308229,221.09701804758774,34.30350370776884,12.789144817863916,5443.188393001455,8160.000646662167,0.6245782737471964,0.7947187321566966,0.3749874302797783,0.20515701290215135,0.0004342959730251902,0.00012425494115195104
1530.0,4,rectifying_volume_3,tray,151.3950520913256,221.1459648089999,33.373078379367755,12.57079737413033,5318.006500180489,7940.642439374514,0.5121602054444749,0.7057037759471438,0.48687118388979056,0.2939865622381532,0.0009686106657344076,0.0003096618147027968
1530.0,5,rectifying_volume_4,tray,159.4345948937653,221.19520559498943,32.7935616703779,12.414474329969657,5260.633532186286,7815.70784786545,0.4314218517090137,0.6305902293888578,0.5666509611708868,0.3687388248047767,0.0019271871200994075,0.0006709458063654554
1530.0,6,rectifying_volume_5,tray,164.91922296384755,221.2447840642836,32.39556333995134,12.319701281508246,5236.186188377895,7758.556377074863,0.37963090677225536,0.5767929920959006,0.6167925694225564,0.42188873613335065,0.0035765238051883763,0.001318271770748779
1530.0,7,rectifying_volume_6,tray,168.41736586112646,221.29471419305415,32.1807237247573,12.26053103069308,5222.607358780389,7734.306080478797,0.348418074330935,0.5422485098171118,0.6452119496466198,0.45531912068238917,0.006369976022445095,0.0024323695004989966
1530.0,8,rectifying_volume_7,tray,170.65589795530303,221.34489113045325,32.0418933441436,12.223029184675207,5208.712853777176,7720.9057776937525,0.33002222111731705,0.5214691752491628,0.6589052317679777,0.47421167106055123,0.011072547114705282,0.004319153690285802
1530.0,9,rectifying_volume_8,tray,172.243560952137,221.39515370609558,31.892594660904724,12.197782408690871,5187.802992642818,7707.177028264282,0.3189175251052194,0.5093879953328528,0.6621286440151674,0.48311935865372074,0.0189538308796132,0.007492646013426385
1530.0,10,rectifying_volume_9,tray,173.6542730957714,221.44535298537906,31.690660694114722,12.17569268805857,5153.451688945741,7686.424458058416,0.31148344869093775,0.5024141857657294,0.656442668652238,0.48478468178384465,0.03207388265682426,0.01280113245042592
1530.0,11,rectifying_volume_10,tray,175.29856678721745,221.4953829138321,31.41919304614829,12.146621355203047,5097.237293082737,7652.224845304831,0.30528671774498595,0.49826028251609744,0.6410612825639719,0.4801316768591931,0.05365199969104218,0.021608040624709543
1530.0,12,feed_tray,tray,177.61325364936454,221.57030851430022,45.88716952291875,10.932423035996608,12232.980149269686,7596.158435617554,0.2984926989067793,0.49551025557922107,0.6131415420768616,0.46848122064865944,0.08836575901635914,0.036008523772119404
1530.0,13,stripping_volume_1,tray,181.0790995973736,221.64585966371476,45.69652576736394,10.879446011625875,12253.947696382607,7589.145682588877,0.2701380388556157,0.45837075552238926,0.6401473190274336,0.5037658063705824,0.08971464211695067,0.03786343810702839
1530.0,14,stripping_volume_2,tray,185.24450048229397,221.72245277179746,45.52079868199423,10.814634784398233,12291.076125639378,7610.341503083369,0.2368329941385087,0.41231296119848015,0.671872063297957,0.5475155278638275,0.09129494256353436,0.04017151093769244
1530.0,15,stripping_volume_3,tray,189.9824067139844,221.80031254880583,45.3146305606839,10.745897408539129,12348.072392715178,7647.704928549327,0.19997263957290728,0.3581439836293939,0.7068809794167517,0.5989076598031471,0.09314638101034099,0.04294835656745907
1530.0,16,stripping_volume_4,tray,195.05991167032764,221.86979690341673,53.488558108539046,12.120573830075486,12423.816899441423,7704.93820023312,0.16170273366022891,0.2982273138330941,0.74276483253939,0.6555033807516865,0.0955324338003811,0.046269305415219404
1530.0,17,stripping_volume_5,tray,200.22114928363675,221.94066237161772,53.18985543233852,12.047269233392967,12510.320284620046,7780.943454634915,0.124455409675174,0.2362301668597628,0.7761707430080836,0.7132392886740647,0.09937384731674229,0.05053054446617232
1530.0,18,stripping_volume_6,tray,205.32138799115438,222.0135178918631,53.22210707887983,11.949461027699098,12588.997647818189,7867.700500470369,0.0903265053755718,0.17624460307406553,0.8023809669462744,0.7666271302914126,0.10729252767815375,0.05712826663452193
1530.0,19,stripping_volume_7,tray,210.55739734942114,222.08773244612442,52.786874403420875,11.881435056003014,12625.478096124647,7946.623167066598,0.060654909912898285,0.12171626330273508,0.8133389376516029,0.8081985640007219,0.12600615243549873,0.0700851726965432
1530.0,20,combined_reboiler_sump,reboiler_sump,216.84149227885322,222.11298075502194,758.2696335877326,77.22079400646996,,7983.343539448659,0.03594961034325679,0.07468713312510726,0.7926487892376644,0.8254710452404731,0.17140160041907893,0.09984182163441954
1560.0,1,reflux_drum,reflux_drum,120.67497419117852,221.03017487779377,1603.331353157211,123.15112003127732,,,0.8794089033379886,0.945940257365111,0.12054895531790004,0.054050042468020906,4.21413441114017e-05,9.700166868136036e-06
1560.0,2,rectifying_volume_1,tray,130.06507629511984,221.0776243686636,38.03133517909723,49.41999325325734,5662.862187374898,8448.760059286953,0.7561911053744048,0.8801934281353043,0.24364695771766204,0.11976540543147284,0.00016193690793304982,4.116643322286065e-05
1560.0,3,rectifying_volume_2,tray,141.06000389405534,221.12671069336008,34.30353577158669,12.791250408369912,5443.229726639564,8160.076699195366,0.6246940571247077,0.7947927089869284,0.37487191177497836,0.20508311429900924,0.0004340311003139293,0.00012417671406224264
1560.0,4,rectifying_volume_3,tray,151.3957565327926,221.17565213697344,33.37303993281824,12.572872896267203,5317.998570832891,7940.697883718713,0.5122779218723914,0.7057941631301068,0.4867539268635992,0.29389633335881726,0.0009681512640093467,0.00030950351107592565
1560.0,5,rectifying_volume_4,tray,159.4362244451145,221.22488726303672,32.793365260312285,12.41649598076542,5260.583492518393,7815.708309326754,0.4315246765425288,0.6306795080196923,0.566548824025297,0.368649807228855,0.0019264994321741716,0.0006706847514527912
1560.0,6,rectifying_volume_5,tray,164.92251238654254,221.27445990632768,32.39521762740146,12.32167161272084,5236.112621326432,7758.509775832348,0.37971470745144903,0.5768704950687504,0.6167096992974115,0.4218115998846691,0.003575593251139462,0.0013179050465804603
1560.0,7,rectifying_volume_6,tray,168.42226773206727,221.32438419543007,32.18026576020601,12.262461200071376,5222.52344825843,7734.231749780552,0.3484853658255001,0.5423118582159548,0.6451458284258158,0.45525622689654754,0.0063688057486841225,0.0024319148874976087
1560.0,8,rectifying_volume_7,tray,170.66207511284298,221.37455535131994,32.041358516330824,12.224930528565865,5208.625125561994,7720.8173639754505,0.3300771607046448,0.5215202898632701,0.6588516786884209,0.4741610594037517,0.011071160606934383,0.004318650732978034
1560.0,9,rectifying_volume_8,tray,172.2506646933166,221.42481221990212,31.892009599934266,12.199663361322209,5187.714071139017,7707.081236879745,0.31896377750627347,0.5094298499391572,0.6620839591704579,0.4830779928480267,0.01895226332326867,0.0074921572128161
1560.0,10,rectifying_volume_9,tray,173.66203472898414,221.47500586015911,31.69004396898679,12.177558205279038,5153.362500920549,7686.323896062278,0.311523677101139,0.5024493858287359,0.6564041984019007,0.4847498825316022,0.03207212449696048,0.012800731639661818
1560.0,11,rectifying_volume_10,tray,175.30679848849744,221.5250302081973,31.41855898523365,12.148473199368171,5097.148569685014,7652.120338733918,0.3053226893301879,0.4982907167897446,0.6410274914755342,0.48010152504545733,0.05364981919427795,0.021607758164797975
1560.0,12,feed_tray,tray,177.62180802356588,221.59995154054795,45.88741091850254,10.933987344780677,12233.410478604063,7596.050684743755,0.29852556491014726,0.4955371624702955,0.6131121474005129,0.46845464739058756,0.08836228768933978,0.03600819013911702
1560.0,13,stripping_volume_1,tray,181.0862742323545,221.6755016387477,45.69683261492009,10.88102506552865,12254.367151377166,7589.553541637033,0.27018159906091216,0.4584143586126603,0.6401078359661471,0.5037234009050457,0.08971056497294073,0.037862240482293995
1560.0,14,stripping_volume_2,tray,185.25039150715477,221.75209326119167,45.521150275006704,10.816223701506367,12291.477941576451,7610.734529899113,0.23688577224472052,0.41237365239274537,0.6718238832275312,0.5474569194881655,0.09129034452774823,0.040169428119089155
1560.0,15,stripping_volume_3,tray,189.98737051786395,221.8299510970583,45.314996162306215,10.747488538996775,12348.45383679094,7648.076020562964,0.20003115948046493,0.3582191627512068,0.7068274470260593,0.5988353444801321,0.0931413934934757,0.04294549276866101
1560.0,16,stripping_volume_4,tray,195.06452687380977,221.89943376606394,53.48891066203526,12.122372928329028,12424.183917866721,7705.284501842052,0.16176211278258035,0.29831112715178165,0.7427107494569909,0.6554230078552666,0.09552713776042893,0.04626586499295169
1560.0,17,stripping_volume_5,tray,200.22609964864,221.97029738479944,53.190168555049155,12.049049377796658,12510.687399118295,7781.270207104851,0.12451039750630208,0.23631428927341386,0.7761214413664982,0.7131589637240167,0.09936816112719975,0.050526747002569476
1560.0,18,stripping_volume_6,tray,205.32724458995068,222.04315110157216,53.222382466890465,11.951209833390594,12589.385178713897,7868.022387631078,0.0903729342834437,0.1763206640927759,0.8023412043832903,0.7665552708342587,0.107285861333266,0.0571240650729654
1560.0,19,stripping_volume_7,tray,210.56444344379992,222.11736412324566,52.787133368502396,11.883155896958982,12625.908188203866,7946.9606472066625,0.06069041059512816,0.12177796262536772,0.8133130018268762,0.8081423324329946,0.12599658757799584,0.07007970494163779
1560.0,20,combined_reboiler_sump,reboiler_sump,216.8495536835426,222.14261056928223,758.2465185520562,77.23322940165052,,7983.718863329291,0.03597362142824772,0.07473128475079904,0.792642699912577,0.825436743346535,0.17138367865917534,0.09983197190266577
1590.0,1,reflux_drum,reflux_drum,120.68281653517721,221.0597500398279,1606.922397273369,122.90465117127327,,,0.8794521645566851,0.945958295783361,0.12050574068104417,0.05403201412167362,4.20947622707155e-05,9.690094965379502e-06
1590.0,2,rectifying_volume_1,tray,130.06961957732008,221.1071949679726,38.031154203417714,49.42792322798411,5662.912954655576,8448.824997066222,0.7562765777627778,0.8802372327777808,0.24356160217318196,0.11972162955970594,0.00016182006404025446,4.113766251321084e-05
1590.0,3,rectifying_volume_2,tray,141.0618650188962,221.15627655801796,34.30353371968619,12.79334072707111,5443.264353528568,8160.183063762359,0.6248059395108915,0.7948639095721663,0.3747602695490264,0.20501198445617938,0.0004337909400819564,0.00012410597165422976
1590.0,4,rectifying_volume_3,tray,151.3968067281021,221.205212929453,33.37296768727639,12.574932984210886,5317.985002847111,7940.781988477261,0.5123915046771944,0.7058810021561642,0.48664075235380055,0.2938096350818757,0.0009677429690051216,0.0003093627619601338
1590.0,5,rectifying_volume_4,tray,159.4381642848252,221.25444264498458,32.793140081756164,12.418503712768814,5260.528833469493,7815.738128934277,0.4316239822297463,0.6307653334504151,0.5664501161979975,0.3685642092305506,0.001925901572256124,0.0006704573190343695
1590.0,6,rectifying_volume_5,tray,164.92604331331398,221.304009708452,32.394847767314474,12.323629802055526,5236.034670072183,7758.493216975725,0.37979579587857154,0.5769451117385078,0.6166293979002716,0.42173729344712413,0.003574806221156813,0.0013175948143680704
1590.0,7,rectifying_volume_6,tray,168.4273478870461,221.35392839440402,32.179786208616804,12.264380642757711,5222.434782695438,7734.187395871876,0.3485506182404025,0.5423729460284605,0.6450815313845953,0.4551955067266438,0.0063678503750022805,0.0024315472448956767
1590.0,8,rectifying_volume_7,tray,170.66838605348067,221.40409399284124,32.040802735968704,12.226822104608516,5208.531949055454,7720.758284061347,0.3301305282744541,0.5215696382477373,0.6587993935829316,0.474112088821434,0.01107007814261434,0.004318272930828702
1590.0,9,rectifying_volume_8,tray,172.25787567955115,221.45434536564176,31.891402920059463,12.201535144606167,5187.618882428837,7707.013836796145,0.31900874983130406,0.5094702708240221,0.6620401516640012,0.48303789251460505,0.018951098504694792,0.007491836661372865
1590.0,10,rectifying_volume_9,tray,173.66988911837586,221.50453356613917,31.68940446053344,12.179414937043562,5153.266269328288,7686.2506753648795,0.3115627976369146,0.5024833542640728,0.6563663526369664,0.48471610875674825,0.032070849726118955,0.012800536979179048
1590.0,11,rectifying_volume_10,tray,175.31511221431396,221.5545525223863,31.41790157204785,12.15031660584033,5097.0523039058135,7652.042179971245,0.3053576604334023,0.4983200333560238,0.6409942212900465,0.4800722776199622,0.0536481182765512,0.021607689024014047
1590.0,12,feed_tray,tray,177.63042589865012,221.62946977202344,45.88762931027642,10.935544495467557,12233.830657628725,7595.968574274089,0.29855752695841714,0.4955630139208783,0.6130833975453115,0.4684289940479497,0.08835907549627145,0.036007992031171936
1590.0,13,stripping_volume_1,tray,181.0935681178087,221.7050189950801,45.697112846204014,10.882596245474987,12254.77638738256,7589.98408461319,0.2702238257630035,0.458456265840192,0.64006940020892,0.5036825176629098,0.08970677402807654,0.03786121649689819
1590.0,14,stripping_volume_2,tray,185.25644683983126,221.7816093168301,45.52147287566684,10.817804278812247,12291.869745525544,7611.149815019465,0.23693689941333382,0.412432081135871,0.6717770454024943,0.5474003638507262,0.09128605518417188,0.040167555013402856
1590.0,15,stripping_volume_3,tray,189.99252346036607,221.85946540459722,45.3153318283299,10.749071242434896,12348.825517338928,7648.469214742233,0.20008789107939964,0.3582917071672261,0.7067753764797272,0.5987654245966038,0.0931367324408731,0.042942868236170106
1590.0,16,stripping_volume_4,tray,195.06932963456535,221.92894653432043,53.489228016144786,12.124162854873486,12424.540944450875,7705.652789275682,0.16181977849496365,0.2983922348688346,0.7426580358291545,0.6553450803710962,0.09552218567588186,0.04626268476006915
1590.0,17,stripping_volume_5,tray,200.23121094483793,221.9998084440643,53.190447089011116,12.050821133621849,12511.04363065109,7781.618320669198,0.12456393259706636,0.2363959675440125,0.7760732227998339,0.7130808072686289,0.0993628446030997,0.0505232251873586
1590.0,18,stripping_volume_6,tray,205.33321731126466,222.0726604829755,53.22262344081759,11.952951280662873,12589.760127100311,7868.364358468279,0.09041829699042887,0.1763948299194292,0.8023020943503958,0.766485013138314,0.1072796086591754,0.05712015694225691
1590.0,19,stripping_volume_7,tray,210.57155221671562,222.14687207437626,52.78735779034129,11.884870422821445,12626.323353918167,7947.316138214879,0.06072528354861921,0.1218384943573012,0.8132872185610404,0.8080869508457389,0.12598749789034036,0.07007455479695988
1590.0,20,combined_reboiler_sump,reboiler_sump,216.857621968955,222.17211677648868,758.2234391548322,77.24560660073654,,7984.109488291452,0.035997431042181186,0.07477505318093788,0.7926363029780638,0.8254025029511574,0.17136626597975513,0.09982244386790484
1620.0,1,reflux_drum,reflux_drum,120.69058700546479,221.08914347319677,1610.561092399733,122.65451421039596,,,0.8794954686237393,0.9459763747255242,0.12046248236372502,0.0540139450675455,4.204901253564675e-05,9.680206930227999e-06
1620.0,2,rectifying_volume_1,tray,130.07428506958294,221.13658410956532,38.030951244486424,49.43579052524157,5662.958266037487,8448.92663581793,0.7563596238223581,0.8802796563609262,0.24347866421354344,0.11967923246485715,0.00016171196409838984,4.1111174216654754e-05
1620.0,3,rectifying_volume_2,tray,141.06400958469953,221.18566121423535,34.303498104591036,12.795412025114834,5443.292313055926,8160.319056408872,0.6249137703392175,0.7949322439292852,0.37465265416324717,0.204943713359289,0.0004335754975352589,0.00012404271142579348
1620.0,4,rectifying_volume_3,tray,151.39819514299924,221.23459276474796,33.37286231564893,12.576973946244674,5317.965910086718,7940.894134400492,0.5125008023110824,0.705964184851013,0.48653181206100893,0.29372657563371546,0.0009673856279086044,0.0003092395152714282
1620.0,5,rectifying_volume_4,tray,159.44040585092262,221.28381732536928,32.79288701949065,12.420493908807984,5260.469733490593,7815.796777967794,0.4317196337764517,0.6308475967695776,0.5663549731796669,0.3684821398993095,0.0019253930438813145,0.0006702633311129496
1620.0,6,rectifying_volume_5,tray,164.92980525765938,221.3333790618132,32.394454854283254,12.325572299434699,5235.95255693258,7758.506250473045,0.37987405901748644,0.5770167450186154,0.6165517793907891,0.42166591434390116,0.003574161591724514,0.0013173406374834297
1620.0,7,rectifying_volume_6,tray,168.4325938339401,221.3832923879688,32.17928634364987,12.266285861833824,5222.341613633469,7734.172624680465,0.3486137386501554,0.5424316922499536,0.6450191535782823,0.45513704206510425,0.006367107771562221,0.0024312656849423157
1620.0,8,rectifying_volume_7,tray,170.67481655684455,221.43345265996894,32.04022742362683,12.228700455646177,5208.433598035713,7720.728183693593,0.33018224693288856,0.5216171545723636,0.6587484569042681,0.4740648267213147,0.01106929616284327,0.004318018706321721
1620.0,9,rectifying_volume_8,tray,172.26517830415187,221.48369875531836,31.89077616094913,12.203394331216298,5187.517719638062,7706.9745056028,0.31905237730515545,0.5095092046340993,0.6619972915309633,0.482999113498959,0.01895033116388121,0.007491681866941542
1620.0,10,rectifying_volume_9,tray,173.67781958404285,221.53388172246568,31.688743799420614,12.181259479777156,5153.163303910212,7686.204501931122,0.31160075454336167,0.5025160474551239,0.6563291936805956,0.4846834075188385,0.032070051776042774,0.012800545026037672
1620.0,11,rectifying_volume_10,tray,175.32349053418645,221.58389548277125,31.417222486555566,12.152148191423798,5096.948815118277,7651.990100248544,0.3053915818889654,0.49834819612453723,0.6409615268594847,0.48004397449562847,0.05364689125154988,0.021607829379834347
1620.0,12,feed_tray,tray,177.6390895646285,221.65880883985795,45.88782469554596,10.937091631070569,12234.240062462202,7595.911853368809,0.29858854020376274,0.4955877797130802,0.6130553360918214,0.46840429300063813,0.08835612370441594,0.03600792728628165
1620.0,13,stripping_volume_1,tray,181.10096505318938,221.73435736263437,45.697366406552334,10.884156680503306,12255.174802823476,7590.436128087612,0.270264662291055,0.45849642810054253,0.6400320666037248,0.5036432070651884,0.08970327110522022,0.03786036483426915
1620.0,14,stripping_volume_2,tray,185.26265185525526,221.8109465680667,45.52176639063362,10.819373635151623,12292.250966086836,7611.586208932115,0.23698630743507573,0.4124881768318511,0.6717316157033546,0.547345931918744,0.09128207686156971,0.04016589124940491
1620.0,15,stripping_volume_3,tray,189.9978522551358,221.8888011009173,45.315637456189286,10.750642634082979,12349.186898548849,7648.883404015142,0.20014275739067977,0.35836152535935767,0.7067248420539475,0.5986979911367373,0.09313240055537288,0.042940483503905086
1620.0,16,stripping_volume_4,tray,195.0743074508715,221.9582808382143,53.4895101969906,12.125940339381685,12424.887478316765,7706.042003553518,0.16187565003512974,0.298470529297022,0.7426067694562409,0.6552697047313152,0.09551758050862938,0.04625976597166281
1620.0,17,stripping_volume_5,tray,200.23647064996305,222.02914118042926,53.190691123008136,12.052581250137692,12511.388499212238,7781.986785348281,0.12461593682150815,0.2364750869633453,0.7760261621366582,0.7130049322945671,0.0993579010418337,0.050519980742087585
1620.0,18,stripping_volume_6,tray,205.33929286363443,222.10199166831546,53.222830156841766,11.954682157662695,12590.122009986544,7868.725437442163,0.09046252373915394,0.17646698938847488,0.8022637020052193,0.7664164660207528,0.10727377425562665,0.05711654459077235
1620.0,19,stripping_volume_7,tray,210.57870922196352,222.17620193294604,52.78754785247271,11.886575454144538,12626.723074612788,7947.688674590279,0.060759471219049864,0.12189775994610695,0.8132616357103641,0.8080325130060407,0.125978893070586,0.07006972704785226
1620.0,20,combined_reboiler_sump,reboiler_sump,216.86568193584904,222.20144501150457,758.2004343983381,77.25790320585286,,7984.514425874155,0.036020995462515366,0.07481835808963211,0.792629615378944,0.8253683901205663,0.17134938915854056,0.0998132517898017
1650.0,1,reflux_drum,reflux_drum,120.69827190560626,221.1183019051307,1614.2393294221788,122.40127243842943,,,0.8795387320876584,0.9459944589791921,0.12041926374785843,0.05399587050309647,4.2004164483151965e-05,9.670517711412579e-06
1650.0,2,rectifying_volume_1,tray,130.0790618243508,221.16573852471015,38.03072704505642,49.44358110716467,5662.9981204638325,8449.064243986288,0.7564401245093824,0.8803206406860646,0.2433982628375361,0.11963827233704799,0.00016161265308145838,4.108697688743948e-05
1650.0,3,rectifying_volume_2,tray,141.0664288949763,221.21481139800423,34.30342952293019,12.797460645060625,5443.313653065621,8160.483987366581,0.6250174085323693,0.7949976285206234,0.3745492067334844,0.2048783845615412,0.0004333847341462095,0.00012398691783537753
1650.0,4,rectifying_volume_3,tray,151.39991375738435,221.26373838416137,33.37272453217827,12.578992181783711,5317.94141134705,7941.033696747872,0.5126056732820771,0.706043611285377,0.4864272477167242,0.29364725502519334,0.0009670790011986653,0.0003091336894295492
1650.0,5,rectifying_volume_4,tray,159.4429401566869,221.31295805137106,32.79260698702282,12.422463039376549,5260.406372608589,7815.8837183855,0.4318115050500383,0.6309261973601684,0.5662635217458103,0.36840370008478907,0.0019249732041515101,0.0006701025550423839
1650.0,6,rectifying_volume_5,tray,164.9337874518702,221.36251471985278,32.39403999904714,12.32749563845727,5235.866504068569,7758.548413346648,0.3799493909809829,0.5770853050488995,0.6164769510026605,0.4215975529597058,0.0035736580163565073,0.0013171419913946337
1650.0,7,rectifying_volume_6,tray,168.4379929452815,221.41242293604867,32.17876744597374,12.268173440755776,5222.244191996536,7734.187027231316,0.3486746397407197,0.542488021746598,0.6449587847660578,0.455080909061451,0.0063665754932223555,0.0024310691919509917
1650.0,8,rectifying_volume_7,tray,170.68135238341992,221.46257811924465,32.03963400118214,12.230562202496944,5208.330345865792,7720.726693045491,0.33023224423079794,0.5216627776839181,0.6586989450788787,0.4740193360062814,0.011068810690323313,0.00431788630980042
1650.0,9,rectifying_volume_8,tray,172.27255702493514,221.5128191621976,31.89013086033596,12.205237570125886,5187.410875933409,7706.962905331534,0.3190945987718703,0.509546601781425,0.661955445705738,0.48296170809591554,0.018949955522391697,0.007491690122659505
1650.0,10,rectifying_volume_9,tray,173.6858095699326,221.56299710923093,31.688063612427573,12.18308850497162,5153.053914893639,7686.185066417029,0.31163749510877525,0.5025474248933233,0.656292781398914,0.484651823013042,0.0320697234923107,0.012800752093634888
1650.0,11,rectifying_volume_10,tray,175.33191618772557,221.61300587636464,31.416523402958607,12.15396464689842,5096.838423386815,7651.963815717979,0.3054244071556892,0.4983751716426149,0.6409294609806094,0.4800166531847554,0.05364613186370138,0.02160817517262967
1650.0,12,feed_tray,tray,177.64778152653193,221.68791553556648,45.88799709741774,10.938625957156232,12234.638090275334,7595.880256097413,0.29861856208359594,0.4956114319198116,0.6130280047243595,0.4683805744975925,0.0883534331920446,0.03600799358259575
1650.0,13,stripping_volume_1,tray,181.1084489353724,221.76346353157874,45.697593273367374,10.885703563669438,12255.561816560734,7590.9084937790685,0.2703040551662192,0.45853479995758584,0.6399958872590595,0.5036055161043606,0.08970005757472126,0.03785968393805357
1650.0,14,stripping_volume_2,tray,185.2689919204611,221.84005180433257,45.522030762912046,10.82092895442806,12292.62105109742,7612.042566497203,0.23703393204166442,0.41254187390204833,0.671687656580167,0.547293689963354,0.09127841137816856,0.04016443613459769
1650.0,15,stripping_volume_3,tray,190.00334353728763,221.9179049753903,45.31591298120351,10.752199894587697,12349.53746244746,7649.317484293294,0.2001956857983125,0.35842853188177015,0.7066759142226184,0.5986331294066632,0.09312839997906894,0.04293833871156648
1650.0,16,stripping_volume_4,tray,195.07944772390073,221.9873834674806,53.489757273204674,12.12770218522329,12425.223035687475,7706.451087074921,0.16192965099330778,0.29854590931429514,0.7425570243969497,0.655196981255315,0.0955133246097424,0.046257109430389846
1650.0,17,stripping_volume_5,tray,200.24186618373386,222.05824238444362,53.190900785710404,12.054326548833032,12511.72154245307,7782.374591560099,0.12466633595764164,0.23655153914705263,0.7759803309770619,0.7129314459619508,0.09935333306529641,0.05051701489099665
1650.0,18,stripping_volume_6,tray,205.3454579810354,222.1310914492056,53.22300280876504,11.956399322547641,12590.47036432079,7869.104649734432,0.09050554790714659,0.1765370367336057,0.8022260901647925,0.7663497334528753,0.10726836192806091,0.057113229813519115
1650.0,19,stripping_volume_7,tray,210.5859001406814,222.20530049162628,52.787703775579715,11.888267879411732,12627.106855571687,7948.077293621621,0.06079291826515469,0.121955664855602,0.8132362999685939,0.8079791093436948,0.1259707817662513,0.0700652258007031
1650.0,20,combined_reboiler_sump,reboiler_sump,216.87371859891155,222.23054206829937,758.1775421175906,77.27009735297636,,7984.932694220672,0.036044272260698645,0.07486112161330219,0.7926226543973676,0.8253344694634721,0.17133307334193387,0.09980440892322559
1680.0,1,reflux_drum,reflux_drum,120.7058578499834,221.1471732476709,1617.949028156053,122.14548846708831,,,0.8795818733895207,0.9460125141253461,0.12037616632620614,0.053977824833150036,4.196028427316759e-05,9.661041503796844e-06
1680.0,2,rectifying_volume_1,tray,130.08393886022301,221.1946061291903,38.03048236952475,49.4512812721954,5663.032524281708,8449.237077923837,0.756517967029486,0.8803601309504211,0.24332051081055603,0.1195988039746019,0.00016152215995806867,4.106507497701955e-05
1680.0,3,rectifying_volume_2,tray,141.06911392097493,221.24367502953876,34.30332861215906,12.799483021777311,5443.328429293938,8160.6771623933555,0.6251167222398333,0.7950599860497719,0.374450059189609,0.20481607538705518,0.0004332185705576601,0.0001239385631729231
1680.0,4,rectifying_volume_3,tray,151.40195410223663,221.29259771290276,33.372555089081196,12.580984182196222,5317.91162985264,7941.200046493212,0.5127059858603378,0.7061191894988406,0.4863271913708087,0.29357176532569734,0.0009668227688536385,0.0003090451754621504
1680.0,5,rectifying_volume_4,tray,159.4457578258794,221.3418127537362,32.792300923495816,12.424407663521608,5260.338931972874,7815.9984040880145,0.43189947852323146,0.6310010426236161,0.566175880201936,0.368328982668759,0.0019246412748326004,0.0006699747076249113
1680.0,6,rectifying_volume_5,tray,164.93797887776157,221.39136461922814,32.39360432566604,12.329396437385775,5235.776733027531,7758.619231000408,0.38002169282911497,0.5771507089592738,0.6164050132274461,0.42153229277011756,0.003573293943438815,0.0013169982706086793
1680.0,7,rectifying_volume_6,tray,168.44353248476634,221.44126798143805,32.178230800564265,12.270040044422055,5222.14276759002,7734.230180977448,0.3487332396543129,0.5425418650646959,0.6449005095395259,0.45502717830230843,0.006366250806161173,0.0024309566329955724
1680.0,8,rectifying_volume_7,tray,170.68797929812487,221.491418319746,32.03902388910583,12.23240404507622,5208.222464926406,7720.753428026825,0.33028045204111,0.5217064509520083,0.6586509305923216,0.4739756752132414,0.011068617366568313,0.004317873834750348
1680.0,9,rectifying_volume_8,tray,172.27999638607457,221.5416545417594,31.889468551209646,12.20706158776278,5187.298643881949,7706.978683699762,0.31913535659296205,0.5095824163146246,0.6619146780754076,0.48292572515817145,0.018949965331630264,0.007491858527203963
1680.0,10,rectifying_volume_9,tray,173.69384266465698,221.59182768843124,31.68736551953519,12.18489876036216,5152.938412285282,7686.192045361259,0.3116729695763653,0.5025774490660084,0.6562571732330682,0.4846213966579861,0.03206985719056656,0.012801154276005556
1680.0,11,rectifying_volume_10,tray,175.34037210433922,221.6418316717819,31.41580598677893,12.155762738221446,5096.72144872584,7651.963028596796,0.30545609223896136,0.49840092899445637,0.6408980744193297,0.4799903488752975,0.053645833341709116,0.02160872213024609
1680.0,12,feed_tray,tray,177.65648452187918,221.7167378320168,45.888146562875356,10.940144742856935,12235.024158889517,7595.873502568035,0.2986475522544377,0.49563394481264594,0.6130014432702614,0.46835786673325597,0.08835100447530084,0.036008188454098075
1680.0,13,stripping_volume_1,tray,181.1160037809514,221.79228547330584,45.69779345387367,10.887234152993626,12255.936867481616,7591.400010048422,0.27034195399925803,0.45857133949662743,0.6399609116157716,0.5035694884715832,0.0896971343849703,0.03785917203178922
1680.0,14,stripping_volume_2,tray,185.27545242045113,221.8688729961243,45.522265969412715,10.82246748651952,12292.979467234221,7612.517748447096,0.2370797127796344,0.41259311159395856,0.6716452271449037,0.5472436997274117,0.09127506007546171,0.04016318867862966
1680.0,15,stripping_volume_3,tray,190.00898389065915,221.94672499826353,45.31615837406828,10.753740270916852,12349.87670850741,7649.770356002242,0.20024660791798063,0.3584926471480361,0.7066286597521495,0.5985709192209038,0.09312473232986994,0.04293643363106009
1680.0,16,stripping_volume_4,tray,195.08473778377763,222.0162023925684,53.489969352895784,12.129445270534573,12425.54714944853,7706.878985170947,0.1619817091955543,0.2986182801607248,0.7425088710458507,0.6551270043243319,0.09550941975859488,0.04625471551494336
1680.0,17,stripping_volume_5,tray,200.2473849304217,222.08706002720353,53.19107624271191,12.056053924559981,12512.04231513455,7782.780731652844,0.12471505960131501,0.23662522187312846,0.7759357977374155,0.7128604497364175,0.09934914266126954,0.050514328390454
1680.0,18,stripping_volume_6,tray,205.35169944056992,222.15990779765062,53.223141625101306,11.958099704713097,12590.80474627782,7869.501022712549,0.09054730595904703,0.17660487148999884,0.8021893193107539,0.7662849146286715,0.10726337473019922,0.05711021388132962
1680.0,19,stripping_volume_7,tray,210.59311079366236,222.23411572335328,52.787825814674065,11.889944656348906,12627.474225124473,7948.481036713949,0.06082557154909416,0.12201211853963727,0.8132112568375107,0.8079268269514426,0.1259631716133951,0.07006105450892015
1680.0,20,combined_reboiler_sump,reboiler_sump,216.8817171934027,222.2593559209768,758.1547989998597,77.28216771742153,,7985.3633192366615,0.03606722032457412,0.07490326839092276,0.7926154376099322,0.8253008040779481,0.17131734206549368,0.09979592753112916
1710.0,1,reflux_drum,reflux_drum,120.71333176537595,221.17570661630108,1621.6821432940333,121.8877237939653,,,0.8796248129303929,0.9460305065696583,0.12033326963494834,0.05395984163859172,4.191743465887846e-05,9.651791750096955e-06
1710.0,2,rectifying_volume_1,tray,130.08890517853578,221.2231360419432,38.030218001723725,49.4588776589787,5663.061490827511,8449.444383308728,0.7565930447146679,0.880398075669309,0.24324551478673387,0.11956087886162138,0.00016144049859832625,4.1045469069694854e-05
1710.0,3,rectifying_volume_2,tray,141.07205533153447,221.27220123192097,34.30319604746348,12.801475683206617,5443.336704845703,8160.897883746614,0.6252115885813649,0.7951192452629572,0.37435533452928504,0.2047568571286541,0.00043307688935006306,0.00012389760838872428
1710.0,4,rectifying_volume_3,tray,151.40430729493576,221.32111987874117,33.372354773369565,12.582946531494464,5317.876692792783,7941.392551235216,0.5128016177907168,0.7061908352309346,0.4862317656730397,0.2935001909300651,0.0009666165362436041,0.00030897383900028823
1710.0,5,rectifying_volume_4,tray,159.44884912654996,221.3703305654374,32.79196979080842,12.426324429594766,5260.2675934567305,7816.140281912302,0.4319834450216848,0.631072047709411,0.5660921586254599,0.3682580728316021,0.0019243963528553021,0.0006698794589868285
1710.0,6,rectifying_volume_5,tray,164.942368296203,221.4198778984807,32.39314896892518,12.331271399990722,5235.683464354752,7758.718218275824,0.38009087236907846,0.5772128806365739,0.6163360599978767,0.4214702105682083,0.0035730676330450336,0.0013169087952178
1710.0,7,rectifying_volume_6,tray,168.449199632675,221.469776668477,32.177677694254996,12.27188242009607,5222.037588679085,7734.301650880123,0.3487894618344738,0.5425931582414586,0.6448444074526756,0.45497591499058754,0.006366130712850632,0.0024309267679538844
1710.0,8,rectifying_volume_7,tray,170.69468309279537,221.51992241176822,32.03839850402905,12.234222763372225,5208.110226138532,7720.807991337906,0.33032680643622386,0.5217481221158854,0.6586044820771636,0.4739338986520374,0.011068711486612629,0.004317979232077209
1710.0,9,rectifying_volume_8,tray,172.28748103876947,221.57015405038516,31.888790759313302,12.208863189018416,5187.181314908272,7707.021475128747,0.31917459654613684,0.5096166057913529,0.6618750495362696,0.482891210205045,0.018950353917593532,0.007492184003602141
1710.0,10,rectifying_volume_9,tray,173.70190262099484,221.62032262265856,31.686651131341982,12.186687070960035,5152.81710526908,7686.225102151502,0.31170713105719533,0.5026060853463008,0.6562224242344779,0.48459216718343195,0.032070444708326686,0.012801747470267208
1710.0,11,rectifying_volume_10,tray,175.34884142152788,221.67032203793718,31.415071892285113,12.157539307586212,5096.5982104677905,7651.987428092065,0.3054865956148638,0.4984254397032845,0.6408674159375388,0.4799650945061141,0.053645988447597416,0.02160946579060152
1710.0,12,feed_tray,tray,177.66518153676463,221.74522490213045,45.88827316108223,10.941645321762334,12235.39770645108,7595.89129985613,0.29867547252823246,0.4956552947736722,0.6129756897388807,0.46833619592124287,0.08834883773288689,0.036008509305084965
1710.0,13,stripping_volume_1,tray,181.1236137469215,221.82077235914122,45.6979669831299,10.888745772288992,12256.299414173944,7591.909513136774,0.2703783113923259,0.45860600818407005,0.6399271865170351,0.5035351646787446,0.08969450209063919,0.037858827137185316
1710.0,14,stripping_volume_2,tray,185.28201878233554,221.89735931372118,45.52247201877599,10.823986548067388,12293.325699702833,7613.010622634236,0.23712359288897694,0.4126418337978674,0.6716043832613974,0.5471960185869519,0.09127202384962575,0.04016214761518063
1710.0,15,stripping_volume_3,tray,190.0147598733798,221.9752103393867,45.31637363861459,10.755261077144208,12350.204153344737,7650.240925350167,0.20029545946998484,0.35855379722588987,0.7065831417943675,0.5985114350827865,0.09312139873564758,0.042934767691323705
1710.0,16,stripping_volume_4,tray,195.09016491413172,222.0446867833744,53.490146580925824,12.13116654914917,12425.859368804471,7707.324647412386,0.1620317565898758,0.2986875532409061,0.7424623762105327,0.6550598625521542,0.0955058671995915,0.04625258420693967
1710.0,17,stripping_volume_5,tray,200.25301426018376,222.1155432790917,53.19121769388311,12.05776034653228,12512.350388689647,7783.204201176081,0.12476204108079862,0.236696038922468,0.7758926276967277,0.7127920395206395,0.09934533122247359,0.05051192155689248
1710.0,18,stripping_volume_6,tray,205.35800407923824,222.1883898847911,53.223246866491,11.95978030586811,12591.124730673406,7869.91358709428,0.09058773739736674,0.17667039839446633,0.8021534475980189,0.7662221040367134,0.1072588150046143,0.05710749756882026
1710.0,19,stripping_volume_7,tray,210.6003271531167,222.2625968000759,52.78791425659535,11.891602813079606,12627.824733894191,7948.898950417397,0.06085738012335704,0.1220670344095891,0.8131865506016432,0.8078757495918558,0.12595606927499978,0.07005721599855512
1710.0,20,combined_reboiler_sump,reboiler_sump,216.8896631817784,222.28783574252594,758.132240618198,77.2940935171885,,7985.805335471542,0.03608979987565105,0.07494472559412112,0.79260798284618,0.8252674555057941,0.17130221727816888,0.09978781890008476
1740.0,1,reflux_drum,reflux_drum,120.72068089271077,221.20385234696167,1625.430670208092,121.6285383714232,,,0.8796674731276843,0.9460484035685975,0.12029065119730567,0.05394195365025686,4.187567500992594e-05,9.64278114559571e-06
1740.0,2,rectifying_volume_1,tray,130.09394977914624,221.25127860207905,38.029934742864405,49.46635724987658,5663.085040053621,8449.685396022991,0.7566652569019254,0.8804344265998094,0.24317337542943285,0.11952454524408268,0.00016136766864165855,4.102815610791765e-05
1740.0,3,rectifying_volume_2,tray,141.0752435213675,221.30034034812348,34.30303253886871,12.803435251040456,5443.338549717192,8161.145450681459,0.6253018933998892,0.7951753407584332,0.3742651470624518,0.20470079523769028,0.00043295953765891187,0.0001238640038764469
1740.0,4,rectifying_volume_3,tray,151.40696407286725,221.34925522903166,33.37212440391378,12.584875906937585,5317.836730917716,7941.610575574072,0.5128924560153687,0.7062584716625262,0.48614108414494805,0.2934326088153167,0.0009664598396832662,0.0003089195221571276
1740.0,5,rectifying_volume_4,tray,159.45220400335077,221.39846183870546,32.79161457095957,12.428210075909796,5260.192539317232,7816.308792088733,0.4320633034787431,0.6311391352533714,0.5660124591010764,0.36819104831040983,0.0019242374201802865,0.000669816436218687
1740.0,6,rectifying_volume_5,tray,164.94694427542177,221.44800491507195,32.39267507195635,12.333117316296201,5235.586917266654,7758.844880009126,0.380156843959343,0.5772717504972029,0.6162701788679849,0.42141137668576817,0.0035729771726721745,0.001316872817028863
1740.0,7,rectifying_volume_6,tray,168.45498151023335,221.49789936009114,32.177109413511396,12.273697398226211,5221.9289016355915,7734.400989996063,0.3488432348735937,0.542641842619481,0.6447905531510955,0.4549271791216473,0.006366211975310803,0.00243097825887155
1740.0,8,rectifying_volume_7,tray,170.70144960764082,221.54804076386742,32.03775925655248,12.23601521831799,5207.993898562958,7720.889973049252,0.33037124756720226,0.5217877431339831,0.6585596644016565,0.4738940565426688,0.011069088031141292,0.004318200323348045
1740.0,9,rectifying_volume_8,tray,172.29499576082458,221.5982680624034,31.888099000917457,12.210639258152963,5187.059178840344,7707.090901299167,0.3192122677259388,0.5096491311534379,0.6618366180520406,0.48285820552999437,0.0189511142220205,0.007492663316567662
1740.0,10,rectifying_volume_9,tray,173.70997337419968,221.64843229214884,31.68592204679511,12.18845033998121,5152.690301705736,7686.283887553829,0.3117399354455894,0.502633301886208,0.6561885871021429,0.4845641707166207,0.03207147745226775,0.012802527397171267
1740.0,11,rectifying_volume_10,tray,175.35730750189467,221.69842736109354,31.41432276025233,12.15929127437736,5096.469026738881,7652.036690921502,0.30551587815733783,0.4984486776374616,0.6408375323214967,0.47994092084027506,0.05364658952116553,0.02161040152226327
1740.0,12,feed_tray,tray,177.67385582071853,221.77332713593566,45.88837698192014,10.943125092723184,12235.758191191433,7595.933342519039,0.2987022868120073,0.4956754602121569,0.6129507803595131,0.46831558636442305,0.08834693282847955,0.03600895342342008
1740.0,13,stripping_volume_1,tray,181.13126314987417,221.8488745774015,45.698113922292215,10.890235811905612,12256.648934686156,7592.435847991083,0.2704130828460882,0.4586387707348884,0.6398947562753902,0.5035025821741371,0.08969216087852158,0.0378586470909743
1740.0,14,stripping_volume_2,tray,185.28867649783408,221.92546114424945,45.52264894946378,10.82548352318201,12293.659252015903,7613.520064886649,0.23716551918809853,0.4126879888732683,0.6715651776314661,0.5471506997044854,0.09126930318043533,0.04016131142224645
1740.0,15,stripping_volume_3,tray,190.02065804179986,222.00331138528298,45.3165588098416,10.756759695149382,12350.519330510795,7650.728105245722,0.20034218015819874,0.3586119136418928,0.7065394199759726,0.5984547463566575,0.09311839986582872,0.04293334000144968
1740.0,16,stripping_volume_4,tray,195.09571637518323,222.0727870263199,53.4902891365158,12.132863051427348,12426.15925904225,7707.787028558016,0.1620797291368491,0.29875364593438897,0.7424176031868293,0.6549956389495254,0.09550266767632176,0.04625071511608562
1740.0,17,stripping_volume_5,tray,200.25874154920493,222.1436425268595,53.19132537104597,12.05944285921719,12512.64535090034,7783.643999850877,0.12480721737366754,0.2367638999239492,0.7758508830432351,0.7127263057829484,0.09934189958309732,0.05050979429310233
1740.0,18,stripping_volume_6,tray,205.36435880986014,222.21648809798924,53.22331882343448,11.961438200998789,12591.429910505836,7870.341377883154,0.09062678471309457,0.1767335272857261,0.8021185308658515,0.7661613915333254,0.10725468442105388,0.05710508118094845
1740.0,19,stripping_volume_7,tray,210.6075353539786,222.2906941098433,52.78796941782678,11.89323944916046,12628.157954188477,7949.330087258232,0.06088829521519072,0.12212032979735522,0.8131622243065223,0.8078259577093037,0.1259494804782869,0.07005371249334116
1740.0,20,combined_reboiler_sump,reboiler_sump,216.89754226041427,222.31593192191164,758.1099014764246,77.30585451462503,,7986.257786831133,0.036111972481885524,0.07498542294835776,0.7926003081484956,0.8252344836935883,0.1712877193696189,0.09978009335805381
1770.0,1,reflux_drum,reflux_drum,120.72789278911158,221.23156201198256,1629.186650681203,121.36849017540186,,,0.8797097784615178,0.9460661732508063,0.1202483864771354,0.05392419272754811,4.1835061346917226e-05,9.634021645487972e-06
1770.0,2,rectifying_volume_1,tray,130.09906167547132,221.27898538481693,38.02963340961062,49.47370737424954,5663.103198188653,8449.959342770928,0.7567345088155029,0.8804691386669833,0.24310418752817595,0.11948984820341058,0.00016130365632128224,4.101312960619645e-05
1770.0,3,rectifying_volume_2,tray,141.07866863780873,221.32804395694768,34.30283882860192,12.805358441346279,5443.334040385933,8161.419159702292,0.6253875310266664,0.7952282128056328,0.3741796026437006,0.20464794950415946,0.00043286632963289993,0.00012383769020766184
1770.0,4,rectifying_volume_3,tray,151.40991482526482,221.3769553466569,33.3718648287273,12.586769079587864,5317.791878184534,7941.853481333407,0.5129783964093368,0.7063220291698245,0.48605525143903494,0.2933690887848914,0.0009663521516282977,0.00030888204528430963
1770.0,5,rectifying_volume_4,tray,159.45581210830335,221.42615816097396,32.79123626359861,12.43006143134738,5260.113951905229,7816.50336855586,0.43213896070011826,0.631202235127016,0.5659368759468806,0.3681279796462138,0.0019241633530010104,0.0006697852267702924
1770.0,6,rectifying_volume_5,tray,164.95169521806082,221.47569726133216,32.39218378405969,12.334931063265481,5235.487309378684,7758.998711413721,0.38021952832038675,0.5773272552679037,0.6162074511877529,0.42135585520683483,0.003573020491860319,0.001316889525261485
1770.0,7,rectifying_volume_6,tray,168.4608652029203,221.52558765374366,32.17652724241803,12.275481893201425,5221.816950648713,7734.527739894255,0.34889449236486375,0.5426878646669057,0.6447390164985342,0.45488102565446603,0.006366491136602027,0.0024311096786283435
1770.0,8,rectifying_volume_7,tray,170.7082647517241,221.57572497881551,32.03710754929135,12.237778352596022,5207.873749074034,7720.998951027479,0.33041371954636156,0.5218252700378511,0.6585165387576407,0.473856195149172,0.011069741695997549,0.004318534812976959
1770.0,9,rectifying_volume_8,tray,172.30252547522633,221.62594818604717,31.88739478085638,12.212386759632604,5186.932523539677,7707.18657155035,0.3192483224476201,0.5096799566060582,0.6617994387124709,0.48282675030559014,0.018952238839908972,0.0074932930883516245
1770.0,10,rectifying_volume_9,tray,173.71803905922823,221.67610831074026,31.68517985120418,12.190185549707664,5152.558307723102,7686.3680400871945,0.3117713413380437,0.5026590695139864,0.6561557122209614,0.4845374408662504,0.03207294644099499,0.012803489619763209
1770.0,11,rectifying_volume_10,tray,175.36575394902374,221.72609926082205,31.413560216027626,12.161015636057716,5096.3342140340565,7652.110481661106,0.30554390306930973,0.49847061892147787,0.6408084684108252,0.47991785653550206,0.05364762851986509,0.021611524543020035
1770.0,12,feed_tray,tray,177.68249090049338,221.8009961565289,45.8884581347524,10.944581520597673,12236.105091272402,7595.9993129668455,0.2987279610515946,0.4956944214866666,0.6129267496175691,0.46829606052077183,0.08834528933083627,0.036009517992561545
1770.0,13,stripping_volume_1,tray,181.13893648381153,221.87654374936022,45.69823435713297,10.891701729420548,12256.984926378722,7592.977868926868,0.2704462266732042,0.4586695949890178,0.6398636627359153,0.5034717754506877,0.08969011059088051,0.037858629560294496
1770.0,14,stripping_volume_2,tray,185.29541114421306,221.95313010765352,45.52279682811916,10.826955864095815,12293.979645864474,7614.044959701213,0.2372054419663226,0.4127315294864802,0.6715276598760986,0.5471077921727527,0.09126689815757873,0.040160678340767066
1770.0,15,stripping_volume_3,tray,190.02666497284469,222.03097975512608,45.31671395222282,10.758233575263796,12350.821790380405,7651.23081602402,0.2003867135564082,0.35866693319786236,0.706497550483265,0.5984009174301014,0.09311573596032685,0.04293214937203622
1770.0,16,stripping_volume_4,tray,195.10137942540388,222.10045474033222,53.490397231166504,12.13453188502036,12426.44640139543,7708.265089322562,0.1621255667061719,0.2988164814162341,0.7423746118307963,0.654934411080223,0.09549982146303176,0.04624910750354303
1770.0,17,stripping_volume_5,tray,200.26455419869995,222.1713093896127,53.1913995359698,12.061098583155337,12512.92680569145,7784.099132329,0.1248505290273354,0.23682872020621992,0.7758106229200076,0.7126633336810105,0.09933884805265705,0.05050794611276949
1770.0,18,stripping_volume_6,tray,205.37075063622115,222.24415405681796,53.22335781435499,11.963070539252064,12591.719896632369,7870.7834350888315,0.09066439333731771,0.17679417300678732,0.8020846226503623,0.7661028624151837,0.10725098401232,0.057102964578029075
1770.0,19,stripping_volume_7,tray,210.61472170486164,222.31835927279542,52.78799164262226,11.894851736530413,12628.473479536033,7949.77350637928,0.06091827020941788,0.12217192591540244,0.8131383197398985,0.8077775284456344,0.1259434100506836,0.07005054563896314
1770.0,20,combined_reboiler_sump,reboiler_sump,216.9053403665473,222.34359608006667,758.0878150627593,77.31743101684326,,7986.719727104438,0.03613370106659778,0.07502529274639644,0.7925924317334273,0.8252019469596006,0.17127386719997495,0.099772760294003
1800.0,1,reflux_drum,reflux_drum,120.73495533036926,221.25878843548318,1632.942178641697,121.10813476932717,,,0.8797516555121792,0.9460837846342113,0.12020654884143518,0.053906589841314176,4.179564638565901e-05,9.625524474510083e-06
1800.0,2,rectifying_volume_1,tray,130.1042299088347,221.30620921688464,38.02931483230101,49.48091571165168,5663.115997439665,8450.265441134445,0.7568007114548403,0.880502169893697,0.24303804010991834,0.11945682972645033,0.00016124843524147265,4.1000379852650535e-05
1800.0,3,rectifying_volume_2,tray,141.0823206059563,221.35526488842322,34.30261568864502,12.807242065186339,5443.323259439559,8161.718304351869,0.6254684040613371,0.795277807175884,0.3740987988899381,0.2045983742253005,0.00043279704872484134,0.00012381859881552932
1800.0,4,rectifying_volume_3,tray,151.41314962322718,221.4041730654266,33.37157692248565,12.58862291485823,5317.742271457238,7942.120627320548,0.5130593435320435,0.7063814450933154,0.485974363582456,0.2933096936980836,0.0009662928855003829,0.00030886120860109864
1800.0,5,rectifying_volume_4,tray,159.45966282996332,221.45337237027996,32.79083588379973,12.431875415943438,5260.032013430627,7816.723438815759,0.4322103311411772,0.631261284200501,0.5658654959285612,0.368068930417907,0.0019241729302614393,0.0006697853815921076
1800.0,6,rectifying_volume_5,tray,164.95660938696406,221.50290777986146,32.39167625873924,12.336709605462676,5235.384856492334,7759.179198039137,0.38027885235430936,0.5773793377768683,0.616147952270024,0.4213037041713282,0.00357319537566666,0.001316958051803399
1800.0,7,rectifying_volume_6,tray,168.4668377827535,221.55279439683733,32.175932460876226,12.277232904077444,5221.701977498949,7734.681430661461,0.3489431727604742,0.5427311758051292,0.6446898626990025,0.45483750467597683,0.006366964540523359,0.0024313195188940245
1800.0,8,rectifying_volume_7,tray,170.71511452252457,221.60292790900195,32.036444775144325,12.239509191411068,5207.750042104145,7721.134490935154,0.3304541703347472,0.5218606627919722,0.6584751627462107,0.47382035690868296,0.011070666919042101,0.004318980299344874
1800.0,9,rectifying_volume_8,tray,172.31005526780706,221.65314727885516,31.8866795908056,12.214102738934018,5186.801634608978,7707.308082885629,0.3192827161554355,0.5097090495021287,0.6617635637911766,0.4827968806847681,0.018953720053387902,0.007494069813103118
1800.0,10,rectifying_volume_9,tray,173.72608402700115,221.7033035412741,31.684426114523276,12.19188976231579,5152.421427393611,7686.477186020163,0.3118013099566628,0.5026833616367499,0.6561238477000387,0.4845120088030938,0.03207484234329853,0.01280462956015622
1800.0,11,rectifying_volume_10,tray,175.37416462234918,221.75329060540182,31.412785867873687,12.162709469021996,5096.1940868827705,7652.208452751105,0.3055706358185447,0.4984912418524911,0.640780267127327,0.4798959282110432,0.053649097054128264,0.021612829936465672
1800.0,12,feed_tray,tray,177.69107059292477,221.8281848354745,45.88851674740842,10.94601213696909,12236.437904719673,7596.0888814815,0.2987524631801068,0.49571216083325864,0.6129036302883323,0.4682776390643712,0.08834390653156098,0.03601020010237011
1800.0,13,stripping_volume_1,tray,181.1466184367056,221.90373274464972,45.69832839680487,10.893141050303337,12257.306905866219,7593.534439935092,0.27047770391904474,0.45869845179755486,0.6398339453346775,0.5034427761458428,0.0896883507462777,0.0378587720566023
1800.0,14,stripping_volume_2,tray,185.30220840375304,221.98031907210046,45.522915748191075,10.828401091793191,12294.286421083354,7614.584200588187,0.23724331488506695,0.41277241246084795,0.671491876610627,0.5470673411475883,0.091264808504306,0.040160246391563785
1800.0,15,stripping_volume_3,tray,190.03276728484738,222.0581683161484,45.31683915828281,10.759680236892526,12351.111100136122,7651.7479858436745,0.2004290070033382,0.3587187978007753,0.7064575861409395,0.5983500078645246,0.09311340685572235,0.04293119433470007
1800.0,16,stripping_volume_4,tray,195.10714134180864,222.12764279225644,53.4904711069021,12.136170235601972,12426.72039301531,7708.7577968314345,0.1621692129804912,0.298875988489666,0.7423334586262131,0.654876251206934,0.0954973283932957,0.046247760303400005
1800.0,17,stripping_volume_5,tray,200.27043965283215,222.1984967342259,53.19144047868168,12.06272471574198,12513.194373039503,7784.568608682542,0.12489192008449024,0.23689042065817004,0.7757719034684437,0.7126032031786654,0.09933617644706602,0.0505063761631646
1800.0,18,stripping_volume_6,tray,205.3771666675109,222.27134062847688,53.22336418396931,11.964674544773981,12591.994317573217,7871.238804174597,0.09070051159490337,0.17685225531122503,0.8020517741975415,0.7660465974896747,0.10724771420755506,0.05710114719910024
1800.0,19,stripping_volume_7,tray,210.62187269875295,222.34554515657982,52.787981301444205,11.89643692040511,12628.770924371585,7950.228273903455,0.06094726063051839,0.1222217478154648,0.813114877415333,0.8077305356581644,0.12593786195414872,0.07004771652637082
1800.0,20,combined_reboiler_sump,reboiler_sump,216.91304368553483,222.3707810853086,758.0660139092522,77.32880387533271,,7987.19022023664,0.03615494991413664,0.07506426985523394,0.7925843719544218,0.8251699019657762,0.1712606781314416,0.09976582817898993
