time_s,stage,volume,node_type,T_F,P_psia_hyd,ML_lbmol,MV_lbmol,L_out_used_lbmolph,V_out_lbmolph,x_n-Propane,y_n-Propane,x_n-Butane,y_n-Butane,x_n-Pentane,y_n-Pentane
0.25,1,reflux_drum,reflux_drum,121.00325876927327,222.431878363664,1714.292445118012,115.76502267795757,,,0.8820366035736673,0.9470772446045508,0.11792283791640723,0.05291339395001237,4.055850992547544e-05,9.361445436893576e-06
0.25,2,rectifying_volume_1,tray,130.31289112414123,222.47913374241944,38.01480985206277,49.79336852412247,5662.963082204083,8455.50729842326,0.7598184929411979,0.8820215776082917,0.24002043389500932,0.11793741668067315,0.00016107316379270511,4.1005711035180724e-05
0.25,3,rectifying_volume_2,tray,141.25622372652552,222.5280127121058,34.28921250392553,12.888257184665145,5441.750462232029,8166.453982913197,0.6287557991011327,0.7972709000821984,0.3708086486319416,0.20260443784266777,0.00043555226692578185,0.0001246620751339287
0.25,4,rectifying_volume_3,tray,151.59532288673532,222.5767329284273,33.353903611292644,12.667817624194214,5314.483224431678,7945.309602995386,0.5160946808578942,0.7085468545581243,0.48293006816358014,0.2911413576006356,0.0009752509785256027,0.0003117878412401672
0.25,5,rectifying_volume_4,tray,159.6811777767841,222.6257344987589,32.768097401875394,12.509155271069975,5255.550977815849,7818.108308653338,0.4347386524533454,0.6332605169346746,0.5633173442357725,0.36606253174704767,0.0019440033108821578,0.0006769513182776786
0.25,6,rectifying_volume_5,tray,165.2251763377868,222.67506686584295,32.364736343325276,12.412478892869771,5230.194606372466,7759.242771226339,0.3823023150450926,0.5790454247687004,0.6140879359119543,0.4196231751728003,0.003609749042952952,0.0013314000584994559
0.25,7,rectifying_volume_6,tray,168.77625262458798,222.72474839176746,32.14582518190638,12.351914191717169,5216.101506177344,7733.953669040754,0.35056893566502495,0.5440594716641504,0.6430042269456729,0.453483762816802,0.006426837389302221,0.002456765519047622
0.25,8,rectifying_volume_7,tray,171.05563987690707,222.77467621947537,32.00400505967775,12.31343259465391,5201.869016112546,7719.926941599544,0.3317968325086542,0.5229167980893277,0.6570434221223509,0.4727237873458053,0.011159745368994925,0.00435941456486697
0.25,9,rectifying_volume_8,tray,172.6731053616439,222.82468969928007,31.852557138072807,12.2874882867068,5180.696041523946,7705.75866974748,0.32043184327844804,0.5105669061512298,0.6604950343105843,0.4818805992128125,0.019073122410967633,0.0075524946359577854
0.25,10,rectifying_volume_9,tray,174.1049047091758,222.87463992850542,31.649229722113457,12.26486217110192,5146.15081495361,7684.647104931928,0.31281988635975533,0.5034021658000358,0.6549685982110535,0.48371792013956116,0.03221151542919131,0.012879914060403012
0.25,11,rectifying_volume_10,tray,175.76252469998937,222.92442106073108,31.37733370137874,12.235327344731555,5089.894866000842,7650.160695273556,0.30650373917616935,0.49911262109888094,0.6397393392001397,0.47919460317235973,0.053756921623690966,0.021692775728759196
0.25,12,feed_tray,tray,178.08069817569705,222.99916413945095,45.88938519995735,11.007325691201176,12250.636290689794,7593.962651068995,0.2996387868847679,0.49626393479231495,0.6120494453847344,0.4676778376758107,0.08831176773049772,0.03605822753187423
0.25,13,stripping_volume_1,tray,181.50901823219513,223.07469280685842,45.700280694283876,10.954644296232019,12271.202282954408,7611.833453643136,0.2715767554513519,0.4596001258555844,0.6387745512004487,0.5025075871214538,0.08964869334819935,0.03789228702296177
0.25,14,stripping_volume_2,tray,185.63772538651273,223.15124945176336,45.52561722627968,10.889994716008513,12307.745623460085,7632.500812342268,0.23853745408509255,0.41405641250674297,0.6702428422778132,0.54576502199512,0.09121970363709411,0.04017856549813706
0.25,15,stripping_volume_3,tray,190.34712797232257,223.2290575428427,45.31970133860689,10.821227663354486,12364.066652135076,7669.14405556655,0.20185793469975,0.3603591011658557,0.7050753107278074,0.5967043615713775,0.09306675457244269,0.04293653726276692
0.25,16,stripping_volume_4,tray,195.4114388742378,223.29849652414455,53.4904498392166,12.205839998072053,12439.241739391253,7725.563893571156,0.16363714278505084,0.30077369995395326,0.740908965714738,0.6529806256266714,0.09545389150021118,0.04624567441937528
0.25,17,stripping_volume_5,tray,200.57928128739593,223.36930872429508,53.190277257980405,12.131918839764504,12525.554518067385,7800.842881204248,0.12628630282494385,0.23888043612468202,0.7744141731934935,0.7106147313959923,0.09929952398156264,0.05050483247932575
0.25,18,stripping_volume_6,tray,205.7043206625453,223.44210885957415,53.220931846138626,12.033007982991824,12604.59755227476,7887.257597453025,0.09192301393614367,0.17874881116582428,0.8008639439633022,0.7641455712139086,0.10721304210055407,0.057105617620267196
0.25,19,stripping_volume_7,tray,210.9759460501878,223.5162726166944,52.78461185384768,11.964037550033822,12642.096374127268,7966.399519271498,0.061932741702113214,0.12386614718333692,0.812199015755963,0.8060863820116726,0.12586824254192377,0.07004747080499053
0.25,20,combined_reboiler_sump,reboiler_sump,217.29196613877002,223.54145375299134,757.1986141387035,77.80047343834495,,8003.9941019442085,0.036875901828692326,0.07635577158700654,0.7921112566187886,0.823954485594188,0.17101284155251908,0.0996897428188055
30.0,1,reflux_drum,reflux_drum,121.00876579745652,222.44926639069698,1719.3763161841132,115.39799260175172,,,0.8820492876759247,0.9470816830026814,0.11791014219589686,0.05290895241111644,4.0570128178292334e-05,9.364586202218184e-06
30.0,2,rectifying_volume_1,tray,130.31936772992654,222.49652139829487,38.01426967482922,49.797661999572554,5662.925724871317,8455.836512416532,0.7598204327502428,0.8820191706724325,0.24001840016243664,0.11793979748063126,0.0001611670873203658,4.103184693630839e-05
30.0,3,rectifying_volume_2,tray,141.26343472569636,222.54539974097844,34.28866713121436,12.889345489471348,5441.69882126042,8166.727119388144,0.6287515188290312,0.7972624238102544,0.37081266817492275,0.20261283244477685,0.0004358129960461373,0.0001247437449688019
30.0,4,rectifying_volume_3,tray,151.60274883418336,222.59411926079989,33.35335828875697,12.66888782795061,5314.429793020508,7945.563411398884,0.5160902630122618,0.708536239206927,0.48293394420734276,0.29115178304014655,0.000975792780395369,0.0003119777529264453
30.0,5,rectifying_volume_4,tray,159.68845391119535,222.6431200652698,32.76756585034364,12.510219978330772,5255.49615536916,7818.355505214498,0.43473712164832645,0.6332514787317246,0.5633179102623891,0.3660712015968789,0.0019449680892843094,0.0006773196713964325
30.0,6,rectifying_volume_5,tray,165.23221207859058,222.69245156781352,32.36421129856913,12.413543514710119,5230.135207878826,7759.484222680115,0.3823038716689893,0.5790393552854661,0.6140848190329253,0.4196286126233038,0.0036113092980853308,0.001332032091230058
30.0,7,rectifying_volume_6,tray,168.78311151576068,222.74213211007492,32.14529363642697,12.352979205817041,5216.03493934982,7734.186620802859,0.35057267761100785,0.5440560082643728,0.6429981319216649,0.45348623156484097,0.006429190467327368,0.002457760170786316
30.0,8,rectifying_volume_7,tray,171.06242080202523,222.79205883175666,32.00345689674821,12.31449725428704,5201.793804275546,7720.149113559327,0.33180178882351213,0.5229150252333886,0.657035136532006,0.47272410018696803,0.011163074644481921,0.004360874579643321
30.0,9,rectifying_volume_8,tray,172.67988784485877,222.8420710891407,31.851987407887908,12.288551788351583,5180.611716102505,7705.968785315201,0.32043730198533826,0.5105659955863637,0.6604852134940672,0.4818795136979577,0.01907748452059465,0.007554490715678632
30.0,10,rectifying_volume_9,tray,174.1117260817462,222.8920199897495,31.648640575454216,12.265923912842235,5146.058342171064,7684.844811723361,0.31282543878418456,0.5034015397367985,0.6549579809307573,0.48371606683731494,0.032216580285058104,0.012882393425886603
30.0,11,rectifying_volume_10,tray,175.7693547171384,222.9417997034629,31.37673892937797,12.236387285095837,5089.797908158091,7650.347019820375,0.30650928958323004,0.4991119294028696,0.6397292590881318,0.47919270631160354,0.053761451328638216,0.021695364285526795
30.0,12,feed_tray,tray,178.08738890505634,223.01654213223148,45.88932511717983,11.008221057302572,12250.840965726267,7594.141282405186,0.29964462942386,0.49626300341039703,0.6120426387747698,0.4676771429125915,0.0883127318013701,0.036059853677011505
30.0,13,stripping_volume_1,tray,181.5157780429164,223.0920721626818,45.70020691142889,10.955536006261083,12271.402706795976,7612.309145637333,0.27158208154701635,0.4595989791481927,0.6387681718204331,0.5025070235406442,0.08964974663255063,0.03789399731116303
30.0,14,stripping_volume_2,tray,185.64449100249934,223.16863009848618,45.52553428767575,10.890882999491197,12307.942473486706,7632.967504953887,0.2385427699452765,0.41405591876186465,0.6702363827449266,0.5457637399454193,0.09122084730979683,0.040180341292716144
30.0,15,stripping_volume_3,tray,190.3538378462658,223.2464393939335,45.31961180447206,10.822113369291072,12364.259885221407,7669.602309588158,0.20186368808442973,0.36036022069721674,0.705068292349378,0.5967014090038598,0.09306801956619234,0.042938370298923355
30.0,16,stripping_volume_4,tray,195.41805434715744,223.3158792992466,53.49028149963489,12.206844598867539,12439.429116933194,7726.01363302319,0.16364358502552306,0.30077723792030076,0.7409010459176661,0.652975167200461,0.09545536905681078,0.046247594879238324
30.0,17,stripping_volume_5,tray,200.5858154911852,223.38669230964663,53.19009508896741,12.132921551976088,12525.734911296617,7801.281391399729,0.12629332758718048,0.2388866284289077,0.7744052778601787,0.7106064200545977,0.09930139455264088,0.05050695151649452
30.0,18,stripping_volume_6,tray,205.71082534657626,223.4594931338366,53.22073079230964,12.034004957525338,12604.769771062902,7887.683870429856,0.09193030913829253,0.1787573775555242,0.8008541541473179,0.7641344918816124,0.1072155367143897,0.05710813056286346
30.0,19,stripping_volume_7,tray,210.98248272753554,223.53365745689462,52.78438882396817,11.965031080231467,12642.260391175292,7966.8125049236805,0.06193991773637594,0.12387642840598835,0.8121887613967455,0.8060730559250411,0.12587132086687874,0.07005051566897062
30.0,20,combined_reboiler_sump,reboiler_sump,217.2985204610719,223.558838818355,757.1842079728146,77.80737696772142,,8004.393873922193,0.03688260857663008,0.07636700091786772,0.7921024485621928,0.8239403044155265,0.1710149428611772,0.09969269466660587
60.0,1,reflux_drum,reflux_drum,121.0141492873937,222.4661939098692,1724.4568155434529,115.03090319166563,,,0.8820613248003019,0.9470858530825949,0.11789809275145077,0.05290477903812793,4.0582448247328245e-05,9.367879277200175e-06
60.0,2,rectifying_volume_1,tray,130.3257935102787,222.51344867906906,38.01372915034352,49.80182984680106,5662.88682041297,8456.174618424719,0.7598207971902006,0.8820159405351288,0.24001793927353585,0.1179430008425523,0.00016126353626356036,4.105862231893744e-05
60.0,3,rectifying_volume_2,tray,141.27065222930722,222.56232652449287,34.288117318490286,12.890400447215196,5441.645664905122,8167.007239780194,0.6287450962828152,0.7972525566783463,0.3708188240639173,0.20262261612344676,0.00043607965326759776,0.00012482719820698703
60.0,4,rectifying_volume_3,tray,151.61019630963204,222.61104548130362,33.35280972082783,12.669925212952593,5314.375660218054,7945.824160807923,0.5160836855830947,0.7085239409319699,0.4829399688165967,0.2911638875789574,0.0009763456003083726,0.0003121714890727613
60.0,5,rectifying_volume_4,tray,159.69573079116506,222.66004565764842,32.76703398765078,12.511252916735287,5255.441317855169,7818.6103859501345,0.43473374804114656,0.6332408174175757,0.5633203013004958,0.36608148781379557,0.001945950658357501,0.0006776947686288193
60.0,6,rectifying_volume_5,tray,165.2392146915411,222.70937643438046,32.363688593613794,12.414577375401574,5230.076105222911,7759.733978645789,0.38230396993268706,0.5790319184515916,0.6140831340248927,0.4196354070021017,0.0036128960424201433,0.0013326745463066762
60.0,7,rectifying_volume_6,tray,168.7899060763808,222.7590561298075,32.14476621975876,12.354014234435649,5215.968711219539,7734.428126268658,0.3505752815768774,0.5440514607434446,0.6429931373402639,0.45348976963287957,0.006431581082858811,0.0024587696236758583
60.0,8,rectifying_volume_7,tray,171.06911418568663,222.8089818790571,32.00291385883835,12.315532468432421,5201.718839263986,7720.379823850774,0.3318058356427169,0.5229123986312639,0.6570277092401987,0.47272524698091395,0.011166455117084343,0.0043623543878223104
60.0,9,rectifying_volume_8,tray,172.68656730520718,222.8589930441097,31.851423224307702,12.289586208749615,5180.527490977647,7706.187291846538,0.3204420018164791,0.5105643940195376,0.6604760845685237,0.4818790941977569,0.01908191361499724,0.007556511782705527
60.0,10,rectifying_volume_9,tray,174.11843461654334,222.90894074285328,31.64805704552357,12.26695683333253,5145.965813750812,7685.050709491814,0.3128303279411099,0.5034003293704155,0.6549479443051442,0.4837147686994272,0.032221727753745974,0.012884901930157457
60.0,11,rectifying_volume_10,tray,175.77606540745145,222.95871916175057,31.376149708557207,12.237418631656471,5089.700766319702,7650.541327269576,0.3065142378521926,0.49911072071374923,0.6397196890258933,0.47919129714448283,0.05376607312191408,0.02169798214176791
60.0,12,feed_tray,tray,178.09395476998338,223.0334610437959,45.88925775079361,11.009092276589824,12251.037291464532,7594.327716522838,0.29964991309789724,0.49626159733607034,0.6120363082151492,0.467676903446761,0.08831377868695356,0.03606149921716858
60.0,13,stripping_volume_1,tray,181.5224373974989,223.10899249029083,45.70012448604503,10.956403313228698,12271.594859004308,7612.784392197053,0.2715866592673097,0.4595970648060168,0.6387624484496881,0.5025071930914308,0.08965089228300233,0.03789574210255239
60.0,14,stripping_volume_2,tray,185.65117778741612,223.18555177583622,45.52544178471251,10.89174672353158,12308.131250964812,7633.433746155411,0.23854718244433443,0.4140543707163893,0.6702307264796004,0.5457634627797785,0.09122209107606519,0.040182166503832044
60.0,15,stripping_volume_3,tray,190.36048336005447,223.2633623405452,45.31951236680609,10.822974506295507,12364.445283380897,7670.0602274101675,0.2018684506051859,0.36036005695465556,0.7050621594272438,0.5966996776853408,0.09306938996757037,0.04294026536000369
60.0,16,stripping_volume_4,tray,195.42460918396952,223.3328032201284,53.49010275329852,12.207821479306753,12439.60874790256,7726.463190548875,0.163649038315366,0.30077937560331025,0.7408940056419285,0.6529710383175057,0.09545695604270538,0.04624958607918402
60.0,17,stripping_volume_5,tray,200.59228107368992,223.40361709167365,53.18990302350181,12.133896918732852,12525.907371870455,7801.719718902514,0.12629945473586038,0.23889144831692194,0.7743971644489458,0.7105994051327966,0.09930338081519378,0.05050914655028144
60.0,18,stripping_volume_6,tray,205.71724374882984,223.476418652397,53.22052023399613,12.034975168126119,12604.933496938123,7888.109688061527,0.0919368679552897,0.17876474261961478,0.8008449688419697,0.7641245319918825,0.10721816320274079,0.05711072538850277
60.0,19,stripping_volume_7,tray,210.9889103144179,223.5505835816344,52.78415639692031,11.965998380322958,12642.41497527165,7967.2243916712505,0.061946557826407476,0.12388578665785609,0.8121788691600669,0.8060605546468813,0.1258745730135257,0.07005365869526257
60.0,20,combined_reboiler_sump,reboiler_sump,217.30494380729482,223.57576521941726,757.1699987112954,77.81410286147239,,8004.791526915611,0.03688898872405247,0.07637764114582675,0.7920936906552783,0.8239265663843638,0.17101732062066904,0.0996957924698095
90.0,1,reflux_drum,reflux_drum,121.01935982203518,222.48250472915484,1729.488454649784,114.66704311644285,,,0.8820726008622345,0.9470897148701048,0.11788680376994236,0.05290091383296276,4.0595367823189936e-05,9.371296932349457e-06
90.0,2,rectifying_volume_1,tray,130.3321109236777,222.52975939729126,38.01319305255427,49.80583342618103,5662.846689287369,8456.518853211097,0.7598195613862975,0.882011904404944,0.24001907692507676,0.11794700978682579,0.0001613616886256701,4.108580823025499e-05
90.0,3,rectifying_volume_2,tray,141.2778125201335,222.5786368820238,34.28756786400196,12.891412255625491,5441.591440677066,8167.292065661845,0.6287365584134547,0.7972413664527669,0.37082709163010596,0.20263372182724063,0.00043634995643946034,0.00012491171999249543
90.0,4,rectifying_volume_3,tray,151.61759972650827,222.62735541677756,33.35226271757753,12.670920140697687,5314.321295048857,7946.089743267548,0.5160749771179421,0.7085100453317551,0.48294811819008865,0.29117758728170207,0.0009769046919691396,0.0003123673865428631
90.0,5,rectifying_volume_4,tray,159.70294398699434,222.67635511084313,32.766506523225964,12.512244502813743,5255.386951337167,7818.870905901769,0.4347285368121735,0.6332286056046267,0.5633245206259204,0.3660933210137315,0.0019469425619060407,0.0006780733816417316
90.0,6,rectifying_volume_5,tray,165.24612166185955,222.72568530949033,32.36317289805999,12.41557089782661,5230.017827511622,7759.990048742433,0.38230258996767885,0.5790231623960487,0.6140829144306764,0.41964351572202413,0.003614495601644846,0.0013333218819272623
90.0,7,rectifying_volume_6,tray,168.79657519066134,222.7753643049663,32.1442476704837,12.355009700805432,5215.903415446385,7734.676271998799,0.35057671001663776,0.5440458557571235,0.6429893013544161,0.4534943590855241,0.006433988628946121,0.0024597851573524908
90.0,8,rectifying_volume_7,tray,171.07565950419786,222.82528922651278,32.00238083747656,12.3165286656423,5201.644791646027,7720.617254833345,0.33180892565027703,0.52290893100267,0.6570212166775513,0.47272722779956355,0.01116985767217159,0.0043638411977665
90.0,9,rectifying_volume_8,tray,172.69308316666377,222.8752994414858,31.85086967143888,12.29058198768229,5180.444117430649,7706.412478133031,0.3204458914432889,0.510562107013617,0.6604677369303751,0.48187935261789905,0.019086371626336064,0.007558540368483831
90.0,10,rectifying_volume_9,tray,174.12496939643847,222.9252460782167,31.647484387425795,12.267951388188969,5145.874053049323,7685.263196266493,0.31283450173542665,0.5033985378053747,0.6549385845012754,0.4837140442896042,0.03222691376329806,0.012887417905021105
90.0,11,rectifying_volume_10,tray,175.78259579993994,222.97502333989172,31.375571342877564,12.23841185605731,5089.604303858965,7650.742115742264,0.306518531758607,0.49910899850508755,0.6397107204560526,0.47919039479221665,0.053770747785340516,0.021700606702695937
90.0,12,feed_tray,tray,178.10033604251907,223.04976478544705,45.88918360524569,11.009931300655802,12251.223422152942,7594.520519412729,0.2996545829029875,0.49625972180472605,0.6120305166817028,0.46767712825151997,0.08831490041530972,0.03606314994375402
90.0,13,stripping_volume_1,tray,181.5289361276167,223.12529768999084,45.70003403801673,10.957238198786701,12271.77693415652,7613.255090146868,0.2715904368361207,0.4595943879498682,0.6387574415894192,0.5025081055129401,0.0896521215744602,0.03789750653719163
90.0,14,stripping_volume_2,tray,185.65772566983787,223.2018583738323,45.52534041618543,10.892577898475583,12308.310185948181,7633.895514428977,0.23855063881542982,0.41405176578777514,0.6702259357525905,0.5457642084324648,0.09122342543197966,0.040184025779760275
90.0,15,stripping_volume_3,tray,190.3670050357849,223.27967026325516,45.31940378487194,10.823803106861385,12364.621113056852,7670.513865231456,0.20187216499065228,0.3603585915530242,0.7050569798050471,0.5966992017884762,0.0930708552043005,0.04294220665849956
90.0,16,stripping_volume_4,tray,195.4310447710848,223.3491121601754,53.489915060767245,12.208761602683923,12439.778954633965,7726.908701248609,0.16365343924513048,0.3007800724387776,0.7408879207522738,0.6529682960593004,0.09545864000259567,0.046251631501921964
90.0,17,stripping_volume_5,tray,200.59862009731862,223.4199269376247,53.18970265335321,12.134835921767314,12526.07028621989,7802.154101310669,0.1263046162190168,0.2388948318490707,0.7743899169258595,0.710593768818947,0.0993054668551238,0.05051139933198236
90.0,18,stripping_volume_6,tray,205.7235180783405,223.4927292774654,53.220301938996194,12.035909650440466,12605.087188292197,7888.531397747538,0.09194262096013046,0.17877082252137366,0.8008364788672038,0.7641157971091748,0.10722090017266579,0.05711338036945158
90.0,19,stripping_volume_7,tray,210.9951705570134,223.56689484916595,52.78391654444361,11.966930519984768,12642.55865455815,7967.6316435528615,0.061952594998176624,0.12389412494565878,0.812169432620677,0.806049001683906,0.1258779723811464,0.07005687337043531
90.0,20,combined_reboiler_sump,reboiler_sump,217.31117750967263,223.59207681347434,757.1560805064266,77.8205921111977,,8005.183638698434,0.03689498106692845,0.07638758957855778,0.792085062668661,0.8239134003854216,0.1710199562644107,0.09969901003602069
120.0,1,reflux_drum,reflux_drum,121.02439506046198,222.49819158678122,1734.4686591478762,114.30660432716076,,,0.8820831116913564,0.9470932670243527,0.11787627942898202,0.05289735813834641,4.060887966152379e-05,9.374837300878705e-06
120.0,2,rectifying_volume_1,tray,130.33831739449505,222.54544629200782,38.012661590339945,49.809670922569985,5662.80534270255,8456.86918910506,0.759816723468408,0.8820070625916541,0.24002181502620654,0.11795182401448097,0.00016146150538546308,4.111339386508458e-05
120.0,3,rectifying_volume_2,tray,141.28491281484116,222.59432355353604,34.28701897416427,12.892380452975985,5441.536165936442,8167.581588190379,0.6287259049742449,0.7972288550672441,0.3708374712237899,0.2026461476545653,0.00043662380196522884,0.00012499727819060915
120.0,4,rectifying_volume_3,tray,151.6249561896697,222.64304180814096,33.351717492278105,12.671872157918175,5314.266717753286,7946.360157271405,0.5160641378421796,0.7084945552792123,0.4829583923155443,0.2911928793494373,0.0009774698422759386,0.00031256537135035314
120.0,5,rectifying_volume_4,tray,159.71009058627925,222.6920411667677,32.765983673398324,12.513194287348501,5255.333078399289,7819.13706751301,0.43472148784793535,0.6332148462091421,0.5633305687274712,0.366106698423223,0.0019479434245934914,0.00067845536763479
120.0,6,rectifying_volume_5,tray,165.25293010753842,222.74137093610088,32.362664431983546,12.41652363405475,5229.960400375546,7760.252438739127,0.3822997310488815,0.5790130895167176,0.6140841615702011,0.41965293662730246,0.0036161073809174373,0.0013339738559799716
120.0,7,rectifying_volume_6,tray,168.80311601658298,222.7910493796103,32.14373821501352,12.35596515730451,5215.839081469304,7734.9310677262665,0.35057696161366103,0.5440391950176974,0.6429866261504376,0.45349999858307155,0.00643641223590139,0.002460806399231043
120.0,8,rectifying_volume_7,tray,171.08205394990446,222.84097361934315,32.001858067318054,12.31748539826895,5201.571695139017,7720.861420898366,0.3318110570337325,0.522904623404944,0.6570156618368901,0.47273004211507813,0.011173281129377316,0.004365334479977776
120.0,9,rectifying_volume_8,tray,172.69943264962032,222.8909830277073,31.850326992550272,12.291538677357472,5180.361633561039,7706.644363638698,0.3204489686377837,0.5105591350498467,0.6604601742761449,0.4818802891726594,0.019090857086071337,0.007560575777493855
120.0,10,rectifying_volume_9,tray,174.13132767068367,222.9409287435518,31.64692285132358,12.268907129464095,5145.783102149819,7685.482296640406,0.3128379575643377,0.5033961650182204,0.6549299057232674,0.4837138944584119,0.032232136712394804,0.012889940523367626
120.0,11,rectifying_volume_10,tray,175.78894318798118,222.9907049869212,31.375004084594593,12.239366510209745,5089.508565651004,7650.949414557364,0.3065221683176623,0.4991067623060852,0.6397023576807701,0.47919000055735206,0.05377547400156756,0.021703237136562765
120.0,12,feed_tray,tray,178.1065301011827,223.06544610723316,45.88910270720441,11.010737751412776,12251.399277897997,7594.719723967858,0.29965863540113624,0.4962573759486359,0.6120252677786535,0.46767781872861586,0.08831609682021024,0.036064805322748236
120.0,13,stripping_volume_1,tray,181.53527166458184,223.14098051206923,45.69993559885419,10.9580402848907,12271.948856570601,7613.721149133398,0.2715934103826618,0.45959094687293417,0.6387531553095804,0.5025097630419926,0.08965343430775774,0.03789929008507318
120.0,14,stripping_volume_2,tray,185.66413214595926,223.2175426430789,45.525230218715414,10.893376146526643,12308.479207375263,7634.35272504414,0.2385531346915018,0.41404810116676777,0.6702220151730442,0.5457659802367653,0.09122485013545396,0.040185918596466835
120.0,15,stripping_volume_3,tray,190.37340043593233,223.29535591307354,45.31928610147625,10.824598793544679,12364.787308196213,7670.963144284855,0.2018748264080738,0.36035582040529407,0.7050527586215659,0.5966999859253482,0.09307241497036031,0.04294419366935775
120.0,16,stripping_volume_4,tray,195.43735871978552,223.3647988707594,53.489718501886216,12.209664540685285,12439.939677202952,7727.350092676573,0.16365678268246459,0.3007793230959896,0.7408827967930195,0.6529669463096015,0.09546042052451588,0.046253730594408925
120.0,17,stripping_volume_5,tray,200.60483018637774,223.43561459932008,53.189494071314655,12.13573813383702,12526.223600272157,7802.584473647905,0.12630880687844212,0.23889677273623228,0.774383541033374,0.7105895180375854,0.0993076520881838,0.05051370922618236
120.0,18,stripping_volume_6,tray,205.72964591661156,223.5084177613913,53.220076015937,12.036807980397748,12605.230796244061,7888.948941763419,0.09194756332891472,0.17877561058286354,0.8008286899220144,0.7641082947363739,0.10722374674907093,0.05711609468076252
120.0,19,stripping_volume_7,tray,211.00126092588323,223.58258401243378,52.7836693941421,11.9678270779902,12642.691384578751,7968.0342095049655,0.06195802512385337,0.12390143692554322,0.8121604572609927,0.8060384045858418,0.1258815176151539,0.07006015848861512
120.0,20,combined_reboiler_sump,reboiler_sump,217.31721885670655,223.6077663541328,757.142438078689,77.82684367716872,,8005.570164188688,0.03690058245903795,0.07639684089932043,0.792076569772351,0.8239008136221585,0.171022847768611,0.09970234547852118
150.0,1,reflux_drum,reflux_drum,121.02925275129186,222.5132474996376,1739.39486205455,113.9497784113165,,,0.882092853288888,0.9470965082611004,0.11786652373459938,0.05289411324037917,4.062297651262486e-05,9.378498520547973e-06
150.0,2,rectifying_volume_1,tray,130.34441044383357,222.56050238084595,38.01213496476357,49.813340590752375,5662.762791455808,8457.225591294211,0.7598122816734136,0.8820014154089839,0.24002615537804298,0.11795744322231026,0.00016156294854333627,4.114136870572918e-05
150.0,3,rectifying_volume_2,tray,141.2919504347304,222.60937955748923,34.286470847540606,12.893304595366372,5441.479857348153,8167.875790633744,0.6287131357657315,0.7972150243937896,0.3708499631447375,0.20265989176451588,0.0004369010895309646,0.00012508384169458765
150.0,4,rectifying_volume_3,tray,151.63226291588094,222.65809767471987,33.351174249642796,12.672780828790867,5314.211947651992,7946.63539316721,0.5160511679777405,0.7084774735213244,0.4829707911767217,0.29120976110657054,0.000978040845537642,0.000312765372105108
150.0,5,rectifying_volume_4,tray,159.71716779417756,222.7070968456522,32.76546564529119,12.514101838307873,5255.279720510832,7819.408864852356,0.4347126009935475,0.6331995419723342,0.5633384461213775,0.3661216174384901,0.001948952885074842,0.0006788405891756617
150.0,6,rectifying_volume_5,tray,165.25963726863696,222.75642633539306,32.362163405662535,12.417435153181891,5229.903848153631,7760.521145790041,0.3822953923797284,0.5790017019993745,0.6140868768113886,0.4196636677646243,0.0036177308088830734,0.0013346302360011672
150.0,7,rectifying_volume_6,tray,168.8095258378707,222.80610437592537,32.14323806940326,12.35688017322927,5215.775737273409,7735.192514299404,0.35057603495622847,0.5440314799970635,0.6429851139738728,0.45350668701064845,0.006438851069898824,0.002461832992288122
150.0,8,rectifying_volume_7,tray,171.08829484357966,222.85602808079574,32.00134577217345,12.318402235510144,5201.499581859073,7721.112327273569,0.3318122278705152,0.5228994766371451,0.6570110477713507,0.47273368963509377,0.011176724358134108,0.004366833727761207
150.0,9,rectifying_volume_8,tray,172.70561310411918,222.90603682713882,31.84979541972649,12.292455846787634,5180.280075743272,7706.882958375683,0.3204512310591263,0.510555478347654,0.6604534003535991,0.4818819043078845,0.019095368587274644,0.007562617344461439
150.0,10,rectifying_volume_9,tray,174.13750681731617,222.95598176439273,31.646372676109376,12.269823626006522,5145.693001331123,7685.708025492761,0.31284069272539755,0.5033932107380524,0.6549219122104531,0.4837143202682454,0.03223739506414931,0.01289246899370222
150.0,11,rectifying_volume_10,tray,175.7951049902133,223.0057571295895,31.37444817495544,12.240282162843359,5089.413594752819,7651.163243092943,0.3065251444764174,0.4991040114324355,0.6396946050209772,0.47919011592010374,0.053780250502605424,0.021705872647460763
150.0,12,feed_tray,tray,178.11253444345954,223.08049803682317,45.889015081037016,11.011511264949828,12251.564781806968,7594.925352962647,0.2996620671355638,0.4962545587392253,0.6120205651168888,0.4676789764112452,0.08831736774754724,0.03606646484952944
150.0,13,stripping_volume_1,tray,181.54144156688798,223.15603398436966,45.699829197093514,10.958809207514843,12272.110553497316,7614.182473317716,0.27159557595456113,0.45958673962183616,0.6387495937430723,0.5025121681261474,0.08965483030236666,0.03790109225201646
150.0,14,stripping_volume_2,tray,185.67039484515533,223.23259761166977,45.52511122545453,10.89414110378417,12308.6382470713,7634.805287552592,0.23855466558195818,0.414043373732601,0.6702189694498143,0.5457687817960972,0.09122636496822761,0.04018784447130164
150.0,15,stripping_volume_3,tray,190.37966725780515,223.3104123184291,45.319159355702695,10.825361202749622,12364.943805573477,7671.407979866214,0.2018764298946919,0.36035173909615414,0.7050495011185925,0.596702034991609,0.0930740689867155,0.042946225912236714
150.0,16,stripping_volume_4,tray,195.4435487728904,223.37985638061448,53.48951315099735,12.210529880780628,12440.090858331641,7727.787286205563,0.16365906339507363,0.30077712196096046,0.7408786393806259,0.6529669951904165,0.0954622972243006,0.04625588284862305
150.0,17,stripping_volume_5,tray,200.61090908826742,223.45067310587942,53.189277364777475,12.136603143598434,12526.367262350932,7803.010764373094,0.12631202151976312,0.23889726452045792,0.7743780425258087,0.7105866598411906,0.09930993595442826,0.05051607563835147
150.0,18,stripping_volume_6,tray,205.7356249579374,223.52347713375252,53.2198425683251,12.037669749893308,12605.364274068355,7889.362255298149,0.09195169027204846,0.1787791001013445,0.8008216076572964,0.7641020323689866,0.10722670207065522,0.05711886752966894
150.0,19,stripping_volume_7,tray,211.00717899594702,223.59764410153156,52.78341506891536,11.968687649139346,12642.81312291584,7968.432030810942,0.06196284416008219,0.12390771634990859,0.8121519484851589,0.8060287707866268,0.12588520735475897,0.07006351286346454
150.0,20,combined_reboiler_sump,reboiler_sump,217.32306523860876,223.62282687206076,757.1290676990533,77.83285561192164,,8005.951050153997,0.03690578984977344,0.07640538994107478,0.7920682170631779,0.8238888131343665,0.17102599308704863,0.09970579692455875
180.0,1,reflux_drum,reflux_drum,121.03393072632377,222.52766574417817,1744.2645042561103,113.5967565352877,,,0.8821018218168205,0.947099437349444,0.11785754053204589,0.05289118037182003,4.063765113362697e-05,9.382278735962845e-06
180.0,2,rectifying_volume_1,tray,130.35038767770757,222.57492094091364,38.01161337017504,49.81684075121533,5662.719046050597,8457.588016999194,0.759806234401312,0.8819949632112983,0.24003209961765481,0.11796386706620636,0.00016166598103314488,4.116972249518485e-05
180.0,3,rectifying_volume_2,tray,141.29892279035616,222.62379817173453,34.28592367598483,12.894184255715347,5441.422530980775,8168.1746475903765,0.6286982507245664,0.7971998763125236,0.3708645675536317,0.20267495230715482,0.00043718172180182743,0.00012517138032144956
180.0,4,rectifying_volume_3,tray,151.63951721824193,222.67251629513984,33.35063318673569,12.673645733940257,5314.15700316071,7946.915432330343,0.5160360678245047,0.708458802757116,0.48298531467272665,0.29122822992313835,0.000978617502768783,0.0003129673197456652
180.0,5,rectifying_volume_4,tray,159.7241729197001,222.72151542693112,32.764952637426546,12.514966739817282,5255.226897966938,7819.686282690943,0.4347018761093384,0.633182695524909,0.5633481532961196,0.3661380755614718,0.0019499705945419093,0.0006792289136190383
180.0,6,rectifying_volume_5,tray,165.26624049546302,222.77084478765386,32.36167001993312,12.418305040274356,5229.848193777081,7760.796157428242,0.3822895731276031,0.5789890018646189,0.6140910615375386,0.41967570733735876,0.003619365334858177,0.0013352907980223637
180.0,7,rectifying_volume_6,tray,168.81580205307478,222.82052257510162,32.142747439530496,12.357754333734052,5215.713409221489,7735.460602633796,0.3505739285626128,0.5440227119636928,0.6429847671095057,0.45351442344337306,0.006441304327881526,0.0024628645929341683
180.0,8,rectifying_volume_7,tray,171.09437962336006,222.87044589301706,32.000844165068465,12.31927876236451,5201.42848209906,7721.369968941343,0.3318124361524492,0.5228934912768024,0.6570073775783406,0.47273817026959675,0.011180186269210248,0.004368338453600944
180.0,9,rectifying_volume_8,tray,172.71162199793784,222.9204541229358,31.84927517384022,12.293333080773658,5180.199478349215,7707.12826181271,0.32045267628356117,0.5105511369079923,0.6604474189444238,0.48188419866324705,0.01909990477201511,0.0075646644287605995
180.0,10,rectifying_volume_9,tray,174.14350433016696,222.97039842495315,31.64583408928102,12.270700462477482,5145.603788726902,7685.940386870319,0.31284270445395557,0.5033896744992213,0.6549146082160462,0.48371532294822905,0.03224268732999826,0.012895002552549602
180.0,11,rectifying_volume_10,tray,175.80107873674203,223.02017305321212,31.37390384392318,12.241158398549896,5089.319431987655,7651.383609631258,0.306527457157437,0.49910074504771584,0.6396874667883123,0.4791907424853774,0.05378507605425065,0.021708512466906905
180.0,12,feed_tray,tray,178.11834667203698,223.09491386034756,45.88892074818918,11.012251490740761,12251.719859152585,7595.137417861411,0.29966487467627073,0.49625126905401895,0.6120164122737263,0.4676806029029382,0.08831871305000315,0.036068128043042935
180.0,13,stripping_volume_1,tray,181.54744350254458,223.17045139311966,45.69971485773702,10.959544615933098,12272.261954176367,7614.638959794381,0.2715969295941963,0.45958176410763213,0.6387467610158751,0.5025153233206827,0.08965630938992852,0.0379029125716851
180.0,14,stripping_volume_2,tray,185.67651150908156,223.24701656600107,45.52498346549634,10.894872419584445,12308.787238669453,7635.253104121547,0.23855522697279627,0.41403758020357906,0.6702168032984447,0.5457726168432872,0.0912279697287591,0.040189802953133756
180.0,15,stripping_volume_3,tray,190.38580331085518,223.32483276596625,45.3190235821798,10.82608998410302,12365.090543563307,7671.848279576475,0.2018769704690094,0.36034634305820745,0.7050472125368539,0.5967053540013741,0.09307581699413663,0.04294830294041847
180.0,16,stripping_volume_4,tray,195.44961278223226,223.39427797661983,53.48929907602822,12.21135722551261,12440.232442013597,7728.220195163566,0.163660276157505,0.3007734633157993,0.7408754541038135,0.6529684488940534,0.0954642697386815,0.04625808779014746
180.0,17,stripping_volume_5,tray,200.61685465319283,223.46509574448922,53.189052614457616,12.137430554869235,12526.501221695527,7803.432893388404,0.12631425499970422,0.23889630073068926,0.7743734270888962,0.7105852012654169,0.0993123179113996,0.050518498003893866
180.0,18,stripping_volume_6,tray,205.74145299287568,223.537900682107,53.219601692854106,12.038494566014144,12605.487575651068,7889.771264421809,0.0919549970917656,0.1787812844584158,0.800815237625278,0.764097017395895,0.10722976528295643,0.05712169814568927
180.0,19,stripping_volume_7,tray,211.01292243451334,223.61206840443856,52.78315368486533,11.969511843437958,12642.923827614823,7968.825039072081,0.061967048172176166,0.12391295711716754,0.8121439116002017,0.8060201075620598,0.12588904022762204,0.07006693532077274
180.0,20,combined_reboiler_sump,reboiler_sump,217.3287141402046,223.6372516557149,757.1159753998011,77.83862520826503,,8006.326233216101,0.036910600277880165,0.07641323167640039,0.7920600095665529,0.8238774058074809,0.17102939015556698,0.09970936251611862
210.0,1,reflux_drum,reflux_drum,121.03842689383865,222.54143983680433,1749.0750350476264,113.24772938378271,,,0.8821100135891461,0.9471020531095697,0.11784933351455515,0.052888560714329985,4.065289629871613e-05,9.386176100386675e-06
210.0,2,rectifying_volume_1,tray,130.35624677532317,222.58869548917895,38.01109699531466,49.820169785764165,5662.674116816804,8457.956414627748,0.7597985802675736,0.8819877064282073,0.24003964916581347,0.11797109512658771,0.00016177056661286737,4.1198445205011055e-05
210.0,3,rectifying_volume_2,tray,141.3058273662836,222.63757291389098,34.28537764582517,12.895019022708198,5441.364202425922,8168.478124294838,0.6286812500085531,0.797183412778914,0.3708812843873916,0.20269132735639625,0.00043746560405524875,0.00012525986468978404
210.0,4,rectifying_volume_3,tray,151.64671649029287,222.6862911876997,33.35009449401801,12.674466469402901,5314.101901853176,7947.200246500826,0.5160188378428974,0.7084385457168785,0.48300196253625255,0.29124828313589396,0.000979199620850269,0.00031317114722762506
210.0,5,rectifying_volume_4,tray,159.73110336110614,222.73529042961422,32.76444484053457,12.515788591100609,5255.1746298927155,7819.969295815925,0.43468931313421266,0.6331643094584976,0.5633596906507349,0.3661560703290583,0.0019509962150526035,0.00067962021244421
210.0,6,rectifying_volume_5,tray,165.27273723546438,222.78461981264385,32.361184466797845,12.419132895287444,5229.793458728081,7761.077450864778,0.382282272469382,0.5789749910259692,0.6140967171048682,0.4196890536487285,0.0036210104257498434,0.0013359553253022933
210.0,7,rectifying_volume_6,tray,168.82194216324578,222.83429749769806,32.1422665215744,12.358587238743116,5215.6521219775295,7735.735313011306,0.350570640917065,0.5440128920323071,0.642985587850676,0.4535232070989217,0.0064437712322589985,0.002463900868771172
210.0,8,rectifying_volume_7,tray,171.1003058323999,222.88422057741465,32.00035344864828,12.320114578552335,5201.358424220523,7721.6343299509435,0.3318116798198887,0.5228866677283518,0.6570046543738236,0.47274348408615074,0.011183665806287699,0.0043698481854975305
210.0,9,rectifying_volume_8,tray,172.71745690370818,222.93422843740308,31.8487664649061,12.294169978843984,5180.119873606592,7707.380262188195,0.3204533018413384,0.5105461105654877,0.6604422338393628,0.4818871730255489,0.019104464319298752,0.007566716408963354
210.0,10,rectifying_volume_9,tray,174.1493178053102,222.9841722484811,31.645307307232983,12.271537238310847,5145.515500144774,7686.179373313395,0.3128439899642083,0.5033855556988969,0.6549079979809667,0.48371690384382243,0.03224801205482502,0.01289754045728077
210.0,11,rectifying_volume_10,tray,175.80686205520328,223.03394628202102,31.373371310342993,12.241994816760483,5089.226115709056,7651.610510704878,0.30652910330245015,0.499096962225299,0.6396809472554817,0.479191881928671,0.05378994944206812,0.0217111558460301
210.0,12,feed_tray,tray,178.12396448120865,223.10868710274468,45.88881972690782,11.01295809079166,12251.86443673381,7595.355918149829,0.29966705466251714,0.49624750573989657,0.6120128127555939,0.4676826998199703,0.088320132581889,0.03606979444013301
210.0,13,stripping_volume_1,tray,181.5532752318764,223.18422626326915,45.69959260205924,10.960246171933141,12272.402989112537,7615.090497556541,0.27159746740950585,0.45957601820963273,0.6387446611826137,0.5025192311925077,0.08965787140788051,0.037904750597859575
210.0,14,stripping_volume_2,tray,185.68247997148165,223.26079303110035,45.52484696368669,10.895569755767376,12308.926116780878,7635.6960684583055,0.2385548144193491,0.41403071727737073,0.6702155213555634,0.545777489109831,0.09122966422508742,0.04019179361279832
210.0,15,stripping_volume_3,tray,190.39180649483492,223.33861078086355,45.31887881079992,10.8267847997492,12365.227461196204,7672.283942175975,0.2018764432337055,0.360339627735683,0.7050458980204382,0.5967099479342644,0.09307765874585629,0.04295042433005264
210.0,16,stripping_volume_4,tray,195.45554868699887,223.40805718410857,53.48907633815729,12.212146191690932,12440.36437246519,7728.648723621066,0.16366041584979443,0.3007683415050688,0.7408732464320363,0.6529713135278445,0.09546633771816929,0.04626034496708661
210.0,17,stripping_volume_5,tray,200.62266481461157,223.47887604070183,53.1888198937655,12.138219985793734,12526.625427338002,7803.8507708046745,0.1263155023064054,0.23889387502669637,0.7743697002662445,0.7105851491956835,0.09931479742735007,0.050520975777620214
210.0,18,stripping_volume_6,tray,205.7471278922002,223.55168193228235,53.21935347843459,12.039282050165022,12605.600654333271,7890.175884837464,0.09195747923508817,0.17878215722103374,0.8008095852328112,0.7640932570075598,0.10723293553210066,0.05712458577140642
210.0,19,stripping_volume_7,tray,211.01848898935808,223.62585044730056,52.78288534998007,11.970299285179047,12643.0234560114,7969.213154999373,0.06197063335722892,0.12391715331960242,0.8121363517968584,0.8060124219884925,0.1258930148459126,0.070070424691905
210.0,20,combined_reboiler_sump,reboiler_sump,217.33416313316837,223.65103423161653,757.1031750521477,77.84414915890896,,8006.695638714191,0.03691501086837151,0.07642036121388934,0.7920519522353318,0.8238665983760668,0.17103303689629673,0.09971304041004375
240.0,1,reflux_drum,reflux_drum,121.04273923198492,222.5545635148061,1753.8239127200534,112.90288709628032,,,0.8821174250649154,0.9471043544113354,0.11784190623027728,0.05288625539988733,4.0668704807321254e-05,9.390188777092262e-06
240.0,2,rectifying_volume_1,tray,130.36198547803266,222.60181976341457,38.01058602435737,49.823326133229294,5662.628014025872,8458.330723896019,0.7597893181498037,0.8819796455957374,0.24004880518045374,0.11797912687726227,0.00016187666974258011,4.1227527000219787e-05
240.0,3,rectifying_volume_2,tray,141.31266170669596,222.65069752229323,34.284832939026835,12.895808499761898,5441.3048869291515,8168.786176835833,0.628662134074501,0.7971656358856929,0.37090011328172146,0.20270901484821904,0.0004377526437776509,0.0001253492660881007
240.0,4,rectifying_volume_3,tray,151.65385819063036,222.69941609132198,33.34955835644074,12.675242645615288,5314.046660554688,7947.489797987186,0.5159994787335839,0.7084167052386496,0.4830207342548004,0.29126991797216095,0.00097978701161555,0.0003133767891894528
240.0,5,rectifying_volume_4,tray,159.7379565912753,222.74841559323966,32.76394243849008,12.516567005452334,5255.122934298417,7820.257869186448,0.4346749121515559,0.6331443863993285,0.5633730584306901,0.3661755992401171,0.0019520294177538828,0.0006800143605544092
240.0,6,rectifying_volume_5,tray,165.27912501970957,222.79774515055325,32.36070693022926,12.419918332018021,5229.739663069242,7761.36499310449,0.38227348964309205,0.5789596713543183,0.6141038447940188,0.41970370503866217,0.0036226655628891023,0.0013366236070195515
240.0,7,rectifying_volume_6,tray,168.82794375907983,222.84742288460095,32.14179550273669,12.359378501894774,5215.591898517943,7736.016615173563,0.3505661705129861,0.5440020212215381,0.6429875784613537,0.4535330372821075,0.006446251025660243,0.002464941496354491
240.0,8,rectifying_volume_7,tray,171.10607110610857,222.89734587561722,31.99987381585287,12.32090929746333,5201.2894346479125,7721.9053835164395,0.33180995680208847,0.5228790062787392,0.6570028812599736,0.4727496312578263,0.011187161937937971,0.004371362463434525
240.0,9,rectifying_volume_8,tray,172.72311548588655,222.94735351295765,31.84826949272242,12.294966154213089,5180.041291573634,7707.638936631934,0.32045310525759435,0.5105403990452516,0.6604378488084198,0.4818908282769964,0.01910904593398567,0.007568772677751888
240.0,10,rectifying_volume_9,tray,174.15494492772262,222.9972969782244,31.644792535852616,12.272333566683692,5145.428169016621,7686.424965987655,0.3128445464912754,0.503380853655887,0.6549020857049797,0.48371906436450646,0.03225336780374492,0.012900081979606572
240.0,11,rectifying_volume_10,tray,175.81245265740316,223.04707056013197,31.372850782442686,12.24279103072345,5089.133681716058,7651.843931223461,0.3065300799140207,0.49909266200779734,0.6396750506267102,0.47919353594359493,0.05379486945926906,0.021713802048607837
240.0,12,feed_tray,tray,178.12938564408708,223.1218115087297,45.88871203224265,11.013630738785753,12251.998442420267,7595.580841471944,0.29966860384080113,0.49624326767033416,0.6120097699648692,0.46768526873939986,0.08832162619432957,0.03607146359026608
240.0,13,stripping_volume_1,tray,181.55893459154544,223.19735233945752,45.69946244772165,10.960913549017306,12272.533589567083,7615.536967302821,0.2715971856370174,0.4595694998684874,0.6387432981695816,0.5025238942342515,0.08965951619340094,0.03790660589726116
240.0,14,stripping_volume_2,tray,185.68829813955492,223.2739207515914,45.52470174078135,10.89623278592201,12309.054816414038,7636.134065591979,0.23855342362870685,0.41402278175632756,0.6702151281033427,0.5457834022094433,0.09123144826795047,0.04019381603422907
240.0,15,stripping_volume_3,tray,190.3976747797174,223.35174010779517,45.31872506682769,10.827445323617962,12365.354497496171,7672.714857336935,0.20187484346693269,0.36033158873025983,0.7050455625326768,0.5967158215995789,0.09307959400039056,0.0429525896701612
240.0,16,stripping_volume_4,tray,195.4613544938255,223.4211877478258,53.48884499196809,12.212896409553577,12440.486593394944,7729.072766096393,0.1636594775448443,0.30076175108368286,0.7408720216351063,0.6529755949765601,0.09546850082004926,0.04626265393975706
240.0,17,stripping_volume_5,tray,200.62833757124787,223.49200773939046,53.18857926874571,12.138971067973074,12526.739827335321,7804.264296618765,0.12631575863029357,0.23888998132658495,0.7743668673949496,0.7105865102493718,0.09931737397475689,0.050523508424043226
240.0,18,stripping_volume_6,tray,205.75264759204188,223.56481462932828,53.21909800586617,12.040031837161054,12605.703462131669,7890.576021581447,0.09195913234051442,0.17878171223101016,0.8008046557001012,0.7640907581147621,0.1072362119593844,0.0571275296542278
240.0,19,stripping_volume_7,tray,211.02387647745917,223.63898397538043,52.78261016353537,11.971049611992768,12643.11196395547,7969.596288173674,0.06197359606517189,0.12392029928721307,0.8121292741311565,0.8060057209045222,0.12589712980367157,0.07007397980826476
240.0,20,combined_reboiler_sump,reboiler_sump,217.339409868134,223.66416834530386,757.0906864297119,77.84942371775122,,8007.059180554508,0.03691901883208758,0.07642677379977343,0.792044049946488,0.8238563974226009,0.17103693122142433,0.09971682877762575
270.0,1,reflux_drum,reflux_drum,121.04686578261071,222.567030718832,1758.5086051999922,112.56241920050206,,,0.8821240528428961,0.947106340173482,0.11783526208761362,0.05288426551157771,4.068506949031408e-05,9.394314940291321e-06
270.0,2,rectifying_volume_1,tray,130.3676015793723,222.61428770466944,38.01008063786652,49.82630828549713,5662.580747999906,8458.710875816289,0.7597784472280729,0.8819707813835066,0.2400595685164707,0.11798796165829048,0.00016198425545636708,4.12569582030218e-05
270.0,3,rectifying_volume_2,tray,141.31942340235744,222.66316593846636,34.284289734287015,12.896552304065,5441.244599525857,8169.0987523278845,0.6286409037475051,0.7971465479181501,0.37092105350224897,0.20272801252550954,0.0004380427502458576,0.00012543955634029672
270.0,4,rectifying_volume_3,tray,151.66093982863754,222.71188494803073,33.34902495454413,12.67597388647903,5313.991295463706,7947.7840398935405,0.5159779915119292,0.7083932843395685,0.4830416289971612,0.29129313147881913,0.0009803794909094804,0.0003135841816123627
270.0,5,rectifying_volume_4,tray,159.74473014374357,222.7608848603545,32.76344560932792,12.517301609292977,5255.071828181516,7820.551958172596,0.43465867345475695,0.6331229290808623,0.5633882566641586,0.3661966596835658,0.0019530698810845085,0.000680411235571804
270.0,6,rectifying_volume_5,tray,165.28540144969062,222.8102147444857,32.36023758710359,12.42066097714349,5229.686825533605,7761.658741207154,0.3822632240025367,0.5789430447449166,0.6141124457585485,0.4197196598180992,0.003624330238914911,0.0013372954369841124
270.0,7,rectifying_volume_6,tray,168.8338045082596,222.8598926795113,32.14133456212891,12.360127749571296,5215.532760215712,7736.304468621817,0.35056051590017356,0.5439901005155806,0.6429907411338919,0.4535439133253732,0.00644874296593448,0.0024659861590462366
270.0,8,rectifying_volume_7,tray,171.11167315967415,222.90981573196666,31.999405450787076,12.32166254518517,5201.22153794969,7722.183092342837,0.33180726506091174,0.5228705071563702,0.6570020612888577,0.47275661200753916,0.011190673650230567,0.004372880836090525
270.0,9,rectifying_volume_8,tray,172.72859548825167,222.95982329462473,31.847784447735318,12.29572123281296,5179.963760217367,7707.9042515081765,0.3204520840946799,0.5105340020209158,0.6604342675683982,0.4818951653417586,0.019113648336921932,0.0075708326373256155
270.0,10,rectifying_volume_9,tray,174.1603834587798,223.00976655993085,31.644289971354027,12.273089073551517,5145.341826466082,7686.677135068668,0.3128443713322598,0.5033755676677644,0.6548968755170157,0.48372180593236846,0.032258753150724566,0.01290262639986719
270.0,11,rectifying_volume_10,tray,175.8178483270806,223.0595398340496,31.372342458588975,12.24354666653993,5089.042163298742,7652.083844900989,0.3065303840937935,0.49908784346178126,0.6396697810096641,0.47919570619315804,0.05379983489654226,0.02171645034506077
270.0,12,feed_tray,tray,178.13460800110235,223.13428102530338,45.88859767628614,11.014269119273372,12252.121804874589,7595.812164064824,0.2996695190976425,0.49623855379529996,0.6120072871714665,0.46768831115390436,0.08832319373089109,0.036073135050795714
270.0,13,stripping_volume_1,tray,181.5644194803331,223.20982356852363,45.699324409133716,10.961546431638508,12272.653687249562,7615.978241563054,0.2715960806958892,0.45956220716649876,0.6387426757262634,0.5025293147903616,0.08966124357784733,0.03790847804313967
270.0,14,stripping_volume_2,tray,185.69396397747718,223.28639367420473,45.52454781387045,10.896861194658637,12309.173272619855,7636.5669720162305,0.23855105053021114,0.41401377065514744,0.6702156278054133,0.5457903595383198,0.09123332166437546,0.04019586980653286
270.0,15,stripping_volume_3,tray,190.4034061879923,223.3642146934422,45.31856237131976,10.828071240712998,12365.471591078345,7673.140905776534,0.20187216670024072,0.3603222219259828,0.7050462107849977,0.5967229795203245,0.09308162251476138,0.04295479855369271
270.0,16,stripping_volume_4,tray,195.4670282592572,223.4336636144401,53.488605085994735,12.213607521948871,12440.599047566517,7729.492207695209,0.1636574565828568,0.30075368694329896,0.7408717847154211,0.6529812987852527,0.09547075870172214,0.04626501427144839
270.0,17,stripping_volume_5,tray,200.6338709712335,223.50448478726088,53.1883307984742,12.139683445617395,12526.844368321494,7804.673360874278,0.12631501942420642,0.23888461391534369,0.774364933551492,0.7105892906759044,0.09932004702430157,0.05052609540875182
270.0,18,stripping_volume_6,tray,205.75801008071613,223.57729272002967,53.218835348050796,12.04074357434274,12605.795949304682,7890.971569245889,0.09195995227762371,0.1787799436812591,0.800800454025707,0.7640895272794819,0.1072395936966694,0.05713052903925895
270.0,19,stripping_volume_7,tray,211.02908277481657,223.65146293557382,52.782328216101895,11.971762473923395,12643.189305392867,7969.974337344993,0.06197593281727252,0.12392238962640426,0.8121226835075087,0.806000010876835,0.12590138367521875,0.07007759949676061
270.0,20,combined_reboiler_sump,reboiler_sump,217.34445206713607,223.6766479438523,757.0785333548627,77.85444485467451,,8007.416761586639,0.03692262146737713,0.076432464823614,0.7920363074962704,0.8238468093726098,0.17104107103635252,0.09972072580377636
300.0,1,reflux_drum,reflux_drum,121.05080464580527,222.5788355775158,1763.1265907467227,112.2265145427982,,,0.8821298936575914,0.9471080093632795,0.11782940435919424,0.05288259208394485,4.07019832143201e-05,9.398552775687559e-06
300.0,2,rectifying_volume_1,tray,130.37309291650152,222.62609344190233,38.0095810136334,49.82911478401207,5662.5323292139565,8459.09679345388,0.7597659670180714,0.8819611146172696,0.24007193969269414,0.11799759865347333,0.00016209328923454537,4.128672925717018e-05
300.0,3,rectifying_volume_2,tray,141.32611007933528,222.67497229176587,34.283748208009456,12.897250065731097,5441.183355169922,8169.415789772033,0.6286175602798488,0.7971261514013193,0.3709441038860377,0.20274831789100614,0.0004383358341135359,0.00012553070767451962
300.0,4,rectifying_volume_3,tray,151.6679589518328,222.72369188759836,33.34849446546778,12.676659828542459,5313.935822274128,7948.082916981569,0.515954377574706,0.7083682862796956,0.4830646455476298,0.2913179204588146,0.0009809768776641301,0.00031379326148980586
300.0,5,rectifying_volume_4,tray,159.75142159996645,222.7726923611691,32.76295452622983,12.517992041346794,5255.02132764454,7820.851509398106,0.43464059760943496,0.6330999404122123,0.5634052851015291,0.36621924887062907,0.0019541172890360165,0.0006808107171587066
300.0,6,rectifying_volume_5,tray,165.2915641850268,222.82202272511947,32.35977660817064,12.421360469385686,5229.6349636493915,7761.958643109281,0.382251475071911,0.5789251131833785,0.6141225209732614,0.4197369162042034,0.003626003954827753,0.0013379706124182905
300.0,7,rectifying_volume_6,tray,168.8395221435844,222.87170101361332,32.14088387174343,12.360834620051785,5215.474726976434,7736.598823438724,0.35055367573329616,0.5439771309263116,0.6429950779451459,0.4535558345286553,0.0064512463215580206,0.002467034545033068
300.0,8,rectifying_volume_7,tray,171.1171097764508,222.92162427819383,31.998948529706745,12.322373959650308,5201.154756986572,7722.467409474939,0.3318036026353292,0.5228611705901015,0.6570021974245135,0.4727644265520101,0.011194199940157204,0.004374402857888334
300.0,9,rectifying_volume_8,tray,172.7338947224524,222.9716319147213,31.847311512034636,12.296434852437361,5179.887305569755,7708.176163314336,0.3204502359937788,0.5105269191709954,0.6604314937497606,0.4819001851336014,0.019118270256460526,0.007572895695403419
300.0,10,rectifying_volume_9,tray,174.16563122504522,223.02157512654023,31.643799801266383,12.273803396789164,5145.2565014685915,7686.935840657777,0.31284346188470286,0.503369697064052,0.6548923714461444,0.48372512993373956,0.03226416666915266,0.012905173002208406
300.0,11,rectifying_volume_10,tray,175.82304690918653,223.0713482373674,31.37184652822915,12.244261362297982,5088.951591393611,7652.330215181673,0.30653001307632666,0.4990825057262464,0.6396651423897916,0.47919839426627137,0.05380484453388193,0.021719100007482207
300.0,12,feed_tray,tray,178.13962945012378,223.1460897864598,45.88847666860565,11.014872926942223,12252.23445343954,7596.049851718501,0.2996697974866949,0.49623336318288,0.6120053674895983,0.4676918284342506,0.08832483502370667,0.03607480838286938
300.0,13,stripping_volume_1,tray,181.56972784704752,223.2216340842193,45.69917849800692,10.962144514506937,12272.763214192817,7616.414185443125,0.2715941492322414,0.45955413839390197,0.6387427973859726,0.5025354949963434,0.089663053381786,0.03791036660975455
300.0,14,stripping_volume_2,tray,185.69947549246976,223.29820593249704,45.52438519701561,10.897454676942678,12309.281420347621,7636.994656430999,0.23854769133311682,0.4140036812893096,0.6702170244549944,0.5457983641935161,0.09123528421188881,0.04019795451717439
300.0,15,stripping_volume_3,tray,190.4089987797557,223.3760286712173,45.31839074178257,10.828662246457036,12365.578679980748,7673.561959987551,0.20186840878212312,0.36031152359146895,0.7050478471795696,0.5967314258387085,0.09308374403830731,0.04295705056982248
300.0,16,stripping_volume_4,tray,195.47256807499141,223.44547891727203,53.48835666356672,12.21427918358042,12440.701676626724,7729.906924832537,0.16365434863189385,0.3007441444154594,0.7408725403535278,0.6529884300640785,0.09547311101457846,0.04626742552046215
300.0,17,stripping_volume_5,tray,200.63926309875993,223.51630131758483,53.18807453581935,12.14035677476218,12526.93899534907,7805.077844409542,0.12631328045205253,0.2388777675329897,0.774363903508499,0.7105934962759687,0.09932281603944837,0.05052873619104156
300.0,18,stripping_volume_6,tray,205.7632133875884,223.58911033764556,53.21856557063564,12.04141692075878,12605.878064221866,7891.3624127498915,0.09195993517908697,0.1787768461776941,0.8007969849583029,0.7640895706588954,0.10724307986261018,0.05713358316341051
300.0,19,stripping_volume_7,tray,211.03410580769543,223.66328146115484,52.78203959004965,11.972437532578839,12643.25543226197,7970.347191297218,0.06197764032165425,0.12392341925255963,0.8121165846638939,0.8059952981711342,0.12590577501445188,0.0700812825763061
300.0,20,combined_reboiler_sump,reboiler_sump,217.34928751672612,223.68846716062808,757.0667420018617,77.8592083976395,,8007.768274563197,0.03692581616337812,0.07643742982689676,0.7920287295944557,0.8238378404872171,0.1710454542421662,0.0997247296858862
330.0,1,reflux_drum,reflux_drum,121.05455397533352,222.58997239475036,1767.67535870982,111.8953612153675,,,0.8821349443763783,0.9471093609964581,0.1178243361847374,0.05288123610306113,4.071943888428742e-05,9.402900480703618e-06
330.0,2,rectifying_volume_1,tray,130.37845736319218,222.63723127925994,38.00908732736408,49.831744216875485,5662.482768379768,8459.488392360341,0.7597518773974282,0.8819506462969539,0.2400859188656911,0.1180080368723522,0.000162203736880598,4.131683069407428e-05
330.0,3,rectifying_volume_2,tray,141.33271938963927,222.6861108866614,34.28320853518676,12.897901427093284,5441.12116887061,8169.737220679047,0.6285921053999098,0.7971044491391838,0.3709692627930743,0.20276992816821685,0.00043863180701598093,0.0001256226925993878
330.0,4,rectifying_volume_3,tray,151.67491313507705,222.73483121483528,33.34796706393099,12.677300120321176,5313.88025632797,7948.386366364607,0.515928638758454,0.7083417146175894,0.4830897822485245,0.29134428141589375,0.000981578993021381,0.0003140039665167295
330.0,5,rectifying_volume_4,tray,159.75802857816038,222.7838324008523,32.76246935851911,12.518637951962784,5254.971448051476,7821.156461474199,0.4346206855107953,0.6330754235405928,0.5634241431596791,0.36624336377302164,0.0019551713295254216,0.0006812126863857028
330.0,6,rectifying_volume_5,tray,165.29761093249903,222.83316339800922,32.35932415904079,12.422016458822677,5229.584093901449,7762.2646384013915,0.382238242598245,0.5789058788081618,0.6141340711844608,0.4197554722589964,0.0036276862172940705,0.0013386489328418214
330.0,7,rectifying_volume_6,tray,168.84509445232155,222.8828421928833,32.140443597455516,12.36149876281389,5215.417817414362,7736.899621108177,0.3505456488193702,0.5439631135531059,0.6430005908130803,0.4535688001013377,0.006453760367549617,0.002468086345556474
330.0,8,rectifying_volume_7,tray,171.12237879760545,222.9327658207349,31.998503222045684,12.32304318992964,5201.089113104676,7722.758279163765,0.33179896768467226,0.5228509968656533,0.6570032925053537,0.472773075047911,0.01119773980997405,0.00437592808643578
330.0,9,rectifying_volume_8,tray,172.73901105797717,222.98277368018054,31.846850860407674,12.297106662027204,5179.811951939758,7708.454619576442,0.32044755871418834,0.5105191502314053,0.6604295308643788,0.48190588850672694,0.019122910421432746,0.007574961261867807
330.0,10,rectifying_volume_9,tray,174.17068610867568,223.03271698551652,31.643322205496112,12.274476185467028,5145.172221078154,7687.201033734969,0.3128418156812723,0.503363241253824,0.6548885773943918,0.4837290376755096,0.03226960692433599,0.012907721070666404
330.0,11,rectifying_volume_10,tray,175.82804630093406,223.08249007810917,31.37136317292597,12.244934767337648,5088.861994816164,7652.582996249177,0.30652896425788223,0.49907664805379276,0.6396611386078169,0.4792016016405102,0.05380989713430086,0.021721750305696997
330.0,12,feed_tray,tray,178.14444793838456,223.15723210053602,45.88834901680882,11.015441865995756,12252.336318163463,7596.293860803862,0.29966943625019354,0.4962276950524409,0.6120040138596684,0.46769582179953156,0.08832654989013816,0.03607648314802761
330.0,13,stripping_volume_1,tray,181.57485768075114,223.2327781945658,45.699024724047916,10.962707501993439,12272.862102788726,7616.844657457115,0.271591388153817,0.45954529210094186,0.6387436664355116,0.5025424367312442,0.0896649454106714,0.037912271167813864
330.0,14,stripping_volume_2,tray,185.70483072361162,223.30935183421457,45.52421390203547,10.898012937517008,12309.379194481655,7637.416980630831,0.23854334257144322,0.41399251134412446,0.6702193217351243,0.545807418909525,0.09123733569343248,0.04020006974635048
330.0,15,stripping_volume_3,tray,190.41445064077507,223.38717634863588,45.31821019300652,10.829218046120276,12365.675701702432,7673.977885190371,0.20186356592725122,0.36029949045934184,0.705050475765564,0.5967411642430714,0.0930859583071848,0.04295934529758666
330.0,16,stripping_volume_4,tray,195.47797205608182,223.4566279636718,53.48809976386374,12.21491106034658,12440.794421159615,7730.316786223569,0.16365014973462155,0.3007331193514294,0.7408742928668526,0.6529969934150478,0.0954755573985258,0.04626988723352285
330.0,17,stripping_volume_5,tray,200.64451206341786,223.5274516375847,53.187810528472774,12.140990722581044,12527.023651978157,7805.47761990279,0.1263105378261289,0.23886943744238665,0.7743637817021904,0.7105991323397493,0.09932568047168076,0.05053143021786409
330.0,18,stripping_volume_6,tray,205.76825557413238,223.60026178930195,53.21828873298504,12.042051546449745,12605.949753492263,7891.748428508569,0.09195907746517998,0.17877241478682754,0.8007942529751775,0.7640908939624474,0.10724666955964257,0.057136691250724944
330.0,19,stripping_volume_7,tray,211.03894354546725,223.67443385917852,52.78174436044085,11.973074460385972,12643.31029465779,7970.714730083568,0.06197871548576062,0.1239233834162653,0.8121109821594478,0.8059915887284724,0.12591030235479161,0.07008502785526229
330.0,20,combined_reboiler_sump,reboiler_sump,217.35391406201362,223.69962030270065,757.0553394089401,77.86371015765879,,8008.113603477176,0.03692860040441432,0.07644166451350001,0.7920213208582323,0.823829496854033,0.17105007873735334,0.09972883863246693
360.0,1,reflux_drum,reflux_drum,121.05811197508119,222.6004356398525,1772.1524103502672,111.56914648015004,,,0.882139201997551,0.9471103941372873,0.11782006057300459,0.0528801985064483,4.073742944449342e-05,9.407356264433197e-06
360.0,2,rectifying_volume_1,tray,130.38369282443634,222.64769568624843,38.008599753244816,49.8341952166014,5662.432076526112,8459.885581483533,0.759736178625562,0.8819393776103331,0.24010150581003162,0.11801927513656528,0.0001623155644062915,4.134725310158999e-05
360.0,3,rectifying_volume_2,tray,141.33924900387885,222.69657619291578,34.28267089009752,12.898506042162053,5441.05805580217,8170.062970089705,0.6285645413510162,0.7970814442457891,0.37099652806777894,0.20279284027041997,0.00043893058120461745,0.00012571548379092704
360.0,4,rectifying_volume_3,tray,151.68179997180917,222.74529739977632,33.347442923039935,12.6778944217818,5313.824612743879,7948.694318556257,0.5159007773888731,0.7083135732570173,0.48311703695160046,0.291372210508176,0.0009821856595263376,0.00031421623480674737
360.0,5,rectifying_volume_4,tray,159.76454872394538,222.79429944972586,32.7619902725397,12.519239002600905,5254.922204177167,7821.466746056888,0.4345989384349712,0.6330493819065623,0.5634448298721108,0.3662690010682763,0.0019562316929180143,0.0006816170251613424
360.0,6,rectifying_volume_5,tray,165.30353943667177,222.84363123378876,32.358880401125305,12.422628606365679,5229.5342319086685,7762.576659392297,0.38222352660023196,0.5788853439678305,0.614147096863519,0.4197753258330877,0.0036293765362489395,0.0013393301990817293
360.0,7,rectifying_volume_6,tray,168.850519267065,222.8933106883006,32.1400139000113,12.362119837999515,5215.362049056076,7737.20679560265,0.35053643416259805,0.5439480496383662,0.6430072814554637,0.45358280910825527,0.006456284381938269,0.002469141253378556
360.0,8,rectifying_volume_7,tray,171.1274781133204,222.94323483095116,31.9980696914522,12.323669895686512,5201.024626367254,7723.0556379810805,0.33179335852915504,0.5228399863775777,0.6570053492083705,0.47278255754204823,0.011201292262474592,0.004377456080374098
360.0,9,rectifying_volume_8,tray,172.74394241378258,222.9932430627811,31.846402661410114,12.297736321113476,5179.737722169186,7708.739560015155,0.32044405016910144,0.5105106950425834,0.6604283822753857,0.48191227621137245,0.01912756755551291,0.007577028746044162
360.0,10,rectifying_volume_9,tray,174.17554603961267,223.04318660908766,31.6428573574113,12.275107099281575,5145.089010702804,7687.472657356779,0.31283943042001244,0.5033561997667391,0.6548854971122209,0.4837335303471434,0.03227507246776671,0.012910269886117506
360.0,11,rectifying_volume_10,tray,175.83284444473097,223.09295982897885,31.370892567436524,12.245566541666324,5088.773400552772,7652.842134252785,0.306527235220102,0.49907026984426395,0.6396577733406762,0.4792053296514545,0.05381499143922185,0.021724400504281528
360.0,12,feed_tray,tray,178.14906145628711,223.1677024404722,45.888214727204726,11.015975649656312,12252.427329946066,7596.544139551863,0.29966843283509326,0.49622154879963437,0.612003229034969,0.4677002922948739,0.0883283381299379,0.03607815890549177
360.0,13,stripping_volume_1,tray,181.57980700333673,223.24325037212338,45.69886309573214,10.963235107649838,12272.950285953088,7617.269510693146,0.27158779465556065,0.45953566713643057,0.6387452858932624,0.5025501415827035,0.0896669194511769,0.03791419128086595
360.0,14,stripping_volume_2,tray,185.71002773339922,223.319825851572,45.524033939377034,10.898535690433599,12309.466530025082,7637.83380069345,0.2385380011368163,0.41398025892541335,0.6702225229901747,0.5458175260120444,0.09123947587300889,0.040202215062542304
360.0,15,stripping_volume_3,tray,190.41975987353328,223.39765219760474,45.31802073800283,10.829738354353669,12365.762593406656,7674.388540529868,0.2018576347522791,0.3602861197841123,0.7050541002081119,0.5967521979150414,0.09308826503960901,0.04296168230084625
360.0,16,stripping_volume_4,tray,195.4832383321056,223.46710522531578,53.487834423103976,12.215502828797902,12440.877220929076,7730.721654120187,0.16364485634213533,0.30072060818006907,0.7408770461806566,0.6530069928793801,0.0954780974772081,0.04627239894055079
360.0,17,stripping_volume_5,tray,200.64961599222045,223.53793021873915,53.1875388201511,12.141584966820679,12527.098280563161,7805.872553177583,0.12630678803386752,0.2388596194779661,0.7743645722097177,0.7106062036029559,0.09932863975641489,0.050534176919078064
360.0,18,stripping_volume_6,tray,205.77313472722733,223.6107415463075,53.218004889387196,12.042647131856386,12606.010962304572,7892.129485763681,0.09195737586135762,0.17876664507000564,0.8007922622670237,0.7640935024211423,0.10725036187161871,0.057139852508852104
360.0,19,stripping_volume_7,tray,211.04359399512617,223.68491460080762,52.78144259620704,11.973672939976632,12643.353841211641,7971.076826470434,0.06197915542589211,0.12392227772335622,0.8121058803645728,0.8059888881469395,0.1259149642095352,0.07008883412970439
360.0,20,combined_reboiler_sump,reboiler_sump,217.35832960181014,223.71010184118023,757.0443522312685,77.8679460339351,,8008.452625068238,0.03693097177509291,0.07644516476116194,0.7920140858061634,0.8238217843771874,0.17105494241874367,0.09973305086165057
390.0,1,reflux_drum,reflux_drum,121.06147689655036,222.6102199407062,1776.5552597273147,111.24805668921368,,,0.8821426636490752,0.9471111078986992,0.11781658040304659,0.052879480182953256,4.075594787818506e-05,9.411918347367227e-06
390.0,2,rectifying_volume_1,tray,130.3887972326551,222.65748129088243,38.008118464348996,49.83646645855891,5662.38026505957,8460.288263886303,0.7597188713577027,0.8819273099426996,0.24011869990436985,0.1180313120702042,0.00016242873792744335,4.1377987096111447e-05
390.0,3,rectifying_volume_2,tray,141.34569660588735,222.7063628387402,34.282135446898394,12.89906357624823,5440.994031417512,8170.3929574291205,0.6285348709212044,0.7970571401689166,0.3710258970095774,0.20281705077709117,0.00043923206921825495,0.00012580905399218009
390.0,4,rectifying_volume_3,tray,151.6886170673195,222.7550850708425,33.34692221500702,12.678442403987786,5313.76890655648,7949.00669837777,0.5158707963214214,0.708283866484917,0.48314640697817157,0.29140170351044076,0.000982796700407019,0.0003144300046422057
390.0,5,rectifying_volume_4,tray,159.7709797029005,222.80408813643322,32.761517432451576,12.51979486548348,5254.873610365419,7821.782288796562,0.43457535808360287,0.6330218192912849,0.5634673438456702,0.3662961570929815,0.0019572980707270077,0.000682023615733563
390.0,6,rectifying_volume_5,tray,165.3093474722759,222.85342086134708,32.35844549248644,12.423196583405135,5229.485392603619,7762.894632103204,0.38220732741213964,0.5788635112716928,0.6141615981650276,0.41979647451588464,0.0036310744228329104,0.0013400142124224772
390.0,7,rectifying_volume_6,tray,168.85579445827702,222.90310112903182,32.139594935938455,12.362697516050112,5215.3074385499,7737.520274424659,0.35052603100527624,0.5439319406172467,0.6430151513519099,0.45359786042125394,0.00645881764281391,0.002470198961499278
390.0,8,rectifying_volume_7,tray,171.1324056556873,222.95302593832204,31.997648096756794,12.324253746799409,5200.961315795722,7723.359415914301,0.3317867736865341,0.5228281396753878,0.6570083700162718,0.47279287392697184,0.011204856297194265,0.004378986397640502
390.0,9,rectifying_volume_8,tray,172.74868675169097,223.00303469234885,31.845967078383474,12.298323499425333,5179.664637906062,7709.030917673538,0.3204397084571264,0.5105015535902533,0.660428051169958,0.4819193488551484,0.019132240372915683,0.007579097554598311
390.0,10,rectifying_volume_9,tray,174.1802089896284,223.05297862745675,31.642405424891646,12.275695808147201,5145.006894407002,7687.750647831972,0.3128363039898173,0.5033485722870306,0.6548831341771669,0.48373860898892707,0.03228056183301587,0.012912818724042444
390.0,11,rectifying_volume_10,tray,175.83743932300487,223.10275212058178,31.37043488077056,12.246156355533968,5088.685834085181,7653.107568526164,0.3065248237485748,0.4990633706708057,0.6396550500860624,0.47920957946872,0.05382012616536272,0.02172704986047437
390.0,12,feed_tray,tray,178.15346803305965,223.17749543704247,45.888073805513436,11.016473999801555,12252.507420777409,7596.800629291812,0.29966678490431325,0.4962149240137553,0.6120030155727957,0.46770524077612785,0.08833019952289095,0.03607983521011678
390.0,13,stripping_volume_1,tray,181.5845738643955,223.2530452472314,45.69869362112436,10.96372705385327,12273.027697398491,7617.688593983907,0.27158336623689233,0.45952526267377997,0.6387476584949607,0.5025586108236196,0.08966897526814688,0.037916126502600345
390.0,14,stripping_volume_2,tray,185.71506460195909,223.3296226145031,45.523845319029775,10.899022658702963,12309.543362402545,7638.244968218357,0.23853166430031214,0.41396692259323764,0.6702266312076391,0.5458286873875597,0.09124170449204878,0.040204390019202604
390.0,15,stripping_volume_3,tray,190.42492459112663,223.40745084768346,45.317822388992916,10.830222894836442,12365.839292256569,7674.793780374702,0.2018506122993971,0.3602714093802743,0.7050587237687608,0.5967645294951981,0.09309066393184219,0.04296406112452759
390.0,16,stripping_volume_4,tray,195.4883650411644,223.47690533147713,53.487560675787535,12.21605417572527,12440.950015264394,7731.12138565999,0.16363846533600293,0.30070660794557263,0.7408808038100572,0.6530184319036784,0.09548073085393986,0.04627496015074901
390.0,17,stripping_volume_5,tray,200.6545730242183,223.54773169006324,53.18725945189807,12.142139195368381,12527.162822697128,7806.262504613035,0.12630202795500006,0.23884831007704255,0.774366278735437,0.7106147142190246,0.09933169330956311,0.05053697570393298
390.0,18,stripping_volume_6,tray,205.77784895460928,223.62054423744513,53.217714090391084,12.043203367366806,12606.06163492326,7892.505448119379,0.09195482740950489,0.17875953310538567,0.80079101672848,0.7640974007680239,0.10725415586201507,0.05714306612659052
390.0,19,stripping_volume_7,tray,211.04805519747507,223.69471831461618,52.7811343615013,11.974232663716954,12643.386019631285,7971.433347539158,0.06197895747399352,0.12392009814911233,0.8121012834535472,0.8059872016684752,0.1259197590724594,0.07009270018241255
390.0,20,combined_reboiler_sump,reboiler_sump,217.36253208494225,223.71990640453285,757.0338057486639,77.87191209795552,,8008.785210520396,0.036932927965732026,0.07644792663318917,0.7920070288525688,0.8238147087671938,0.1710600431816992,0.09973736459961703
420.0,1,reflux_drum,reflux_drum,121.0646470373964,222.61932007982773,1780.8814346525987,110.93227720145983,,,0.8821453265878867,0.9471115014423893,0.11781389842490728,0.05287908197264977,4.077498720605181e-05,9.41658496094001e-06
420.0,2,rectifying_volume_1,tray,130.39376854539805,222.66658287575513,38.00764363293294,49.838556660092344,5662.32734582249,8460.69633749349,0.7596999566541781,0.8819144448831866,0.24013750012225052,0.11804414609351524,0.00016254322357138208,4.1409023298185575e-05
420.0,3,rectifying_volume_2,tray,141.35205988918634,222.71546560687017,34.28160238002566,12.89957370575679,5440.929111528097,8170.727097393773,0.6285030974650951,0.7970315407072074,0.37105736635131026,0.20284255591686626,0.00043953618359460347,0.00012590337592634216
420.0,4,rectifying_volume_3,tray,151.69536203395936,222.76418901092364,33.34640511171212,12.678943748911275,5313.713152835748,7949.32342588741,0.5158386989739788,0.7082525990013817,0.48317788908707443,0.2914327557843594,0.000983411938946804,0.0003146452142589185
420.0,5,rectifying_volume_4,tray,159.7773191949799,222.81319324402878,32.761051000910875,12.52030522341189,5254.825680681665,7822.103010304126,0.43454994662185387,0.6329927398560364,0.5634916832236497,0.3663248278036986,0.0019583701544964973,0.000682432340264753
420.0,6,rectifying_volume_5,tray,165.31503283836102,222.86252706392446,32.3580195886009,12.423720071622162,5229.437590416114,7763.218477255858,0.38218964572245606,0.5788403836334242,0.6141775748898834,0.4198189155926799,0.0036327793876605027,0.001340700773895897
420.0,7,rectifying_volume_6,tray,168.8609179285597,222.9122082985346,32.13918685837692,12.363231477507586,5215.254001880631,7737.839979617448,0.35051443886410344,0.5439147881608387,0.6430242017099628,0.45361395267704485,0.006461359425933841,0.002471259162116395
420.0,8,rectifying_volume_7,tray,171.1371593933453,222.9621339265565,31.997238592859766,12.324794423149346,5200.899199616478,7723.669537404307,0.33177921190430476,0.5228154575031632,0.657012357188228,0.47280402390272,0.011208430907467233,0.004380518594116771
420.0,9,rectifying_volume_8,tray,172.75324207157036,223.01214335287716,31.845544270388558,12.298867876662003,5179.592719882949,7709.328620007591,0.3204345318891738,0.510491726039389,0.660428540535565,0.4819271068706208,0.019136927575261208,0.007581167089990299
420.0,10,rectifying_volume_9,tray,174.1846729681884,223.06208782493104,31.64196657129561,12.27624199195113,5144.925895219951,7688.034935851636,0.3128324344911239,0.5033403586804392,0.6548814919758867,0.4837442744665628,0.03228607353298946,0.012915366852997942
420.0,11,rectifying_volume_10,tray,175.84182895484471,223.1118617375636,31.36999027718514,12.246703889169519,5088.599319728337,7653.379232756224,0.30652172784676474,0.4990559502988919,0.6396529721504214,0.479214352078269,0.05382530000281393,0.021729697622839134
420.0,12,feed_tray,tray,178.1576657341486,223.18660587500358,45.887926257587885,11.016936646736081,12252.576524045664,7597.063265669822,0.29966449034386183,0.49620782048845236,0.6120033758292646,0.4677106679006026,0.08833213382687358,0.03608151161094503
420.0,13,stripping_volume_1,tray,181.58915633819035,223.2621576041666,45.69851630869186,10.964183071579754,12273.094271979047,7618.101753111697,0.2715781007119237,0.4595140782262261,0.6387507866859571,0.5025678453988003,0.0896711126021192,0.037918076374973624
420.0,14,stripping_volume_2,tray,185.71993942368303,223.33873690682873,45.52364805143599,10.899473574066407,12309.609627848138,7638.650331574656,0.23852432972498105,0.4139525013810821,0.6702316490085803,0.5458409044664585,0.09124402126643853,0.040206594152459314
420.0,15,stripping_volume_3,tray,190.429942913753,223.41656708226338,45.31761515840289,10.830671400043553,12365.905735847198,7675.193455622229,0.20184249604948098,0.3602553576434445,0.7050643492956427,0.5967781610645461,0.09309315465487636,0.042966481292009515
420.0,16,stripping_volume_4,tray,195.493350326465,223.48602306521371,53.48727855593681,12.216564797884907,12441.012743549582,7731.515834231645,0.1636309740403181,0.3006911163279822,0.7408855688513644,0.6530313133221454,0.09548345710831749,0.046277570349872454
420.0,17,stripping_volume_5,tray,200.6593813074577,223.55685083430723,53.186972463401695,12.142653105961012,12527.217219760509,7806.64733059115,0.12629625487064886,0.23883550629632042,0.7743689046046557,0.7106246677450293,0.09933484052469535,0.05053982595865032
420.0,18,stripping_volume_6,tray,205.78239638231048,223.62966464518135,53.21741638420012,12.043719953007608,12606.101715296005,7892.8761750369595,0.09195142947394454,0.17875107549961838,0.8007905199535024,0.7641025932280596,0.10725805057255298,0.05714633127232207
420.0,19,stripping_volume_7,tray,211.05232522487265,223.70383978281134,52.7808197171422,11.974753333385616,12643.406777353042,7971.784156260523,0.06197811918212114,0.12391684104742921,0.8120971953994405,0.8059865341701677,0.12592468541843838,0.07009662478240304
420.0,20,combined_reboiler_sump,reboiler_sump,217.3665195077602,223.72902877481283,757.0237231270778,77.8756046565729,,8009.111227096699,0.0369344667778373,0.0764499463898508,0.792000154302595,0.8238082755311601,0.17106537891956786,0.09974177807898928
450.0,1,reflux_drum,reflux_drum,121.06762074095226,222.62773099317153,1785.1284777127335,110.62199229544268,,,0.8821471881996008,0.9471115739788356,0.11781201725991552,0.052879004666817386,4.079454048372847e-05,9.421354346936093e-06
450.0,2,rectifying_volume_1,tray,130.39860474439325,222.6749953768487,38.00717543057875,49.840464580287616,5662.27333112629,8461.10969582617,0.7596794359858325,0.8819007842282809,0.2401579050267707,0.11805777541940739,0.00016265898739673088,4.144035231175779e-05
450.0,3,rectifying_volume_2,tray,141.3583365550784,222.72387943338174,34.28107186456604,12.900036118133096,5440.863312410106,8171.065300762138,0.6284692249194741,0.7970046500219339,0.37109093224390305,0.2028693515558427,0.0004398428366228135,0.00012599842222338825
450.0,4,rectifying_volume_3,tray,151.70203248813777,222.77260415619986,33.34589178517419,12.679398149397432,5313.657366810513,7949.64441723431,0.5158044893523466,0.7082197759424025,0.48321147944970094,0.29146536225593134,0.0009840311979523952,0.0003148618016660868
450.0,5,rectifying_volume_4,tray,159.7835648907248,222.82160970880525,32.76059113962661,12.520769769737903,5254.778429055627,7822.428827028085,0.4345227067098819,0.6329621481740549,0.5635178456552472,0.36635500874546345,0.001959447634871102,0.0006828430804814915
450.0,6,rectifying_volume_5,tray,165.32059335418782,222.87094477794676,32.35760284299544,12.424198762956593,5229.39083944276,7763.548111188907,0.3821704826069155,0.5788159643073942,0.6141950264536681,0.4198426460088964,0.0036344909394163396,0.0013413896837093796
450.0,7,rectifying_volume_6,tray,168.86588760862563,222.92062713339814,32.138789817785245,12.363721412972302,5215.201754571049,7738.165828723025,0.3505016575614633,0.5438965942123896,0.6430344334356799,0.4536310842417931,0.0064639090028567325,0.0024723215458174854
450.0,8,rectifying_volume_7,tray,171.1417373278126,222.97055373244115,31.99684133150245,12.325291614563795,5200.838295497345,7723.98592234528,0.33177067218712175,0.5228019408323279,0.657017312734618,0.47281600694503806,0.011212015078260206,0.00438205222263401
450.0,9,rectifying_volume_8,tray,172.75760640821784,223.02056398138257,31.845134393031785,12.29936914242027,5179.52198818873,7709.632589914913,0.3204285190106663,0.5104812127613743,0.6604298531398685,0.48193555048920084,0.019141627849465104,0.007583236749424978
450.0,10,rectifying_volume_9,tray,174.18893602001776,223.0705091387862,31.64154095632775,12.276745340462835,5144.846035440216,7688.3254475481,0.3128278202520646,0.503331559014441,0.6548805736895953,0.48375052745185465,0.03229160605834019,0.012917913533704445
450.0,11,rectifying_volume_10,tray,175.84601139430671,223.12028361748287,31.369558917083392,12.247208832672289,5088.513880964633,7653.65705607933,0.306517945745753,0.4990480086989509,0.6396515426401408,0.4792196482704702,0.053830511614106326,0.021732343030578874
450.0,12,feed_tray,tray,178.16165266018874,223.19502869197623,45.88777209011863,11.017363329093184,12252.63457489166,7597.331979777571,0.2996615472664932,0.4962002382267143,0.612004311957229,0.4677165741229896,0.08833414077627769,0.03608318765029615
450.0,13,stripping_volume_1,tray,181.59355252251834,223.2705823800337,45.698331168093674,10.964602900301754,12273.149946089143,7618.5088319615425,0.2715719962137886,0.45950211365287746,0.6387546726188694,0.5025778459200647,0.08967333116734193,0.03792004042705772
450.0,14,stripping_volume_2,tray,185.72465030600918,223.34716366515752,45.52344214835825,10.89988817688916,12309.665263846324,7639.049737105962,0.2385159954705519,0.41393699480271096,0.6702375786452962,0.5458541782175715,0.09124642588415187,0.04020882697971762
450.0,15,stripping_volume_3,tray,190.43481296749655,223.4249958374787,45.31739905981451,10.831083611131557,12365.961862696151,7675.587414945181,0.2018332839265646,0.36023796355722043,0.705070979221676,0.5967930941392553,0.09309573685175938,0.04296894230352428
450.0,16,stripping_volume_4,tray,195.4981923351713,223.49445336228857,53.4869880982841,12.217034401858339,12441.065345778707,7731.904850773085,0.1636223802254578,0.30067413164928797,0.7408913439810952,0.6530456393521772,0.09548627579344708,0.04628022899853497
450.0,17,stripping_volume_5,tray,200.6640389980253,223.56528258688613,53.18667789428169,12.143126406031397,12527.261413540225,7807.026884850716,0.12628946646574296,0.23882120581606453,0.7743724527635285,0.7106360671389708,0.09933808077072857,0.050542727044964764
450.0,18,stripping_volume_6,tray,205.78677515387085,223.638097704607,53.21711181805572,12.044196598277134,12606.13114772877,7893.241523273684,0.09194717974307787,0.17874126939088258,0.800790775234765,0.7641090835159016,0.10726204502215707,0.057149647093215815
450.0,19,stripping_volume_7,tray,211.05640218042296,223.71227394018544,52.78049872207027,11.975234659998039,12643.416062260812,7972.129113011932,0.061976638324904534,0.12391250315559806,0.8120936199710991,0.805986890159495,0.12592974170399646,0.07010060668490707
450.0,20,combined_reboiler_sump,reboiler_sump,217.37028991279476,223.73746388662465,757.0141249203544,77.87902029516508,,8009.430539711324,0.036935586129392683,0.07645122049901322,0.7919934663481292,0.8238024899637393,0.17107094752247815,0.09974628953724755
480.0,1,reflux_drum,reflux_drum,121.07039639665759,222.6354477714463,1789.293947360913,110.31738507813898,,,0.8821482459985346,0.9471113247672258,0.11781093940066688,0.05287924900801741,4.081460079850344e-05,9.426224756791951e-06
480.0,2,rectifying_volume_1,tray,130.40330383575719,222.68271388485388,38.006714028272945,49.84218902033127,5662.218233791732,8461.5282284903,0.7596573112369555,0.8818863299833716,0.2401799127677198,0.1180721980519217,0.0001627759953247237,4.147196470677667e-05
480.0,3,rectifying_volume_2,tray,141.36452431215736,222.73159940901428,34.28054407639484,12.900450511966001,5440.796650849536,8171.407474991106,0.6284332578139296,0.7969764726444615,0.37112659024593475,0.2028974331901791,0.0004401519401356469,0.00012609416535956945
480.0,4,rectifying_volume_3,tray,151.708626048855,222.7803255974686,33.345382407867234,12.679805309275798,5313.601563963891,7949.9695853019375,0.5157681720702689,0.7081854028969159,0.4832471736304202,0.2914995173985854,0.0009846542993107992,0.0003150797044985995
480.0,5,rectifying_volume_4,tray,159.78971448904733,222.8293326216253,32.76013800981204,12.52118820847781,5254.731869415937,7822.75965195154,0.4344936415289471,0.6329300492560143,0.5635458282702183,0.36638669502659427,0.0019605302008347254,0.0006832557173915036
480.0,6,rectifying_volume_5,tray,165.3260268566972,222.87866909436121,32.357195407788744,12.424632359716757,5229.345153613257,7763.883446585337,0.3821498395564371,0.5787902569183876,0.6142139518598226,0.4198676623408157,0.003636208583740219,0.0013420807407966146
480.0,7,rectifying_volume_6,tray,168.87070145484694,222.92835272468477,32.138403962550825,12.364167023203008,5215.150711878768,7738.497735540585,0.3504876872518774,0.5438773610169021,0.6430458471085952,0.4536492531821251,0.006466465639527263,0.0024733858009728326
480.0,8,rectifying_volume_7,tray,171.14613749139585,222.97828044718722,31.99645646193082,12.325745020903103,5200.778620774749,7724.308486879138,0.3317611538195743,0.5227875908878514,0.6570232383957822,0.47282882227987233,0.011215607784643486,0.004383586832276199
480.0,9,rectifying_volume_8,tray,172.76177782981617,223.02829166925804,31.844737599170465,12.299826996265011,5179.452462525497,7709.942746566549,0.3204216686193102,0.5104700143547369,0.6604319915142645,0.48194467972106064,0.01914633986642535,0.007585305924202434
480.0,10,rectifying_volume_9,tray,174.19299622420525,223.07823766062626,31.64112873678269,12.277205553387404,5144.767336923434,7688.622105376888,0.31282245984057344,0.5033221735724214,0.6548803822827161,0.48375736840897454,0.03229715787671051,0.012920458018604189
480.0,11,rectifying_volume_10,tray,175.8499847301886,223.12801285217853,31.369140957799434,12.247670886048159,5088.429540763017,7653.94096399979,0.3065134759105676,0.4990395460536238,0.6396507644555158,0.4792254686330518,0.053835759633916604,0.021734985313324476
480.0,12,feed_tray,tray,178.16542694733775,223.20275897981986,45.88761131130221,11.017753793858455,12252.681510592385,7597.606699103375,0.2996579540128403,0.49619217744143806,0.6120058259064614,0.467722959695273,0.08833622008069825,0.03608486286328899
480.0,13,stripping_volume_1,tray,181.59776053917216,223.27831466614845,45.698138210911665,10.964986288004363,12273.194658087497,7618.909673562465,0.27156505119460395,0.4594893691577552,0.6387593181552004,0.5025886126677649,0.08967563065019564,0.03792201817447991
480.0,14,stripping_volume_2,tray,185.7291953700013,223.35489798027766,45.52322762369071,10.90026621616774,12309.71020960659,7639.443030221993,0.2385066599923581,0.41392040284970477,0.6702444220042705,0.5458685091513042,0.0912489180033714,0.04021108799899096
480.0,15,stripping_volume_3,tray,190.43953288500805,223.43273220360805,45.31717410885436,10.831459277938066,12366.007612767937,7675.975505950875,0.20182297429586507,0.36021922668925915,0.7050786155686732,0.5968093296753607,0.09309841013546177,0.04297144363538005
480.0,16,stripping_volume_4,tray,195.50288921914438,223.50219131257953,53.48668933936945,12.217462704042779,12441.107763142378,7732.288284986841,0.16361268210568383,0.3006556528686573,0.7408981314606162,0.6530614115999808,0.09548918643369998,0.04628293553136188
480.0,17,stripping_volume_5,tray,200.66854426082253,223.57302203729915,53.18637578529504,12.143558812688239,12527.295346878578,7807.40101978153,0.1262816608265657,0.23880540693510346,0.7743769257834032,0.7106489147654752,0.0993414133900312,0.050545678299421234
480.0,18,stripping_volume_6,tray,205.79098343103968,223.64583850486642,53.21680043955375,12.044633022115047,12606.149877589009,7893.601348242182,0.09194207622793384,0.17873011244563888,0.8007917855659933,0.764116874839373,0.10726613820607299,0.05715301271498824
480.0,19,stripping_volume_7,tray,211.0602841984011,223.72001587555573,52.78017143475649,11.97567636377026,12643.413823431585,7972.468076982045,0.061974512900585456,0.12390708159585045,0.8120905607318332,0.8059882737725563,0.12593492636758133,0.07010464463159323
480.0,20,combined_reboiler_sump,reboiler_sump,217.37384138848338,223.74520682857207,757.0050287901493,77.88215590269006,,8009.743012402417,0.036936284059825235,0.07645174564576389,0.7919869690646594,0.8237973571390682,0.1710767468755153,0.0997508972151678
510.0,1,reflux_drum,reflux_drum,121.07297244127726,222.6424656636052,1793.3754190780494,110.01863738947078,,,0.8821484976279729,0.947110753115278,0.11781066721076176,0.05287981569027111,4.083516126539431e-05,9.431194450819948e-06
510.0,2,rectifying_volume_1,tray,130.4078638511645,222.6897336486632,38.00625959638046,49.843728824392585,5662.162067173556,8461.951821788803,0.7596335847065205,0.8818710843628785,0.240203521080398,0.11808741178611654,0.00016289421308145636,4.150385100493073e-05
510.0,3,rectifying_volume_2,tray,141.37062087695372,222.73862078266765,34.28001919230191,12.900816597215561,5440.729144209188,8171.753524873811,0.6283952012783325,0.7969470134807779,0.3711643353163299,0.20292679594161364,0.0004404634053377021,0.00012619057760842413
510.0,4,rectifying_volume_3,tray,151.71514033754872,222.78734858364575,33.34487715293636,12.680164943597738,5313.545760117882,7950.2988403780455,0.5157297523648552,0.7081494859190532,0.48328496657151493,0.29153521522104736,0.0009852810636299789,0.00031529885989946185
510.0,5,rectifying_volume_4,tray,159.79576569641384,222.8363572314264,32.759691772488914,12.521560254553796,5254.686015796195,7823.095395270933,0.4344627548025232,0.6328964485696138,0.5635756276583692,0.36641988129932296,0.0019616175391074025,0.0006836701310632272
510.0,6,rectifying_volume_5,tray,165.33133119940575,222.88569526214602,32.35679743407594,12.425020574816921,5229.300546823919,7764.224393169271,0.3821277185001757,0.5787632654850589,0.6142343496774502,0.4198939607724615,0.003637931822374259,0.0013427737424795366
510.0,7,rectifying_volume_6,tray,168.87535744822736,222.9353803214438,32.138029439447,12.36456801934405,5215.100888961722,7738.8356108397875,0.3504725284437993,0.543857091144437,0.6430584429609486,0.4536684572422588,0.00646902859525218,0.00247445161330413
510.0,8,rectifying_volume_7,tray,171.15035794650652,222.98530931994964,31.996084131417796,12.326154352273731,5200.7201926537755,7724.637144127495,0.3317506563845839,0.5227724091683236,0.6570301356246281,0.4728424688637422,0.011219207990787978,0.004385121967934225
510.0,9,rectifying_volume_8,tray,172.76575443775988,223.03532166579726,31.844354039489982,12.300241147926542,5179.3841624427505,7710.2590061625415,0.32041397977887237,0.5104581316601159,0.6604349579407987,0.4819544943404957,0.01915106228032889,0.007587373999388409
510.0,10,rectifying_volume_9,tray,174.19685169463037,223.0852686399134,31.640730067164395,12.277622340546236,5144.689821347315,7688.924828882161,0.31281635207300607,0.5033122028626376,0.6548809204944119,0.48376479758558016,0.03230272743258212,0.012922999551782272
510.0,11,rectifying_volume_10,tray,175.85374708704805,223.13504469130558,31.368736554260177,12.248089759374148,5088.346321874091,7654.23087917007,0.3065083170437671,0.4990305627605987,0.6396506402870261,0.47923181354811833,0.05384104266920681,0.021737623691282883
510.0,12,feed_tray,tray,178.16898676874615,223.20979198817477,45.88744393145803,11.018107796502102,12252.717270955942,7597.887348337482,0.2996537091507373,0.49618363855265324,0.6120079194254435,0.4677298246696372,0.08833837142381916,0.03608653677770962
510.0,13,stripping_volume_1,tray,181.60177853570534,223.28534971158666,45.69793745132361,10.965332991306914,12273.228348735394,7619.304120978197,0.2715572644223289,0.45947584528365226,0.6387647248697611,0.5026001455970253,0.08967801070791004,0.03792400911932245
510.0,14,stripping_volume_2,tray,185.7335727523734,223.3619351007136,45.52300449419137,10.900607449641827,12309.7444065454,7639.8300563348,0.2384963221361064,0.41390272598212063,0.6702521806128903,0.5458838973290765,0.09125149725100325,0.040213376688802836
510.0,15,stripping_volume_3,tray,190.44410080771337,223.43977142863938,45.31694032400155,10.83179815908407,12366.042928007944,7676.357576143994,0.2018115659572165,0.3601991471794941,0.7050872599556036,0.5968268680806759,0.09310117408717983,0.04297398473983007
510.0,16,stripping_volume_4,tray,195.5074391371929,223.50923216365146,53.48638231852991,12.217849430759475,12441.139938621529,7732.6659863590285,0.1636018783323824,0.300635679569822,0.7409059331447148,0.6530786310733693,0.09549218852290288,0.046285689356808594
510.0,17,stripping_volume_5,tray,200.67289527173165,223.58006443270926,53.18606617942873,12.14395005281713,12527.31896432176,7807.769587497628,0.12627283643488402,0.23878810855927426,0.7743823258682474,0.7106632124074557,0.0993448376968686,0.05054867903326999
510.0,18,stripping_volume_6,tray,205.79501939569542,223.65288229274557,53.216482297850995,12.045028952996024,12606.157852002925,7893.955505128397,0.09193611725856442,0.1787176028508993,0.8007935536463519,0.7641259699070169,0.10727032909508365,0.05715642724208384
510.0,19,stripping_volume_7,tray,211.06396944571995,223.72706083536173,52.77983791450879,11.976078174209583,12643.400011872163,7972.800907344464,0.0619717411310222,0.12390057387448128,0.8120880210394549,0.8059906887745798,0.1259402378295229,0.07010873735093887
510.0,20,combined_reboiler_sump,reboiler_sump,217.37717206984425,223.75225284686198,756.9964494151384,77.88500868102042,,8010.048509514548,0.03693655873454506,0.07645151874087765,0.791980666409093,0.8237928819038216,0.1710827748563619,0.09975559935530064
540.0,1,reflux_drum,reflux_drum,121.07534736079552,222.64878008220595,1797.3704866035243,109.72592970243966,,,0.8821479408606338,0.9471098583789761,0.11781120292434359,0.05288070535932649,4.085621502272629e-05,9.43626169737671e-06
540.0,2,rectifying_volume_1,tray,130.41228284977635,222.69605008073106,38.00581230455157,49.84508288095984,5662.104845178799,8462.380358814302,0.7596082591088895,0.881855049789683,0.24022872728496097,0.11810341420864899,0.00016301360614950566,4.1536001668043785e-05
540.0,3,rectifying_volume_2,tray,141.37662397546868,222.74493896676313,34.27949739002221,12.901134095556568,5440.660810477936,8172.1033527382815,0.6283550610485196,0.7969162778141693,0.371204161808815,0.20295743455482892,0.00044077714266542065,0.00012628763100180435
540.0,4,rectifying_volume_3,tray,151.72157297896442,222.79366852712735,33.34437619434136,12.680476778982888,5313.489971511848,7950.632090416797,0.5156892361091594,0.7081120315372263,0.48332485258088975,0.2915724492583462,0.0009859113099508852,0.00031551920442759204
540.0,5,rectifying_volume_4,tray,159.8017162271712,222.84267895058446,32.75925258872075,12.521885634141109,5254.6408824376085,7823.435964711027,0.43443005081371583,0.6328613520547421,0.5636072398526093,0.36645456174480007,0.0019627093336749973,0.0006840862004576782
540.0,6,rectifying_volume_5,tray,165.3365042525057,222.89201869367554,32.356409072227926,12.425363132120298,5229.257033062745,7764.570858058464,0.3821041218244771,0.5787349944381407,0.6142562180229969,0.4199215370776369,0.0036396601525260823,0.00134346848422239
540.0,7,rectifying_volume_6,tray,168.8798535946007,222.94170533607908,32.13766639398041,12.364924123259705,5215.052301025636,7739.179362753652,0.3504561820172703,0.5438357875078618,0.6430722208607398,0.45368869382654226,0.006471597121990061,0.0024755186655960213
540.0,8,rectifying_volume_7,tray,171.15439678619447,222.99163576319697,31.995724485649887,12.326519329350432,5200.663028379438,7724.971804617744,0.33173917977788914,0.5227563974605798,0.6570380055727454,0.47285694536936357,0.011222814649365387,0.0043866571700567425
540.0,9,rectifying_volume_8,tray,172.76953436766453,223.0416493835677,31.84398386293095,12.300611317608316,5179.317107535884,7710.581282393156,0.32040545182949115,0.510445565770224,0.6604387544421091,0.4819649938760515,0.019155793728399886,0.007589440353724539
540.0,10,rectifying_volume_9,tray,174.2005005814962,223.09159748934476,31.640345100159042,12.277995422169377,5144.613510440639,7689.233535197745,0.31280949601996383,0.5033016476229036,0.6548821908325327,0.4837728150079578,0.03230831314750341,0.012925537369138514
540.0,11,rectifying_volume_10,tray,175.85729662723037,223.14137454771594,31.36834585950817,12.248465173076106,5088.264247089653,7654.526721933561,0.3065024680870463,0.4990210594321205,0.6396511726133771,0.4792386831922618,0.05384635929957661,0.021740257375617675
540.0,12,feed_tray,tray,178.17233033693526,223.21612312984718,45.88726996357733,11.018425101206946,12252.74179871157,7598.1738499514795,0.29964881147349604,0.49617462218251157,0.6120105940640778,0.4677371689033532,0.0883405944624261,0.03608820891413534
540.0,13,stripping_volume_1,tray,181.60560468821018,223.29168292857494,45.69772890669251,10.965642775679019,12273.250961624737,7619.692018029885,0.27154863497576454,0.459461542902636,0.6387708940567335,0.5026124443470024,0.08968047096750209,0.037926012750361504
540.0,14,stripping_volume_2,tray,185.73778060861562,223.36827043812303,45.52277278012738,10.900911643998604,12309.767798759643,7640.2106616217825,0.23848498113017746,0.4138839651148237,0.6702608556483443,0.5459003423766724,0.09125416322147832,0.04021569250850377
540.0,15,stripping_volume_3,tray,190.44851488916237,223.44610892367368,45.31669772729675,10.832100022169143,12366.067752862285,7676.733473756037,0.20179905813577112,0.3601777257234678,0.7050969136092547,0.5968457092311245,0.09310402825497413,0.04297656504540787
540.0,16,stripping_volume_4,tray,195.5118402584519,223.51557132616608,53.486067078763,12.218194318468486,12441.161817563232,7733.037805024942,0.1635899679847522,0.3006142119436532,0.7409147504923921,0.6530972981988917,0.09549528152285568,0.04628848985745515
540.0,17,stripping_volume_5,tray,200.67709022083164,223.5864051833598,53.18574912287062,12.144299863289344,12527.332212749367,7808.132440753373,0.12626299216017325,0.23876931018599523,0.7743886548637542,0.7106789612812348,0.0993483529760726,0.05055172853276993
540.0,18,stripping_volume_6,tray,205.7988812526966,223.6592244780959,53.2161574447501,12.045384129133417,12606.155020529128,7894.303849875599,0.09192930147930196,0.178703739303937,0.8007960818859925,0.7641363709379575,0.10727461663470551,0.05715988975810547
540.0,19,stripping_volume_7,tray,211.06745612424075,223.73340422909658,52.77949822265612,11.976439830316776,12643.3745812277,7973.127464283239,0.06196832146111434,0.12389297787948038,0.8120860040472795,0.8059941385618814,0.12594567449160615,0.07011288355863825
540.0,20,combined_reboiler_sump,reboiler_sump,217.38028013997135,223.75859735074215,756.9883985571829,77.88757614124337,,8010.346896783397,0.03693640844902236,0.07645053692809203,0.7919745622184989,0.8237890688714089,0.1710890293324787,0.09976039420049908
570.0,1,reflux_drum,reflux_drum,121.07751969285883,222.65438661028182,1801.2767632354273,109.43944101872769,,,0.8821465735993235,0.9471086399622426,0.11781254864544917,0.05288191861298539,4.0877755227323694e-05,9.441424771990156e-06
570.0,2,rectifying_volume_1,tray,130.416558920715,222.70165876394586,38.00537232160024,49.84625012454947,5662.046582289449,8462.813719735002,0.759581337574902,0.8818382288944817,0.2402555282853709,0.1181202026984297,0.00016313413972722586,4.156840708861872e-05
570.0,3,rectifying_volume_2,tray,141.38253134532732,222.75054954411644,34.27897884818331,12.901402740819305,5440.591668300794,8172.456858764577,0.6283128434717054,0.796884271307244,0.3712460634666218,0.202989343395457,0.0004410930616728917,0.00012638529729890456
570.0,4,rectifying_volume_3,tray,151.72792160278763,222.79928101066426,33.34387970689658,12.680740554059867,5313.434214856017,7950.969241362225,0.5156466298231561,0.7080730467612585,0.48336682532132524,0.29161121256475514,0.0009865448555185505,0.0003157406739863566
570.0,5,rectifying_volume_4,tray,159.80756380475825,222.84829336178942,32.75882061973241,12.522164085106752,5254.59648386488,7823.7812658522125,0.4343955344200542,0.6328247661353857,0.5636406603145198,0.36649073006131194,0.001963805265426151,0.0006845038033023617
570.0,6,rectifying_volume_5,tray,165.34154390393604,222.89763497159748,32.35603047207221,12.425659766871918,5229.214626507738,7764.922746103919,0.38207905238861456,0.5787054486345048,0.6142795545449865,0.41995038660603795,0.00364139306639894,0.0013441647594572875
570.0,7,rectifying_volume_6,tray,168.88418792583377,222.94732335122782,32.13731497062618,12.365235067957114,5215.004963447624,7739.528897122149,0.35043864923820073,0.5438134533760687,0.6430871802979325,0.45370995998641866,0.006474170463866815,0.0024765866375126133
570.0,8,rectifying_volume_7,tray,171.15825213567436,222.99725535959223,31.9953776690106,12.326839683786838,5200.607145387181,7725.312376638646,0.33172672421933797,0.5227395578498848,0.6570468490794525,0.47287225017557977,0.011226426701209448,0.004388191974535409
570.0,9,rectifying_volume_8,tray,172.77311579131964,223.0472704052936,31.84362721700856,12.300937236384605,5179.251317621014,7710.90948680408,0.3203960843952211,0.51043231803579,0.6604433827738906,0.4819761776045248,0.01916053283088839,0.007591504359685032
570.0,10,rectifying_volume_9,tray,174.20394107373747,223.09721979173767,31.639973986983883,12.278324529280413,5144.538426179936,7689.548139423213,0.3128018910100133,0.5032905088219942,0.654884195569532,0.48378142047931283,0.03231391342045464,0.012928070698692905
570.0,11,rectifying_volume_10,tray,175.86063155367174,223.1469980043464,31.367969025092325,12.248796858301525,5088.183339464272,7654.828410714088,0.3064959282216113,0.4990110368922252,0.6396523637007817,0.47924607753883836,0.05385170807760694,0.021742885568936377
570.0,12,feed_tray,tray,178.17545590684983,223.22174798770007,45.88708942379983,11.018705481177195,12252.755039883312,7598.466124598053,0.2996432599978862,0.49616512914917316,0.6120138511766384,0.46774499206460424,0.08834288882547527,0.036089878786222676
570.0,13,stripping_volume_1,tray,181.60923720481264,223.29730989938577,45.69751259807497,10.96591541573698,12273.262443586547,7620.073209849123,0.27153916223894586,0.4594464632050352,0.6387778267362246,0.5026255082514502,0.08968301102482946,0.03792802854351461
570.0,14,stripping_volume_2,tray,185.7418171168732,223.37389957419657,45.522532505826256,10.901178575157665,12309.780333474322,7640.584693608531,0.23847263657705436,0.4138641216019119,0.6702704479472148,0.5459178434992469,0.0912569154757307,0.040218034898841425
570.0,15,stripping_volume_3,tray,190.45277329914683,223.45174026982983,45.31644634495129,10.832364644047113,12366.082034769237,7677.103048345205,0.2017854504717574,0.3601549635536022,0.7051075773756224,0.5968658524888482,0.09310697215262027,0.04297918395754955
570.0,16,stripping_volume_4,tray,195.5160907665229,223.5212043807914,53.485743667457534,12.218497114075804,12441.17334822061,7733.403592423602,0.16357695055964352,0.30059125076881854,0.7409245845782879,0.6531174128405869,0.09549846486206862,0.04629133639059466
570.0,17,stripping_volume_5,tray,200.6811273163216,223.59203986948918,53.18542466583478,12.144607991265177,12527.33504195919,7808.489433641532,0.12625212725132612,0.2387490118874818,0.7743959142668355,0.7106961620527917,0.0993519584818382,0.05055482605972658
570.0,18,stripping_volume_6,tray,205.80256723338852,223.6648606407542,53.21582593563317,12.045698298778497,12606.141335782551,7894.64623990202,0.09192162784383685,0.1786885210012677,0.8007993724118916,0.7641480796723908,0.10727899974427146,0.05716339932634134
570.0,19,stripping_volume_7,tray,211.07074247369675,223.73904163623263,52.779152423583426,11.976761080885016,12643.3374884392,7973.4476097419665,0.06196425255812342,0.12388429187764899,0.8120845127057079,0.8059986261644431,0.12595123473616873,0.07011708195790804
570.0,20,combined_reboiler_sump,reboiler_sump,217.3831638322062,223.76423591943026,756.9808852508352,77.88985608972786,,8010.638042097633,0.036935831632415254,0.07644879759026942,0.7919686602097029,0.8237859224172612,0.17109550815788185,0.0997652799924693
600.0,1,reflux_drum,reflux_drum,121.07948802964098,222.65928100938962,1805.0918832002244,109.15934875964119,,,0.8821443938777875,0.9471070973165872,0.11781470634716307,0.052883456001456386,4.089977504939858e-05,9.446681956454702e-06
600.0,2,rectifying_volume_1,tray,130.42069018590155,222.70655545967696,38.00493981532416,49.847229537714846,5661.987293570586,8463.251781838744,0.7595528236540467,0.8818206245155303,0.24028392056725906,0.11813777442688762,0.0001632557786940374,4.160105758203291e-05
600.0,3,rectifying_volume_2,tray,141.3883407383142,222.75544827598432,34.27846374626375,12.901622279503279,5440.521737022181,8172.813941063543,0.6282685555128433,0.7968510000042843,0.3712900334162188,0.20302251644775424,0.0004414110709378456,0.0001264835479614156
600.0,4,rectifying_volume_3,tray,151.73418384578358,222.8041817954081,33.343387866287614,12.680956019977504,5313.378507387131,7951.310197246952,0.5156019406844032,0.7080325390888114,0.4834108777999977,0.29165149770742066,0.0009871815155992033,0.0003159632037679887
600.0,5,rectifying_volume_4,tray,159.8133061635695,222.85319622609128,32.75839602697627,12.522395357517087,5254.552834954971,7824.131202259337,0.43435921106661496,0.6327866977294159,0.5636758839215124,0.36652837945458655,0.0019649050118727557,0.0006849228159975907
600.0,6,rectifying_volume_5,tray,165.34644806120525,222.90253985687903,32.35566178299937,12.42591022619976,5229.173341611081,7765.279960032448,0.38205251353803765,0.5786746333680105,0.6143043564111141,0.4199805042725255,0.003643130050848089,0.0013448623594640849
600.0,7,rectifying_volume_6,tray,168.88835850182193,222.95223012780693,32.13697531296473,12.365500598078434,5214.958891876844,7739.8841176547985,0.35041993176989045,0.5437900923835107,0.6431033203732563,0.45373225241099835,0.006476747856853239,0.002477655205490904
600.0,8,rectifying_volume_7,tray,171.16192215462968,223.00216387003977,31.99504382474183,12.327115158697364,5200.552561420382,7725.65876642393,0.3317132902615696,0.5227218927265015,0.6570566666632853,0.4728883813608174,0.011230043075145042,0.004389725912681186
600.0,9,rectifying_volume_8,tray,172.77649691936873,223.05218049190364,31.843284248005467,12.301218646670703,5179.186812873486,7711.243528998717,0.32038587738948804,0.5104183900684374,0.6604488444193385,0.48198804454794314,0.01916527819117348,0.007593565383619358
600.0,10,rectifying_volume_9,tray,174.20717140207034,223.10213130807838,31.639616877619755,12.278609404154935,5144.464590952184,7689.868554844871,0.31279353663202386,0.5032787876587913,0.6548869367397718,0.48379061358026376,0.03231952662820431,0.012930598760945
600.0,11,rectifying_volume_10,tray,175.86375011325018,223.15191082226843,31.3676062013436,12.249084557367539,5088.103622501065,7655.135862248939,0.30648869686795194,0.49900049617264564,0.6396542156029749,0.4792539963615542,0.05385708752907317,0.021745507465800097
600.0,12,feed_tray,tray,178.17836177937784,223.22666232270515,45.88690233182472,11.01894871901166,12252.756944143932,7598.764091363418,0.29963705396230716,0.49615516046036917,0.6120176919245357,0.4677532936385455,0.08834525411315712,0.03609154590108523
600.0,13,stripping_volume_1,tray,181.6126743296315,223.30222638439224,45.697288550652644,10.9661506956052,12273.262745073353,7620.447543289142,0.2715288458957672,0.45943060768818295,0.6387855236605402,0.5026393363494176,0.08968563044369261,0.03793005596239941
600.0,14,stripping_volume_2,tray,185.74568048228946,223.37881826871586,45.52228370013961,10.901408028621269,12309.781961458253,7640.952001610118,0.23845928844502123,0.413843197220995,0.670280958014707,0.545936399496342,0.09125975354027176,0.04022040328266298
600.0,15,stripping_volume_3,tray,190.45687422827515,223.4566612263067,45.31618620785403,10.83259181116808,12366.085724609979,7677.466151289819,0.20177074301056072,0.3601308624204884,0.7051192517308452,0.5968872967201511,0.09311000525859402,0.04298184085936049
600.0,16,stripping_volume_4,tray,195.52018886405727,223.52612708626734,53.48541213699412,12.218757575317014,12441.174482245116,7733.763201805986,0.16356282596179186,0.3005667973926361,0.7409354361035783,0.6531389743183988,0.09550173793462992,0.04629422828896489
600.0,17,stripping_volume_5,tray,200.68500478887594,223.59696424939995,53.18509286324274,12.1448741945749,12527.327405196187,7808.840422138037,0.12624024132885453,0.23872721429442523,0.7744041052345705,0.7107148148534401,0.09935565343657501,0.050557970852134766
600.0,18,stripping_volume_6,tray,205.8060755995255,223.66978653861608,53.21548783024041,12.045971220598483,12606.116753996534,7894.982534679824,0.09191309561075532,0.17867194762815788,0.8008034270733817,0.7641610973815561,0.107283477315863,0.05716695499028593
600.0,19,stripping_volume_7,tray,211.07382677506337,223.74396881429925,52.77880058560072,11.977041684877982,12643.288694333862,7973.761208015919,0.06195953331116625,0.12387451451180663,0.8120835497640602,0.8060041542485319,0.12595691692477357,0.07012133123966142
600.0,20,combined_reboiler_sump,reboiler_sump,217.3858214328405,223.769164310195,756.9739160828045,77.89184660673793,,8010.921816109749,0.036934826850785356,0.07644629835457054,0.7919629639796167,0.8237834466750769,0.1711022091695978,0.0997702549703527
630.0,1,reflux_drum,reflux_drum,121.08125102101468,222.66345922852952,1808.8135030916114,108.885828652303,,,0.8821413998617744,0.9471052299407721,0.11781767787055837,0.05288531802769001,4.092226766719866e-05,9.452031537898465e-06
630.0,2,rectifying_volume_1,tray,130.42467480309475,222.71073611669254,38.00451495233324,49.848020153279265,5661.926994688442,8463.694419376548,0.7595227213183244,0.8818022396991947,0.24031390019409554,0.11815612635742558,0.000163378487579926,4.163394337986929e-05
630.0,3,rectifying_volume_2,tray,141.39404992310037,222.7596311109807,34.27795226449327,12.901792471352437,5440.451036709967,8173.174495573603,0.6282222047626795,0.796816470334555,0.37133606415933795,0.20305694731131188,0.0004417310779824545,0.00012658235413305703
630.0,4,rectifying_volume_3,tray,151.7403573542215,222.80836682982599,33.3429008490259,12.681122940974358,5313.322866905091,7951.654860120797,0.5155551765393254,0.7079905165120343,0.4834570023573439,0.29169329675975647,0.0009878211033308392,0.00031618672820927146
630.0,5,rectifying_volume_4,tray,159.81894105124633,222.85738349181315,32.75797897212021,12.522579214200643,5254.509950983417,7824.485675414219,0.4343210867984623,0.6327471542573389,0.5637129049546092,0.3665675026291161,0.00196600824692844,0.0006853431135451567
630.0,6,rectifying_volume_5,tray,165.35121465374144,222.90672929771821,32.35530315397813,12.426114269669633,5229.133193157723,7765.642400395281,0.38202450911603697,0.5786425543782747,0.614330620296845,0.4200118845484397,0.00364487058711806,0.0013455610732854984
630.0,7,rectifying_volume_6,tray,168.89236341305093,222.95642161392314,32.13664756372417,12.365720470446341,5214.914102308691,7740.2449258881825,0.35040003168260886,0.5437657085371372,0.6431206397888617,0.45375556742018447,0.006479328528529474,0.0024787240426783004
630.0,8,rectifying_volume_7,tray,171.1654050400818,223.00635724259422,31.994723095017093,12.327345509191828,5200.499294623921,7726.01087811048,0.33169887879689147,0.5227034047897222,0.6570674585152357,0.4729053366990368,0.011233662687872762,0.004391258511240937
630.0,9,rectifying_volume_8,tray,172.77967600450154,223.0563755914389,31.842955101071066,12.301455302747645,5179.1236139390585,7711.583316610688,0.3203748310191396,0.5104037837414463,0.6604551405850263,0.48200059347264373,0.019170028395834055,0.0075956227859098
630.0,10,rectifying_volume_9,tray,174.21018984247857,223.10632798642953,31.63927392093817,12.278849800835932,5144.392027683214,7690.1946929200885,0.3127844327367413,0.5032664855600554,0.6548904161377646,0.4838003936707423,0.032325151125494146,0.012933120769202437
630.0,11,rectifying_volume_10,tray,175.86665060049077,223.1561089495955,31.367257537539732,12.249328024267923,5088.02512029904,7655.448991591144,0.3064807736856303,0.49898943850827077,0.6396567301614854,0.4792624392385614,0.05386249615288428,0.021748122253167818
630.0,12,feed_tray,tray,178.18104630514716,223.2308620828495,45.88670871125349,11.019154607127234,12252.747465140552,7599.067667788833,0.2996301928257008,0.496144717307478,0.6120221172783914,0.4677620729328311,0.0883476898959078,0.03609320975969084
630.0,13,stripping_volume_1,tray,181.6159143469676,223.30642833097633,45.69705679409034,10.96634840932895,12273.251820508578,7620.814867131416,0.27151768592572595,0.45941397814625445,0.6387939853193658,0.5026539273948438,0.08968832875490823,0.037932094458901784
630.0,14,stripping_volume_2,tray,185.74936894153555,223.38302246846328,45.52202639682186,10.901599799877616,12309.772637398652,7641.312436958967,0.23844493706127037,0.41382119415910384,0.6702923860324587,0.5459560087752724,0.09126267690627096,0.04022279706562363
630.0,15,stripping_volume_3,tray,190.4608158927079,223.4608677392944,45.3159173519871,10.832781319973858,12366.078777113902,7677.822636015586,0.2017549361944124,0.36010542457625283,0.7051319367905012,0.5969100403113597,0.09311312701508632,0.04298453511238755
630.0,16,stripping_volume_4,tray,195.52413277749855,223.53033538831875,53.48507254522514,12.218975471202166,12441.165175124237,7734.116488491179,0.1635475944956638,0.3005408537142347,0.7409473054052204,0.653161981424281,0.09550510009911581,0.04629716486148432
630.0,17,stripping_volume_5,tray,200.68872089615604,223.60117426837445,53.18475377527529,12.145098242161612,12527.309259621647,7809.18526438609,0.12622733437858388,0.2387039185819775,0.7744132285916913,0.7107349192932397,0.09935943702972493,0.05056116212478287
630.0,18,stripping_volume_6,tray,205.8094046473842,223.67399811655372,53.21514319330254,12.04620266411707,12606.08123551787,7895.312596048757,0.09190370434022474,0.1786540193499875,0.8008082474467486,0.7641754248759725,0.10728804821302665,0.0571705557740401
630.0,19,stripping_volume_7,tray,211.07670735418088,223.74818170780298,52.77844278165687,11.977281411870198,12643.228164146205,7974.068126093573,0.06195416283123994,0.12386364479883355,0.8120831177723435,0.8060107251187092,0.12596271939641654,0.07012563008245727
630.0,20,combined_reboiler_sump,reboiler_sump,217.38825128421215,223.7733784672767,756.9674955302817,77.89354602019004,,8011.198092587834,0.036933392809975436,0.07644303709683362,0.7919574770061708,0.8237816455338618,0.17110913018385376,0.09977531736930458
660.0,1,reflux_drum,reflux_drum,121.08280737794176,222.66691741369422,1812.4393033780523,108.61905461105138,,,0.8821375898503564,0.9471030373805368,0.11782146492338216,0.052887505147655285,4.094522626145054e-05,9.4574718078235e-06
660.0,2,rectifying_volume_1,tray,130.42851096898718,222.71419688070657,38.00409789786949,49.848621056742985,5661.865701925624,8464.141503402272,0.7594910349684197,0.8817830777017238,0.240345462801043,0.11817525524365237,0.00016350223053723475,4.166705462384525e-05
660.0,3,rectifying_volume_2,tray,141.39965668796862,222.7630941946212,34.277444583745186,12.901913089976585,5440.379588176118,8173.5384159188925,0.6281737994487009,0.7967806891175025,0.37138414756209653,0.20309262919587595,0.00044205298920247434,0.00012668168662140873
660.0,4,rectifying_volume_3,tray,151.7464397863824,222.81183225924264,33.34241883237572,12.681241094992146,5313.267311800165,7952.003129909836,0.5155063459163332,0.7079469875255794,0.48350519065407377,0.2917366012934671,0.0009884634295932518,0.00031641118095343415
660.0,5,rectifying_volume_4,tray,159.8244662311801,222.8608513040914,32.7575696170026,12.522715431351584,5254.467847661768,7824.844584588305,0.4342811682735018,0.6327061436512114,0.5637517170857789,0.3666080917792997,0.0019671146407191516,0.0006857645694890229
660.0,6,rectifying_volume_5,tray,165.3558416355716,222.91019943908233,32.35495473352587,12.426271669878764,5229.094196312695,7766.009965441121,0.3819950434747554,0.5786092178584583,0.6143583423746267,0.42004452145388227,0.0036466141506179364,0.001346260687659354
660.0,7,rectifying_volume_6,tray,168.89620078354983,222.95989395440944,32.136331864762944,12.365894454647755,5214.870611143144,7740.611221066141,0.3503789514620579,0.5437403062217606,0.6431391368400696,0.45377990095935344,0.006481911697872463,0.002479792818885933
660.0,8,rectifying_volume_7,tray,171.16869902963884,223.0098316219952,31.99441562093277,12.327530502950596,5200.447363612217,7726.368613638195,0.33168349106303124,0.5226840970502797,0.657079224493147,0.47292311365730627,0.011237284443821683,0.004392789292414041
660.0,9,rectifying_volume_8,tray,172.7826513449867,223.05985184858596,31.842639920230987,12.301646971328603,5179.061742015287,7711.928755201819,0.32036294578777075,0.5103885011893363,0.660462272197653,0.48201382288957323,0.019174782014576373,0.0075976759210905275
660.0,10,rectifying_volume_9,tray,174.2129947199689,223.10980597146133,31.63894526473538,12.27904548569275,5144.320759933454,7690.526463180835,0.3127745794382284,0.5032536041776892,0.6548946353168424,0.48381075989249744,0.032330785244929175,0.012935635929813536
660.0,11,rectifying_volume_10,tray,175.86933136144825,223.15958853101253,31.366923181975316,12.249527025225499,5087.947857665126,7655.767712016876,0.30647215857359317,0.49897786533291094,0.6396599090057661,0.47927140555638603,0.053867932420640745,0.02175072911070297
660.0,12,feed_tray,tray,178.18350788844307,223.23434341266466,45.88650858987282,11.019322948221722,12252.726560791483,7599.376769781011,0.29962267626760714,0.49613380106075394,0.6120271280190777,0.4677713290820283,0.08835019571331529,0.03609486985721772
660.0,13,stripping_volume_1,tray,181.61895558553277,223.3099118830579,45.69681736282867,10.966508361328382,12273.229628601086,7621.175032176721,0.2715056826014622,0.45939657666220984,0.6388032119432477,0.5026692798641159,0.08969110545529012,0.03793414347367429
660.0,14,stripping_volume_2,tray,185.75288076731812,223.38650831675176,45.52176063484552,10.90175369484555,12309.752320239628,7641.6658531062785,0.2384295831073219,0.4137981150015944,0.6703047318641232,0.5459766693616065,0.09126568502855487,0.040225215636799025
660.0,15,stripping_volume_3,tray,190.4645965388295,223.46435595150493,45.315639818765376,10.832932977336474,12366.061151218662,7678.172358126012,0.2017380308566375,0.36007865276154394,0.7051456323163962,0.5969340811811741,0.09311633682696638,0.04298726605728188
660.0,16,stripping_volume_4,tray,195.52792076175095,223.53382542918726,53.48472495585448,12.219150582510538,12441.145386565628,7734.463310030132,0.16353125685981762,0.3005134221715354,0.740960192462728,0.6531864324345941,0.09550855067745437,0.046300145393870486
660.0,17,stripping_volume_5,tray,200.69227392728368,223.6046660682071,53.18440746780404,12.14527991457425,12527.280566720097,7809.523820865644,0.12621340674755951,0.23867912645932654,0.7744232848359572,0.7107564744709525,0.09936330841648314,0.050564399069720954
660.0,18,stripping_volume_6,tray,205.81255271190017,223.67749151594944,53.21479209504157,12.046392410204621,12606.03474523615,7895.636288391937,0.09189345389230831,0.17863473680640668,0.80081383483846,0.7641910625110839,0.10729271126923168,0.05717420068250934
660.0,19,stripping_volume_7,tray,211.07938258550337,223.7516764577622,52.77807908990647,11.977480042536836,12643.155867968271,7974.36823383835,0.06194814045202818,0.12385168212907789,0.8120832190826855,0.8060183407187321,0.12596864046528625,0.07012997715218999
660.0,20,combined_reboiler_sump,reboiler_sump,217.39045178808632,223.7768745314223,756.9616263301134,77.89495287691133,,8011.466748611395,0.036931528358238326,0.07643901194537077,0.7919522026497191,0.8237805226355671,0.17111626899204266,0.09978046541906216
690.0,1,reflux_drum,reflux_drum,121.08415587597061,222.66965191776663,1815.9669899790028,108.35919861395097,,,0.8821329622775477,0.9471005192284295,0.11782606907844273,0.05289001777050932,4.0968644009618e-05,9.463001061114628e-06
690.0,2,rectifying_volume_1,tray,130.43219692224778,222.7169341042725,38.003688815633346,49.849031388792575,5661.803432197921,8464.592901408905,0.7594577694422691,0.8817631419923466,0.24037860358641736,0.1181951576262933,0.00016362697131350808,4.1700381359977455e-05
690.0,3,rectifying_volume_2,tray,141.4051588434109,222.76583387921372,34.27694088544315,12.901983923500495,5440.307412999841,8173.9055930979775,0.6281233484490915,0.7967436635700281,0.3714342748411079,0.20312955491409102,0.000442376709800769,0.00012678151588078486
690.0,4,rectifying_volume_3,tray,151.7524288150005,222.814574435728,33.341941994267955,12.681310274315994,5313.211861073032,7952.354904124489,0.5154554580411034,0.7079019611363774,0.4835554336560081,0.2917814023688077,0.0009891083028884227,0.00031663649481499255
690.0,5,rectifying_volume_4,tray,159.82987948507622,222.86359601475968,32.75716812354036,12.522803799158586,5254.426541157172,7825.207826553001,0.43423946277617087,0.6326636743642663,0.5637923133644198,0.3666501385798722,0.0019682238594093343,0.0006861870558614666
690.0,6,rectifying_volume_5,tray,165.3603269881569,222.91294663258853,32.35461666961615,12.426382213073708,5229.0563666461385,7766.38255082908,0.3819641214860829,0.5785746304627958,0.6143875183032099,0.4200784085502479,0.0036483602107071243,0.0013469609869561866
690.0,7,rectifying_volume_6,tray,168.89986877404047,222.96264350070263,32.13602835698039,12.366022333641952,5214.828435217568,7740.982899855468,0.35035669401727476,0.5437138902046422,0.6431588094077003,0.45380524859481897,0.00648449657502486,0.0024808612005387306
690.0,8,rectifying_volume_7,tray,171.1718024049409,223.01258335954176,31.994121542433632,12.327669920823444,5200.396787514441,7726.731872458287,0.33166712864839537,0.5226639728319992,0.6570919641166906,0.47294170939415997,0.011240907234914003,0.004394317773840835
690.0,9,rectifying_volume_8,tray,172.78542128835292,223.06260561454826,31.842338848327206,12.30179343215062,5179.00121890744,7712.279747989626,0.3203502224988854,0.5103725448070469,0.660470239901156,0.4820277310550589,0.01917953759995846,0.007599724137894136
690.0,10,rectifying_volume_9,tray,174.21558441241083,223.1125616143205,31.638631055695434,12.279196238006667,5144.250811965976,7690.863772976489,0.3127639771156535,0.5032401453862156,0.6548995955878169,0.4838217111715144,0.03233642729652972,0.012938143442269909
690.0,11,rectifying_volume_10,tray,175.87179079761955,223.16234591764254,31.36660328195127,12.249681339272943,5087.871860193181,7656.09193478389,0.3064628516713709,0.49896577827594485,0.6396637535528209,0.4792808945131337,0.053873394775808256,0.021753327210921453
690.0,12,feed_tray,tray,178.1857449911086,223.23710266309038,45.88630199988142,11.019453555761611,12252.694193550484,7599.691311380084,0.29961450418955343,0.49612241326607764,0.6120327247375367,0.46778106105058803,0.08835277107290986,0.03609652568333422
690.0,13,stripping_volume_1,tray,181.62179642256484,223.31267339095785,45.696570296317994,10.96663036687914,12273.196132622375,7621.527891182388,0.27149283648842554,0.4593784056024311,0.6388132035050691,0.5026853919610568,0.08969396000650533,0.03793620243651216
690.0,14,stripping_volume_2,tray,185.75621427268462,223.38927216328685,45.521486458639814,10.901869530349027,12309.720973470468,7642.012105575085,0.23841322761718323,0.41377396272479905,0.670317995058318,0.5459983789060606,0.09126877732449876,0.040227658369140204
690.0,15,stripping_volume_3,tray,190.46821444766292,223.4671222120335,45.315353655293464,10.833046601026995,12366.032810375016,7678.515175373176,0.2017200282190092,0.3600505501970912,0.7051603377203483,0.596959416788633,0.0931196340606425,0.0429900330142759
690.0,16,stripping_volume_4,tray,195.53155110458852,223.53659355749207,53.48436943872026,12.21928270231966,12441.115080821566,7734.8035261699615,0.1635138141443423,0.3004845057330939,0.7409740969019674,0.653212325117847,0.09551208895369034,0.046303169149059124
690.0,17,stripping_volume_5,tray,200.69566220708938,223.60743599706544,53.18405401271356,12.145419004494997,12527.241292640696,7809.855954387804,0.12619845914262137,0.23865284016376145,0.7744342741410011,0.7107794789797288,0.09936726671637748,0.05056768085650975
690.0,18,stripping_volume_6,tray,205.81551817066685,223.6802630845563,53.2144346115427,12.046540251602387,12605.97725294135,7895.9534786491,0.09188234442720085,0.1786141011089018,0.8008201902867266,0.7642080101897472,0.10729746528607245,0.05717788870135112
690.0,19,stripping_volume_7,tray,211.08185089583432,223.75444941156778,52.777709594138976,11.977637369175955,12643.071781128787,7974.66140400676,0.061941465731648174,0.12383862626749426,0.8120838558502262,0.8060270026310085,0.12597467841812554,0.07013437110149735
690.0,20,combined_reboiler_sump,reboiler_sump,217.3924214091885,223.7796488497447,756.9563098546942,77.89606591340115,,8011.727664603416,0.03692923248871616,0.07643422128442513,0.7919471441547644,0.8237800813731009,0.17112362335651943,0.099785697342474
720.0,1,reflux_drum,reflux_drum,121.08529535879057,222.67165931062797,1819.3942959091146,108.10643057444715,,,0.8821275157142697,0.9470976751237864,0.11783149177165024,0.05289285625861857,4.099251407997696e-05,9.468617595011842e-06
720.0,2,rectifying_volume_1,tray,130.43573094641715,222.71894435688864,38.003287867617445,49.84925034788568,5661.740203069298,8465.048477051372,0.7594229300264839,0.8817424362579925,0.2404133173002924,0.11821582982847495,0.0001637526732236984,4.1733913532520675e-05
720.0,3,rectifying_volume_2,tray,141.41055422446937,222.76784673396043,34.27644135150474,12.90200477523303,5440.2345335594055,8174.275915197944,0.6280708613106286,0.7967054013165271,0.37148643654565167,0.2031677168714785,0.00044270214371964264,0.00012688181199438505
720.0,4,rectifying_volume_3,tray,151.75832212948754,222.81658992819553,33.341470513257356,12.68133028623187,5313.156534367626,7952.710077577218,0.5154025228550163,0.7078554468760809,0.4836077216157645,0.29182769052217594,0.000989755529219297,0.00031686260174323966
720.0,5,rectifying_volume_4,tray,159.83517861542308,222.86561419244444,32.75677465365666,12.522844122449058,5254.386048117769,7825.575295292489,0.4341959782328893,0.6326197553822117,0.5638346862020883,0.36669363417466194,0.00196933556502243,0.000686610443126395
720.0,6,rectifying_volume_5,tray,165.36466872324428,222.91496744659594,32.354289109576996,12.426445699782926,5229.019720154709,7766.760049336392,0.38193174855322515,0.5785387993147646,0.6144181432163153,0.4201135389321269,0.003650108230459485,0.001347661753108584
720.0,7,rectifying_volume_6,tray,168.90336558516017,222.96466682093185,32.13573718019878,12.366103904383348,5214.78759182936,7741.359856048042,0.35033326268870046,0.5436864656401589,0.6431796549502983,0.4538316055092386,0.006487082361001414,0.002481928850602561
720.0,8,rectifying_volume_7,tray,171.1747134951793,223.0146090231776,31.99384099818637,12.327763557444985,5200.347585999843,7727.10055124722,0.3316497934974162,0.5226430357734541,0.657105676562394,0.47296112075800745,0.011244529940189778,0.0043958434685384545
720.0,9,rectifying_volume_8,tray,172.78798423511057,223.06463345712842,31.842052026901257,12.301894478583984,5178.942067061652,7712.636195552481,0.3203366622594194,0.5103559172494325,0.6604790440537252,0.48204231597137137,0.019184293686855383,0.007601766779196194
720.0,10,rectifying_volume_9,tray,174.21795735436476,223.11459148270913,31.638331439290447,12.279301850575838,5144.18220878803,7691.206527166473,0.31275262641584517,0.5032261112810499,0.6549052980172606,0.4838332462198022,0.03234207556689414,0.012940642499147746
720.0,11,rectifying_volume_10,tray,175.8740273697853,223.16437767712188,31.366297983703067,12.249790758854035,5087.797154316067,7656.421568815735,0.3064528533615049,0.49895317916033705,0.6396682650060354,0.4792909051205202,0.05387888163245977,0.02175591571914287
720.0,12,feed_tray,tray,178.18775613634926,223.23913640154782,45.886088978077964,11.019546254487096,12252.650330646633,7600.011204443045,0.2996056767180096,0.4961105556435845,0.6120389078331868,0.467791267634049,0.08835541544880363,0.03609817672236642
720.0,13,stripping_volume_1,tray,181.62443528772758,223.31470942146947,45.696315639209445,10.96671425261314,12273.151300652427,7621.873298751856,0.271479148447001,0.45935946761453966,0.6388239597192307,0.5027022616188977,0.08969689183376836,0.03793827076656264
720.0,14,stripping_volume_2,tray,185.75936781501974,223.3913105742364,45.521203918293224,10.901947134612517,12309.678565382317,7642.35105184276,0.23839587197869258,0.4137487406931039,0.6703321748485618,0.546021134687184,0.0912719531727456,0.040230124619711906
720.0,15,stripping_volume_3,tray,190.47166793891847,223.46916308642665,45.31505891457641,10.833122020206932,12365.993722811936,7678.8509475302135,0.20170092989262844,0.3600211205805115,0.7051760520646037,0.5969860441360746,0.09312301804276793,0.04299283528341373
720.0,16,stripping_volume_4,tray,195.53502213069723,223.5386363382972,53.48400607000387,12.219371636561153,12441.074226961106,7735.1369987325115,0.16349526783172091,0.3004541078954053,0.7409890179956695,0.6532396567372255,0.09551571417260965,0.04630623536736921
720.0,17,stripping_volume_5,tray,200.6988841000513,223.60948061955585,53.18369348813279,12.145515317293055,12527.19140847958,7810.1815299631635,0.12618249263190898,0.23862506245970824,0.7744461963564157,0.7108039309080795,0.09937131101167535,0.05057100663221229
720.0,18,stripping_volume_6,tray,205.8182994477212,223.68230938656282,53.21407082502628,12.04664599347211,12605.908733621634,7896.264036168301,0.09187037640755681,0.17859211384209897,0.8008273145612379,0.7642262673612574,0.10730230903120531,0.05718161879664369
720.0,19,stripping_volume_7,tray,211.08411076798012,223.75649713304622,52.77733438408747,11.977753196255675,12642.975884506304,7974.947512119229,0.061934138455432344,0.12382447735671843,0.8120850300333171,0.8060367120743801,0.12598083151125058,0.07013881056890156
720.0,20,combined_reboiler_sump,reboiler_sump,217.39415867882343,223.7816979857839,756.9515464746908,77.89688402778764,,8011.98072419763,0.036926504341866576,0.07642866375750064,0.791942304651871,0.823780324888518,0.1711311910062624,0.09979101135398127
750.0,1,reflux_drum,reflux_drum,121.08622474177476,222.67293638931216,1822.7189829903136,107.86091820813085,,,0.8821212488707184,0.9470945047528956,0.11783773429965609,0.05289602092739634,4.101682962549441e-05,9.474319708039107e-06
750.0,2,rectifying_volume_1,tray,130.43911137261432,222.7202244351476,38.00289521398427,49.849277192864236,5661.676032779743,8465.508089629127,0.7593865224704597,0.8817209644095672,0.24044959823041942,0.11823726794945537,0.0001638792991208622,4.1767640977443054e-05
750.0,3,rectifying_volume_2,tray,141.41584069279216,222.76912955510272,34.27594616424475,12.901975464350878,5440.160973040581,8174.6492669353875,0.6280163482699873,0.7966659104013816,0.3715406225364428,0.20320710705396328,0.0004430291935698601,0.00012698254465511768
750.0,4,rectifying_volume_3,tray,151.76411743788856,222.81787553254304,33.34100456839613,12.681300953700244,5313.101351963177,7953.068541926917,0.5153475510365874,0.7078074548161213,0.48366204405145147,0.29187545575109614,0.0009904049119612694,0.00031708943278249544
750.0,5,rectifying_volume_4,tray,159.8403614477683,222.8669026327006,32.75638936914739,12.522836221345209,5254.34638566852,7825.94688154224,0.4341507232295999,0.6325743962366127,0.5638788273551573,0.36673856916327263,0.001970449415242787,0.0006870346001147017
750.0,6,rectifying_volume_5,tray,165.36886488560472,222.9162586763371,32.35397219995235,12.426461945457197,5228.984273265291,7767.142350400388,0.38189793062348865,0.578501732016582,0.6144502117101294,0.4201499052178959,0.003651857666382042,0.0013483627655221824
750.0,7,rectifying_volume_6,tray,168.90668946061578,222.96596071004592,32.13545847302326,12.366138978450083,5214.748098747886,7741.741980109388,0.3503086612569758,0.543658038075292,0.643201670495727,0.4538589664962359,0.006489668247297238,0.002482995428472054
750.0,8,rectifying_volume_7,tray,171.1774306805545,223.01590540761399,31.99357412543949,12.327811221855233,5200.299779295809,7727.474543446732,0.3316314879165296,0.5226212898303123,0.6571203606582257,0.4729813442849267,0.01124815142524476,0.0043973658847610295
750.0,9,rectifying_volume_8,tray,172.79033864239108,223.06593217084634,31.841779596053126,12.301949918247889,5178.884309585944,7712.997995373071,0.32032226648404427,0.5103386214316327,0.6604886847243395,0.4820575753865352,0.019189048791616158,0.007603803181831998
750.0,10,rectifying_volume_9,tray,174.2201120407856,223.11589237099867,31.638046559648092,12.2793621303281,5144.114976176111,7691.554627681475,0.3127405282569498,0.5032115041780361,0.6549117434251185,0.48384536353610175,0.032347728317931694,0.01294313228586217
750.0,11,rectifying_volume_10,tray,175.8760396016872,223.16568060371037,31.366007432281002,12.249855090434416,5087.723767334081,7656.756520275098,0.306442164273379,0.49894007000233465,0.6396734443530476,0.47930143620443766,0.05388439137357336,0.021758493793227602
750.0,12,feed_tray,tray,178.18953991234721,223.24044142204528,45.885869566006946,11.01960088092702,12252.59494429289,7600.336358227393,0.29959619420898315,0.4960982300883588,0.6120456775108342,0.4678019474583061,0.08835812828018284,0.036099822453335095
750.0,13,stripping_volume_1,tray,181.62687066670046,223.31601676796174,45.696053441509804,10.966759857030683,12273.095105793529,7622.211111076368,0.2714646196372877,0.4593397656287505,0.6388354800383591,0.5027198864989121,0.08969990032435318,0.0379403478723375
750.0,14,stripping_volume_2,tray,185.7623397996253,223.3926203423316,45.52091306970695,10.901986347770372,12309.625069282472,7642.6825511005745,0.23837751793826917,0.4137224526608555,0.6703472701499966,0.5460449336094683,0.0912752119117342,0.0402326137296762
750.0,15,stripping_volume_3,tray,190.47495537456717,223.47047536678048,45.3147556556773,10.833159075934379,12365.943861754875,7679.179536158986,0.20168073788262006,0.3599903680888923,0.7051927740586286,0.5970139597666206,0.09312648805875139,0.04299567214448692
750.0,16,stripping_volume_4,tray,195.5383322052338,223.53995056320753,53.48363493238652,12.219417204592363,12441.022799096136,7735.463591393935,0.16347561980143682,0.3004222326862439,0.7410049546603961,0.6532684240474017,0.09551942553816704,0.04630934326635435
750.0,17,stripping_volume_5,tray,200.70193801380498,223.61079672681797,53.18332597860454,12.145568671593622,12527.130890513465,7810.500414580152,0.1261655086495491,0.2385957966432312,0.7744590510048736,0.7108298278357024,0.09937544034557738,0.05057437552106638
750.0,18,stripping_volume_6,tray,205.82089501701452,223.68362721268517,53.213700824034284,12.046709453960073,12605.829167704625,7896.567832507715,0.09185755060308741,0.17856877706920243,0.8008352081609001,0.7642458330165592,0.1073072412360124,0.0571853899142382
750.0,19,stripping_volume_7,tray,211.08616074423426,223.75781641255,52.776953555647175,11.977827340973475,12642.868164789103,7975.226436235622,0.06192615863988788,0.12380923592239537,0.8120867433928928,0.8060474698999631,0.12598709796721927,0.07014329417764145
750.0,20,combined_reboiler_sump,reboiler_sump,217.39566219849496,223.78301872959437,756.9473358934307,77.89740625423833,,8012.225814019958,0.03692334320794308,0.07642233827080595,0.7919376871596447,0.8237812560711697,0.1711389696324122,0.0997964056580243
780.0,1,reflux_drum,reflux_drum,121.08694301547051,222.67348018809182,1825.9388436311679,107.62282689464782,,,0.8821141605991762,0.947091007849385,0.11784479781704632,0.05289951204491602,4.1041583777494365e-05,9.480105698880274e-06
780.0,2,rectifying_volume_1,tray,130.44233658199522,222.72077137281852,38.00251101293294,49.849111245575564,5661.610940261031,8465.971593704191,0.7593485530032799,0.8816987305898757,0.24048744018535564,0.11825946785670904,0.00016400681136440742,4.1801553415173654e-05
780.0,3,rectifying_volume_2,tray,141.4210161383058,222.7696793759996,34.275455506393016,12.901895826579917,5440.086755482351,8175.02552928021,0.6279598202792392,0.7966251993045008,0.37159682196020855,0.20324771701235544,0.00044335776055212986,0.0001270836831437465
780.0,4,rectifying_volume_3,tray,151.7698124684727,222.81842828172697,33.340544339246144,12.681222116023937,5313.046334814675,7953.430185311335,0.5152905540264904,0.7077579955859156,0.4837183897217908,0.29192468749605804,0.0009910562517187313,0.00031731691802633865
780.0,5,rectifying_volume_4,tray,159.84542583273108,222.8674583680822,32.75601243161447,12.522779931916588,5254.30757142847,7826.32247241089,0.43410370703161727,0.6325276070206268,0.5639247279051923,0.36678493358542474,0.001971565063190332,0.0006874593939483202
780.0,6,rectifying_volume_5,tray,165.3729135555954,222.91681735398402,32.35366608636483,12.426430781109337,5228.9500428350775,7767.529339715935,0.38186267420247505,0.5784634366602701,0.6144837178294429,0.4201874995387646,0.0036536079680819437,0.0013490638009652303
780.0,7,rectifying_volume_6,tray,168.90983869020545,222.96652219987485,32.13519237265814,12.366127382674362,5214.709974205298,7742.129158760501,0.3502828939527049,0.5436286134562506,0.6432248526318974,0.4538873259539316,0.006492253415397724,0.002484060589817917
780.0,8,rectifying_volume_7,tray,171.17995239560187,223.01646954438706,31.993321059826858,12.327812738122715,5200.2533881797635,7727.853738843859,0.3316122145810687,0.5225987392787967,0.657136014877438,0.473002376195417,0.011251770541493199,0.0043988845257862666
780.0,9,rectifying_volume_8,tray,172.79248302742764,223.0664987869927,31.841521694252823,12.301959573628789,5178.827970248167,7713.365041422612,0.32030703690054085,0.5103206605307408,0.660499161688516,0.48207350679296673,0.01919380141094323,0.007605832676292599
780.0,10,rectifying_volume_9,tray,174.22204703053566,223.1164613102789,31.637776559380566,12.279376898936325,5144.04914068077,7691.907973093861,0.3127276838333726,0.5031963266145492,0.6549189323814023,0.48385806140519866,0.032353383785225,0.012945611980252096
780.0,11,rectifying_volume_10,tray,175.87782608349121,223.16625172833585,31.365731771400934,12.249874155114927,5087.651727426371,7657.096692127596,0.3064307852885519,0.49892645301300753,0.6396792923624959,0.47931248640387264,0.05388992234895229,0.021761060583119756
780.0,12,feed_tray,tray,178.1910949756648,223.2410147552192,45.88564381008743,11.019617283915524,12252.528011877977,7600.666678949104,0.2995860572541987,0.4960854386731698,0.6120530337761587,0.46781309897697615,0.0883609089696426,0.036101462349854105
780.0,13,stripping_volume_1,tray,181.62910110443562,223.31659246041744,45.695783758712764,10.966767031017337,12273.027526359287,7622.541185678877,0.2714492515263623,0.45931930286258643,0.6388477636477127,0.5027382639858885,0.08970298482592513,0.037942433151525005
780.0,14,stripping_volume_2,tray,185.76512868286764,223.3931984969017,45.52061397473173,10.901987022382075,12309.560463683683,7643.006463973697,0.23835816760891357,0.41369510277890853,0.6703632795530579,0.5460697721970704,0.0912785528380285,0.040235125024021136
780.0,15,stripping_volume_3,tray,190.47807516191673,223.47105608177245,45.31444394385139,10.833157621677248,12365.883205612845,7679.500804327112,0.2016594545964436,0.3599582973868799,0.7052105020524861,0.597043159756444,0.0931300433510702,0.042998542856676036
780.0,16,stripping_volume_4,tray,195.54147973689172,223.5405332603983,53.48325611516002,12.219419239777421,12440.960776564052,7735.783169386227,0.16345487233809097,0.30038888467372055,0.7410219054501798,0.6532986232859311,0.09552322221172936,0.04631249204034835
780.0,17,stripping_volume_5,tray,200.70482240222435,223.61138134655133,53.182951575192746,12.145578899855591,12527.059720383288,7810.812476921945,0.12614750900331986,0.23856504655168306,0.7744728372764623,0.7108571668244563,0.09937965372021776,0.05057778662386058
780.0,18,stripping_volume_6,tray,205.823303405557,223.68421359019146,53.213324703548366,12.046730464768483,12605.738541250132,7896.864741134516,0.09184386809726544,0.17854409334128146,0.800843871309697,0.7642667056798931,0.10731226059303743,0.05718920097882551
780.0,19,stripping_volume_7,tray,211.0879994296659,223.75840427697904,52.77656721100545,11.977859633822357,12642.748614680937,7975.498056682709,0.061917526537745196,0.12379290288061111,0.8120889974909827,0.8060592765851209,0.1259934759712721,0.07014782053426792
780.0,20,combined_reboiler_sump,reboiler_sump,217.39693064347153,223.78360810776385,756.9436774417361,77.89763174077751,,8012.462823433504,0.03691974852960895,0.07641524399698589,0.7919332945866635,0.8237828775556494,0.17114695688372752,0.09980187844736464
810.0,1,reflux_drum,reflux_drum,121.08744924901858,222.6732879884709,1829.0517026731384,107.39231953480615,,,0.8821062498973242,0.9470871841948582,0.1178526833330367,0.05290332983127664,4.1066769639080355e-05,9.485973865194983e-06
810.0,2,rectifying_volume_1,tray,130.44540500797538,222.72058245083474,38.00213542064099,49.8487518934848,5661.5449451767445,8466.438838563508,0.7593090283531952,0.8816757391830686,0.24052683647501957,0.11828242517648893,0.0001641351717852522,4.183564044247079e-05
810.0,3,rectifying_volume_2,tray,141.42607848057443,222.76949347711042,34.27496956099813,12.901765714887501,5440.011905768441,8175.404578959811,0.6279012890344309,0.796583276959121,0.3716550232211981,0.2032895378445745,0.00044368774437103905,0.0001271851963044679
810.0,4,rectifying_volume_3,tray,151.77540497097056,222.81824545574005,33.340090005767735,12.681093629527702,5312.991504534377,7953.794891849669,0.5152315440558395,0.7077070803939666,0.4837767465979968,0.29197537461946854,0.0009917093461636114,0.000317544986564945
810.0,5,rectifying_volume_4,tray,159.85036964769571,222.867278678115,32.75564400234424,12.52267510683756,5254.269623498116,7826.701950876011,0.43405493960624375,0.6324793984075494,0.5639723782365994,0.366832716902502,0.0019726821571567524,0.0006878846899486429
810.0,6,rectifying_volume_5,tray,165.37681285146138,222.91664075861624,32.35337091338523,12.42635205395239,5228.917046148726,7767.920898735222,0.3818259863703346,0.5784239218410104,0.614518655051807,0.4202263135255624,0.0036553585778583975,0.0013497646334271233
810.0,7,rectifying_volume_6,tray,168.91281161262623,222.96634856909324,32.13493901476771,12.36606895976707,5214.673236900859,7742.52127448156,0.3502559654677885,0.5435981981369407,0.6432491974960565,0.45391667787668105,0.006494837036154972,0.0024851239863781733
810.0,8,rectifying_volume_7,tray,171.18227713232324,223.01629871181646,31.993081935209094,12.327767945962105,5200.208433982185,7728.238023079076,0.3315919765434936,0.5225753887207397,0.6571526373312909,0.47302421238964976,0.011255386125215537,0.004400398889610484
810.0,9,rectifying_volume_8,tray,172.79441597083547,223.06633058358238,31.841278458168837,12.301923282694913,5178.773073476159,7713.737223659338,0.3202909755565273,0.5103020379891073,0.6605104744230139,0.4820901074246093,0.01919855002045876,0.007607854586283424
810.0,10,rectifying_volume_9,tray,174.2237609496814,223.11629557830696,31.637521579407842,12.279345993432203,5143.984729623947,7692.266458127407,0.312714094622195,0.5031805813524021,0.6549268652018078,0.4838713378956168,0.03235904017599721,0.01294808075198112
810.0,11,rectifying_volume_10,tray,175.87938547501486,223.1660883285383,31.365471143267808,12.24984778924514,5087.581063645835,7657.441983658962,0.3064187175476722,0.4989123306017699,0.6396858095795577,0.4793240541680386,0.05389547287277007,0.021763615230191456
810.0,12,feed_tray,tray,178.19242005440796,223.2408536782739,45.88541176171603,11.019595325110028,12252.449516134913,7601.002069299999,0.2995752666888917,0.4960721836532952,0.6120609764297317,0.4678247204668153,0.08836375688137663,0.03610309587988941
810.0,13,stripping_volume_1,tray,181.63112520805848,223.31643377536955,45.69550665191281,10.9667356383636,12272.948546040567,7622.863381107165,0.2714330458981251,0.4592980828290896,0.6388608094571924,0.5027573911803168,0.08970614464468243,0.03794452599059348
810.0,14,stripping_volume_2,tray,185.7677329748667,223.3930423138074,45.52030670128075,10.901949023952612,12309.48473246328,7643.322652230259,0.23833782348150598,0.41366669560591723,0.6703802013140602,0.5460956465830655,0.09128197520443385,0.040237657811017166
810.0,15,stripping_volume_3,tray,190.48102575617213,223.4709025065911,45.31412385065462,10.83311752383252,12365.81173813219,7679.814616308234,0.20163708285587317,0.3599249136403748,0.7052292340267633,0.597073639701746,0.09313368311736354,0.043001446657879146
810.0,16,stripping_volume_4,tray,195.54446318044586,223.5403817045421,53.48286971431777,12.219377590073796,12440.888144079028,7736.095599199673,0.16343302814310154,0.3003540689811686,0.7410398685468009,0.653330250159151,0.09552710331009757,0.0463156808596803
810.0,17,stripping_volume_5,tray,200.70753576803855,223.61123175293974,53.182570375564026,12.145545848953724,12526.977885245926,7811.1175870365205,0.12612849588533923,0.2385328165785968,0.7744875540202203,0.7108859444044193,0.09938395009444044,0.05058123901698379
810.0,18,stripping_volume_6,tray,205.82552319620962,223.68406579282276,53.212942565068694,12.046708871730088,12605.63684610822,7897.154637100854,0.09182933029618871,0.17851806571051934,0.8008533039506293,0.7642888833967793,0.10731736575318206,0.05719305089270148
810.0,19,stripping_volume_7,tray,211.08962549519163,223.75825799969897,52.776175458727735,11.977849919157942,12642.617233075098,7975.762255725006,0.06190824264416845,0.12377547954757699,0.812091793688304,0.8060721322254435,0.12599996366752764,0.0701523882269795
810.0,20,combined_reboiler_sump,reboiler_sump,217.39796276627558,223.78346339332802,756.9405703264139,77.89755973108622,,8012.691644210688,0.03691571990477523,0.07640738037933288,0.7919291297332742,0.8237851917193536,0.17115515036195053,0.0998074279013135
840.0,1,reflux_drum,reflux_drum,121.08774259348239,222.67235732901773,1832.0554193030373,107.16955640294039,,,0.8820975159120897,0.947083033619802,0.11786139170763191,0.05290747445769571,4.1092380278285375e-05,9.491922502365324e-06
840.0,2,rectifying_volume_1,tray,130.44831513819574,222.71965520712234,38.00176859116972,49.84819859227208,5661.47806793936,8466.90966773116,0.7592679557696281,0.8816519948255884,0.24056777988872424,0.11830613528288828,0.0001642643416475512,4.186989152330723e-05
840.0,3,rectifying_volume_2,tray,141.43102566974085,222.76856939581907,34.27448851154806,12.901585000159034,5439.936449696987,8175.786288000436,0.6278407670083509,0.7965401527726805,0.37171521394851137,0.2033325601748027,0.00044401904313762805,0.00012728705251667733
840.0,4,rectifying_volume_3,tray,151.78089271742274,222.8173245914313,33.339641748382675,12.680915368223415,5312.93688343537,7954.162541190927,0.5151705341779315,0.7076547210520504,0.48383710183221607,0.2920275053815254,0.0009923639898524591,0.00031777356642426766
840.0,5,rectifying_volume_4,tray,159.85519079819227,222.86636109911163,32.75528424225558,12.522521616035839,5254.232560468162,7827.085195312894,0.4340044316478189,0.6324297816718685,0.5640217680118764,0.3668819079766015,0.001973800340304728,0.000688310351529959
840.0,6,rectifying_volume_5,tray,165.3805609313877,222.915726426031,32.353086824386615,12.426225628033562,5228.885300903344,7768.316904174824,0.38178787479978443,0.5783831966725118,0.6145550162699839,0.4202663382935378,0.0036571089302314896,0.0013504650339504233
840.0,7,rectifying_volume_6,tray,168.9156066180544,222.96543735302524,32.134698533275824,12.365963568941284,5214.637905974956,7742.918205008131,0.3502278809682242,0.5435667988891828,0.6432747007627185,0.45394701584511365,0.006497418269057442,0.0024861852657035934
840.0,8,rectifying_volume_7,tray,171.18440344308985,223.01539044480518,31.99285688346172,12.32767670135016,5200.16493856238,7728.627277132766,0.33157077724303646,0.5225512430903914,0.6571702257605303,0.4730468484410416,0.011258996996433197,0.004401908468567108
840.0,9,rectifying_volume_8,tray,172.79613611965718,223.06542509514975,31.841050022463403,12.301840899507738,5178.719644338916,7714.11442752563,0.3202740848276179,0.5102827575194303,0.6605226220993621,0.48210737425240147,0.019203293073020027,0.00760986822816825
840.0,10,rectifying_volume_9,tray,174.22525249453932,223.11539270929734,31.637281758771177,12.279269266815435,5143.921771086784,7692.629973149993,0.3126997623910736,0.5031642713826066,0.6549355419421586,0.4838851908556065,0.03236469566676765,0.012950537761786788
840.0,11,rectifying_volume_10,tray,175.88071650870555,223.16518793825531,31.365225688404596,12.249775845031005,5087.511805910693,7657.79228996362,0.3064059624588858,0.49889770538180384,0.6396929963203076,0.47933613775177997,0.053901041220806516,0.021766156866416145
840.0,12,feed_tray,tray,178.19351395115478,223.23995572476238,45.88517347737367,11.019534879504539,12252.359445302942,7601.342427937635,0.29956382360101774,0.49605846747322757,0.612069505059759,0.4678368100213881,0.08836667133922334,0.03610472250538436
840.0,13,stripping_volume_1,tray,181.63294164942457,223.3155382456786,45.695222187920066,10.96666555628227,12272.858154059608,7623.177556582765,0.27141600486536394,0.4592761093480805,0.6388746160913101,0.5027772648877166,0.08970937904332592,0.037946625764202845
840.0,14,stripping_volume_2,tray,185.77015124175344,223.392149325214,45.51999132344708,10.901872231451403,12309.397865009185,7643.630978405464,0.23831648843898792,0.4136372361237903,0.6703980333430959,0.5461225524947807,0.09128547821791622,0.04024021138142893
840.0,15,stripping_volume_3,tray,190.48380566251404,223.47001217270508,45.313795454050606,10.833038662244897,12365.72944853214,7680.120837197665,0.20161362591218193,0.3598902225351544,0.7052489675794982,0.5971053947010884,0.09313740650831985,0.04300438276375725
840.0,16,stripping_volume_4,tray,195.5472810388186,223.53949342657472,53.482475832636126,12.219292118618627,12440.804891858848,7736.400748177054,0.1634100903495165,0.3003177913071432,0.7410588417471548,0.6533632998232629,0.09553106790332867,0.04631890886959394
840.0,17,stripping_volume_5,tray,200.71007666502763,223.61034547641327,53.18218248404677,12.145469380760119,12526.885377896979,7811.415615941111,0.1261084718853686,0.23849911169314184,0.7745031997332417,0.7109161565556614,0.09938832838138968,0.050584731751196745
840.0,18,stripping_volume_6,tray,205.8275530301474,223.6831813505519,53.21255451666028,12.046644535380915,12605.524080046984,7897.437396637408,0.09181393893928903,0.17849069774688098,0.8008635057379825,0.7643123637188352,0.1073225553227285,0.057196938534283995
840.0,19,stripping_volume_7,tray,211.09103768042664,223.7573751102961,52.77577841379546,11.977798055763094,12642.474025194433,7976.01891715052,0.06189830770398127,0.12375696765130609,0.812095133140979,0.8060860365249267,0.12600655915503975,0.07015699582376729
840.0,20,combined_reboiler_sump,reboiler_sump,217.3987574000596,223.78258211552168,756.938013828825,77.89718955058486,,8012.912170131219,0.03691125708971859,0.0763987471365933,0.7919251952931761,0.8237882006795533,0.17116354761710534,0.0998130521838534
