time_s,stage,volume,node_type,T_F,P_psia_hyd,ML_lbmol,MV_lbmol,L_out_used_lbmolph,V_out_lbmolph,x_n-Propane,y_n-Propane,x_n-Butane,y_n-Butane,x_n-Pentane,y_n-Pentane
0.25,1,reflux_drum,reflux_drum,121.08768358511456,222.66822559585333,1837.7723934039948,106.74451223947122,,,0.8820773954230895,0.9470736684317625,0.11788145928487379,0.05291682741150237,4.1145292036753944e-05,9.504156735167387e-06
0.25,2,rectifying_volume_1,tray,130.45369652409215,222.7155307794463,38.001056089669504,49.846490960057864,5661.340602699758,8467.869406735714,0.7591804498833472,0.8816018402893093,0.24065502298119892,0.11835622029078621,0.0001645271354540188,4.1939419904520896e-05
0.25,3,rectifying_volume_2,tray,141.44064403948778,222.76445176691337,34.27353403724671,12.90106620407601,5439.782545366123,8176.563609571323,0.6277127136707529,0.7964495707738412,0.37184259559087735,0.20342293585146703,0.00044469073836973767,0.0001274933746917614
0.25,4,rectifying_volume_3,tray,151.79163206834778,222.81321388581637,33.338756981894704,12.680404050668638,5312.827461597367,7954.912403403829,0.5150414718386643,0.7075447882429663,0.4839648401147658,0.2921369759648791,0.0009936880465699648,0.0003182357921547077
0.25,5,rectifying_volume_4,tray,159.8645319500965,222.8622574703952,32.754585749088456,12.522063606957895,5254.1605865534975,7827.869005601727,0.43389732700961975,0.6323254871567887,0.5641266158159359,0.36698534352891565,0.0019760571744442228,0.0006891693142957194
0.25,6,rectifying_volume_5,tray,165.38765230319143,222.91162980358078,32.35254820401744,12.425825114895678,5228.825162103004,7769.128511439468,0.38170672013214996,0.5782974258134165,0.61463264418947,0.4203506989408895,0.0036606356783800507,0.0013518752456939318
0.25,7,rectifying_volume_6,tray,168.92069574415368,222.96134747539588,32.134253265462945,12.365607678191125,5214.571013368751,7743.732802464087,0.3501677510750411,0.5435005139460918,0.6433296359194437,0.45401116844050954,0.006502613005515124,0.0024883176133987084
0.25,8,rectifying_volume_7,tray,171.18808235878885,223.0113069712036,31.99244636198488,12.327350892298245,5200.081751782576,7729.426878860328,0.3315251173988351,0.5225001527963257,0.6572086229125037,0.47309491107156104,0.011266259688661155,0.00440493613211329
0.25,9,rectifying_volume_8,tray,172.79895265291472,223.06134767766036,31.840634900751848,12.30153404796911,5178.6164651231165,7714.889904485438,0.3202375104415439,0.5102418904958802,0.6605496546618952,0.4821442084073626,0.01921283489656096,0.00761390109675728
0.25,10,rectifying_volume_9,tray,174.22757909045885,223.1113210228047,31.636844787761966,12.278974642484453,5143.799341114663,7693.377890567501,0.31266860767857213,0.5031296752739939,0.6549553017521258,0.4839148712411146,0.03237609056930214,0.01295545348489153
0.25,11,rectifying_volume_10,tray,175.8827013652172,223.16112169484833,31.364777404447167,12.249491599862775,5087.376539193599,7658.513543606754,0.30637815608096497,0.49886669347159474,0.6397095262154411,0.4793620671946424,0.053912317703593914,0.021771239333762918
0.25,12,feed_tray,tray,178.19501228579057,223.23589474018988,45.884674225230185,11.019295473657857,12252.142574403062,7602.043494334509,0.2995387676480096,0.4960294147259737,0.6120884840751355,0.46786260563469534,0.08837274827685475,0.0361079796393309
0.25,13,stripping_volume_1,tray,181.6359680730927,223.31148224330033,45.694626441673854,10.966406110029382,12272.641136711922,7623.786177078537,0.2713791080178668,0.45922952153363134,0.6389047666159035,0.50281959967716,0.08971612536622976,0.037950878789208754
0.25,14,stripping_volume_2,tray,185.7744566853311,223.3880985634828,45.51933099353659,10.901598941601268,12309.188793759848,7644.228297010434,0.23827046244861666,0.41357464782214937,0.6704367530882047,0.5461799308613268,0.09129278446317854,0.040245421316523776
0.25,15,stripping_volume_3,tray,190.4888867845986,223.46596690398877,45.31310828111548,10.832761295471256,12365.530563820392,7680.714745086223,0.20156303564821906,0.35981631136695713,0.7052917983482145,0.5971732897735642,0.09314516600356627,0.04301039885947869
0.25,16,stripping_volume_4,tray,195.5524542003775,223.53545241299602,53.481659203038,12.218985977684092,12440.604685636736,7736.993447417981,0.16336052102740814,0.30024021057044975,0.7411001658719639,0.6534342551477118,0.095539313100628,0.046325534281838436
0.25,17,stripping_volume_5,tray,200.7146705721887,223.60630861613953,53.181380340006186,12.145182620568526,12526.666358713728,7811.994579063637,0.12606502792290972,0.2384266771050513,0.7745375696637312,0.710981428759642,0.09939740241335908,0.050591894135306556
0.25,18,stripping_volume_6,tray,205.831063494036,223.67914830303167,53.21175444938335,12.046384284188026,12605.2630147118,7897.98542087443,0.0917803122169541,0.1784314459641766,0.8008864159949481,0.7643636653645537,0.10733327178809764,0.057204888671269716
0.25,19,stripping_volume_7,tray,211.09323023897664,223.75334529245316,52.77496210850148,11.977564758346809,12642.14930377219,7976.513122488921,0.0618762962441834,0.12371633335606465,0.8121035238181558,0.8061172634008489,0.12602017993766082,0.07016640324308633
0.25,20,combined_reboiler_sump,reboiler_sump,217.3996331957763,223.77855569446623,756.9345314140564,77.89553365771103,,8013.331242064895,0.03690093619506558,0.07637899601015738,0.7919179721449361,0.8237963894569035,0.17118109165999823,0.09982461453293914
30.0,1,reflux_drum,reflux_drum,121.08733428192879,222.66508458794854,1840.4125720529491,106.54767241666829,,,0.8820662711997778,0.9470685752972158,0.11789255688399178,0.052921914416844365,4.117191623034354e-05,9.510285939950314e-06
30.0,2,rectifying_volume_1,tray,130.4561010158847,222.71239356675858,38.00071939684847,49.84536032646996,5661.271777831148,8468.346018173797,0.7591351443175629,0.8815760749414582,0.240700198273874,0.11838195124751662,0.00016465740856321263,4.197381102527883e-05
30.0,3,rectifying_volume_2,tray,141.44519402419263,222.76131810251923,34.27307272696973,12.900735239895045,5439.706070708433,8176.949262251821,0.6276468318138754,0.7964032770594819,0.3719081456097586,0.20346912772822343,0.00044502257636606316,0.00012759521229465358
30.0,4,rectifying_volume_3,tray,151.79674801331936,222.81008383806426,33.33833169728255,12.680078009953023,5312.774061320258,7955.285008247769,0.5149750828568441,0.7074886282246058,0.48403057654562376,0.2921929082237552,0.0009943405975319781,0.0003184635516389885
30.0,5,rectifying_volume_4,tray,159.86893422109682,222.85913112257083,32.7542558449888,12.52176541443881,5254.126592151128,7828.25952552587,0.43384211208953627,0.6322721512325173,0.5641807208124451,0.3670382570862265,0.0019771670980185552,0.0006895916812560141
30.0,6,rectifying_volume_5,tray,165.39090679429455,222.9085071248138,32.35230044027086,12.425556610678202,5228.797530012848,7769.533707337672,0.381664725118322,0.5782534843193995,0.6146729076814631,0.4203939485661921,0.003662367200214823,0.001352567114408278
30.0,7,rectifying_volume_6,tray,168.92292685090538,222.95822833747079,32.13405403794043,12.36536218459719,5214.540297261847,7744.140022138777,0.35013648307558537,0.543466481939972,0.6433583564939639,0.45404415649528684,0.006505160430450695,0.00248936156474115
30.0,8,rectifying_volume_7,tray,171.18959014121035,223.00819120514203,31.992265994864475,12.327120945030355,5200.043112885305,7729.826969386561,0.3315012477481339,0.5224738662250229,0.6572289331153693,0.47311971804440023,0.011269819136496832,0.004406415730576757
30.0,9,rectifying_volume_8,tray,172.8000153634886,223.05823511047515,31.840453367512456,12.301313951122756,5178.568022061155,7715.27822809792,0.320218300442784,0.5102208302772933,0.660564187264069,0.48216330064549173,0.01921751229314709,0.007615869077215007
30.0,10,rectifying_volume_9,tray,174.22838681742536,223.10821149269668,31.636653064247753,12.278760957448604,5143.741422095023,7693.752695487752,0.3126521888401385,0.5031118345449402,0.6549661261933535,0.48393031570586537,0.03238168496650797,0.012957849749194367
30.0,11,rectifying_volume_10,tray,175.8833322827968,223.1580150582899,31.364580146110555,12.24928337674303,5087.312246660574,7658.875234402523,0.3063634651771223,0.4988507058592783,0.6397186526896786,0.47937557853081986,0.05391788213319893,0.021773715609901826
30.0,12,feed_tray,tray,178.19540004402654,223.23279085756093,45.88441968807596,11.019119948508825,12252.018661607424,7602.3952043617555,0.2995254797911686,0.4960144518589697,0.6120986874494994,0.4678759793507564,0.0883758327593321,0.036109568790273924
30.0,13,stripping_volume_1,tray,181.63714172911557,223.30838085524954,45.6943228286473,10.966220437620438,12272.5173996959,7624.072934499404,0.27135972948714454,0.45920550650841335,0.6389207197893733,0.5028415155888186,0.08971955072348231,0.03795297790276812
30.0,14,stripping_volume_2,tray,185.77629106333237,223.38499980784644,45.51899454048265,10.901406313081718,12309.06937532927,7644.5097462804615,0.23824636641142163,0.41354232457493945,0.6704571396254272,0.5462096641716289,0.09129649396315116,0.04024801125343157
30.0,15,stripping_volume_3,tray,190.49112517731436,223.46287091625516,45.31275834858478,10.832566710793516,12365.416621923328,7680.994931903709,0.2015365563199029,0.3597780434066501,0.7053143410894603,0.5972085545314437,0.09314910259063676,0.04301340206190622
30.0,16,stripping_volume_4,tray,195.55474544065092,223.53235856995883,53.481246940568354,12.218769646175003,12440.490399876324,7737.273511821076,0.16333453074797377,0.3001999079979569,0.7411219812419079,0.6534712449280339,0.09554348801011842,0.046328847074009284
30.0,17,stripping_volume_5,tray,200.71666693171818,223.6032168717173,53.180976382398995,12.14497641607039,12526.54275493568,7812.268202071084,0.12604217063494383,0.238388882866867,0.774555847455628,0.7110156448240563,0.0994019819094283,0.05059547230907661
30.0,18,stripping_volume_6,tray,205.83250140839525,223.67605848820435,53.21135269330374,12.046192112774609,12605.118162620196,7898.243770128045,0.09176251316980966,0.17840032885574394,0.800898825401785,0.7643908215083001,0.10733866142840534,0.05720884963595588
30.0,19,stripping_volume_7,tray,211.09398488432277,223.75025711300603,52.774553314687125,11.977386718767315,12641.972056027314,7976.744441525651,0.06186450625320348,0.1236947384499508,0.812108463173848,0.8061341787130957,0.1260270305729486,0.07017108283695354
30.0,20,combined_reboiler_sump,reboiler_sump,217.39970559700254,223.7754692564585,756.9336395208477,77.89427246362125,,8013.524529473452,0.036895213651256156,0.07636813669640637,0.7919147739206056,0.823801459001387,0.17119001242813828,0.09983040430220669
60.0,1,reflux_drum,reflux_drum,121.0867675338944,222.6611747354409,1842.9580825062228,106.35750123196611,,,0.8820542318264847,0.9470631136455899,0.11790456901453956,0.05292736981448355,4.119915897573205e-05,9.516539926559445e-06
60.0,2,rectifying_volume_1,tray,130.4583626112365,222.7084876755208,38.000389194802715,49.84402561060644,5661.201585913309,8468.829512647573,0.7590879512331743,0.8815493645708962,0.24074725934564112,0.1184086268182176,0.0001647894211846932,4.200861088621681e-05
60.0,3,rectifying_volume_2,tray,141.44965969799145,222.7574159252032,34.2726131537111,12.900350779544176,5439.628462237056,8177.340237648443,0.6275784721838485,0.7963554402974306,0.3719761697289853,0.2035168615869029,0.00044535808716609663,0.00012769811566658258
60.0,4,rectifying_volume_3,tray,151.80179395953036,222.806185448352,33.33790961493564,12.679699349149896,5312.720516852486,7955.663141145673,0.5149062055138275,0.7074306119326639,0.48409879516747806,0.29225069463271447,0.0009949993186942954,0.00031869343462163707
60.0,5,rectifying_volume_4,tray,159.87324326488385,222.85523660961533,32.75393243964624,12.521415919207497,5254.093272362444,7828.656537059763,0.43378475048310866,0.6322170164176009,0.5642369635676991,0.3670929661881947,0.001978285949192137,0.0006900173942045884
60.0,6,rectifying_volume_5,tray,165.39403112225324,222.90461646009152,32.35206219089046,12.42523798808387,5228.770986584879,7769.94618757011,0.3816209964133094,0.5782080102479521,0.614714892918885,0.4204387263334852,0.0036641106678056085,0.0013532634185627202
60.0,7,rectifying_volume_6,tray,168.92499365867357,222.9543413919826,32.13386647371658,12.365067470891278,5214.510804206077,7744.554913824364,0.35010382682118396,0.5434312156328549,0.6433884497840388,0.45407837364331244,0.006507723394777356,0.0024904107238326364
60.0,8,rectifying_volume_7,tray,171.19090786671052,223.00430780763446,31.99209862990751,12.326842406133698,5200.005694329152,7730.23484015362,0.3314762381122575,0.5224465902389733,0.6572503629892507,0.4731455088580178,0.011273398898491797,0.0044079009030088745
60.0,9,rectifying_volume_8,tray,172.80087041007195,223.05435508531562,31.84028556179793,12.301045694718383,5178.520739671296,7715.674303830855,0.32019811607447063,0.5101989555982049,0.6605796669127455,0.48218320185898067,0.019222217012783923,0.007617842542814492
60.0,10,rectifying_volume_9,tray,174.22897543319533,223.10433467551414,31.636475358781325,12.2784994312352,5143.684582233288,7694.135168521211,0.3126349022821096,0.5030932959392335,0.6549777798851334,0.48394645308452716,0.032387317832757015,0.012960250976239445
60.0,11,rectifying_volume_10,tray,175.8837368117716,223.15414130311436,31.36439688105415,12.249027595803904,5087.248941795442,7659.244488490273,0.30634797485447823,0.49883409583066485,0.6397285214070121,0.479389708013179,0.05392350373850961,0.0217761961561563
60.0,12,feed_tray,tray,178.19555685612576,223.2289199907918,45.88415708041527,11.018904266253834,12251.882191686116,7602.7543632719335,0.2995114375700318,0.49599891586335304,0.6121095561468954,0.4678899219377588,0.08837900628307292,0.036111162198888214
60.0,13,stripping_volume_1,tray,181.6381138348114,223.3045125327677,45.69400966409682,10.965994330894894,12272.38127379664,7624.353553834275,0.27133936822718735,0.4591805580133316,0.6389375560646465,0.5028643430585903,0.08972307570816612,0.03795509892807812
60.0,14,stripping_volume_2,tray,185.77795047207513,223.38113417580624,45.518647549688126,10.901173095098024,12308.937878807315,7644.785184177267,0.23822109690931306,0.4135087063485852,0.6704785918184584,0.5462406530314463,0.09130031127222851,0.040250640619968525
60.0,15,stripping_volume_3,tray,190.4932069601396,223.4590081188743,45.31239758443064,10.832331553753166,12365.290959472764,7681.269377160234,0.20150879147929915,0.359738180389095,0.7053380568974074,0.5972453603227698,0.0931531516232934,0.04301645928813534
60.0,16,stripping_volume_4,tray,195.55688556895424,223.52849796937878,53.480824244244864,12.218507474566174,12440.36459629445,7737.548151743857,0.1633072502444933,0.30015783992991035,0.7411449728381159,0.6535099370340595,0.09554777691739079,0.04633222303603022
60.0,17,stripping_volume_5,tray,200.71850308273685,223.59935842417224,53.18056285083328,12.144724852334132,12526.407514354045,7812.536560853602,0.12601812926763192,0.23834932839896306,0.7745751941253716,0.7110515549579657,0.09940667660699648,0.05059911664307123
60.0,18,stripping_volume_6,tray,205.83375743637967,223.67220202228663,53.21094217395241,12.045955362723268,12604.9611208875,7898.4966947052635,0.09174372510621893,0.17836763539053868,0.8009121005548056,0.7644194879090777,0.10734417433897539,0.05721287670038366
60.0,19,stripping_volume_7,tray,211.09452858581426,223.74640232713787,52.774136339011555,11.97716480142829,12641.781628407816,7976.969743067263,0.061851974503777114,0.12367188936785678,0.8121139875044335,0.8061522751042604,0.12603403799178936,0.07017583552788279
60.0,20,combined_reboiler_sump,reboiler_sump,217.3995383171989,223.7716162735294,756.9332886100053,77.89270173383245,,8013.710770745074,0.03688901132415267,0.07635642146557078,0.7919117879879025,0.8238072688213259,0.1711992006879448,0.09983630971310334
90.0,1,reflux_drum,reflux_drum,121.0859849886218,222.65651830033642,1845.3843171798512,106.17583195492884,,,0.8820413673198926,0.9470573250128425,0.11791740588911775,0.05293315212139493,4.122679098972372e-05,9.522865762703949e-06
90.0,2,rectifying_volume_1,tray,130.46045920748014,222.7038353353457,38.00006849474727,49.842495335910115,5661.130626671408,8469.315705792285,0.7590392552751639,0.8815219287334649,0.24079582268570662,0.11843602774688815,0.00016492203912945504,4.2043519646978175e-05
90.0,3,rectifying_volume_2,tray,141.45400042647597,222.75276743438337,34.27215940351414,12.899915363018602,5439.550391253692,8177.733146678366,0.6275081972579635,0.7963064568112309,0.3720461083674826,0.2035657419932469,0.00044569437455403525,0.00012780119552207437
90.0,4,rectifying_volume_3,tray,151.8067243348665,222.8015408853533,33.33749451954493,12.679270572155612,5312.667304100373,7956.043532722101,0.5148354073196665,0.7073712207493517,0.4841689341749339,0.2923098558008856,0.0009956585053994865,0.00031892344976273203
90.0,5,rectifying_volume_4,tray,159.87741960508606,222.85059606877238,32.75361850214232,12.521017389098352,5254.060937808866,7829.056621501674,0.4337257139001002,0.6321605399132061,0.5642948820880487,0.3671490173316883,0.001979404011851118,0.0006904427551055768
90.0,6,rectifying_volume_5,tray,165.39699566366224,222.89997991551846,32.351835721965216,12.424871261123354,5228.745789115097,7770.36241038119,0.3815758920942553,0.5781613799789276,0.6147582569982795,0.42048466192925704,0.0036658509074653537,0.0013539580918154747
90.0,7,rectifying_volume_6,tray,168.92687533496542,222.949708715024,32.133692425597424,12.36472535398524,5214.4828196268545,7744.973921163492,0.3500700481334067,0.5433950061075552,0.6434196723091725,0.45411353796720355,0.006510279557420775,0.0024914559252412656
90.0,8,rectifying_volume_7,tray,171.19202091038326,222.99967882623898,31.991945962753704,12.32651695942104,5199.969851503139,7730.646999041997,0.3314502907082805,0.5224185492687088,0.6572727415486677,0.47317207208684103,0.01127696774305173,0.004409378644450073
90.0,9,rectifying_volume_8,tray,172.80150697686457,223.04972962271646,31.84013319464072,12.300730878449029,5178.47505956386,7716.074743868217,0.32017711954603895,0.5101764459614991,0.6605959724431913,0.48220374985884157,0.01922690801076956,0.007619804179659209
90.0,10,rectifying_volume_9,tray,174.2293362942652,223.09971256618195,31.636313474567366,12.278191609062558,5143.629346331417,7694.52204129025,0.31261688630702833,0.5030742113472672,0.6549901735870106,0.4839631525835677,0.03239294010596096,0.012962636069165163
90.0,11,rectifying_volume_10,tray,175.88390781742484,223.1495223998901,31.364229461528144,12.248725755998759,5087.187205127704,7659.618153265065,0.3063318086503393,0.49881699945696045,0.639739057505685,0.47940434137773813,0.053929133843975664,0.021778659165301487
90.0,12,feed_tray,tray,178.19547769927755,223.22430408708442,45.88388859967249,11.018649689634156,12251.734175686639,7603.117906512171,0.2994967524840002,0.49598293414198075,0.6121210052325453,0.4679043199609028,0.0883822422834545,0.03611274589711641
90.0,13,stripping_volume_1,tray,181.63887267112497,223.29989920136933,45.693689567123236,10.965729139804147,12272.233770262188,7624.625448474746,0.27131818764589405,0.45915488039040564,0.6389551415097948,0.5028878960629164,0.08972667084431109,0.03795722354667797
90.0,14,stripping_volume_2,tray,185.77941757226642,223.37652357004708,45.518292922916984,10.900900697677523,12308.795280180031,7645.052073112272,0.23819485749392655,0.4134740679156692,0.6705009380240866,0.5462726451719382,0.09130420448198687,0.040253286912392466
90.0,15,stripping_volume_3,tray,190.49511136624432,223.45440039058087,45.31202900781233,10.832057251755094,12365.154507190779,7681.53555772011,0.20147996489879794,0.35969704724891455,0.7053627558675605,0.5972834082451335,0.09315727923364166,0.04301954450595198
90.0,16,stripping_volume_4,tray,195.55885338386918,223.5238924714496,53.480394687171355,12.218201044730941,12440.228210348721,7737.814848669845,0.1632788990275951,0.30011434807187753,0.7411689571027636,0.6535500184534255,0.09555214386964128,0.04633563347469682
90.0,17,stripping_volume_5,tray,200.72016034280426,223.59475511558273,53.18014325243717,12.144429425507177,12526.26165375059,7812.79719599418,0.12599309659018082,0.23830833351446915,0.7745954564199558,0.7110888703671181,0.09941144698986348,0.050602796118412785
90.0,18,stripping_volume_6,tray,205.83481764738008,223.66760073071538,53.21052638613283,12.045675412055912,12604.793089727384,7898.741869628976,0.09172409769900988,0.1783336280498149,0.8009261384082024,0.7644494365006328,0.10734976389278766,0.05721693544955223
90.0,19,stripping_volume_7,tray,211.09485321590066,223.741802746186,52.77371474399788,11.976900264736967,12641.579500081705,7977.186937143016,0.06183879951189903,0.12364796710778997,0.8121200576303385,0.8061714123212713,0.12604114285776252,0.07018062057093863
90.0,20,combined_reboiler_sump,reboiler_sump,217.3991290289498,223.76701854207334,756.9334894614931,77.89083048445926,,8013.8882051426335,0.03688237610400573,0.07634393956790628,0.7919090443902468,0.8238137799792462,0.17120857950574755,0.0998422804528475
120.0,1,reflux_drum,reflux_drum,121.08498635500118,222.6511145668613,1847.6893854993573,106.00280571795669,,,0.8820276778385232,0.9470512095591762,0.11793106735651039,0.052939261179124765,4.125480496642072e-05,9.52926169901719e-06
120.0,2,rectifying_volume_1,tray,130.4623896491828,222.69843582929843,37.999757437827896,49.84076942181656,5661.058925815564,8469.804397617983,0.7589890673910815,0.8814937738737323,0.24084587738965663,0.11846414760053807,0.0001650552192618935,4.2078525729654376e-05
120.0,3,rectifying_volume_2,tray,141.45821434908922,222.74737191208413,34.2717116638161,12.899428983179368,5439.471889666143,8178.127824996018,0.627436025002569,0.7962563393983486,0.37211794367293577,0.20361575618496586,0.00044603132449534314,0.0001279044166854734
120.0,4,rectifying_volume_3,tray,151.8115370468598,222.79614943005592,33.337086594877576,12.678791673316244,5312.614449811714,7956.426027627365,0.5147627070835472,0.7073104707525214,0.48424097498795093,0.29237037573048225,0.0009963179285018377,0.0003191535169963353
120.0,5,rectifying_volume_4,tray,159.88146132942708,222.84520877998403,32.75331419040636,12.520569811295438,5254.029609971496,7829.459621076739,0.4336650180646106,0.632102737186954,0.5643544610455027,0.36720639520022674,0.001980520889886718,0.0006908676128192263
120.0,6,rectifying_volume_5,tray,165.3997988453554,222.89459677001153,32.3516211677024,12.424456408166998,5228.721957585851,7770.782215244322,0.3815294238874262,0.5781136061922654,0.6148029888191215,0.4205317429252882,0.0036675872934525205,0.0013546508824462218
120.0,7,rectifying_volume_6,tray,168.92857062048623,222.9443295845364,32.13353201426714,12.364335805136069,5214.456365060026,7745.396884437078,0.3500351553939252,0.5433578629769815,0.6434520166174845,0.45414964023947996,0.00651282798859036,0.002492496783538602
120.0,8,rectifying_volume_7,tray,171.1929282362088,222.99430353798476,31.99180811007688,12.326144571309026,5199.935609146031,7731.063290046019,0.3314234115899287,0.5223897504948333,0.6572960640492788,0.4731994011036217,0.011280524360792446,0.004410848401545059
120.0,9,rectifying_volume_8,tray,172.8019241622996,223.04435799885954,31.839996385160248,12.300369465727725,5178.431010333015,7716.479397483344,0.32015531545752557,0.5101533069121567,0.6606131009850401,0.48222493984444503,0.019231583557434224,0.007621753243398472
120.0,10,rectifying_volume_9,tray,174.22946857179204,223.09434444009565,31.636167535823542,12.27783745250418,5143.575746676618,7694.913168965248,0.31259814467184605,0.503054585333824,0.6550033056106284,0.48398041055275665,0.0323985497175257,0.012965004113419446
120.0,11,rectifying_volume_10,tray,175.88384452051102,223.14415762328076,31.364078014389477,12.248377817418307,5087.127071373485,7659.996089626644,0.3063149698278865,0.498799420780065,0.6397502597451168,0.4794194755304715,0.05393477042699678,0.021781103689463396
120.0,12,feed_tray,tray,178.1951618754898,223.21894242033815,45.883614335112895,11.018356184442686,12251.574637973632,7603.485699459715,0.2994814273947494,0.4959665104981692,0.6121330328097951,0.4679191702043481,0.08838553979545545,0.036114319297482746
120.0,13,stripping_volume_1,tray,181.63941733868637,223.29454013406757,45.69336264153943,10.96542483302223,12272.074914411778,7624.888476146967,0.27129619218154916,0.4591284796705341,0.6389734727352632,0.5029121692876556,0.08973033508318772,0.03795935104181034
120.0,14,stripping_volume_2,tray,185.78069129637566,223.37116726267865,45.51793077418983,10.900589091597002,12308.641604550685,7645.310274575743,0.23816765382470434,0.4134384173036,0.6705241737038927,0.5463056334072931,0.09130817247140297,0.040255949289106994
120.0,15,stripping_volume_3,tray,190.49683722491156,223.44904700256436,45.3116527378276,10.831743776365693,12365.00728951695,7681.7933377302925,0.2014500828655193,0.35965465339640945,0.7053884328981557,0.5973226898386454,0.09316148423632489,0.043022656764945155
120.0,16,stripping_volume_4,tray,195.56064770108236,223.51854134666388,53.47995841510405,12.21785032334273,12440.081267432664,7738.073468981068,0.1632494832675441,0.3000694422162116,0.7411939291316568,0.6535914804350463,0.09555658760079902,0.04633907734874197
120.0,17,stripping_volume_5,tray,200.7216376009555,223.5894062157716,53.17971773316809,12.144090099745881,12526.105201834707,7813.049978025794,0.12596707797295661,0.238265907245382,0.7746166303898877,0.7111275831609961,0.09941629163715557,0.05060650959362181
120.0,18,stripping_volume_6,tray,205.83568107110108,223.66225388270323,53.210105478408764,12.04535222157935,12604.614104627397,7898.979171871181,0.09170363499635004,0.1782983140145549,0.8009409366453601,0.7644806614086509,0.10735542835828983,0.05722102457679415
120.0,19,stripping_volume_7,tray,211.09495797780724,223.7364576388473,52.77328868385273,11.976593065847974,12641.36571679749,7977.395910553498,0.061824983722300136,0.12362297621144855,0.8121266733660886,0.8061915874225383,0.12604834291161138,0.07018543636601332
120.0,20,combined_reboiler_sump,reboiler_sump,217.39847711543024,223.76167533024187,756.9342434102014,77.88865846099408,,8014.056732698024,0.036875308785052935,0.07633069252187628,0.7919065451973009,0.8238209929304565,0.1712181460176463,0.09984831454766734
150.0,1,reflux_drum,reflux_drum,121.08377144523371,222.6449631431009,1849.871446416903,105.83855986912221,,,0.8820131637343432,0.947044767508542,0.11794555307214981,0.052945696765485245,4.128319350689599e-05,9.53572597265425e-06
150.0,2,rectifying_volume_1,tray,130.46415284454176,222.69228876420362,37.999456163090414,49.838847873956375,5660.986510075236,8470.295379701722,0.758937399250117,0.8814649067927988,0.24089741183235938,0.11849297958986577,0.00016518891752361829,4.211361733554665e-05
150.0,3,rectifying_volume_2,tray,141.46229963628008,222.74122896399348,34.27127012309607,12.898891655586851,5439.392990533521,8178.524101156471,0.6273619744519537,0.7962051015223027,0.3721916567276094,0.20366689073445668,0.00044636882043671194,0.00012800774324059594
150.0,4,rectifying_volume_3,tray,151.81623002414054,222.79001068701422,33.33668602551702,12.67826266936449,5312.561981536176,7956.810463645232,0.5146881247257454,0.7072483788522388,0.4843148979203167,0.2924322375931862,0.0009969773539377149,0.00031938355457510867
150.0,5,rectifying_volume_4,tray,159.8853665563957,222.83907434666048,32.753019661875555,12.520073194778444,5253.999310818426,7829.865370892848,0.43360267966457144,0.632043624517954,0.5644156841564331,0.36726508366887844,0.0019816361789956366,0.0006912918131675781
150.0,6,rectifying_volume_5,tray,165.402439141985,222.88846662585712,32.351418660573096,12.423993428821298,5228.699512337554,7771.2054342854735,0.3814816042911121,0.5780647022533695,0.6148490765215349,0.4205799562126948,0.0036693191873530093,0.0013553415339356905
150.0,7,rectifying_volume_6,tray,168.93007831957385,222.93820360173333,32.13338535785289,12.36389881640766,5214.431462407118,7745.823636518716,0.3499991575946628,0.543319796398016,0.6434854746657499,0.45418667069573027,0.00651536773958738,0.002493532906253818
150.0,8,rectifying_volume_7,tray,171.19362888334905,222.9881815430776,31.991685185589187,12.325725228724576,5199.902992439546,7731.483549819778,0.3313956073071524,0.5223602015284459,0.6573203252780286,0.4732274888604977,0.011284067414819052,0.004412309611056439
150.0,9,rectifying_volume_8,tray,172.80212114730136,223.0382398130098,31.83987524942503,12.29996144028122,5178.388621122757,7716.888106745485,0.3201327088328723,0.510129544348651,0.6606310492827531,0.4822467666749313,0.019236241884374644,0.007623688976417677
150.0,10,rectifying_volume_9,tray,174.22937152355982,223.08822989564268,31.636037663828013,12.27743694331022,5143.523816218103,7695.308399681437,0.31257868151514306,0.503034422770739,0.6550171739374993,0.4839982230513456,0.03240414454735773,0.01296735417791553
150.0,11,rectifying_volume_10,tray,175.88354623070654,223.1380465708528,31.36394266373607,12.24798376020839,5087.0685760030065,7660.378151614886,0.30629746200861374,0.4987813641241921,0.6397621265876962,0.47943510711258275,0.05394041140369003,0.0217835287632252
150.0,12,feed_tray,tray,178.19460877775336,223.2128345872795,45.883334381923525,11.018023733361032,12251.403609451676,7603.857600779063,0.2994654655080678,0.49594964900659283,0.6121456366941288,0.46793446919179976,0.08838889779780336,0.036115881801607456
150.0,13,stripping_volume_1,tray,181.63974701491426,223.28843492666135,45.69302899787871,10.965081396252584,12271.904738069574,7625.142493726292,0.27127338672724977,0.45910136232686444,0.6389925459575521,0.5029371569957984,0.08973406731519833,0.03796148067733701
150.0,14,stripping_volume_2,tray,185.7817706412387,223.365064848552,45.51756122477866,10.900238264739654,12308.476883420673,7645.55964925306,0.2381394921054306,0.41340176314782107,0.6705482938393534,0.5463396099712454,0.091312214055216,0.04025862688093343
150.0,15,stripping_volume_3,tray,190.49838342155692,223.4429475487074,45.31126890100567,10.831391116247651,12364.849337158372,7682.042580523394,0.20141915226106805,0.3596110089824352,0.7054150823588646,0.5973631959371292,0.09316576538006724,0.043025795080435594
150.0,16,stripping_volume_4,tray,195.56226739045752,223.5124441881716,53.47951558150847,12.217455296370929,12439.923799164839,7738.323878203927,0.16321900972709283,0.30002313296429667,0.7412198834942799,0.6536343134571063,0.09556110677862738,0.046342553578597
150.0,17,stripping_volume_5,tray,200.72293380521964,223.58331131718282,53.17928644635452,12.143706858262174,12525.938193656564,7813.294776674908,0.12594007932536783,0.23822205941990376,0.7746387116129763,0.7111676846924303,0.09942120906165601,0.05061025588766614
150.0,18,stripping_volume_6,tray,205.83634680708556,223.65616107004948,53.20967960642138,12.044985770772637,12604.424207745267,7899.2084778081235,0.0916823414898298,0.1782617011652851,0.8009564925745595,0.7645131560979006,0.10736116593561064,0.057225142736814366
150.0,19,stripping_volume_7,tray,211.09484215958736,223.7303665963754,52.772858319567575,11.97624318022569,12641.140331503595,7977.596549914097,0.06181052990141709,0.12359692175614542,0.8121338342787507,0.80621279696715,0.12605563581983215,0.07019028127670467
150.0,20,combined_reboiler_sump,reboiler_sump,217.39758206168003,223.75558622870273,756.9355520740668,77.8861854953519,,8014.216253873757,0.03686781035234333,0.07631668217711572,0.7919042923746993,0.8238289078305595,0.1712278972729573,0.0998544099923247
180.0,1,reflux_drum,reflux_drum,121.0823401778024,222.6380639707611,1851.9287108127676,105.68322779138923,,,0.8819978255616425,0.9470379991519702,0.11796086248924824,0.05295245859122446,4.1311949109297304e-05,9.542256805318582e-06
180.0,2,rectifying_volume_1,tray,130.46574776654822,222.6853940804038,37.99916480749919,49.83673078679851,5660.913407238633,8470.788434930968,0.7588842632753103,0.8814353346652359,0.24095041363581493,0.11852251655233358,0.00016532308887473463,4.21487824305141e-05
180.0,3,rectifying_volume_2,tray,141.46625448927009,222.734338529218,34.27083497099725,12.89830341920433,5439.313728107104,8178.921796411026,0.6272860657543968,0.7961527573433169,0.37226722750244984,0.2037191315181982,0.00044670674315340335,0.0001281111384849728
180.0,4,rectifying_volume_3,tray,151.8208012158752,222.7831245941013,33.33629299695676,12.677683600111912,5312.509927647785,7957.19667148836,0.5146116813240199,0.707184962828007,0.4843906821335535,0.2924954236930258,0.0009976365424264225,0.0003196134789671887
180.0,5,rectifying_volume_4,tray,159.88913343518166,222.8321927054287,32.752735073514664,12.519527570993143,5253.970062809137,7830.2736987112785,0.43353871639087255,0.6319832190321699,0.5644785341429549,0.36732506576908525,0.0019827494661725504,0.0006917151987448773
180.0,6,rectifying_volume_5,tray,165.40491507669876,222.88158941845597,32.3512283312647,12.423482344579586,5228.6784740624835,7771.631892031848,0.3814324466064553,0.5780146822426031,0.6148965074562636,0.42062928797274,0.003671045937281075,0.0013560297846569344
180.0,7,rectifying_volume_6,tray,168.93139730150526,222.9313307008418,32.13325257183675,12.36341440130689,5214.4081339261265,7746.254002617714,0.3499620643621632,0.5432808170951228,0.6435200377962327,0.45422461901147093,0.006517897841604004,0.002494563893406313
180.0,8,rectifying_volume_7,tray,171.19412196787124,222.98131277463781,31.991577299935084,12.32525893973128,5199.872027000794,7731.907607431503,0.3313668849262656,0.5223299104304301,0.6573455195347369,0.47325632787037525,0.011287595538997535,0.004413761699194698
180.0,9,rectifying_volume_8,tray,172.8020971972442,223.03137499725005,31.839769900343537,12.299506806770596,5178.347921622614,7717.300706283126,0.3201093051375815,0.5101051645395459,0.6606498136803157,0.4822692248535194,0.0192408811821027,0.0076256106069345145
180.0,10,rectifying_volume_9,tray,174.22904449605775,223.08136886393385,31.635923976812766,12.276990084024426,5143.47358856571,7695.707574302318,0.3125585013734324,0.5030137288520166,0.655031776205638,0.48401658583406604,0.032409722420929675,0.012969685313917517
180.0,11,rectifying_volume_10,tray,175.8830123487638,223.13118917280335,31.36382353079984,12.247543585183495,5087.011755239994,7660.76418617213,0.3062792891878481,0.49876283411021494,0.6397746561864074,0.4794512324873233,0.053946054625744436,0.02178593340246187
180.0,12,feed_tray,tray,178.19381789230346,223.2059805171876,45.88304884137944,11.01765233647874,12251.221127734276,7604.2334621954415,0.29944887038868195,0.49593235402718466,0.6121588144006962,0.46795021317339536,0.08839231521062203,0.036117432799419986
180.0,13,stripping_volume_1,tray,181.63986095554213,223.2815835074592,45.69268875359231,10.964698832756309,12271.723279725735,7625.387357191337,0.27124977665143085,0.4590735352974789,0.6390123569813253,0.5029628530060283,0.0897378663672438,0.03796361169649285
180.0,14,stripping_volume_2,tray,185.78265466896318,223.35821625498127,45.51718440342032,10.899848222629261,12308.301154838762,7645.800056981381,0.2381103791091547,0.4133641147227031,0.6705732929097639,0.5463745664878644,0.09131632798108148,0.0402613187894324
180.0,15,stripping_volume_3,tray,190.4997488982633,223.43610195530587,45.310877631522445,10.830999277694906,12364.680687228769,7682.2831485529605,0.20138718058859548,0.35956612493524487,0.7054426980667072,0.597404916633295,0.09317012134469728,0.04302895843146019
180.0,16,stripping_volume_4,tray,195.56371137655114,223.50560092149811,53.479066347776914,12.217015969683438,12439.755843520163,7738.565940932859,0.1631874857878773,0.29997543176552527,0.7412468142104447,0.6536785071902921,0.09556570000167812,0.04634606104418263
180.0,17,stripping_volume_5,tray,200.72404796346396,223.5764703445976,53.17884955288493,12.143279703915947,12525.760670739635,7813.531460782599,0.12591210711898732,0.23817680069905078,0.7746616951743607,0.7112091655232595,0.09942619770665212,0.05061403377768969
180.0,18,stripping_volume_6,tray,205.83681402616133,223.64932221685473,53.20924893305048,12.044576058364374,12604.223448052357,7899.429663142955,0.09166022213245895,0.17822379811225095,0.8009728031144182,0.7645469133443445,0.1073669747531229,0.05722928854340444
180.0,19,stripping_volume_7,tray,211.09450513630463,223.72352954229373,52.77242381905127,11.975850602208032,12640.903404508494,7977.788741598379,0.061795441149415806,0.12356980937587876,0.8121415396799787,0.8062350369961798,0.12606301917060556,0.07019515362794143
180.0,20,combined_reboiler_sump,reboiler_sump,217.39644345751995,223.74875116035076,756.9374172813981,77.88341151554162,,8014.36666951474,0.03685988198787126,0.07630191072544429,0.7919022877832333,0.8238375245270987,0.17123783022889535,0.09986056474745707
210.0,1,reflux_drum,reflux_drum,121.08069258046137,222.6304173350958,1853.8594439489566,105.53693871858745,,,0.8819816640865398,0.9470309048511873,0.1179769948493017,0.052959546296411406,4.134106415853494e-05,9.548852401196162e-06
210.0,2,rectifying_volume_1,tray,130.46717345420262,222.67775206168355,37.998883505951426,49.834418346333486,5660.839646191513,8471.283337322391,0.7588296726759377,0.8814050650561104,0.24100486963682743,0.11855275093515927,0.00016545768723484058,4.2184008730270204e-05
210.0,3,rectifying_volume_2,tray,141.4700771398891,222.72670089020457,34.27040639843301,12.897664337111927,5439.2341378661,8179.3207245502645,0.6272083202183096,0.7960993217490122,0.3723446348110941,0.20377246368610366,0.00044704497059623794,0.00012821456488404522
210.0,4,rectifying_volume_3,tray,151.825248591264,222.775491432427,33.33590769568206,12.677054529151693,5312.458317363536,7957.584474632119,0.5145333991600887,0.707120241366061,0.48446830559073933,0.2925599154291856,0.0009982952491718676,0.0003198432047533878
210.0,5,rectifying_volume_4,tray,159.89276014564763,222.82456413604726,32.7524605818365,12.518932994531733,5253.941888900037,7830.684424763133,0.43347314697683603,0.6319215387381145,0.5645429926939579,0.3673863236531563,0.0019838603292059026,0.0006921376087291003
210.0,6,rectifying_volume_5,tray,165.40722522183316,222.87396542623517,32.35105030864675,12.422923199481943,5228.658863804389,7772.061405217858,0.38138196496881055,0.5779635609853286,0.6149452681540987,0.4206797236471012,0.003672766877090565,0.001356715367570165
210.0,7,rectifying_volume_6,tray,168.93252650180776,222.92371115901088,32.1331337689829,12.362882595429111,5214.386402228964,7746.687800081593,0.3499238859825459,0.543240936384585,0.6435556967129051,0.4542634742783673,0.006520417304548993,0.002495589337047697
210.0,8,rectifying_volume_7,tray,171.19440668448377,222.9736975086057,31.991484560597524,12.324745734165534,5199.842738879901,7732.335284151954,0.3313372520506462,0.5222988857313533,0.6573716406130701,0.47328591018767724,0.011291107336283699,0.004415204080969462
210.0,9,rectifying_volume_8,tray,172.80185166393926,223.02376382638332,31.839680447560255,12.29900559142173,5178.308942066164,7717.717023072419,0.32008511029684655,0.5100801741406115,0.6606693901053546,0.4822923085112528,0.019245499597798855,0.007627517348135757
210.0,10,rectifying_volume_9,tray,174.22848692660517,223.07376161870243,31.63582658985673,12.276496898610782,5143.42509798935,7696.110526213486,0.31253760919779244,0.5029925091093017,0.6550471096957018,0.48403549433670734,0.03241528110650571,0.012971996553990853
210.0,11,rectifying_volume_10,tray,175.8822423687293,223.12358570185663,31.36372073383699,12.247057314449739,5086.956646061316,7661.154032946328,0.3062604557504205,0.4987438356701653,0.6397878463721224,0.47946784772658174,0.053951697877457176,0.02178831660325314
210.0,12,feed_tray,tray,178.1927888009598,223.19838048178758,45.882757821011076,11.017242011820464,12251.027237316084,7604.613128289397,0.29943164597508426,0.49591463021896454,0.612172563131788,0.46796639811262924,0.08839579089312757,0.03611897166840637
210.0,13,stripping_volume_1,tray,181.63975849622952,223.27398614717106,45.69234203325291,10.96427716388791,12271.53058470366,7625.6229215802705,0.27122536781832224,0.45904500600794007,0.6390329011815581,0.5029892506713893,0.08974173100011988,0.03796574332067052
210.0,14,stripping_volume_2,tray,185.78334250792574,223.35062175163353,45.51680044654114,10.899418988971192,12308.114463559688,7646.031356695724,0.23808032220299663,0.41332548197221086,0.6705991648702581,0.5464104939425349,0.09132051292674528,0.04026402408525423
210.0,15,stripping_volume_3,tray,190.50093265441714,223.42851049095628,45.31047907142569,10.830568285174197,12364.501383396642,7682.514903334834,0.20135417599970484,0.35952001299706776,0.7054712732621001,0.5974478412441467,0.09317455073819507,0.04303214575878559
210.0,16,stripping_volume_4,tray,195.56497863922218,223.49801181443019,53.47861088345951,12.216532369656814,12439.577444971808,7738.799520770808,0.1631549194766857,0.2999263509560691,0.7412747147270491,0.6537240504611994,0.09557036579626518,0.04634959858273158
210.0,17,stripping_volume_5,tray,200.72497914432753,223.5688835650187,53.178407221410346,12.142808659815097,12525.572681223553,7813.759898248172,0.12588316841059782,0.23813014261313456,0.7746855756465901,0.7112520153900875,0.09943125594281199,0.05061784199677785
210.0,18,stripping_volume_6,tray,205.83708197196634,223.6417375894034,53.20881362859259,12.044123102917515,12604.011881489405,7899.642602850912,0.09163728235666996,0.17818461422560836,0.8009898647792639,0.7645819252071869,0.1073728528640661,0.05723346056720477
210.0,19,stripping_volume_7,tray,211.09394637227666,223.71594674227677,52.771985357296,11.975415345576852,12640.655003659895,7977.972371701961,0.061779720912350775,0.12354164528265929,0.812149788617844,0.8062583030136836,0.12607049046980517,0.0702000517036571
210.0,20,combined_reboiler_sump,reboiler_sump,217.39506100049434,223.74117039018816,756.939840990767,77.88033655604472,,8014.507880854503,0.036851525077014925,0.07628638071248758,0.7919005331778041,0.8238468425506547,0.171247941745181,0.09986677673685779
240.0,1,reflux_drum,reflux_drum,121.07882879326428,222.62202387504698,1855.661967971831,105.39981754842844,,,0.8819646802971071,0.9470234850425078,0.11799394917197731,0.05296695944654739,4.1370530915560205e-05,9.555510944800837e-06
240.0,2,rectifying_volume_1,tray,130.46842901380685,222.6693633454069,37.99861239128136,49.83191083280802,5660.765256953968,8471.779851820202,0.7587736414800352,0.8813741059380376,0.24106076585454067,0.11858367477827676,0.00016559266542406974,4.2219283685722323e-05
240.0,3,rectifying_volume_2,tray,141.47376585051376,222.71831668287408,34.26998459769284,12.896974497232637,5439.154256555419,8179.7206917698895,0.6271287603581678,0.7960448103849218,0.37242385626409225,0.2038268716310522,0.00044738337774007,0.00012831798402587952
240.0,4,rectifying_volume_3,tray,151.829570139133,222.76711183646944,33.33553030924826,12.67637554457355,5312.407180762864,7957.973689195998,0.5144533017660966,0.7070542340966095,0.48454774501033565,0.29262569325886484,0.0009989532235676554,0.0003200726445256583
240.0,5,rectifying_volume_4,tray,159.89624489837246,222.81618927153488,32.752196342917884,12.518289543826155,5253.914812549522,7831.097361617702,0.43340599123786555,0.6318586025626697,0.5646090404259522,0.36744883855863364,0.0019849683361821907,0.0006925588786966344
240.0,6,rectifying_volume_5,tray,165.4093681996616,222.8655952807735,32.35088471973239,12.422316060788551,5228.640702957332,7772.493782642325,0.3813301743794557,0.5779113540822627,0.6149953442949393,0.42073124790781263,0.003674481325605022,0.001357398009924663
240.0,7,rectifying_volume_6,tray,168.93346492362414,222.91534560643433,32.13302905926593,12.362303457116337,5214.3662902802125,7747.124838243997,0.34988463342689685,0.5432001661991755,0.6435924414571917,0.4543032249800058,0.006522925115911529,0.0024966088208187172
240.0,8,rectifying_volume_7,tray,171.19448230832464,222.96533637386145,31.991407071804648,12.324185664285494,5199.815154559009,7732.766393317234,0.33130671684182755,0.5222671364517563,0.6573986817810492,0.47331622738867457,0.01129460137712315,0.004416636159569109
240.0,9,rectifying_volume_8,tray,172.80138398768565,223.0154069280499,31.839606997354046,12.298457842668187,5178.271713231636,7718.1368762966185,0.32006013071397255,0.5100545802122263,0.6606897740528442,0.4823160113904117,0.01925009523318323,0.007629408397362063
240.0,10,rectifying_volume_9,tray,174.2276983455561,223.06540878641871,31.635745614781214,12.275957433092337,5143.378379421314,7696.517081189684,0.3125160103706635,0.5029707694274931,0.655063171316804,0.48405494366148366,0.03242081831253243,0.01297428691102323
240.0,11,rectifying_volume_10,tray,175.88123588026193,223.11523678337554,31.363634388021655,12.246524992039403,5086.903286200183,7661.547524151115,0.30624096648638766,0.498724374061724,0.6398016946406694,0.479484948597398,0.053957338872943,0.021790677340877918
240.0,12,feed_tray,tray,178.19152118357295,223.19003510536035,45.88246143478132,11.016792795882926,12250.821989754246,7604.996436369606,0.29941379659430095,0.4958964825537077,0.6121868797643298,0.46798301967339573,0.08839932364136932,0.036120497772896616
240.0,13,stripping_volume_1,tray,181.63943905429142,223.26564346901696,45.691988968765564,10.963816429640602,12271.32670533545,7625.849041059324,0.2712001666082312,0.45901578239351315,0.6390541734858076,0.5030163428582344,0.08974565990596116,0.03796787474825254
240.0,14,stripping_volume_2,tray,185.78383335390038,223.34228196063663,45.51640949848715,10.898950606202973,12307.91686121051,7646.253406499381,0.2380493293726966,0.4132858755401475,0.6706259031300403,0.5464473826533109,0.09132476749726298,0.04026674180654139
240.0,15,stripping_volume_3,tray,190.50193374747346,223.42017377666215,45.31007337086631,10.8300981818765,12364.311476041188,7682.737705512411,0.20132014732107403,0.3594726857602113,0.7055008005851524,0.5974919582768138,0.09317905209377345,0.04303535596297485
240.0,16,stripping_volume_4,tray,195.56606821437214,223.48967748712113,53.47814936650635,12.216004543796886,12439.388654643912,7739.024480379601,0.1631213194914671,0.2998759037971904,0.7413035778950643,0.6537709312161519,0.09557510261346847,0.0463531649866576
240.0,17,stripping_volume_5,tray,200.7257264782837,223.56055159777472,53.17795962856617,12.142293769925338,12525.37428002223,7813.979956073705,0.12585327086503956,0.23808209759788096,0.7747103470698586,0.711296223170345,0.09943638206510198,0.05062167923177411
240.0,18,stripping_volume_6,tray,205.83714996258553,223.63340780626714,53.20837387095923,12.04362694342447,12603.789571136187,7899.847171233989,0.09161352809223493,0.17814415966544236,0.801007673664528,0.764618183001029,0.10737879824323715,0.05723765733352853
240.0,19,stripping_volume_7,tray,211.09316542341412,223.7076188142525,52.771543116552586,11.974937444139364,12640.395204533039,7978.147326101402,0.061763372994396874,0.12351243628797424,0.8121585798685113,0.8062825899674941,0.12607804713709184,0.07020497374453169
240.0,20,combined_reboiler_sump,reboiler_sump,217.3934344988709,223.73284453542584,756.9428252083567,77.87696076849028,,8014.639789578773,0.036842741215245826,0.0762700950498332,0.7918990302061715,0.8238568611054515,0.17125822857858256,0.0998730438447153
270.0,1,reflux_drum,reflux_drum,121.07674907163575,222.61288459359966,1857.3346644603535,105.27198465284604,,,0.8819468754140903,0.9470157402409886,0.11801172424440341,0.05297469752841267,4.140034150625206e-05,9.562230598734834e-06
270.0,2,rectifying_volume_1,tray,130.4695136203514,222.66022893286927,37.99835159425667,49.829208623508904,5660.690270716213,8472.277734152378,0.758716184566868,0.8813424657081719,0.24111808745802718,0.11861527969735969,0.00016572797510478666,4.225459446851271e-05
270.0,3,rectifying_volume_2,tray,141.47731891412835,222.70918690697147,34.26956976253347,12.896234013070762,5439.074122220466,8180.121496548725,0.6270474099400807,0.7959892396847007,0.3725048682234844,0.2038823389587225,0.0004477218364350512,0.00012842135657680046
270.0,4,rectifying_volume_3,tray,151.83376386765,222.7579868044214,33.335161026349354,12.675646759690899,5312.35654880554,7958.364123804223,0.5143714139706915,0.7069869616307122,0.4846289758203991,0.2926927366604996,0.0009996102089093284,0.00032030170878812904
270.0,5,rectifying_volume_4,tray,159.89958593480566,222.80706910851387,32.75194251240684,12.517597321853712,5253.888857721749,7831.51231402482,0.43333727011094075,0.6317944303867059,0.5646766568440542,0.36751259077285153,0.0019860730450051304,0.0006929788404426404
270.0,6,rectifying_volume_5,tray,165.4113426832329,222.85647997714187,32.350731689633676,12.421661019665462,5228.624013263901,7772.9288249975025,0.38127709073736804,0.5778580779398474,0.615046720676755,0.4207838446271804,0.0036761885858769064,0.0013580774329721129
270.0,7,rectifying_volume_6,tray,168.9342116391487,222.90623503668795,32.132938549788705,12.361677068129026,5214.347821393209,7747.564918255533,0.3498443183768278,0.5431585191129437,0.6436302613834934,0.45434385896752894,0.006525420239678762,0.0024976219195273924
270.0,8,rectifying_volume_7,tray,171.19434819682792,222.95623036255913,31.99134493443369,12.3235788054324,5199.78930095167,7733.200740149036,0.33127528804081074,0.5222346721226395,0.6574266357612477,0.4733472705515835,0.011298076197941594,0.004418057325776939
270.0,9,rectifying_volume_8,tray,172.80069369940347,223.00630529305863,31.839549652535684,12.29786363180629,5178.236266444217,7718.56007718316,0.3200343732889644,0.5100283902369189,0.6607109605685094,0.48234032682773,0.019254666142526206,0.007631282935351194
270.0,10,rectifying_volume_9,tray,174.22667837860357,223.05631135661852,31.63568116004779,12.2753717562014,5143.333468461529,7696.92705723151,0.3124937107227139,0.5029485160603726,0.6550799575920693,0.4840749285623004,0.032426331685216865,0.01297655537732694
270.0,11,rectifying_volume_10,tray,175.87999257105892,223.1061434056878,31.36356460534082,12.245946684557067,5086.85171415216,7661.944484421194,0.3062208266066873,0.4987044548825657,0.6398161981397782,0.4795025305485361,0.05396297525353453,0.021793014568898112
270.0,12,feed_tray,tray,178.19001482058704,223.18094537506605,45.88215980326444,11.016304744181731,12250.605443854478,7605.38321632722,0.2993953269765045,0.4958779163293219,0.6122017608374561,0.4680000732072721,0.08840291218603934,0.036122010463406067
270.0,13,stripping_volume_1,tray,181.63890213056672,223.25655645904925,45.69162969958087,10.963316689201145,12271.111701143316,7626.0655689501045,0.27117417993752324,0.4589858729209141,0.6390761683567234,0.5030441219255806,0.08974965170575326,0.03797000515350543
270.0,14,stripping_volume_2,tray,185.78412647133467,223.33319786689972,45.516011711758495,10.898443136053816,12307.708406464197,7646.466063691201,0.2380174092467548,0.4132453067997584,0.6706535005309646,0.5464852222428452,0.09132909022228058,0.040269470957396206
270.0,15,stripping_volume_3,tray,190.50275129388143,223.4110927961536,45.30966068834056,10.829589030276397,12364.1110224201,7682.951414878487,0.20128510408061992,0.35942415670242833,0.705531272052364,0.5975372553950516,0.09318362386701604,0.04303858790252011
270.0,16,stripping_volume_4,tray,195.56697919484176,223.4805989224092,53.477681983518494,12.21543256136904,12439.189530474701,7739.240681501855,0.1630866952268966,0.299824104512815,0.7413333959469071,0.6538191364856878,0.09557990882619634,0.04635675900149723
270.0,17,stripping_volume_5,tray,200.7262891588404,223.55147542483704,53.17750695920003,12.141735099690472,12525.16552899022,7814.191500387634,0.12582242277771127,0.23803267902993977,0.7747360029325191,0.711341776848891,0.0994415742897696,0.05062554412116936
270.0,18,stripping_volume_6,tray,205.83701739231702,223.6243338486207,53.2079298458884,12.043087639911624,12603.556587393667,7900.043241952337,0.09158896578400434,0.178102445411459,0.8010262254322352,0.7646556772682765,0.1073848087837605,0.057241877320264506
270.0,19,stripping_volume_7,tray,211.09216193965315,223.69854673871777,52.77109728652719,11.974416952319379,12640.124090633486,7978.31349052427,0.061746401570106475,0.12348218982428712,0.8121679119278146,0.8063078922299185,0.12608568650207885,0.07020991794579433
270.0,20,combined_reboiler_sump,reboiler_sump,217.3915638746972,223.72377457579773,756.9463719068192,77.87328443227194,,8014.762297945238,0.036833532215067154,0.07625305702764042,0.7918977804075333,0.8238675790595446,0.1712686873773994,0.09987936391281488
300.0,1,reflux_drum,reflux_drum,121.0744537894896,222.6030008683632,1858.8759770162144,105.15355568598919,,,0.8819282509022126,0.9470076710448415,0.11803031860987752,0.05298275994565713,4.143048790992774e-05,9.569009501369214e-06
300.0,2,rectifying_volume_1,tray,130.47042651900438,222.65035019987639,37.99810124356391,49.82631219559957,5660.614719872861,8472.77673071347,0.7586573176992295,0.8813101532050497,0.24117681873404614,0.11864755686699334,0.00016586356672440098,4.22899279568918e-05
300.0,3,rectifying_volume_2,tray,141.48073465453535,222.69931293664158,34.26916208825568,12.895443024462798,5438.993774239254,8180.522929591355,0.6269642940267339,0.7959326268998533,0.37258764575800407,0.20393884845790825,0.00044806021526216824,0.00012852464223841607
300.0,4,rectifying_volume_3,tray,151.83782780420043,222.74811770876428,33.33480003686924,12.674868313780141,5312.306453346401,7958.755579550621,0.5142877619444709,0.7069184455965744,0.4847119721134124,0.29276102409756394,0.0010002659421167405,0.0003205303058617651
300.0,5,rectifying_volume_4,tray,159.9027815275568,222.7972050177815,32.751699245519546,12.516856456855313,5253.864048889323,7831.929078861336,0.4332670056937327,0.6317290430802832,0.5647458203033323,0.3675775595979077,0.001987174002935037,0.0006933973218090963
300.0,6,rectifying_volume_5,tray,165.41314739731993,222.84662088447206,32.35059134150816,12.420958191883804,5228.608816812245,7773.366324801069,0.38122273087085656,0.5778037498004001,0.6150993811846595,0.4208374968479052,0.003677887944483993,0.0013587533516946182
300.0,7,rectifying_volume_6,tray,168.93476579116904,222.8963808172958,32.13286234470046,12.361003534330296,5214.331019228403,7748.007833008715,0.34980295325006383,0.5431160083659713,0.6436691451346184,0.4543853634352753,0.006527901615317768,0.0024986281987533134
300.0,8,rectifying_volume_7,tray,171.19400379168437,222.94638084069115,31.99129824590924,12.32292525670556,5199.765205402092,7733.638121687788,0.33124297498941535,0.5222015028059164,0.6574554947108424,0.473379030236652,0.011301530299742206,0.0044194669574316075
300.0,9,rectifying_volume_8,tray,172.79978042287658,222.99646028594861,31.839508512339684,12.297223053663261,5178.202633578175,7718.986428925573,0.3200078454371205,0.5100016121368325,0.6607329442320596,0.4823652477376186,0.019259210330819895,0.007633140125548936
300.0,10,rectifying_volume_9,tray,174.22542674920018,223.04647069246244,31.635633330645287,12.274739960043277,5143.2904013810485,7697.340264490983,0.31247071654961844,0.5029257556460689,0.6550974646440637,0.4840954434300958,0.03243181880631788,0.012978800923835295
300.0,11,rectifying_volume_10,tray,175.87851222941487,223.09630693064247,31.363511494480445,12.245322481838429,5086.801969180357,7662.344730724309,0.30620004175863585,0.4986840840844372,0.6398313536559646,0.4795205886972143,0.05396860458539972,0.021795327218348357
300.0,12,feed_tray,tray,178.18826959573366,223.17111265149907,45.881853053829644,11.01577793180871,12250.377665864313,7605.773290544479,0.299376242269421,0.495858937182868,0.6122172025402326,0.4680175537410992,0.08840655519034657,0.03612350907603274
300.0,13,stripping_volume_1,tray,181.63814731143754,223.246726476707,45.69126437291304,10.962778021514534,12270.88563902898,7626.272357829264,0.2711474152782009,0.458955286609431,0.6390988797748827,0.5030725797050272,0.08975370494691634,0.03797213368554188
300.0,14,stripping_volume_2,tray,185.78422119480362,223.32337082866684,45.51560724724963,10.897896660113629,12307.489165222612,7646.669184845374,0.23798457112002627,0.4132037878824874,0.6706819493265812,0.5465240016110815,0.09133347955339244,0.04027221050643091
300.0,15,stripping_volume_3,tray,190.50338447019482,223.4012689064391,45.30924119093001,10.829040912701544,12363.900086842516,7683.155890445447,0.20124905653303918,0.35937444022129356,0.7055626790338622,0.5975837193866377,0.09318826443309865,0.04304184039206873
300.0,16,stripping_volume_4,tray,195.56771073149156,223.47077747636834,53.47720892999835,12.214816514039528,12438.980137387038,7739.447985017257,0.16305105679936313,0.2997709683261424,0.7413641604743112,0.6538686523499134,0.09558478272632566,0.04636037932394421
300.0,17,stripping_volume_5,tray,200.72666644391884,223.54165640136975,53.17704940660299,12.141132736663385,12524.946497098195,7814.394396490142,0.1257906330966152,0.2379819012615954,0.7747625361519741,0.7113886634853169,0.09944683075141063,0.05062943525308765
300.0,18,stripping_volume_6,tray,205.83668373357833,223.6145170707909,53.20748174715294,12.04250527405644,12603.313008170004,7900.230688069766,0.09156360240936783,0.17805948329215904,0.8010455152966697,0.7646943977519668,0.10739088229396254,0.05724611895587422
300.0,19,stripping_volume_7,tray,211.09093566750593,223.6887318692861,52.77064806458045,11.973853945760702,12639.841753605786,7978.47075057677,0.06172881119661898,0.1234509139664428,0.8121777830027833,0.8063342035784454,0.12609340580059772,0.07021488245511179
300.0,20,combined_reboiler_sump,reboiler_sump,217.38944916693558,223.71396186410763,756.9504829488226,77.86930796483442,,8014.875308801148,0.03682390011314501,0.07623527032762792,0.7918967852109575,0.8238789949346501,0.1712793146758974,0.09988573473772182
330.0,1,reflux_drum,reflux_drum,121.0719434423884,222.5923744623581,1860.2844138916334,105.04464139019962,,,0.8819088084820381,0.9469992781400893,0.11804973055601431,0.05299114601414615,4.146096194749982e-05,9.575845764448325e-06
330.0,2,rectifying_volume_1,tray,130.4711670267063,222.63972890752888,37.99786146577864,49.82322212900242,5660.538638053444,8473.276578575877,0.7585970575555085,0.8812771777252647,0.24123694305503185,0.11868049700401326,0.00016599938945963163,4.232527072200042e-05
330.0,3,rectifying_volume_2,tray,141.48401142671403,222.68869653121195,34.26876177176786,12.894601698339326,5438.913253352588,8180.924773839652,0.6268794390215885,0.7958749901288986,0.37267216259901714,0.2039963820713951,0.00044839837939427487,0.0001286277997063761
330.0,4,rectifying_volume_3,tray,151.84175999541839,222.73750630704836,33.33444753192622,12.674040372830644,5312.256927150377,7959.147849970443,0.5142023732446963,0.7068487086751734,0.484796706601835,0.29283053298303335,0.0010009201534686672,0.000320758341793354
330.0,5,rectifying_volume_4,tray,159.90582998083096,222.7865987550877,32.751466697026125,12.516067103064843,5253.840411034371,7832.3474450864305,0.4331952212831701,0.6316624625372569,0.5648165079706777,0.3676437233162212,0.001988270746152151,0.0006938141465219684
330.0,6,rectifying_volume_5,tray,165.4147811194984,222.83601975673204,32.35046379649655,12.420207718530131,5228.595136032131,7773.80606633571,0.3811671125688839,0.577748387771875,0.6151533087602473,0.42089218675357515,0.0036795786708689335,0.001359425474549826
330.0,7,rectifying_volume_6,tray,168.93512659471605,222.88578470050322,32.13280054510016,12.360282986382565,5214.315907787964,7748.45336706495,0.34976055122584776,0.5430726478888557,0.6437090806173213,0.4544277248966626,0.0065303681568308364,0.002499627214481755
330.0,8,rectifying_volume_7,tray,171.19344862091512,222.9357895588581,31.991267100090823,12.322225141648973,5199.742895682234,7734.078326711502,0.3312097876515279,0.5221676391146827,0.6574852502016546,0.47341149646638225,0.011304962146817473,0.004420864418935155
330.0,9,rectifying_volume_8,tray,172.79864387710313,222.9858736557572,31.839483672304485,12.296536227277459,5178.170847056586,7719.415726612604,0.31998055510751017,0.509974254291004,0.6607557191403738,0.48239076659550434,0.019263725752116097,0.007634979113491652
330.0,10,rectifying_volume_9,tray,174.22394328109968,223.03588854150146,31.635602227970516,12.274062160771097,5143.249215125466,7697.756505200748,0.3124470346286919,0.5029024952222783,0.6551156881801599,0.4841164822783293,0.032437277191148146,0.012981022499392338
330.0,11,rectifying_volume_10,tray,175.87679474690307,223.08572910437374,31.36347516070575,12.244652497620395,5086.754091320904,7662.748072302219,0.3061786180412191,0.49866326798692184,0.6398471576014105,0.4795391178160514,0.05397422435737034,0.021797614197026662
330.0,12,feed_tray,tray,178.18628549885324,223.16053867944984,45.88154132081776,11.01521245399916,12250.138729666682,7606.166473844831,0.2993565480524733,0.49583955110316186,0.6122332006995466,0.4680354559649176,0.08841025124798021,0.036124992931920494
330.0,13,stripping_volume_1,tray,181.63717427100136,223.23615526557722,45.69089314395141,10.96220052585813,12270.648593464466,7626.469259663949,0.2711198806770467,0.45892403305139035,0.6391223012219773,0.5031017074812497,0.08975781810097606,0.03797425946735993
330.0,14,stripping_volume_2,tray,185.78411693062694,223.31280258827744,45.5151962744811,10.897311280411296,12307.259210800836,7646.862625963306,0.23795082497673709,0.4131613317058656,0.6707112411616741,0.5465637089087317,0.0913379338615887,0.04027495938540275
330.0,15,stripping_volume_3,tray,190.50383251435792,223.3907038485656,45.30881505454367,10.828453931910447,12363.678740849335,7683.350990593018,0.20121201568472724,0.3593235516676029,0.7055950122311825,0.5976313361316594,0.0931929720840904,0.043045112200737735
330.0,16,stripping_volume_4,tray,195.568262034456,223.460214889068,53.4767304106049,12.214156516526298,12438.760547467748,7739.646251091964,0.16301441507135794,0.29971651149527034,0.7413958624067166,0.6539194639047542,0.09558972252192549,0.046364024599975406
330.0,17,stripping_volume_5,tray,200.72685765738524,223.5310962664889,53.176587172747126,12.140486791147016,12524.717260617603,7814.588509015981,0.12575791144391568,0.23792977965463363,0.7747899390559588,0.7114368691820032,0.09945214950012547,0.05063335116336306
330.0,18,stripping_volume_6,tray,205.8361485389582,223.60395921101568,53.207029776786506,12.041879949813241,12603.058919081359,7900.409382232863,0.09153744549542467,0.17801528601348351,0.8010655380102377,0.7647343333690333,0.10739701649433758,0.057250380617483214
330.0,19,stripping_volume_7,tray,211.08948645272096,223.678175943447,52.77019565593917,11.973248521940501,12639.548293453085,7978.618991966336,0.061710606825798965,0.12341861745293244,0.8121881910031482,0.8063615171765092,0.1261012021710528,0.07021986537055842
330.0,20,combined_reboiler_sump,reboiler_sump,217.38709053466386,223.70340813698834,756.9551600175968,77.8650319314216,,8014.978725861533,0.036813847177593007,0.07621673903636303,0.7918960459336924,0.823891106895682,0.17129010688871454,0.09989215406795497
360.0,1,reflux_drum,reflux_drum,121.0692186507488,222.58100753501867,1861.5585506503382,104.94534740035465,,,0.8818885501423781,0.946990562305463,0.11806995810235268,0.05299985495706632,4.1491755269304095e-05,9.582737470624914e-06
360.0,2,rectifying_volume_1,tray,130.4717345338786,222.62836721322228,37.99763238532726,49.819939109329205,5660.462060152696,8473.777005322803,0.7585354217614213,0.8812435490399039,0.2412984428474159,0.11871409035108149,0.00016613539116267748,4.236060901468996e-05
360.0,3,rectifying_volume_2,tray,141.48714761735008,222.67733984619005,34.268369011627556,12.893710229498339,5438.832601689204,8181.32680436867,0.6267928727122096,0.7958163483458607,0.3727583910973268,0.20405492086750826,0.00044873619046355853,0.0001287307866311727
360.0,4,rectifying_volume_3,tray,151.8455585074103,222.72615475288717,33.334103703888005,12.67316313030606,5312.208003900081,7959.54072096714,0.5141152768589627,0.7067777746349583,0.4848831505746848,0.29290123964477194,0.0010015725663524969,0.0003209857202698376
360.0,5,rectifying_volume_4,tray,159.90872963103843,222.7752524721269,32.75124502121929,12.515229441449756,5253.817969646495,7832.767193650893,0.43312194141322313,0.6315947117090774,0.5648886957874285,0.36771105915688335,0.0019893627993484387,0.0006942291340392714
360.0,6,rectifying_volume_5,tray,165.4162426813728,222.82467874371517,32.35034917364791,12.419409766728515,5228.582993689174,7774.247825551924,0.3811102546118791,0.5776920108570205,0.6152084853713925,0.4209478956397436,0.0036812600167283587,0.0013600935032359257
360.0,7,rectifying_volume_6,tray,168.93529333884854,222.87444883426292,32.1327532489337,12.359515580455636,5214.302511410779,7748.901296564581,0.349717126270037,0.5430284523267768,0.643750054978071,0.45447092916045206,0.00653281875189195,0.0025006185127711958
360.0,8,rectifying_volume_7,tray,171.1926823010678,222.92445866325292,31.99125158715259,12.321478608949898,5199.722399988436,7734.521135652512,0.3311757366341132,0.5221330922331499,0.6575158932002991,0.47344465870603586,0.011308370165587792,0.004422249060814307
360.0,9,rectifying_volume_8,tray,172.79728387877637,222.97454754700115,31.839475224143747,12.295803296590199,5178.140939850291,7719.8477571436115,0.31995251080123305,0.5099463255523113,0.6607792788907216,0.4824168754214224,0.019268210308045316,0.007636799026266277
360.0,10,rectifying_volume_9,tray,174.22222790103015,223.02456704665602,31.63558794969722,12.273338499272556,5143.209947316408,7698.175573598692,0.3124226722352738,0.5028787422411353,0.6551346234779205,0.48413803872871874,0.032442704286805686,0.012983219030146114
360.0,11,rectifying_volume_10,tray,175.8748401211998,223.0744120682774,31.363455705729713,12.243936870222853,5086.708121386579,7663.154310598688,0.3061565620200947,0.49864201329078284,0.6398636060009082,0.47955811232032003,0.05397983197899694,0.021799874388897182
360.0,12,feed_tray,tray,178.18406262885082,223.14922559887953,45.88122474571766,11.01460842670875,12249.888716978254,7606.562573419918,0.2993362503506425,0.4958197644429274,0.6122497507681977,0.4680537742202818,0.0884139988811599,0.03612646133679075
360.0,13,stripping_volume_1,tray,181.6359827734052,223.2248449643689,45.690516176069394,10.961584322425047,12270.400646687387,7626.656125937819,0.2710915847742525,0.4588921224318653,0.6391464256644122,0.5031314959731675,0.08976198956133531,0.03797638159496722
360.0,14,stripping_volume_2,tray,185.78381315867512,223.30149528313984,45.5147789718295,10.896687120001648,12307.018624116501,7647.046242590683,0.23791618151282518,0.4131179520003793,0.67074136705237,0.5466043315116738,0.09134245143480497,0.04027771648794685
360.0,15,stripping_volume_3,tray,190.50409472719008,223.37939975859118,45.30838246415183,10.827828211679225,12363.447063395788,7683.536573180819,0.20117399331793215,0.3592715073775836,0.7056282616557035,0.5976800905718789,0.09319774502636421,0.04304840205053744
360.0,16,stripping_volume_4,tray,195.56863237459467,223.44891329554474,53.47624663939419,12.213452707260258,12438.530840147774,7739.835339278774,0.16297678167513885,0.29966075134763276,0.7414284919902736,0.6539715552292762,0.0955947263345875,0.046367693423090925
360.0,17,stripping_volume_5,tray,200.7268621907704,223.51979715423337,53.176120468513766,12.139797396845594,12524.477903308145,7814.773702014731,0.12572426813692333,0.23787633061321595,0.7748182033642946,0.7114863790530538,0.09945752849878198,0.050637290333730295
360.0,18,stripping_volume_6,tray,205.83541144341706,223.59266240241413,53.206574145297424,12.041211794050561,12602.794413652357,7900.579196748503,0.09151050313578583,0.1779698671867871,0.8010862878495795,0.7647754721841306,0.10740320901463463,0.057254660629082306
360.0,19,stripping_volume_7,tray,211.08781424306167,223.66688109353544,52.769740273902535,11.972600800794046,12639.243818758929,7978.758100585965,0.06169179381625419,0.12338530970692604,0.8121991335328671,0.8063898255543958,0.1261090726508788,0.07022486473867835
360.0,20,combined_reboiler_sump,reboiler_sump,217.38448826035903,223.6921155258703,756.960404556052,77.86045705414841,,8015.072453789191,0.03680337591537114,0.07619746765877809,0.7918955637793842,0.8239039127400584,0.17130106030524458,0.09989861960116349
390.0,1,reflux_drum,reflux_drum,121.06628016307752,222.5689026533559,1862.6970328568182,104.85577404695239,,,0.881867478153212,0.9469815244175233,0.11809099898744538,0.0530088858998058,4.152285934262514e-05,9.589682670930733e-06
390.0,2,rectifying_volume_1,tray,130.47212850623526,222.61626768180759,37.99741412443351,49.81646393084439,5660.38502235704,8474.27772904747,0.7584724289213244,0.88120927741071,0.24136129956036612,0.11874832666053703,0.00016627151830958897,4.239592875294851e-05
390.0,3,rectifying_volume_2,tray,141.49014164552767,222.66524544442163,34.26798400807394,12.892768841385491,5438.751862790874,8181.728788407872,0.626704624312493,0.795756721427964,0.3728463021810701,0.20411444501245468,0.00044907350643678945,0.00012883355958136659
390.0,4,rectifying_volume_3,tray,151.84922142615324,222.71406560711404,33.333768746387186,12.672236807911855,5312.15971820715,7959.933970811739,0.5140265032477779,0.7067056683655806,0.48497127385519145,0.292973119291881,0.0010022228970305996,0.0003212123425384826
390.0,5,rectifying_volume_4,tray,159.91147884756987,222.76316872769203,32.75103437187284,12.51434368045908,5253.796750720224,7833.188097481526,0.433047191891752,0.6315258146376319,0.5649623584328967,0.3677795432629569,0.001990449675351216,0.0006946420994112142
390.0,6,rectifying_volume_5,tray,165.4175309699486,222.8126004021914,32.35024758982971,12.418564530371139,5228.572412875837,7774.691370036418,0.3810521768018628,0.5776346389817506,0.61526489198268,0.4210046038857708,0.0036829312154570094,0.0013607571324784947
390.0,7,rectifying_volume_6,tray,168.93526538856614,222.86237577338434,32.13272055087231,12.358701498943937,5214.290854762411,7749.3513891784,0.3496726931597112,0.5429834370629687,0.6437920545792166,0.45451496130757396,0.006535252261072157,0.0025016016294572563
390.0,8,rectifying_volume_7,tray,171.19170453953305,222.9123907068074,31.99125179344596,12.320685833146598,5199.70374693359,7734.9663205414645,0.3311408332078713,0.5220978739361094,0.6575474140485548,0.47347850584455264,0.011311752743573926,0.004423620219337867
390.0,9,rectifying_volume_8,tray,172.79570034488174,222.96248451082124,31.839483255603135,12.295024431146725,5178.112945473324,7720.282299170003,0.31992372158936033,0.5099178352640044,0.6608036165641165,0.4824435657639447,0.019272661846523112,0.00763859897205102
390.0,10,rectifying_volume_9,tray,174.22028064148827,223.012508757358,31.635590589630564,12.272569141865679,5143.1726362496665,7698.597255866484,0.3123976371587853,0.5028545045836366,0.6551542653705754,0.48416010599731846,0.032448097470639335,0.012985389419045038
390.0,11,rectifying_volume_10,tray,175.87264845902675,223.06235837015063,31.363453227566616,12.243175763239432,5086.664100966909,7663.563239198221,0.3061338807422624,0.4986203270908552,0.6398806944789018,0.4795775662555412,0.05398542477883581,0.021802106653603638
390.0,12,feed_tray,tray,178.18160119677069,223.1371759560581,45.880903477334144,11.013965987198041,12249.62771754674,7606.9613887667565,0.2993153556479987,0.4957995839304789,0.612266847813216,0.4680725024889783,0.08841779653878526,0.036127913580542736
390.0,13,stripping_volume_1,tray,181.63457267532362,223.2127981180506,45.69013364102287,10.960929552914772,12270.141888895067,7626.832807785669,0.27106253682150755,0.4588595655476126,0.6391712455373411,0.5031619353157982,0.08976621764115125,0.03797849913658939
390.0,14,stripping_volume_2,tray,185.7833094343415,223.28945145686794,45.51435552674849,10.896024323559109,12306.767493880288,7647.2198899434425,0.2378806521575838,0.41307366333532575,0.6707723173668338,0.5466458559962649,0.09134703047558244,0.04028048066840921
390.0,15,stripping_volume_3,tray,190.5041704740502,223.3673591787206,45.30794361401219,10.82716389739482,12363.205141036098,7683.71249567192,0.20113500201414014,0.3592183247039253,0.7056624166077375,0.5977299666811696,0.0932025813781224,0.04305170861490508
390.0,16,stripping_volume_4,tray,195.56882108511923,223.43687523693748,53.47575784005682,12.21270524905365,12438.291102387439,7740.015108644734,0.16293816903566238,0.29960370631325833,0.7414620387674677,0.6540249093540758,0.09559979219686988,0.046371384332665966
390.0,17,stripping_volume_5,tray,200.7266795051449,223.50776160469965,53.17564951391227,12.139064711523952,12524.228516606529,7814.949839097001,0.12568971420847158,0.2378215716157226,0.774847320171128,0.7115371771941479,0.09946296562040044,0.05064125119012939
390.0,18,stripping_volume_6,tray,205.8344721666249,223.58062918412088,53.20611507187518,12.040500957196727,12602.519593518415,7900.740003736791,0.09148278400698366,0.17792324135611226,0.8011077586019507,0.7648178013840489,0.10740945739106571,0.057258957259838865
390.0,19,stripping_volume_7,tray,211.08591909118724,223.65484985786583,52.76928214004188,11.971910925348519,12638.928446908985,7978.887962667463,0.06167237794520371,0.1233510008570288,0.8122106078816926,0.8064191205903318,0.12611701417310367,0.07022987855263944
390.0,20,combined_reboiler_sump,reboiler_sump,217.3816427532439,223.68008656811492,756.9662177152405,77.85558422031036,,8015.156398376098,0.0367924890797634,0.07617746113184584,0.7918953398362075,0.8239174098868304,0.1713121710840291,0.09990512898132377
420.0,1,reflux_drum,reflux_drum,121.06312885923013,222.5560628032672,1863.6985787885967,104.77601615836097,,,0.8818455950791114,0.9469721654560098,0.11811285065544959,0.053018237864608055,4.1554265438949e-05,9.596679382188577e-06
420.0,2,rectifying_volume_1,tray,130.47234848669495,222.60343329689923,37.997206803050204,49.812797499458696,5660.307562167829,8474.778458369816,0.7584080986490227,0.8811743736059243,0.24142549363502602,0.11878319517856563,0.00016640771595120293,4.243121551002562e-05
420.0,3,rectifying_volume_2,tray,141.49299196358493,222.65241630739683,34.267606963033344,12.891777786881498,5438.671081630323,8182.130485379157,0.6266147245037633,0.7956961301824917,0.3729358653147378,0.20417493374349893,0.000449410181498825,0.000128936074009384
420.0,4,rectifying_volume_3,tray,151.85274685808878,222.70124184908565,33.33344285430009,12.671261656370133,5312.112105613335,7960.327370179368,0.5139360843857671,0.7066324159104346,0.4850610447598073,0.29304614598223183,0.0010028708544255237,0.00032143810733366643
420.0,5,rectifying_volume_4,tray,159.91407603375504,222.75035049897602,32.75083490217582,12.513410056778442,5253.77678074636,7833.609921497846,0.4329709998362426,0.6314557964869649,0.5650374692889762,0.36784915065988155,0.0019915308747813073,0.0006950528531535132
420.0,6,rectifying_volume_5,tray,165.41864492916187,222.79978770720712,32.350159159624305,12.4176722308557,5228.563417000425,7775.136459017302,0.3809928999917779,0.5775762930226315,0.6153225085265721,0.4210622909275279,0.0036845914816498824,0.0013614160498406549
420.0,7,rectifying_volume_6,tray,168.9350421868578,222.84956849083105,32.132702542183004,12.357840951190907,5214.280962824867,7749.803404117094,0.34962726750721,0.5429376182414976,0.6438350649756333,0.4545598056686079,0.006537667517156846,0.002502576089894537
420.0,8,rectifying_volume_7,tray,171.19051513698588,222.89958866048792,31.99126780135323,12.319847015343672,5199.686965538282,7735.413645028213,0.3311050893274342,0.5220619966078245,0.6575798024440582,0.4735130261759833,0.011315108228507531,0.004424977216192219
420.0,9,rectifying_volume_8,tray,172.7938932954156,222.9496875162759,31.83950785030485,12.294199826805073,5178.0868979759925,7720.719123129242,0.31989419713048184,0.5098887932757249,0.6608287247088697,0.48247082868453656,0.019277078160648404,0.007640378039738681
420.0,10,rectifying_volume_9,tray,174.21810164365544,222.9997166408428,31.63561023754599,12.271754281002748,5143.137320889536,7699.021330165957,0.31237193771841315,0.5028297905735912,0.6551746082326355,0.48418267688096756,0.03245345404895124,0.012987532545441171
420.0,11,rectifying_volume_10,tray,175.87021997921988,223.0495709754824,31.363467820370953,12.2423693662364,5086.622072424763,7663.974643859033,0.30611058175036254,0.49859821688845385,0.6398984182466652,0.47959747328544905,0.053991000002972286,0.021804309826097167
420.0,12,feed_tray,tray,178.17890152898693,223.1243927148534,45.88057767194398,11.013285294624302,12249.355829345788,7607.362711728324,0.2992938709008729,0.4957790166808849,0.6122844865044303,0.46809163438218493,0.08842164259469683,0.03612934893693008
420.0,13,stripping_volume_1,tray,181.63294392858174,223.20001768913977,45.68974571913797,10.960236381130393,12269.872418437786,7626.999156228566,0.27103274669952016,0.45882637382520935,0.6391967527291503,0.5031930150428223,0.08977050057132964,0.03798061113196847
420.0,14,stripping_volume_2,tray,185.78260539067736,223.2766740705706,45.51392613597269,10.895323057978219,12306.505916782422,7647.383423146153,0.23784424909456792,0.4130284811435917,0.670804081806576,0.5466882681156255,0.09135166909885609,0.04028325074078287
420.0,15,stripping_volume_3,tray,190.50405918667346,223.35458506859482,45.30749870788407,10.826461156654537,12362.953068107396,7683.878615358036,0.20109505517666695,0.3591640220456078,0.7056974656562925,0.5977809474370444,0.09320747916704057,0.04305503051734798
420.0,16,stripping_volume_4,tray,195.56882756339485,223.42410367177658,53.47526424613605,12.211914329776071,12438.04142885894,7740.185417977687,0.16289859039275378,0.29954539595680657,0.7414964915573797,0.6540795082307727,0.09560491804986646,0.046375095812420775
420.0,17,stripping_volume_5,tray,200.72630913315706,223.49499257533066,53.1751745382909,12.138288917674037,12523.969199817846,7815.116783632141,0.12565426142667566,0.23776552124554998,0.7748772799276648,0.7115892466533241,0.09946845864565952,0.05064523210112594
420.0,18,stripping_volume_6,tray,205.83333051543528,223.56786251257512,53.205652784590725,12.039747613892924,12602.234568630181,7900.891675342024,0.09145429738446283,0.17787542402472115,0.8011299435518964,0.7648613072527556,0.10741575906364076,0.05726326872252332
420.0,19,stripping_volume_7,tray,211.08380115763885,223.64208519202134,52.76882148439631,11.971179062364628,12638.60230431557,7979.008465029886,0.06165236542015857,0.12331570175768984,0.812222611016809,0.8064493934918205,0.12612502356303243,0.07023490475048977
420.0,20,combined_reboiler_sump,reboiler_sump,217.37855455270093,223.66732421830417,756.9726003123556,77.85041448991441,,8015.230466818263,0.03678118967789672,0.07615672483834517,0.791895375074937,0.8239315953656935,0.17132343524716623,0.09991167979596127
450.0,1,reflux_drum,reflux_drum,121.05976575367843,222.5424914009425,1864.561982165817,104.70616286267254,,,0.881822903793133,0.9469624865094021,0.11813551024224601,0.05302790976501359,4.158596462097306e-05,9.603725584372109e-06
450.0,2,rectifying_volume_1,tray,130.47239409737975,222.58986747227885,37.9970105387823,49.80894083573878,5660.229718423012,8475.278892400305,0.758342451598069,0.8811388489158174,0.24149100447426408,0.11881868462967929,0.00016654392766679167,4.2466454503291634e-05
450.0,3,rectifying_volume_2,tray,141.49569705812408,222.63885584665178,34.26723808011377,12.89073734909201,5438.590304628103,8182.531646885696,0.6265232054746176,0.7956345963727484,0.3730270484594372,0.20423636534303152,0.00044974606594527675,0.00012903828422013787
450.0,4,rectifying_volume_3,tray,151.8561329308935,222.68768688808157,33.33312622371747,12.670237956196312,5312.065202591878,7960.720682132923,0.5138440538015291,0.7065580444980403,0.48515243005854614,0.2931202925911493,0.0010035161399248541,0.000321662910810498
450.0,5,rectifying_volume_4,tray,159.91651962798798,222.73680119296887,32.75064676465408,12.512428836087972,5253.758086701938,7834.0324225812565,0.43289339370834495,0.6313846835738263,0.5651140004059073,0.3679198552250391,0.0019926058857476702,0.0006954612011345191
450.0,6,rectifying_volume_5,tray,165.41958356155337,222.7862440634793,32.35008399520648,12.416733117827032,5228.556029771264,7775.582843320187,0.38093244611387433,0.5775169948333533,0.6153813138754598,0.4211209352310891,0.003686240010665747,0.0013620699355575867
450.0,7,rectifying_volume_6,tray,168.93462325687474,222.83603038911252,32.1326993105769,12.356934174218326,5214.272860879622,7750.257092076843,0.3495808657834567,0.542891012789231,0.6438790708919838,0.454605445802031,0.006540063324559318,0.0025035414087379816
450.0,8,rectifying_volume_7,tray,171.18911398993822,222.88605592468468,31.991299689121064,12.318962383932275,5199.6720852160115,7735.862864307207,0.3310685176510206,0.522025473260274,0.657613047421397,0.47354820738151016,0.011318434927582477,0.0044263193582158335
450.0,9,rectifying_volume_8,tray,172.79186285620895,222.93615996172795,31.839549087571935,12.29332970644994,5178.06283193186,7721.157991156994,0.31986394768777987,0.5098592099589571,0.6608545953244271,0.48249865474240095,0.01928145698779296,0.007642135298641939
450.0,10,rectifying_volume_9,tray,174.21569116041906,222.9861940935334,31.635646979013195,12.270894135978613,5143.104040859432,7699.447566554037,0.31234558277837005,0.5028046089910461,0.6551956459657006,0.48420574374415926,0.03245877125592934,0.012989647264794747
450.0,11,rectifying_volume_10,tray,175.86755501589786,223.03605327883517,31.363499574261283,12.241517895456113,5086.582078889128,7664.3883024364395,0.3060866730965799,0.4985756906032782,0.6399167720896558,0.47961782668035274,0.05399655481376417,0.021806482716369143
450.0,12,feed_tray,tray,178.17596407048663,223.11087926811106,45.88024749344477,11.01256653063708,12249.073158768833,7607.766326416877,0.2992718035506873,0.4957580702066811,0.6123026611032707,0.46811116313001594,0.08842553534604203,0.03613076666330299
450.0,13,stripping_volume_1,tray,181.63109658289721,223.18650706908187,45.689352599486774,10.95950499357937,12269.59234200943,7627.155022306744,0.2710022249349802,0.4587925593384306,0.6392229385663802,0.5032247240698218,0.08977483649863954,0.037982716591747734
450.0,14,stripping_volume_2,tray,185.7817007406705,223.26316651423022,45.513491005716034,10.89458351297673,12306.23399768087,7647.536697362185,0.23780698528179223,0.4129824217454384,0.670836649388345,0.5467315527768172,0.09135636532986273,0.04028602547774429
450.0,15,stripping_volume_3,tray,190.50376036516593,223.3410808166686,45.307047959227205,10.82572017986882,12362.690946910354,7684.034789490924,0.20105416705243803,0.35910861887652507,0.7057333966195083,0.5978330147932698,0.09321243632805364,0.04305836633020506
450.0,16,stripping_volume_4,tray,195.56865127289598,223.41060198736116,53.474766101230756,12.211080163033905,12437.781922127222,7740.3461259233845,0.16285805982250742,0.29948584100840164,0.741531838436582,0.6541353327025884,0.09561010174091059,0.046378826289010064
450.0,17,stripping_volume_5,tray,200.7257506812068,223.4814934522924,53.174695780521404,12.137470223186208,12523.70006029856,7815.27439887236,0.1256179223140546,0.2377081992208555,0.7749080724254012,0.7116425694026907,0.09947400526054435,0.050649231376453815
450.0,18,stripping_volume_6,tray,205.83198638646616,223.5543657728963,53.20518752057306,12.038951963651646,12601.939457450111,7901.034083846142,0.0914250531581529,0.1778264316809008,0.8011528354682076,0.7649059751470527,0.10742211137363951,0.0572675931720465
450.0,19,stripping_volume_7,tray,211.0814607139044,223.6285904802291,52.768358545642016,11.970405402984312,12638.265526631207,7979.119495179307,0.06163176289041329,0.12327942400927853,0.8122351395745467,0.8064806347772179,0.12613309753503993,0.07023994121350369
450.0,20,combined_reboiler_sump,reboiler_sump,217.37522433173206,223.65383185961468,756.9795527980327,77.84494910242336,,8015.294567827825,0.03676948097827222,0.07613526462066403,0.791895670346969,0.8239464658059253,0.1713348486747588,0.09991826957341057
480.0,1,reflux_drum,reflux_drum,121.05619199877458,222.52819230433002,1865.2861148922102,104.64629738962364,,,0.8817994074911656,0.946952488780688,0.11815897456110502,0.05303790040009411,4.1617947729405775e-05,9.610819217919432e-06
480.0,2,rectifying_volume_1,tray,130.47226504169643,222.57557406335968,37.996825446793856,49.804895077924115,5660.151531314446,8475.778720865901,0.7582755094913929,0.881102715167813,0.2415578104130863,0.11885478320160313,0.00016668009552081649,4.250163058392911e-05
480.0,3,rectifying_volume_2,tray,141.49825545117628,222.62456791523118,34.266877564574436,12.889647842138565,5438.509579662949,8182.932016840558,0.6264301009593445,0.7955721427430056,0.37311981803457034,0.20429871711365177,0.00045008100608504644,0.00012914014334269115
480.0,4,rectifying_volume_3,tray,151.8593777944362,222.67340457476527,33.33281905189253,12.66916601847643,5312.019046544057,7961.1136622316435,0.5137504466158486,0.7064825825720225,0.48524539493694363,0.2931955307814916,0.0010041584472076602,0.00032188664648596715
480.0,5,rectifying_volume_4,tray,159.91880810502838,222.72252465791684,32.75047011107227,12.51140031382117,5253.740696036015,7834.455349664092,0.4328144033470055,0.6313125033968341,0.5651919224694132,0.3679916296586888,0.0019936741835813506,0.0006958669444772595
480.0,6,rectifying_volume_5,tray,165.42034593009274,222.77197331685343,32.350022206207385,12.415747469920209,5228.550275178613,7776.030265441187,0.3808708382070261,0.5774567672700316,0.6154412858147182,0.4211805142675713,0.003687875978255644,0.0013627184623970794
480.0,7,rectifying_volume_6,tray,168.9340082042305,222.82176531174028,32.13271094004668,12.355981433457433,5214.266574489284,7750.712195299058,0.349533505340484,0.5428436384368833,0.6439240562006807,0.4546518644733512,0.006542438458835157,0.002504497089765585
480.0,8,rectifying_volume_7,tray,171.18750109340235,222.87179634066587,31.991347530678233,12.31803219531314,5199.65913575444,7736.313725189405,0.3310311315594446,0.5219883175506385,0.6576471373337011,0.4735840365121655,0.01132173110685439,0.004427645937196011
480.0,9,rectifying_volume_8,tray,172.78960926185422,222.92190568629735,31.839607042239056,12.29241432070936,5178.040782421471,7721.598657165637,0.31983298414558664,0.5098290962218626,0.6608812198455208,0.48252703397985286,0.019285796008892516,0.007643869798284686
480.0,10,rectifying_volume_9,tray,174.21304955949066,222.9719449524918,31.635700895200326,12.269988953642732,5143.072836426243,7699.875727053052,0.3123185817626821,0.5027789690851477,0.6552173719844882,0.48422929850636315,0.03246404625282974,0.012991732408489144
480.0,11,rectifying_volume_10,tray,175.86465402172612,223.02180911529447,31.36354857512245,12.240621594524342,5086.544164240822,7664.803984948895,0.30606216335610414,0.4985527565847807,0.6399357503550552,0.4796386193059166,0.05400208628884069,0.02180862410930268
480.0,12,feed_tray,tray,178.17278938824015,223.09663944910292,45.8799131134866,11.011809899977207,12248.77982081635,7608.172009267822,0.29924916153637304,0.4957367524280448,0.612321365451861,0.4681310815715277,0.08842947301176594,0.0361321660004274
480.0,13,stripping_volume_1,tray,181.62903078873663,223.1722700896991,45.688954480047286,10.95873560007713,12269.301774833144,7627.300257311531,0.2709709827168959,0.45875813482479805,0.639249793799145,0.5032570506782558,0.08977922348395904,0.03798481449694615
480.0,14,stripping_volume_2,tray,185.78059527966198,223.24893261815106,45.51305035184486,10.893805901701656,12305.951849780547,7647.679568011751,0.23776887447113115,0.41293550237117094,0.6708700084266728,0.5467756940190317,0.09136111710219608,0.04028880360979734
480.0,15,stripping_volume_3,tray,190.50327358014766,223.32685025165873,45.30659159138591,10.824941180865984,12362.418887886985,7684.18087548574,0.20101235275293458,0.3590521357728812,0.7057701965457915,0.5978861496535987,0.09321745070127381,0.04306171457352024
480.0,16,stripping_volume_4,tray,195.56829174530645,223.39637401120672,53.47426365917663,12.210202988853007,12437.512692825292,7740.497091178764,0.16281659225787493,0.2994250633931952,0.7415680667207014,0.6541923624760695,0.09561534102142355,0.0463825741307352
480.0,17,stripping_volume_5,tray,200.72500383175486,223.46726806192163,53.17421348917639,12.136608862022724,12523.421213641368,7815.422548156931,0.12558071016597824,0.23764962642319334,0.7749396867798872,0.7116971263111279,0.09947960305413447,0.05065324726567869
480.0,18,stripping_volume_6,tray,205.8304397687938,223.540142790332,53.204719526172475,12.038114231518383,12601.634387146556,7901.167101894857,0.0913950618475466,0.17777628182291416,0.801176426591216,0.7649517894729618,0.10742851156123742,0.05727192870412387
480.0,19,stripping_volume_7,tray,211.07889814556123,223.6143695468083,52.7678935712542,11.969590163382097,12637.918258961377,7979.220941554292,0.06161057745827775,0.12324217997769249,0.8122481898522034,0.8065128342576598,0.12614123268951888,0.0702449857646476
480.0,20,combined_reboiler_sump,reboiler_sump,217.37165290046374,223.63961331526573,756.9870752321223,77.839189482782,,8015.348611879826,0.03675736651827106,0.07611308679457328,0.7918962263822943,0.8239620174252952,0.1713464070994346,0.09992489578013153
510.0,1,reflux_drum,reflux_drum,121.05240888800093,222.51316982462168,1865.8699298009892,104.59649687308121,,,0.8817751097067025,0.9469421735933334,0.11818324008792795,0.05304820844848555,4.165020536958941e-05,9.617958181007428e-06
510.0,2,rectifying_volume_1,tray,130.47196110648633,222.5605573786695,37.99665163970923,49.800661484939766,5660.073042404404,8476.277624064156,0.7582072951502714,0.8810659847412335,0.2416258886897056,0.11889147853053908,0.0001668161600228838,4.2536728227477365e-05
510.0,3,rectifying_volume_2,tray,141.50066570151068,222.6095568191695,34.26652562328154,12.888509611946725,5438.428956079714,8183.33133145462,0.626335446274899,0.7955087930424235,0.3732141388809479,0.20436196535427162,0.0004504148441530757,0.00012924160330505
510.0,4,rectifying_volume_3,tray,151.862479621906,222.65839921266274,33.33252153716882,12.66804618564182,5311.973675791107,7961.50605852557,0.5136552995782568,0.7064060598197007,0.48533990295965007,0.2932718309751115,0.0010047974620931717,0.0003221092051878055
510.0,5,rectifying_volume_4,tray,159.92093997746815,222.70752519479893,32.750305092318285,12.510324815921676,5253.724636651765,7834.878443703092,0.43273406000014114,0.6312392846642334,0.5652712047692491,0.36806444545628986,0.0019947352306096196,0.0006962698794766846
510.0,6,rectifying_volume_5,tray,165.42093116014306,222.7569797657769,32.34997389956127,12.41471559550209,5228.546177472559,7776.47845951288,0.38080810044289776,0.5773956342153135,0.6155024010168448,0.42124100448914037,0.003689498540257402,0.0013633612955462656
510.0,7,rectifying_volume_6,tray,168.93319671941344,222.80677755469898,32.13273751068587,12.354983023479528,5214.2621294738665,7751.16844754538,0.3494852044330714,0.5427955137390842,0.6439700039006307,0.454699043635173,0.006544791666297932,0.002505442625742756
510.0,8,rectifying_volume_7,tray,171.18567654364978,222.85681420204688,31.991411395440625,12.317056734618875,5199.648147293285,7736.765966065025,0.3309929451744534,0.5219505437980207,0.6576820598347604,0.4736204999722529,0.011324994990786196,0.0044289562297264206
510.0,9,rectifying_volume_8,tray,172.78713285871845,222.90692898132772,31.839681784444366,12.291453948671329,5178.020785010078,7722.04086679786,0.31980131802535694,0.50979846352344,0.6609085891267078,0.4825559559082821,0.019290092847935255,0.007645580568277739
510.0,10,rectifying_volume_9,tray,174.21017732660505,222.956973506883,31.63577206266197,12.26903900911079,5143.043748479965,7700.305565616986,0.3122909446694752,0.5027528805864255,0.6552397792031296,0.48425333262982595,0.03246927612739526,0.012993786783748516
510.0,11,rectifying_volume_10,tray,175.8615175712571,223.00684277193116,31.363614904394286,12.239680735157126,5086.508373094377,7665.221453539502,0.30603706164014266,0.49852942362301805,0.6399553469395285,0.47965984361235253,0.054007591420328835,0.021810732764629494
510.0,12,feed_tray,tray,178.16937817464105,223.0816775429876,45.879574711591275,11.01101563107553,12248.47593927866,7608.579529014859,0.2992259533063876,0.4957150716824802,0.6123405929623875,0.4681513821451454,0.08843345373122492,0.0361335461723743
510.0,13,stripping_volume_1,tray,181.62674680026635,223.15731103465066,45.688551567845664,10.957928434350386,12269.00084084053,7627.434712986721,0.27093903191232144,0.4587231137013306,0.6392773085870217,0.503289982500147,0.0897836595006568,0.037986903798522396
510.0,14,stripping_volume_2,tray,185.77928888787366,223.23397666441957,45.512604400038505,10.892990461334806,12305.659594808749,7647.811890980671,0.23772993122696223,0.4128877411827737,0.6709041465170371,0.5468206749927054,0.09136592225600065,0.0402915838245208
510.0,15,stripping_volume_3,tray,190.50259847501894,223.31189765400387,45.30612983775046,10.824124397497132,12362.137009789756,7684.316731132736,0.20096962827428452,0.3589945944393467,0.705807851695649,0.597940331846618,0.09322252003006656,0.04306507371403535
510.0,16,stripping_volume_4,tray,195.56774858274963,223.38142402250517,53.473757184209546,12.20928307436032,12437.233859825927,7740.638172686859,0.16277420350845032,0.2993630862597028,0.7416051629466397,0.6542505760939207,0.09562063354490988,0.04638633764637648
510.0,17,stripping_volume_5,tray,200.72406834573928,223.45232068218522,53.17372792267291,12.135705094892591,12523.132783846884,7815.56109509809,0.1255426390684288,0.2375898249250339,0.7749721114150202,0.7117528971179781,0.09948524951655106,0.050657277956988045
510.0,18,stripping_volume_6,tray,205.82869074673258,223.5251978417169,53.2042490571,12.037234668734149,12601.319493779021,7901.290602661114,0.09136433461631079,0.17772499298316394,0.8012007086204096,0.7649987336627796,0.10743495676327958,0.057276273354056606
510.0,19,stripping_volume_7,tray,211.0761139554793,223.59942666762882,52.7674268176422,11.968733585417933,12637.560656065705,7979.312693696524,0.0615888166900592,0.12320398281353528,0.8122617577999828,0.8065459810193197,0.12614942550995817,0.07025003616714508
510.0,20,combined_reboiler_sump,reboiler_sump,217.36784120967545,223.6246728599776,756.9951672670486,77.83313724678302,,8015.392511419578,0.036744850111608204,0.07609019816291894,0.7918970437874427,0.8239782460189952,0.1713581061009492,0.09993155581808594
540.0,1,reflux_drum,reflux_drum,121.0484178591674,222.49742873766874,1866.312463399075,104.55683215458266,,,0.8817500143260161,0.9469315423974461,0.11820830294608597,0.053058832462226965,4.168272789798154e-05,9.625140326792072e-06
540.0,2,rectifying_volume_1,tray,130.47148216422153,222.54482219126518,37.996489227495175,49.796241439383486,5659.994294635328,8476.775272983266,0.7581378325224478,0.8810286705815614,0.2416952154174609,0.11892875768691329,0.00016695206009124987,4.257173152531314e-05
540.0,3,rectifying_volume_2,tray,141.50292640607003,222.5938273289036,34.26618246464203,12.887323037026603,5438.348484691321,8183.729319355568,0.6262392783561264,0.7954445720477773,0.37330997422563916,0.20442608533741025,0.0004507474182344184,0.00012934261481240434
540.0,4,rectifying_volume_3,tray,151.86543661110755,222.64267556957358,33.3322338788867,12.666878832235556,5311.929129561339,7961.897611652018,0.5135586511016761,0.7063285071990862,0.4854359160359107,0.29334916232590214,0.0010054328624132742,0.0003223304750115816
540.0,5,rectifying_volume_4,tray,159.92291379734843,222.69180756873587,32.750151858266015,12.509202699592683,5253.709936883186,7835.301437767308,0.4326523963546371,0.6311650573200606,0.5653518151693899,0.36813827288240625,0.0019957884759730007,0.0006966697975331
540.0,6,rectifying_volume_5,tray,165.42133844154262,222.74126817270678,32.34993917933119,12.413637833407037,5228.543761134669,7776.9271513754975,0.38074425815079965,0.5773336206011188,0.6155646350168401,0.421302381306355,0.0036911068323600793,0.0013639980925261297
540.0,7,rectifying_volume_6,tray,168.93218858029292,222.79107187785235,32.13277909849133,12.353939268720847,5214.259551882357,7751.625574146443,0.34943598223940103,0.5427466580933836,0.6440168960968575,0.4547469644082864,0.006547121663741506,0.0025063774983300068
540.0,8,rectifying_volume_7,tray,171.18364054104438,222.84111426619404,31.991491348096236,12.316036316431424,5199.639150295726,7737.219316958094,0.3309539733762723,0.5219121669992997,0.6577178018617804,0.4736575835035718,0.01132822476194735,0.004430249497128568
540.0,9,rectifying_volume_8,tray,172.7844341080169,222.8912346017887,31.839773379406275,12.290448898595535,5178.002875720548,7722.4843574897495,0.3197689615010008,0.5097673238869911,0.6609366934273428,0.48258540949472833,0.019294345071656276,0.007647266618280586
540.0,10,rectifying_volume_9,tray,174.20707506877616,222.9412845093759,31.63586055310772,12.268044606471966,5143.016818506572,7700.736828177976,0.3122626820846856,0.5027263537184501,0.6552628600217884,0.48427783710788574,0.03247445789352616,0.012995809173664248
540.0,11,rectifying_volume_10,tray,175.8581463643229,222.99115899920022,31.363698638836212,12.238695617863792,5086.474750771118,7665.640462530433,0.30601137760841907,0.4985057009589277,0.6399755552772441,0.4796814916240701,0.05401306711433673,0.02181280741700225
540.0,12,feed_tray,tray,178.1657312509799,223.06599829820803,45.87923247525123,11.010183976648955,12248.161646908175,7608.988646739452,0.29920218783028785,0.49569303673399323,0.6123603366067725,0.4681720568795266,0.0884374755629397,0.03613490638648015
540.0,13,stripping_volume_1,tray,181.62424497836673,223.14163465083055,45.68814407907885,10.957083754636976,12268.689672841705,7627.558241754817,0.270906385081433,0.45868751007950204,0.6393054724854454,0.5033235065034716,0.0897881424331216,0.03798898341702637
540.0,14,stripping_volume_2,tray,185.7777815330265,223.21830339830194,45.512153385926666,10.89213745369417,12305.357363181354,7647.93352283492,0.2376901709439958,0.412839157294481,0.6709390505196837,0.5468664779396009,0.09137077853632042,0.040294364765918106
540.0,15,stripping_volume_3,tray,190.50173476832927,223.29622776726197,45.30566294190099,10.823270092236505,12361.84543984424,7684.442214792724,0.20092601051647843,0.35893601773399214,0.7058463475242412,0.5979955401017111,0.0932276419592804,0.04306844216429683
540.0,16,stripping_volume_4,tray,195.56702146011068,223.36575676352166,53.47324695109464,12.20832071446232,12436.945550399127,7740.769229843759,0.16273091027939518,0.29929993400685045,0.74164311285548,0.6543099509089961,0.0956259768651249,0.04639011508415344
540.0,17,stripping_volume_5,tray,200.72294406508033,223.43665605407722,53.17323934939729,12.134759209921624,12522.834903489118,7815.689903779541,0.12550372391505474,0.23752881801616862,0.7750053340478797,0.7118098604077274,0.09949094203706552,0.05066132157610391
540.0,18,stripping_volume_6,tray,205.8267395026744,223.50953566686977,53.20377637853841,12.03631355339504,12600.99492247114,7901.404460069278,0.09133288328637333,0.17767258475147774,0.8012256727023993,0.7650467901528868,0.10744144401122731,0.05728062509563542
540.0,19,stripping_volume_7,tray,211.07310876705122,223.5837665815083,52.766958550256106,11.967835937287948,12637.192882545514,7979.394642493059,0.061566488626744756,0.1231648464707788,0.8122758390130648,0.806580063406065,0.12615767236019054,0.07025509012315621
540.0,20,combined_reboiler_sump,reboiler_sump,217.36379035432995,223.6090152313686,757.0038281375768,77.82679420584579,,8015.426181103819,0.03673193585570384,0.07606660602919142,0.7918981230433947,0.8239951469486233,0.17136994110090148,0.09993824702218514
570.0,1,reflux_drum,reflux_drum,121.0442204975701,222.48097429532814,1866.6128386024766,104.52736758849242,,,0.8817241256037068,0.9469205967761231,0.11823415889088472,0.05306977086041624,4.171550540852937e-05,9.63236346062316e-06
570.0,2,rectifying_volume_1,tray,130.47082817524856,222.52837375007772,37.99633831733879,49.79163645048584,5659.915332338944,8477.27132946538,0.7580671467094684,0.8809907862142574,0.2417657655575118,0.11896660716156555,0.0001670877330199165,4.2606624177075624e-05
570.0,3,rectifying_volume_2,tray,141.50503620153714,222.5773846906164,34.26584829852359,12.88608852924469,5438.268217777991,8184.1257017378275,0.626141635789377,0.7953795055850553,0.3734072856484236,0.20449105128761583,0.0004510785621993854,0.00012944312732874217
570.0,4,rectifying_volume_3,tray,151.86824698591113,222.62623888891346,33.33195627727856,12.66566436567014,5311.885447975945,7962.288054961747,0.5134605412951984,0.7062499569643282,0.4855333943868929,0.2934274926943858,0.001006064317908876,0.00032255034128603975
570.0,5,rectifying_volume_4,tray,159.924728157928,222.67537702033124,32.75001055762699,12.508034354038342,5253.69662547036,7835.7240571340335,0.4325694465646744,0.6310898525687211,0.5654337200798405,0.3682130809461773,0.00199683335548502,0.0006970664851016717
570.0,6,rectifying_volume_5,tray,165.42156703081704,222.72484377544896,32.3499181465253,12.41251455366482,5228.543050848737,7777.3760586578255,0.38067933784120656,0.5772707524300056,0.6156279621888557,0.4213646190668609,0.003692699969937667,0.0013646285031334996
570.0,7,rectifying_volume_6,tray,168.93098365472235,222.7746535162805,32.13283577515082,12.352850524201338,5214.258867960125,7752.083292083179,0.3493858588806633,0.5426970917581253,0.6440647139810689,0.45479560706384103,0.00654942713826783,0.002507301178033735
570.0,8,rectifying_volume_7,tray,171.18139339294987,222.82470176556052,31.991587448373785,12.314971285493963,5199.632175514563,7737.67349959098,0.3309142318203484,0.521873202844098,0.6577543496187878,0.47369527217046636,0.011331418560863895,0.00443152498543555
570.0,9,rectifying_volume_8,tray,172.78151358894888,222.8748277776101,31.839881887179104,12.28939950862018,5177.98709099888,7722.928858523056,0.31973592741356055,0.5097356899128567,0.6609655223970063,0.48261538314909486,0.01929855018943304,0.007648926938048316
570.0,10,rectifying_volume_9,tray,174.2037435176055,222.92488318747542,31.63596643315295,12.267006079491283,5142.992088554556,7701.169252701172,0.31223380519522154,0.5026993992088843,0.6552866063135879,0.4843028024537915,0.03247958849119059,0.012997798337324092
570.0,11,rectifying_volume_10,tray,175.85454122947002,222.97476302227128,31.363799850277633,12.237666572645084,5086.4433432673195,7666.060758459078,0.30598512148116824,0.49848159829405975,0.6399963683281595,0.47970355492976874,0.05401851019067226,0.021814846776171418
570.0,12,feed_tray,tray,178.16184957095888,223.04960693782093,45.87888660001765,11.009315214291814,12247.83708558726,7609.399115896074,0.299177874609861,0.49567065678176203,0.6123805889066607,0.468193097384861,0.08844153648347833,0.03613624583337703
570.0,13,stripping_volume_1,tray,181.62152579371428,223.12524615969693,45.687732239221596,10.95620184428095,12268.368412689248,7627.670696947365,0.2708730554919449,0.45865133877937736,0.639334274432617,0.5033576089782843,0.08979267007543808,0.037991052242338265
570.0,14,stripping_volume_2,tray,185.77607327304324,223.20191803957346,45.51169755520817,10.891247165831016,12305.045294160864,7648.044321041871,0.2376496098642886,0.41278977079225565,0.6709747065441041,0.5469130841738709,0.09137568359160736,0.040297145033873515
570.0,15,stripping_volume_3,tray,190.50068225624494,223.27984580943925,45.30519115772477,10.822378552777822,12361.544313900551,7684.55718562744,0.20088151730169007,0.3588764296919503,0.705885668664665,0.5980517520261667,0.09323281403364507,0.043071818281883
570.0,16,stripping_volume_4,tray,195.56611012746473,223.34937745092355,53.472733245236874,12.207316232517744,12436.64790036444,7740.890122700562,0.16268673018951268,0.2992356323097448,0.7416819013760875,0.6543704630594487,0.09563136843439986,0.04639390463080637
570.0,17,stripping_volume_5,tray,200.72163091526963,223.42027939294718,53.172748047799296,12.133771523318854,12522.527713868414,7815.808838957555,0.12546398042347948,0.23746663022893072,0.7750393416741382,0.7118679935857422,0.09949667790238234,0.05066537618532714
570.0,18,stripping_volume_6,tray,205.82458631999157,223.49316147992155,53.20330176523268,12.035351191107699,12600.660827575308,7901.508548979056,0.09130072035146551,0.17761907779749334,0.8012513094192597,0.7650959403623335,0.1074479702292748,0.05728498184017315
570.0,19,stripping_volume_7,tray,211.0698833274589,223.56739450154038,52.7664890436756,11.966897514171357,12636.815113022896,7979.46668034094,0.06154360179436036,0.12312478572487139,0.8122904287238326,0.8066150690025501,0.12616596948180706,0.07026014527257854
570.0,20,combined_reboiler_sump,reboiler_sump,217.35950157710596,223.5926456412823,757.0130566556904,77.82016237132116,,8015.449537971223,0.03671862813894318,0.076042318210908,0.7918994645034679,0.8240127151312621,0.1713819073575889,0.09994496665782995
600.0,1,reflux_drum,reflux_drum,121.03981853906387,222.4638122366381,1866.7702674555524,104.50816084931,,,0.8816974481786016,0.9469093384519783,0.11826080329367936,0.053081021922684414,4.174852771897642e-05,9.639625337239105e-06
600.0,2,rectifying_volume_1,tray,130.46999919005484,222.51121779108578,37.996199013512296,49.78684815701749,5659.836201240279,8477.765446232495,0.7579952639929747,0.88095234575801,0.24183751289257577,0.11900501285250605,0.00016722311444967785,4.2641389484124864e-05
600.0,3,rectifying_volume_2,tray,141.5069937660125,222.56023463740928,34.26552333615791,12.884806534580465,5438.188209082206,8184.520192408105,0.6260425588440781,0.7953136205496698,0.3735060330502708,0.20455683636126792,0.00045140810565098366,0.000129543089062197
600.0,4,rectifying_volume_3,tray,151.87090899785738,222.6090949008841,33.33168893333293,12.664403226970467,5311.842672025714,7962.677114581897,0.5133610119946319,0.7061704426893353,0.48563229651521583,0.29350678862411744,0.0010066914901521208,0.00032276868654736786
600.0,5,rectifying_volume_4,tray,159.92638169558973,222.6582392768393,32.74988133777679,12.506820201191118,5253.684731527572,7836.146019335917,0.43248524627812207,0.631013702897757,0.5655168844303403,0.36828883737858376,0.0019978692915378193,0.000697459723659214
600.0,6,rectifying_volume_5,tray,165.42161625348453,222.70771229832425,32.3499108988913,12.411346158216082,5228.544071464454,7777.824890814677,0.3806133672277682,0.5772070567950087,0.6156923557242753,0.42142769103557903,0.003694277047956668,0.0013652521694121691
600.0,7,rectifying_volume_6,tray,168.9295819032067,222.7575281914442,32.132907607816186,12.351717176230833,5214.260104111791,7752.541310010589,0.34933485543952497,0.5426468358691265,0.6441134378132491,0.45484495100667155,0.006551706747225828,0.0025082131242019027
600.0,8,rectifying_volume_7,tray,171.1789355166793,222.80758241884854,31.99169975080088,12.313862017410596,5199.627253955004,7738.128227410872,0.33087373695319033,0.5218336677288039,0.6577916885607823,0.47373355034575493,0.011334574486027432,0.0044327819254412525
600.0,9,rectifying_volume_8,tray,172.77837200186346,222.85771422484194,31.840007362398076,12.288306147456789,5177.973467675957,7723.37409105145,0.31970222928513764,0.5097035747903781,0.660995065061467,0.48264586471205495,0.01930270565339539,0.007650560497567039
600.0,10,rectifying_volume_9,tray,174.20018353261088,222.90777525468098,31.636089764052564,12.265923792300635,5142.969601195016,7701.6025692117155,0.3122043258014715,0.5026720282998777,0.6553110094119279,0.4843282186900696,0.03248466478660059,0.01299975301005278
600.0,11,rectifying_volume_10,tray,175.85070312741217,222.9576605521853,31.3639186053472,12.236593959680306,5086.414197214005,7666.482080121037,0.3059583040505702,0.49845712579973867,0.6400177785665933,0.4797260246729805,0.054023917382836704,0.02181684952728092
600.0,12,feed_tray,tray,178.15773422420926,223.0325091706521,45.8785372895595,11.00840964705894,12247.502406479613,7609.810682364357,0.29915302368971886,0.49564794146824215,0.6124013419237806,0.46821449484466104,0.08844563438650041,0.036137563687096766
600.0,13,stripping_volume_1,tray,181.61858982988983,223.10815126842746,45.687316283105496,10.95528301231904,12268.037211427056,7627.771933043391,0.2708390571327844,0.4586146153428862,0.6393637027369894,0.5033922755236152,0.08979724013022636,0.037993109133498564
600.0,14,stripping_volume_2,tray,185.7741642588055,223.18482629367378,45.511237163740844,10.890319910617643,12304.723536000576,7648.144144203313,0.23760826509335048,0.4127396027521352,0.6710110999342485,0.54696047406415,0.09138063497240108,0.04029992318371485
600.0,15,stripping_volume_3,tray,190.49944081507937,223.26275748414545,45.30471474951474,10.82145009262075,12361.233776575853,7684.661503797382,0.2008361673916348,0.35881585554778017,0.7059257989120247,0.5981089440834734,0.09323803369634047,0.04307520036874645
600.0,16,stripping_volume_4,tray,195.565014412563,223.33229178693543,53.47221636276352,12.206269980999915,12436.341054231285,7741.000712164992,0.16264168178838526,0.29917020814408035,0.7417215126094641,0.6544320874451136,0.0956368056021506,0.0463977044108061
600.0,17,stripping_volume_5,tray,200.72012890800772,223.4031963996552,53.17225430646711,12.13274238003212,12522.211365156372,7815.917766257379,0.12542342515081178,0.23740328736217003,0.7750741205540873,0.7119272728551207,0.0995024542951009,0.05066943978270917
600.0,18,stripping_volume_6,tray,205.82223158596614,223.47608098047027,53.20282550154885,12.034347915635573,12600.317372822225,7901.602745381911,0.0912678589900566,0.17756449389204634,0.8012776087772782,0.7651461646722834,0.10745453223266528,0.05728934143567032
600.0,19,stripping_volume_7,tray,211.0664385109409,223.55031612624882,52.76601858166295,11.96591863886904,12636.427532301745,7979.5287013639045,0.06152016521395349,0.12308381619020987,0.8123055217942697,0.8066509846178117,0.12617431299177684,0.07026519919197838
600.0,20,combined_reboiler_sump,reboiler_sump,217.3549762718942,223.575569786942,757.0228512093806,77.81324395838924,,8015.462501675248,0.03670493164779722,0.0760173430527713,0.7919010683911784,0.8240309450286899,0.17139399996102447,0.0999517119185388
630.0,1,reflux_drum,reflux_drum,121.03521387304625,222.44594879878701,1866.784053826513,104.49926274170788,,,0.8816699870899696,0.9468977692938393,0.11828823112567331,0.0530925837825029,4.178178435713819e-05,9.64692365794996e-06
630.0,2,rectifying_volume_1,tray,130.4689953515534,222.49336054828413,37.99607141723336,49.78187833013379,5659.756948460227,8478.257267084255,0.7579222118598999,0.8809133639373837,0.24191043000175677,0.11904396005227212,0.00016735813834333572,4.2676010344083306e-05
630.0,3,rectifying_volume_2,tray,141.50879782080284,222.54238340026845,34.26520779000832,12.8834775338667,5438.108513791838,8184.912497972206,0.6259420895022865,0.7952469449253008,0.3736061746238286,0.2046234126277451,0.0004517358738847163,0.00012964244695413423
630.0,4,rectifying_volume_3,tray,151.87342092791135,222.59124983343887,33.33143204864408,12.663095891498921,5311.80084354495,7963.0645095514765,0.5132601067907212,0.7060899992894899,0.48573257917678386,0.29358701531998754,0.0010073140324950494,0.00032298539052258093
630.0,5,rectifying_volume_4,tray,159.9278730918753,222.6404005631296,32.7497643445679,12.505560696422359,5253.674284508542,7836.567034291057,0.43239983266091386,0.6309366420987441,0.5656012716460319,0.3683655086115674,0.0019988956930543675,0.0006978492896884671
630.0,6,rectifying_volume_5,tray,165.42148550646345,222.6898799631312,32.34991753069893,12.410133081611743,5228.546847958309,7778.273349247052,0.38054637524773005,0.5771425618978822,0.6157577876113115,0.42149156937646426,0.00369583714095844,0.0013658687256535356
630.0,7,rectifying_volume_6,tray,168.9279833816343,222.73970212214647,32.13299465886053,12.350539643100825,5214.26328685886,7752.999328379716,0.3492829939773754,0.5425959124550899,0.6441630469043611,0.45489497475984453,0.006553959118263488,0.002509112785065559
630.0,8,rectifying_volume_7,tray,171.1762674424822,222.78976244196946,31.991828304441423,12.312708919332577,5199.624416829643,7738.583205706863,0.3308325060272628,0.5217935787695993,0.6578298033786717,0.4737724016975852,0.011337690594065584,0.004434019532815458
630.0,9,rectifying_volume_8,tray,172.77501017144087,222.8399001566134,31.84014985400519,12.287169215072094,5177.962042921824,7723.819768208507,0.31966788133206453,0.509670992309077,0.6610253098091852,0.48267684144364503,0.01930680885875025,0.007652166247278017
630.0,10,rectifying_volume_9,tray,174.19639610456412,222.88996692144391,31.636230601419857,12.26479814007665,5142.949399476011,7702.036499891339,0.3121742563291609,0.5026442527577835,0.6553360600981929,0.4843540753384562,0.032489683572646325,0.0130016719037605
630.0,11,rectifying_volume_10,tray,175.84663315448546,222.93985779681051,31.364054965187552,12.235478170001613,5086.387359830951,7666.904158644434,0.30593093669156723,0.4984322941255972,0.640039777970156,0.47974889154312916,0.05402928533827678,0.021818814331273605
630.0,12,feed_tray,tray,178.15338643980016,223.0147112022513,45.878184755713626,11.007467604037565,12247.157770176416,7610.223084508263,0.2991276456673795,0.49562490088673744,0.6124225872506697,0.46823624000801783,0.08844976708195099,0.03613885910524474
630.0,13,stripping_volume_1,tray,181.61543778651384,223.09035618087483,45.686896454982275,10.954327594055556,12267.696229431413,7627.86180592143,0.27080440472700384,0.45857735604619826,0.6393937450653436,0.5034274910351731,0.08980185020765241,0.03799515291862871
630.0,14,stripping_volume_2,tray,185.77205473695713,223.16703436266252,45.51077247761477,10.889356027323604,12304.39224608057,7648.232852302582,0.2375661546153187,0.4126886752573815,0.6710482152544963,0.5470086270167345,0.09138563013018497,0.04030269772588398
630.0,15,stripping_volume_3,tray,190.49801040388724,223.2449689915493,45.30423399203899,10.820485051646479,12360.913981382993,7684.755030727953,0.20078998050389266,0.35875432175640287,0.705966721208352,0.5981670915729138,0.09324329828775532,0.04307858667068334
630.0,16,stripping_volume_4,tray,195.56373422338353,223.31450597029465,53.471696610573275,12.205182342147124,12436.025165324412,7741.100860258589,0.16259578457251095,0.2991036898090761,0.7417619298139126,0.6544947977052262,0.0956422856135765,0.04640151248569764
630.0,17,stripping_volume_5,tray,200.7184381438934,223.3854132715274,53.171758424160366,12.131672154392765,12521.886016521123,7816.016552415471,0.1253820755082894,0.23733881650389138,0.7751096561993299,0.7119876731947434,0.09950826829238067,0.050673510301365216
630.0,18,stripping_volume_6,tray,205.81967579474414,223.4583003645363,53.20234788149985,12.033304089534438,12599.964731454018,7901.686926642125,0.09123431307763923,0.17750885592750054,0.8013045601961535,0.7651974424063795,0.10746112672620732,0.057293701666119946
630.0,19,stripping_volume_7,tray,211.0627753220453,223.5325376505435,52.765547457187765,11.964899662432208,12636.030335512614,7979.580601656294,0.06149618841117342,0.12304195433693249,0.8123211127085551,0.8066877962694153,0.1261826988802715,0.07027024939365215
630.0,20,combined_reboiler_sump,reboiler_sump,217.35021598725365,223.5577938619065,757.0332097641019,77.80604138964982,,8015.464994732685,0.03669085137377463,0.07599168943954772,0.791902934798081,0.8240498306367596,0.17140621382814436,0.09995847992369247
660.0,1,reflux_drum,reflux_drum,121.03040854532988,222.427390727815,1866.6535960710908,104.50071701389598,,,0.8816417477940265,0.9468858913236031,0.11831643694142632,0.053104454420328975,4.181526454718795e-05,9.654256067815085e-06
660.0,2,rectifying_volume_1,tray,130.46781689736437,222.47480876438456,37.99595562650878,49.7767288761426,5659.67762251071,8478.746427184813,0.7578480190265267,0.8808738560948606,0.2419844882365082,0.11908343343589295,0.0001674927369650942,4.2710469246458994e-05
660.0,3,rectifying_volume_2,tray,141.51044713230465,222.52383771876606,34.264901873647375,12.882102043506354,5438.029188529307,8185.30231807716,0.6258402714859994,0.7951795078012186,0.37370766682613904,0.20469075105210915,0.00045206168786157214,0.00012974114667223163
660.0,4,rectifying_volume_3,tray,151.87578108833924,222.57271042298305,33.33118582524899,12.66174286965876,5311.760005183348,7963.4499520586805,0.5131578710550281,0.7060086630414711,0.48583419735492706,0.29366813662840674,0.0010079315900450637,0.00032320033012210467
660.0,5,rectifying_volume_4,tray,159.92920107563975,222.6218676123857,32.74965972212477,12.504256329232437,5253.665314167147,7836.986804494583,0.4323132444193039,0.6308587052862199,0.5656868436252077,0.36844305975909997,0.00199991195548837,0.0006982349546802738
660.0,6,rectifying_volume_5,tray,165.42117426055677,222.67135349984426,32.3499381325031,12.40887579169357,5228.551405388361,7778.721127465504,0.38047839208066814,0.5770772970656624,0.6158242286162139,0.4215562251359104,0.003697379303118082,0.00136647779842733
660.0,7,rectifying_volume_6,tray,168.9261882440494,222.72118203522913,32.13309698561929,12.349318375758177,5214.268442791571,7753.45703957703,0.34923029755028595,0.5425443444516913,0.6442135196002197,0.4549456559504824,0.00655618284949434,0.0025099995978263203
660.0,8,rectifying_volume_7,tray,171.17338981654717,222.77124855873947,31.991973152620023,12.311512430626921,5199.6236955085105,7739.038131732104,0.3307905571148774,0.5217529538144646,0.6578686779850477,0.47381180917725024,0.011340764900074874,0.004435237008285043
660.0,9,rectifying_volume_8,tray,172.7714290498779,222.8213922938272,31.840309404958436,12.28598914335284,5177.952854193181,7724.265595226614,0.3196328984772346,0.5096379568689848,0.6610562443784417,0.4827083000126244,0.01931085714432373,0.007653743118390898
660.0,10,rectifying_volume_9,tray,174.19238235882122,222.87146490586053,31.636388994923884,12.263629549702221,5142.931526867468,7702.470759191165,0.31214360984048073,0.5026160848821752,0.6553617485899236,0.48438036141042395,0.032494641569595716,0.013003553707400771
660.0,11,rectifying_volume_10,tray,175.84233254608333,222.92136147153423,31.364208985150093,12.234319626152052,5086.3628788719625,7667.3267176038735,0.3059030313720585,0.4984071144075082,0.6400623580090337,0.47977214576708077,0.0540346106189079,0.021820739825411068
660.0,12,feed_tray,tray,178.14880758972004,222.9962197455831,45.87782921850557,11.006489440905957,12246.803346825098,7610.636053290094,0.2991017517027467,0.4956015455883708,0.6124443160018307,0.4682583231823831,0.08845393229542269,0.03614013122924611
660.0,13,stripping_volume_1,tray,181.61207048237884,223.0718676082577,45.686473008560384,10.953335951623625,12267.34563653692,7627.940173137291,0.2707691137438886,0.45853957791120054,0.6394243884314994,0.5034632396938578,0.08980649782461193,0.03799718239494162
660.0,14,stripping_volume_2,tray,185.76974505272983,223.1485489559105,45.510303773197165,10.888355882178033,12304.05159102865,7648.310306971935,0.23752329730715857,0.4126370114144299,0.6710860362764122,0.5470575214598546,0.0913906664164293,0.04030546712571555
660.0,15,stripping_volume_3,tray,190.49639106709458,223.22648703907018,45.30374917058815,10.819483796678966,12360.585090847644,7684.837629344346,0.2007429773271908,0.35869185601264597,0.7060084176283731,0.5982261686104293,0.09324860504443606,0.043081975376924736
660.0,16,stripping_volume_4,tray,195.562269550719,223.2960267069427,53.47117430635776,12.204053728596964,12435.700395897036,7741.190430334141,0.1625490590004291,0.2990361069489594,0.7418031353910134,0.6545585661974634,0.09564780560855748,0.0464053268535772
660.0,17,stripping_volume_5,tray,200.71655881513496,223.36693671304704,53.1712607098232,12.130561250744387,12521.551836242983,7816.105065491361,0.1253399497750477,0.23727324605254185,0.7751459333601518,0.7120491683385369,0.09951411686480043,0.05067758560892123
660.0,18,stripping_volume_6,tray,205.81691955028757,223.4398263352538,53.20186920874817,12.03222010477292,12599.603086345309,7901.760971707945,0.09120009719834173,0.17745218793698908,0.8013321524986595,0.7652497518120627,0.10746775030299882,0.05729806025094822
660.0,19,stripping_volume_7,tray,211.05889489885786,223.51406577641148,52.76507597242226,11.963840964776749,12635.62372824147,7979.622279479204,0.0614716814254134,0.12299921750697801,0.8123371955658775,0.806725489168193,0.12619112300870902,0.07027529332482901
660.0,20,combined_reboiler_sump,reboiler_sump,217.3452224298041,223.53932456676057,757.0441298658611,77.79855729847239,,8015.456942715246,0.03667639262017985,0.07596536680862566,0.7919050636815919,0.8240693654749822,0.17141854369822834,0.09996526771639203
690.0,1,reflux_drum,reflux_drum,121.025404760885,222.40814528899762,1866.3783896562256,104.51256017493053,,,0.8816127361806944,0.9468737067232439,0.11834541486210962,0.05311663165660328,4.184895719599375e-05,9.661620152825288e-06
690.0,2,rectifying_volume_1,tray,130.46646416209052,222.455569701198,37.995851735977524,49.77140183917906,5659.598273289322,8479.232553097721,0.7577727154612119,0.8808338382021642,0.24205965769792348,0.11912341704956637,0.00016762684086454326,4.2744748269455325e-05
690.0,3,rectifying_volume_2,tray,141.5119405139814,222.50460485144035,34.2646058015971,12.880680616165254,5437.95029132772,8185.689345477446,0.6257371502820974,0.795111339388032,0.3738104643537083,0.20475882147936042,0.0004523853641943749,0.00012983913260758306
690.0,4,rectifying_volume_3,tray,151.87798782472404,222.55348392475213,33.33095046543644,12.660344707572463,5311.720200369252,7963.833147491086,0.513054351963124,0.7059264716008986,0.485937104237207,0.2937501150196593,0.0010085437996687964,0.0003234133794421463
690.0,5,rectifying_volume_4,tray,159.93036442531766,222.6026476764824,32.74956761262435,12.502907623916467,5253.65785051451,7837.405025079828,0.4322255218198515,0.6307799289145317,0.5657735607192751,0.368521454600314,0.0020009174608734874,0.000698616485154217
690.0,6,rectifying_volume_5,tray,165.42068206300578,222.6521401569889,32.34997279089925,12.407574790251342,5228.557768847057,7779.167911155731,0.3804094491654406,0.5770112927654747,0.6158916482661776,0.4216216282278823,0.0036989025683817366,0.0013670790066431361
690.0,7,rectifying_volume_6,tray,168.92419674545638,222.70197517594679,32.133214640123796,12.34805385845629,5214.275598518336,7753.914127991323,0.34917679022359366,0.5424921557142786,0.6442648332666243,0.4549969712969303,0.006558376509782094,0.0025108729887912667
690.0,8,rectifying_volume_7,tray,171.17030340400476,222.75204801125156,31.992134332636937,12.31027302352336,5199.625121465088,7739.49269477431,0.33074790912100555,0.5217118114540914,0.6579082955008723,0.47385175500802496,0.011343795378122197,0.0044364335378835286
690.0,9,rectifying_volume_8,tray,172.7676297200534,222.8021978755298,31.84048605193088,12.28476639674931,5177.945939176227,7724.7112694997395,0.3195972963615642,0.5096044834901242,0.6610878558451061,0.4827402264865868,0.0193148477933296,0.007655290023288949
690.0,10,rectifying_volume_9,tray,174.1881435586216,222.85227644404074,31.636564987976833,12.26241848040699,5142.916027201879,7702.9050538916645,0.3121124000444702,0.5025875375141284,0.6553880645294576,0.48440706539832995,0.032499535426072056,0.013005397087541712
690.0,11,rectifying_volume_10,tray,175.83780268006166,222.90217880962973,31.36438071447347,12.233118782823315,5086.340802562895,7667.749473078134,0.3058746006623948,0.498381598274845,0.6400855096356777,0.47979577710124316,0.05403988970192742,0.021822624623911838
690.0,12,feed_tray,tray,178.143999192312,222.97704203139318,45.87747090615361,11.005475540474894,12246.439316246791,7611.04931232869,0.2990753535269814,0.4955778865884617,0.6124665188053269,0.46828073422687366,0.08845812766769183,0.036141379184664715
690.0,13,stripping_volume_1,tray,181.60848885857143,223.0526927795271,45.68604620701766,10.95230847452905,12266.985612148474,7628.006894181344,0.27073320041017745,0.45850129871597595,0.6394556191857171,0.5034995049551767,0.08981118040410535,0.03799919632884731
690.0,14,stripping_volume_2,tray,185.76723565278692,223.12937730046661,45.50983133714948,10.88731986891441,12303.701746826331,7648.376371738437,0.23747971295177991,0.41258463536750634,0.6711245459663859,0.5471071348291616,0.09139574108183406,0.04030822980333188
690.0,15,stripping_volume_3,tray,190.49458293715742,223.20731885174447,45.30326058099087,10.818446722028986,12360.24727660839,7684.909164320452,0.20069517953551108,0.3586284872692257,0.7060508693662467,0.5982861481109167,0.09325395109824218,0.043085364619857694
690.0,16,stripping_volume_4,tray,195.5606204707931,223.27686122039202,53.47064977859455,12.202884584000929,12435.366917230065,7741.269287314286,0.16250152650671498,0.29896749057282473,0.7418451108725298,0.65462336397847,0.09565336262075523,0.04640914544870523
690.0,17,stripping_volume_5,tray,200.71449120827407,223.34777394622148,53.17076148256312,12.129410104052939,12521.20900181291,7816.183175102851,0.12529706711089247,0.2372066057367759,0.775182936013668,0.7121117307561151,0.09951999687543954,0.050681663507109065
690.0,18,stripping_volume_6,tray,205.81396356931538,223.42066611323705,53.201389796572336,12.031096383335155,12599.23263010488,7901.824761335682,0.09116522665577016,0.17739451511240892,0.8013603739008418,0.7653030700429824,0.10747439944338816,0.05730241484460873
690.0,19,stripping_volume_7,tray,211.05479851618435,223.49490772328343,52.76460443870661,11.962742955280179,12635.207926640656,7979.65363549236,0.06144665481845561,0.12295562392930807,0.8123537640734918,0.806764047703667,0.12619958110805246,0.07028032836702484
690.0,20,combined_reboiler_sump,reboiler_sump,217.33999746753582,223.52016911948178,757.0556086449371,77.79079453217221,,8015.4382744982495,0.03666156100864832,0.07593838516220128,0.7919074548627888,0.8240895425763493,0.17143098412856275,0.0999720722614494
720.0,1,reflux_drum,reflux_drum,121.02020488642978,222.38822027683597,1865.9580297353841,104.53482131656877,,,0.881582958590579,0.9468612178419555,0.11837515855854147,0.053129113144607276,4.18828508795507e-05,9.669013437095288e-06
720.0,2,rectifying_volume_1,tray,130.46493757957265,222.43565114962536,37.99575983674143,49.76589940377001,5659.518952067909,8479.715263208456,0.7576963324055598,0.8807933268707604,0.24213590721557468,0.11916389430016146,0.0001677603788655361,4.277882907803805e-05
720.0,3,rectifying_volume_2,tray,141.51327682843694,222.48469258578675,34.26431978915467,12.879213841434144,5437.87188160346,8186.073266380696,0.6256327731645337,0.7950424710315708,0.37391452012031756,0.20482759262055308,0.000452706715148663,0.00012993634787620536
720.0,4,rectifying_volume_3,tray,151.88003951811734,222.53357812280285,33.33072617153882,12.658901987729868,5311.681473269121,7964.2137947508745,0.5129495985148497,0.7058434640176064,0.48604125119512437,0.2938329115726162,0.0010091502900259793,0.0003236244097774017
720.0,5,rectifying_volume_4,tray,159.93136197129925,222.58274853597615,32.74948815605547,12.501515140201649,5253.651923769963,7837.821384089559,0.4321367067068466,0.6307003507923322,0.565861381715228,0.3686006555649687,0.002001911577925229,0.0006989936426990361
720.0,6,rectifying_volume_5,tray,165.42000854011002,222.6322477116319,32.3500215882594,12.406230613653,5228.565963407702,7779.613378421676,0.38033957921516326,0.5769445806173942,0.6159600148341488,0.42168774742096093,0.0037004059506879116,0.0013676719616448397
720.0,7,rectifying_volume_6,tray,168.9220092446411,222.68208931795624,32.13334766881868,12.346746609380613,5214.284780608776,7754.370270243454,0.3491224970849937,0.5424393710290648,0.6443169642758553,0.45504889659737713,0.006560538639151016,0.0025117323735581285
720.0,8,rectifying_volume_7,tray,171.1670090919169,222.73216856986463,31.992311875467944,12.308991203736479,5199.628726215928,7739.946576370845,0.3307045817949286,0.5216701710316294,0.6579486382431452,0.4738922206750978,0.011346779961926148,0.004437608293272903
720.0,9,rectifying_volume_8,tray,172.76361339866077,222.7823246689001,31.840679824995515,12.28350147289458,5177.941335723086,7725.156480785817,0.31956109135449473,0.5095705878210363,0.6611201306111244,0.4827726063229315,0.019318778034380747,0.0076568058560323084
720.0,10,rectifying_volume_9,tray,174.18368110834626,222.83240930009595,31.636758617404894,12.261165424383975,5142.902944606986,7703.339083292273,0.31208064130655455,0.5025586240437117,0.6554149969731122,0.48443417526722854,0.03250436172033324,0.013007200689059775
720.0,11,rectifying_volume_10,tray,175.83304508008771,222.88231757224347,31.36457019594911,12.231876127469516,5086.321179533287,7668.172133821019,0.3058456577441113,0.498355757857032,0.6401092232749488,0.4798197748242506,0.05404511898093984,0.02182446731871739
720.0,12,feed_tray,tray,178.13896291564757,222.95718581819446,45.87711005504736,11.004426313209443,12246.065868037766,7611.4625780480965,0.29904846345062464,0.4955539353721786,0.6124891857949263,0.4683034625462185,0.08846235075444908,0.03614260208160278
720.0,13,stripping_volume_1,tray,181.60469398156678,223.0328394513538,45.68561632298956,10.951245580173957,12266.616345338789,7628.061830766141,0.270696681720276,0.45846253700415845,0.6394874230049085,0.5035362695396816,0.08981589527481547,0.03800119345616003
720.0,14,stripping_volume_2,tray,185.76452708806556,223.10952715104494,45.509355466420786,10.88624840929488,12303.342898901214,7648.430912300069,0.2374354222499506,0.412531572311755,0.6711637264742659,0.5471574435545863,0.09140085127578347,0.040310984133658745
720.0,15,stripping_volume_3,tray,190.4925862372436,223.18747218221336,45.30276852960523,10.817374250017544,12359.900719503934,7684.96950233242,0.200646609800896,0.35856424575297713,0.7060940567233847,0.5983470017721367,0.09325933347571937,0.043088752474886194
720.0,16,stripping_volume_4,tray,195.55878714789816,223.2570172617135,53.47012336650253,12.201675383616724,12435.024909713113,7741.3372979422375,0.16245320951469647,0.29889787307265087,0.7418878369083566,0.6546891607860731,0.09565895357694704,0.04641296614127614
720.0,17,stripping_volume_5,tray,200.71223570691984,223.32793272056955,53.17026107159498,12.128219180494682,12520.857700013192,7816.250752653459,0.12525344756796317,0.23713892663351052,0.7752206473528432,0.712175331634969,0.09952590507919358,0.050685741731520365
720.0,18,stripping_volume_6,tray,205.8108086842256,223.40082744656834,53.20090996779929,12.029933377802262,12598.853565158863,7901.878178308204,0.09112971748298884,0.17733586382101948,0.8013892120028241,0.7653573731426376,0.10748107051418702,0.05730676303634297
720.0,19,stripping_volume_7,tray,211.05048758867227,223.47507123802134,52.76413317647331,11.961606073359045,12634.783157515865,7979.6745729733275,0.06142111968255051,0.12291119273417875,0.812370811540065,0.8068034554302538,0.12620806877738455,0.0702853518355674
720.0,20,combined_reboiler_sump,reboiler_sump,217.33454313301974,223.50033526542768,757.0676428194317,77.78275615506355,,8015.408922458368,0.0366463624854257,0.07591075507903489,0.7919101080241997,0.8241103544774407,0.17144352949037459,0.09997889044352441
750.0,1,reflux_drum,reflux_drum,121.01481145286242,222.36762402463094,1865.392213666578,104.56752194034027,,,0.8815524218321313,0.9468484272034227,0.11840566123403906,0.05314189636319721,4.191693382955288e-05,9.676433380077954e-06
750.0,2,rectifying_volume_1,tray,130.4632376851094,222.41506143923075,37.995680016189866,49.76022389728114,5659.439711477468,8480.194167887774,0.7576189023941569,0.8807523393616011,0.24221320432778337,0.1192048479454756,0.00016789327805983754,4.2812692923226924e-05
750.0,3,rectifying_volume_2,tray,141.51445498955744,222.46410924783015,34.264044052204895,12.877702346458763,5437.7940201247975,8186.453760617932,0.6255271892139522,0.7949729352250658,0.37401978523739,0.20489703204060927,0.0004530255486578653,0.00013003273432483193
750.0,4,rectifying_volume_3,tray,151.88193458729472,222.51300133958478,33.33051314571206,12.657415329604289,5311.64386874451,7964.591586410203,0.512843661551777,0.7057596807486726,0.4861465877665905,0.2939164859616837,0.0010097506816325102,0.0003238332896437729
750.0,5,rectifying_volume_4,tray,159.93219259839788,222.56217850967568,32.74942148996932,12.500079473853578,5253.6475643102085,7838.235562628758,0.43204684251729303,0.6306200100948522,0.5659502638205132,0.3686806237211157,0.0020028936621937976,0.0006993661840320546
750.0,6,rectifying_volume_5,tray,165.41915339988847,222.61168447895082,32.35008460245985,12.404843833445476,5228.576014068305,7780.05719993553,0.3802688162302261,0.5768771934053936,0.6160292953255043,0.4217545503272697,0.0037018884442696653,0.001368256267336712
750.0,7,rectifying_volume_6,tray,168.91962620699687,222.66153277288515,32.13349611226821,12.345397181245943,5214.296015532382,7754.8251353249,0.3490674442561167,0.5423860161228078,0.6443698879945658,0.4551014067199434,0.006562667749317481,0.0025125771572487928
750.0,8,rectifying_volume_7,tray,171.16350789223856,222.71161854277082,31.992505805454087,12.307667511060238,5199.634541255339,7740.399450438041,0.33066059574070766,0.5216280526512738,0.657989687713583,0.47393318691659203,0.01134971654570923,0.004438760432134173
750.0,9,rectifying_volume_8,tray,172.7593814392922,222.76178097881555,31.840890747298275,12.282194903196809,5177.939081782149,7725.600911337134,0.3195243005635213,0.5095362861463868,0.6611530543937512,0.48280542436066065,0.019322645042727415,0.007658289492952542
750.0,10,rectifying_volume_9,tray,174.17899655671542,222.8118717757042,31.636969913108498,12.259870907379346,5142.892323432947,7703.772539333234,0.3120483486572336,0.5025293584166758,0.6554425343809427,0.4844616784473812,0.032509116961823674,0.013008963135943033
750.0,11,rectifying_volume_10,tray,175.82806141892686,222.86178605795908,31.364777465574246,12.23059218089467,5086.3040587414025,7668.594401383926,0.30581621641788204,0.49832960578936897,0.6401334888147565,0.47984412773026097,0.054050294767361375,0.021826266480370032
750.0,12,feed_tray,tray,178.1337005808274,222.93665940183095,45.87674690970969,11.003342197728262,12245.683201658525,7611.875559809138,0.2990210943710353,0.4955297038995438,0.6125123066027556,0.4683264970852866,0.08846659902620911,0.03614379901516959
750.0,13,stripping_volume_1,tray,181.6006870462843,223.01231591769215,45.6851836385346,10.95014771435783,12266.238034931428,7628.104847138039,0.27065957544549896,0.4584233120932264,0.6395197848836137,0.5035735154243723,0.08982063967088737,0.038003172482401204
750.0,14,stripping_volume_2,tray,185.76162001661092,223.0890067995899,45.5088764682137,10.885141953611862,12302.975242203616,7648.473796829185,0.23739044683101818,0.4124778485049302,0.671203559122965,0.5472084230485098,0.09140599404601694,0.04031372844655993
750.0,15,stripping_volume_3,tray,190.49040128391582,223.16695532028837,45.30227333328265,10.816266831476641,12359.545609644747,7685.018512361338,0.2005972918049707,0.35849916297938894,0.7061379590973316,0.5984087000601827,0.09326474909769772,0.043092136960428476
750.0,16,stripping_volume_4,tray,195.55676983703773,223.23650311910237,53.4695954199731,12.20042663487465,12434.674562913131,7741.3943310637915,0.16240413144792817,0.2988272882395444,0.7419312932554905,0.6547559250231245,0.09566457529658139,0.046416786737331045
750.0,17,stripping_volume_5,tray,200.70979279446922,223.30742132268793,53.16975981615957,12.126988978019236,12520.498126984272,7816.307671614398,0.1252091121012973,0.237070241184307,0.7752590497763802,0.7122399408641806,0.09953183812232261,0.05068981795151233
750.0,18,stripping_volume_6,tray,205.80745584597312,223.38031862036408,53.2004300547107,12.028731571909752,12598.466103818584,7901.921107708816,0.091093586451645,0.17727626162065918,0.8014186537802243,0.7654126360292465,0.10748775976813081,0.05731110235009444
750.0,19,stripping_volume_7,tray,211.0459636738625,223.45456460448503,52.7636625151497,11.960430789022332,12634.349658398529,7979.684998070848,0.06139508764792692,0.1228659439664558,0.8123883308693195,0.8068436950542638,0.12621658148275358,0.07029036097928043
750.0,20,combined_reboiler_sump,reboiler_sump,217.3288616265055,223.47983128690282,757.0802286980859,77.77444545142325,,8015.36882274033,0.03663080332736751,0.07588248772573816,0.7919130227075744,0.824131793208844,0.17145617396505813,0.09998571906541774
780.0,1,reflux_drum,reflux_drum,121.00922715749708,222.3463654135398,1864.6807434645027,104.6106757904497,,,0.8815211331989498,0.946835337513202,0.11843691560713,0.05315497860942408,4.195119392015382e-05,9.683877373807164e-06
780.0,2,rectifying_volume_1,tray,130.4613651176447,222.39380944729868,37.99561235781722,49.754377792218925,5659.36060548892,8480.668869877665,0.7575404592723851,0.8807108935938455,0.24229151526380874,0.11924626008551178,0.0001680254638063052,4.284632064280577e-05
780.0,3,rectifying_volume_2,tray,141.5154739647468,222.4428637111823,34.26377880700842,12.876146796530724,5437.716768972849,8186.83050197325,0.6254204493340411,0.7949027656191439,0.3741262089976048,0.20496710614831457,0.00045334166835434096,0.00013012823254151192
780.0,4,rectifying_volume_3,tray,151.8836714911498,222.49176244499748,33.33031158968563,12.655885390230285,5311.60743229994,7964.966208999708,0.5127365937711934,0.7056751636686461,0.48625306164185,0.29400079644654153,0.0010103445869565136,0.0003240398848124584
780.0,5,rectifying_volume_4,tray,159.93285524841883,222.54094646369907,32.749367749206286,12.498601257245813,5253.644802611275,7838.647235123723,0.43195597429294225,0.6305389473734812,0.5660401626507837,0.3687613187654387,0.0020038630562740543,0.0006997338610800368
780.0,6,rectifying_volume_5,tray,165.4181164347897,222.59045932129078,32.350161906591374,12.403415056920199,5228.587945689248,7780.4990391801875,0.3801971955090467,0.5768091650860925,0.6160994554669059,0.4218220033935626,0.003703349024047465,0.0013688315203449193
780.0,7,rectifying_volume_6,tray,168.9170482073387,222.64031439938836,32.133660004853034,12.344006161859566,5214.309329592873,7755.2783848376075,0.3490116589023942,0.5423321176708004,0.6444235787732485,0.4551544755944028,0.006564762324357189,0.0025134067347967253
780.0,8,rectifying_volume_7,tray,171.15980094473375,222.69040678505172,31.99271613997983,12.306302519929442,5199.642597984454,7740.850983505581,0.33061597242630275,0.5215854771855234,0.6580314245884515,0.4739746337158407,0.011352602985245742,0.004439889098636057
780.0,9,rectifying_volume_8,tray,172.75493533545642,222.74057565690788,31.841118834718248,12.280847253398955,5177.93921532188,7726.044236116043,0.31948694184260745,0.5095015953935036,0.6611866122156302,0.4828386648131429,0.01932644594176228,0.007659739793353585
780.0,10,rectifying_volume_9,tray,174.1740915999049,222.7906727191652,31.637198897706053,12.258535489250402,5142.884208171146,7704.205106805416,0.3120155377998004,0.5024997551402474,0.6554706646071365,0.48448956182752434,0.03251379759306315,0.013010683032228342
780.0,11,rectifying_volume_10,tray,175.82285352164064,222.84059311185177,31.365002552186155,12.229267497808621,5086.289489389884,7669.015970307737,0.30578629111057354,0.49830315521803475,0.6401582955972435,0.47986882412293164,0.05405541329218298,0.02182802065903358
780.0,12,feed_tray,tray,178.12821416517812,222.91547162453162,45.87638172272855,11.002223661276771,12245.291526502773,7612.287960082627,0.29899325977895186,0.4955052046096168,0.6125358703526071,0.4683498263243472,0.0884708698684409,0.03614496906603601
780.0,13,stripping_volume_1,tray,181.5964693790854,222.99113101883538,45.68474844507093,10.949015351751504,12265.85088956595,7628.135810385134,0.2706219001421163,0.4583836440814879,0.6395526891259499,0.5036112238353013,0.08982541073193395,0.03800513208321078
780.0,14,stripping_volume_2,tray,185.75851520638702,223.06782508433162,45.50839465992262,10.884000981162165,12302.598981266972,7648.504896275377,0.2373448092622034,0.4124234912773425,0.6712440243992627,0.5472600476955517,0.09141116633853393,0.04031646102710573
780.0,15,stripping_volume_3,tray,190.48802848981575,223.14577710200737,45.30177531930089,10.815124946222802,12359.182146467141,7685.05606597675,0.20054725024891196,0.3584332717650808,0.7061825549719549,0.598471212196851,0.0932701947791332,0.04309551603806829
780.0,16,stripping_volume_4,tray,195.55456888656872,223.21532762693477,53.46906629946306,12.199138877913683,12434.316075623234,7741.440257903963,0.16235431674015935,0.2987557712778155,0.7419754587682512,0.6548236237433439,0.09567022449158946,0.04642060497884063
780.0,17,stripping_volume_5,tray,200.70716305681123,223.2862485853076,53.169258065404605,12.125720026882753,12520.130488271343,7816.353807785118,0.12516408257807504,0.2370005832097266,0.7752981248796581,0.7123055270199811,0.09953779254226684,0.05069388977029232
780.0,18,stripping_volume_6,tray,205.8039061269023,223.35914846583205,53.199950398912705,12.027491481076089,12598.070468327096,7901.953437182332,0.09105685108006077,0.17721573727328985,0.801448685576309,0.7654688324820983,0.10749446334363015,0.05731543024461197
780.0,19,stripping_volume_7,tray,211.04122847514282,223.4333966525895,52.76319279302223,11.959217603397509,12633.90767759428,7979.684820070945,0.061368570889619084,0.12281989859777674,0.8124063145540354,0.8068847484218609,0.12622511455634544,0.07029535298036237
780.0,20,combined_reboiler_sump,reboiler_sump,217.32295531887485,223.4586660122161,757.0933621818423,77.76586592838224,,8015.31791551054,0.03661489014762262,0.07585359486752455,0.7919161983116493,0.8241538502859482,0.17146891154072819,0.09999255484652717
810.0,1,reflux_drum,reflux_drum,121.0034548661132,222.32445388111742,1863.8235281774062,104.66428869320276,,,0.8814891004871814,0.9468219516661998,0.1184689138941635,0.05316835699106007,4.1985618654962964e-05,9.691342740181132e-06
810.0,2,rectifying_volume_1,tray,130.4593206218955,222.37190460737557,37.995556941032206,49.74836370839058,5659.28168938852,8481.138964612026,0.7574610382125392,0.8806690081526972,0.24237080492772556,0.1192881121546395,0.0001681568597352838,4.287969266336048e-05
810.0,3,rectifying_volume_2,tray,141.51633277722783,222.42096540558367,34.26352426997869,12.87454789563926,5437.640191499627,8187.203158463855,0.6253126062649469,0.7948319970298633,0.37423373886143735,0.20503778018826577,0.00045365487361584796,0.0001302227818708375
810.0,4,rectifying_volume_3,tray,151.88524873119073,222.46987086493226,33.33012170450795,12.654312864742062,5311.572210031288,7965.3373432894305,0.5126284497369685,0.7055899560772662,0.486360618652486,0.2940857998643791,0.001010931610545532,0.0003242440583547351
810.0,5,rectifying_volume_4,tray,159.9333489228077,222.5190618200155,32.74932706561922,12.497081159891811,5253.643669190622,7839.056069593725,0.43186414868958484,0.6304572045628504,0.5661310322203456,0.3688426990160693,0.0020048190900697157,0.0007000964210803017
810.0,6,rectifying_volume_5,tray,165.41689752442701,222.56858165670627,32.350253568664954,12.4019449276428,5228.6017829296925,7780.9385527063905,0.3801247536566392,0.5767405307953841,0.6161704596972526,0.4218900718944032,0.0037047866461080623,0.0013693973102126365
810.0,7,rectifying_volume_6,tray,168.91427593270456,222.61844361168932,32.133839374457786,12.342574174650046,5214.3247488585,7755.729673224606,0.348955169241238,0.5422777033031759,0.6444780099372609,0.45520807620553844,0.006566820821501159,0.002514220491285617
810.0,8,rectifying_volume_7,tray,171.15588951983847,222.66854270721925,31.9929428891437,12.3048968399477,5199.652927635947,7741.300834931319,0.3305707341913694,0.521542466281145,0.6580738287095391,0.4740165402948789,0.01135543709909148,0.004440993423976164
810.0,9,rectifying_volume_8,tray,172.75027672352402,222.71871811010362,31.84136409552127,12.279459124105456,5177.941774250271,7726.486123001531,0.3194490337994966,0.5094665331378624,0.6612207883957357,0.48287231126182806,0.01933017780476779,0.007661155600309656
810.0,10,rectifying_volume_9,tray,174.16896808458517,222.76882153394055,31.637445586170628,12.257159764490664,5142.878643368259,7704.636463541797,0.311982225117069,0.5024698292879971,0.6554993748911024,0.4845178117489468,0.032518399991828574,0.013012358963056097
810.0,11,rectifying_volume_10,tray,175.81742336869524,222.81874813402794,31.365245477089612,12.227902667350612,5086.2775208366875,7669.436528315107,0.30575589688138893,0.4982764198042522,0.640183632410579,0.4798938518101154,0.05406047070803219,0.021829728385632418
810.0,12,feed_tray,tray,178.1225058053519,222.89363188345013,45.87601475466914,11.001071200173175,12244.891061951646,7612.699474637422,0.29896497376422293,0.49548045042389954,0.6125598656538728,0.46837343827503286,0.08847516058190416,0.03614611130106774
810.0,13,stripping_volume_1,tray,181.59204244071006,222.96929414995563,45.68431104328727,10.947848996343936,12265.455127746265,7628.15459076133,0.2705836751582526,0.4583435538538121,0.6395861193384772,0.5036493752413218,0.08983020550327013,0.03800707090486614
810.0,14,stripping_volume_2,tray,185.75521353805829,223.0459913983274,45.507910369042186,10.882826000693804,12302.21433025014,7648.524084659786,0.23729853305650087,0.4123685290401136,0.6712851019457573,0.5473122908439149,0.09141636499774179,0.04031918011597162
810.0,15,stripping_volume_3,tray,190.4854683663381,223.12394691817624,45.30127482527071,10.81394910350283,12358.81053877216,7685.082037616941,0.20049651086191753,0.358366606238279,0.7062278219088869,0.5985345061488654,0.09327566722919542,0.043098887612855755
810.0,16,stripping_volume_4,tray,195.55218474083776,223.19350017430946,53.46853637585841,12.197812686086328,12433.949655896395,7741.474952330251,0.16230379084382263,0.29868335881694297,0.7420203113897299,0.6548922226391061,0.09567589776644751,0.046424418543951
810.0,17,stripping_volume_5,tray,200.70434718500596,223.26442389583602,53.168756178236386,12.12441289015075,12519.754998854696,7816.389039539653,0.12511838178556486,0.23692998792168937,0.7753378534467142,0.7123720573531377,0.09954376476772088,0.05069795472517295
810.0,18,stripping_volume_6,tray,205.80016072351927,223.33732636881322,53.199471351174004,12.026213652901907,12597.666890887222,7901.975057152874,0.09101952964031113,0.17715432075689433,0.8014792930948896,0.7655259351293794,0.10750117726479924,0.0573197441137264
810.0,19,stripping_volume_7,tray,211.03628384461,223.41157676684676,52.762724357067015,11.957967049228058,12633.457474209657,7979.67395159752,0.061341582133615576,0.12277307853757097,0.8124247546704239,0.8069265965079824,0.12623366319596055,0.07030032495444671
810.0,20,combined_reboiler_sump,reboiler_sump,217.31682675445825,223.43684882422275,757.1070387639446,77.75702131875603,,8015.256145149475,0.03659862990097472,0.07582408887837865,0.7919196340899092,0.8241765167001297,0.1714817360091161,0.09999939442149162
840.0,1,reflux_drum,reflux_drum,120.99749761477497,222.30189942923414,1862.8205861797737,104.7283584035877,,,0.8814563320129757,0.946808272754229,0.11850164779186997,0.05318202841904269,4.2020195154332345e-05,9.698826728294907e-06
840.0,2,rectifying_volume_1,tray,130.4571050504304,222.3493569171888,37.99551384096078,49.7421844148903,5659.203019749089,8481.60404065845,0.757380675727738,0.8806267022960748,0.24245103688450295,0.11933038491492129,0.00016828738775901542,4.2912789003856314e-05
840.0,3,rectifying_volume_2,tray,141.51703050842235,222.39842432482266,34.26328065743319,12.872906386976894,5437.564352277361,8187.5713927205,0.6252037145930484,0.7947606654443247,0.37434232044732246,0.205109018235241,0.0004539649596291094,0.00013031632043433762
840.0,4,rectifying_volume_3,tray,151.8866648541643,222.44733658919222,33.32994369025968,12.652698486866669,5311.53824856399,7965.704664611724,0.5125192858865384,0.7055041027040739,0.48646920276427275,0.29417145162522734,0.001011511349188884,0.00032444567069886545
840.0,5,rectifying_volume_4,tray,159.9336726853895,222.49653456436533,32.749299567770116,12.495519888933138,5253.644194540422,7839.461727948959,0.4317714139830813,0.6303748249849642,0.5662228249358005,0.3689247214083313,0.0020057610811181517,0.0007004536067045381
840.0,6,rectifying_volume_5,tray,165.41549663834255,222.5460614668811,32.35035965130121,12.400434125940562,5228.617550177902,7781.375390419966,0.38005152859068025,0.5766713268526388,0.6162422711610406,0.42195871992772876,0.0037062002482789866,0.0013699532196324233
840.0,7,rectifying_volume_6,tray,168.91131018511928,222.59593038750066,32.13403424214963,12.34110187915509,5214.342299087683,7756.178648061184,0.3488980045483051,0.5422228016093468,0.6445331537796201,0.45526218058830853,0.006568841672074878,0.0025150178023446656
840.0,8,rectifying_volume_7,tray,171.15177502145323,222.64603628313643,31.99318605542049,12.303451116375319,5199.665561193837,7741.748657181399,0.3305249042535495,0.5214990423636771,0.6581168790764315,0.47405888510931893,0.011358216670018963,0.004442072527003997
840.0,9,rectifying_volume_8,tray,172.74540738557394,222.69621830854473,31.84162653000201,12.278031151269758,5177.946796327569,7726.926233053717,0.31941059580177583,0.5094311176074001,0.6612555665412809,0.48290634665102616,0.019333837656943176,0.007662535741573689
840.0,10,rectifying_volume_9,tray,174.16362801084338,222.74632818657406,31.637709985455107,12.255744362716193,5142.875673533381,7705.066280671789,0.31194842767701186,0.5024395965037236,0.6555286518493003,0.4845464140004134,0.032522920473687864,0.01301398949586301
840.0,11,rectifying_volume_10,tray,175.81177309895196,222.79626108754542,31.365506253671587,12.226498313574233,5086.268202498407,7669.855756537753,0.30572504942699186,0.4982494137275366,0.6402094874813948,0.47991919809932426,0.054065463091613426,0.02183138817313902
840.0,12,feed_tray,tray,178.11657780029935,222.8711501385849,45.87564627396111,10.999885340221747,12244.482037409798,7613.109792756044,0.2989362510205454,0.4954554547488134,0.6125842805962396,0.46839732047714155,0.08847946838321502,0.03614722477404495
840.0,13,stripping_volume_1,tray,181.58740782913924,222.9468152690259,45.68387174302593,10.946649181855728,12265.050977870813,7628.161062037309,0.27054492063941094,0.45830306308585184,0.6396200584241959,0.5036879493492302,0.08983502093639324,0.038008987564917954
840.0,14,stripping_volume_2,tray,185.7517160077377,223.0235156973839,45.507423933045786,10.881617550819211,12301.821512961962,7648.531239431393,0.23725164267892387,0.4123129912914177,0.6713267705542123,0.5473651247985971,0.09142158676686386,0.040321883909985236
840.0,15,stripping_volume_3,tray,190.48272152629116,223.1014747222927,45.300772199006275,10.8127398424067,12358.431004743212,7685.096304943749,0.20044510040788976,0.35829920184691966,0.706273736540481,0.5985985486193006,0.09328116305162919,0.04310224953377971
840.0,16,stripping_volume_4,tray,195.54961794280115,223.17103071297268,53.46800603029979,12.19644866642636,12433.575521058896,7741.49829120257,0.16225258023681136,0.2986100889210695,0.7420658281446728,0.6549616860315168,0.09568159161851586,0.04642822504741371
840.0,17,stripping_volume_5,tray,200.70134597792855,223.24195720428276,53.16825452313411,12.123068164164607,12519.371883159203,7816.413248168066,0.1250720334375573,0.2368584919335125,0.7753782154434418,0.7124394977784675,0.09954975111900087,0.050702010288019926
840.0,18,stripping_volume_6,tray,205.79622095919436,223.31486227770807,53.198993271228694,12.024898667634131,12597.255613668025,7901.985861168825,0.0909816411641105,0.17709204327543787,0.8015104613940828,0.7655839154377284,0.10750789744180671,0.05732404128683374
840.0,19,stripping_volume_7,tray,211.0311317858057,223.3891148942931,52.762257562749774,11.956679691336896,12632.999318157696,7979.652308953872,0.061314134662209044,0.1227255066427212,0.8124436428729301,0.8069692194064018,0.1262422224648609,0.07030527395087709
840.0,20,combined_reboiler_sump,reboiler_sump,217.31047865367054,223.4143896682524,757.1212535283457,77.74791558380564,,8015.183460590906,0.03658202988880488,0.07579398275057771,0.7919233291483501,0.8241997829103979,0.17149464096284506,0.10000623433902447
870.0,1,reflux_drum,reflux_drum,120.99135861142585,222.27871263135634,1861.6720473713096,104.8028744597012,,,0.8814228366299424,0.946794304073626,0.11853510845991462,0.05319598959986232,4.205491014298676e-05,9.706326511834388e-06
870.0,2,rectifying_volume_1,tray,130.45471936567682,222.32617694592784,37.99548312824444,49.735842831909984,5659.124654396988,8482.063680093583,0.7572994096837498,0.8805839959601884,0.24253217334816232,0.11937305845053076,0.00016841696808792307,4.294558928070868e-05
870.0,3,rectifying_volume_2,tray,141.51756630040046,222.37525103401777,34.263048185327136,12.871223053397372,5437.489317042421,8187.9348623372525,0.625093830757266,0.7946888080239726,0.3744518975252637,0.20518078319087157,0.0004542717174702455,0.00013040878515594218
870.0,4,rectifying_volume_3,tray,151.88791845478778,222.42417017877463,33.32977774575602,12.651043029369633,5311.505594989244,7966.067843192854,0.5124091605342243,0.7054176497100692,0.4865787560736614,0.2942577057102321,0.0010120833921143037,0.0003246445796987928
870.0,5,rectifying_volume_4,tray,159.93382566518213,222.4733752535432,32.74928538062033,12.49391818958204,5253.646409059944,7839.863866308423,0.43167782007222416,0.6302918533504384,0.5663154915928014,0.36900734149335684,0.0020066883349744136,0.0007008051562047513
870.0,6,rectifying_volume_5,tray,165.41391383878604,222.52290930441225,32.35048021141178,12.398883369346269,5228.635271478537,7781.809195888355,0.37997755954506596,0.5766015907624796,0.6163148517041371,0.42202791041280513,0.0037075887507968253,0.0013704988247151921
870.0,7,rectifying_volume_6,tray,168.9081518843238,222.57278527530787,32.13424462184862,12.339589971467111,5214.362005650809,7756.624950346438,0.34884019516184867,0.5421674421405531,0.644588981555574,0.4553167598248476,0.006570823282577363,0.0025157980345993113
870.0,8,rectifying_volume_7,tray,171.1474589896532,222.62289805730123,31.993445633317794,12.301966030575974,5199.680529309005,7742.194096114491,0.33047850671324946,0.5214552286404772,0.6581605538400991,0.4741016458446002,0.011360939446651407,0.004443125514922608
870.0,9,rectifying_volume_8,tray,172.74032925213982,222.67308679287274,31.841906130121924,12.276564006640957,5177.954319075028,7727.364220793931,0.31937164798166195,0.5093953676856224,0.6612909295406395,0.4829407532837858,0.01933742247769853,0.007663879030591799
870.0,10,rectifying_volume_9,tray,174.15807353499653,222.72320321397612,31.637992094109475,12.254289949111715,5142.875343039509,7705.494222882213,0.3119141632372427,0.5024090730042615,0.6555584814678957,0.48457535381403344,0.032527355294861525,0.013015573181705065
870.0,11,rectifying_volume_10,tray,175.80590501253826,222.77314250569782,31.365784887005866,12.225055095892705,5086.261583747056,7670.273329777554,0.30569376508555035,0.49822215168794903,0.6402358484679642,0.4799448497940577,0.054070386446485416,0.021832998517993304
870.0,12,feed_tray,tray,178.11043261410748,222.8480369200642,45.87527655676127,10.998666637092986,12244.064692322952,7613.518597484568,0.2989071068492078,0.4954302314772582,0.612609102745145,0.46842145999627344,0.0884837904056473,0.036148308526468505
870.0,13,stripping_volume_1,tray,181.5825672823663,222.92370490410565,45.683430863139485,10.945416472118781,12264.63867824502,7628.155101854289,0.27050565753263284,0.4582621942467954,0.6396544885776512,0.5037269251002625,0.08983985388971605,0.03801088065294212
870.0,14,stripping_volume_2,tray,185.74802372968318,223.0004085073448,45.50693569923715,10.880376200394265,12301.420762868689,7648.52624179322,0.2372041635511064,0.41225690862072917,0.6713690081602834,0.547418520816455,0.09142682828861011,0.04032457056281586
870.0,15,stripping_volume_3,tray,190.47978868653598,223.07837103783422,45.30026779837152,10.811497732245602,12358.043771949493,7685.098749133467,0.20039304669033114,0.35823109536438535,0.706320274564284,0.5986633050412068,0.09328667874538477,0.043105599594407726
870.0,16,stripping_volume_4,tray,195.54686913662405,223.14792976460635,53.46747565397992,12.195047460077802,12433.193897708337,7741.510154642802,0.162200712427491,0.29853600109595757,0.7421119851338505,0.6550319768628435,0.09568730243865861,0.046432022041198874
870.0,17,stripping_volume_5,tray,200.69816034487351,223.2188590305478,53.167753477935555,12.121686478970055,12518.981375047028,7816.426318129041,0.12502506217924508,0.23678613326755038,0.7754191900120528,0.7125078128665551,0.09955574780870201,0.050706053865894586
870.0,18,stripping_volume_6,tray,205.79208828678486,223.2917667107656,53.198516527548215,12.023547138593136,12596.836888791866,7901.985746124803,0.09094320544748603,0.1770289372668504,0.8015421748809731,0.7656427437035728,0.1075146196715408,0.05732831902957673
870.0,19,stripping_volume_7,tray,211.02577445633023,223.3660215517777,52.7617927737889,11.955356127054255,12632.53349013878,7979.619812316153,0.06128624231853417,0.12267720672584888,0.8124629703894968,0.8070125963209596,0.1262507872919691,0.07031019695319156
870.0,20,combined_reboiler_sump,reboiler_sump,217.30391391547178,223.39129905939754,757.1360011464533,77.73855291591316,,8015.099815480427,0.036565097763643584,0.07576329010350899,0.791927282443245,0.8242236388355326,0.17150761979311138,0.10001307106095826
900.0,1,reflux_drum,reflux_drum,120.98504123722685,222.25490463911757,1860.3781552729038,104.88781804567762,,,0.8813886237465626,0.9467800491329116,0.11856928650349936,0.053210237027901855,4.208974993805393e-05,9.713839186542088e-06
900.0,2,rectifying_volume_1,tray,130.45216464185475,222.3023758408172,37.995464868827874,49.729342032354744,5659.046652372547,8482.517458998016,0.7572172793084551,0.8805409097638763,0.24261417517229172,0.1194161121634091,0.00016854551925318906,4.297807271445395e-05
900.0,3,rectifying_volume_2,tray,141.51793935839507,222.35145667619176,34.26282706897634,12.869498717820615,5437.41515263639,8188.2932202661395,0.6249830130514553,0.7946164631052907,0.37456241201434115,0.20525303678291645,0.0004545749342032685,0.00013050011179288775
900.0,4,rectifying_volume_3,tray,151.8890081785933,222.40038277244625,33.32962406822933,12.649347304448723,5311.47429679491,7966.426544525856,0.5122981338705086,0.7053306446861295,0.48668921880827054,0.2943445146731552,0.0010126473212208446,0.00032484064071531854
900.0,5,rectifying_volume_4,tray,159.93380705928686,222.4495950219742,32.74928462520426,12.49227684551411,5253.650342982811,7840.262135355754,0.43158341847813064,0.6302083357566048,0.5664089813762114,0.3690905134398126,0.0020076001456578053,0.0007011508035826294
900.0,6,rectifying_volume_5,tray,165.41214928350033,222.49913629938666,32.35061529987081,12.397293412994268,5228.654970456078,7782.239606689928,0.37990288707077635,0.5765313612139666,0.6163881618721496,0.42209760509073585,0.0037089510570741217,0.0013710336952975643
900.0,7,rectifying_volume_6,tray,168.90480207044894,222.54901940094692,32.13447051999039,12.338039184632667,5214.38389344725,7757.068214837336,0.34878177248497966,0.542111655410368,0.6446454634791124,0.4553717840434518,0.006572764035907757,0.002516560546180213
900.0,8,rectifying_volume_7,tray,171.14294310331047,222.59913915142485,31.99372160902072,12.300442300418156,5199.697862208232,7742.636791305002,0.3304315665567538,0.5214110491021466,0.6582048302979386,0.4741447994137795,0.011363603145307507,0.004444151484074024
900.0,9,rectifying_volume_8,tray,172.73504440483651,222.64933468080756,31.842202879135996,12.275058398165978,5177.964379676698,7727.799734503413,0.3193322112394076,0.5093593029134279,0.6613268595573596,0.4829755128189427,0.019340929203232746,0.0076651842676294475
900.0,10,rectifying_volume_9,tray,174.15230697226994,222.69945773000285,31.638291901889676,12.25279722483232,5142.877696018807,7705.919948712331,0.3118794502482869,0.5023782755811942,0.655588849096277,0.4846046158620883,0.03253170065543616,0.013017108556717512
900.0,11,rectifying_volume_10,tray,175.7998215735774,222.74940349859384,31.36608137345048,12.223573709480071,5086.257713800856,7670.688916780886,0.30566206083965286,0.49819464890734316,0.6402627024541325,0.47997079319098906,0.05407523670621456,0.02183455790166783
900.0,12,feed_tray,tray,178.10407287868608,222.82430333472573,45.87490588679159,10.99741567666665,12243.639276176507,7613.925565900991,0.2988775571617385,0.4954047949891518,0.6126343191380885,0.4684458434223951,0.08848812370017294,0.03614936158845305
900.0,13,stripping_volume_1,tray,181.57752268107552,222.8999741599225,45.682988731319654,10.944151461418173,12264.218477074717,7628.136592099337,0.27046590758915345,0.4582209706004713,0.639689391281286,0.5037662806681138,0.08984470112956051,0.038012748731414775
900.0,14,stripping_volume_2,tray,185.74413793894578,222.9766809306732,45.50644602456969,10.879102548859345,12301.012323081752,7648.508977080111,0.23715612205408088,0.4122003127108515,0.671411791839787,0.547472449103326,0.09143208610613207,0.04032723818582247
900.0,15,stripping_volume_3,tray,190.47667067059308,223.0546469648426,45.29976199109248,10.810223372892505,12357.649077328968,7685.089255264532,0.2003403785552785,0.3581623248926114,0.7063674107391765,0.5987287395736816,0.09329221070554505,0.04310893553370696
900.0,16,stripping_volume_4,tray,195.543939070256,223.1242084274137,53.46694564789965,12.193609742681693,12432.805021689417,7741.510426411198,0.16214821595781015,0.2984611362932094,0.742158757530024,0.6551030566914814,0.09569302651216588,0.04643580701530931
900.0,17,stripping_volume_5,tray,200.69479130810825,223.19514047100853,53.1672534295847,12.12026849870423,12518.583717788737,7816.4281374144775,0.12497749359043546,0.23671295136026216,0.7754607554668979,0.7125769658378366,0.09956175094266671,0.0507100828019013
900.0,18,stripping_volume_6,tray,205.78776429116834,223.26805076267064,53.19804149707921,12.02215971255963,12596.410978300235,7901.97461263233,0.09090424305413446,0.17696503640886302,0.8015744173072533,0.7657023890463951,0.10752133963861224,0.05733257454474195
900.0,19,stripping_volume_7,tray,211.02021417031,223.34230783255137,52.76133036188979,11.953996986606205,12632.060281600781,7979.576386107228,0.06125791951021386,0.12262820356208134,0.8124827280173277,0.8070567055580836,0.1262593524724584,0.070315090879835
900.0,20,combined_reboiler_sump,reboiler_sump,217.2971356196241,223.36758808910398,757.1512758723152,77.7289377411445,,8015.005168564985,0.03654784153327987,0.075732025191721,0.7919314927789342,0.8242480738467743,0.17152066568778587,0.10001990096150462
