time_s,stage,volume,node_type,T_F,P_psia_hyd,ML_lbmol,MV_lbmol,L_out_used_lbmolph,V_out_lbmolph,x_n-Propane,y_n-Propane,x_n-Butane,y_n-Butane,x_n-Pentane,y_n-Pentane
0.25,1,reflux_drum,reflux_drum,120.98498785291457,222.25470366190197,1860.3667630817188,104.88856964819067,,,0.8813883356523684,0.9467799291493789,0.11856957430687685,0.053210356948783184,4.2090040754673526e-05,9.713901837987946e-06
0.25,2,rectifying_volume_1,tray,130.45214264555185,222.30217492123577,37.995464769162425,49.72928719906283,5659.046004050723,8482.521214641816,0.7572165913704955,0.8805405491757413,0.24261486204354826,0.11941647248223942,0.00016854658595633905,4.297834201928599e-05
0.25,3,rectifying_volume_2,tray,141.51794178140565,222.35125581310626,34.26282527465372,12.869484178492074,5437.414538448572,8188.296184106668,0.6249820858149027,0.7946158582931071,0.37456333673957265,0.20525364083900935,0.0004545774455246058,0.00013050086788356195
0.25,4,rectifying_volume_3,tray,151.88901656741794,222.40018196757632,33.32962283967254,12.649333006596997,5311.474041805421,7966.429513927867,0.5122972050348049,0.7053299174618423,0.48669014297984536,0.2943452402759781,0.00101265198534975,0.0003248422621797072
0.25,5,rectifying_volume_4,tray,159.9338061812305,222.44939427719711,32.74928467567266,12.492263003370125,5253.650383073976,7840.26543700208,0.4315826285531228,0.6302076376154478,0.566409763769689,0.36909120872612877,0.002007607677188195,0.0007011536584235177
0.25,6,rectifying_volume_5,tray,165.41213381589685,222.49893561514673,32.35061648677695,12.397280000868612,5228.655142988634,7782.243178142296,0.3799022619616168,0.5765307740058355,0.6163887757419357,0.42209818788793446,0.003708962296447433,0.0013710381062300337
0.25,7,rectifying_volume_6,tray,168.90477335389699,222.54881877645462,32.13447246767557,12.338026100203189,5214.384085078629,7757.0718948958265,0.3487812831432452,0.5421111888137145,0.6446459368241554,0.4553722443621159,0.006572780032599425,0.002516566824169601
0.25,8,rectifying_volume_7,tray,171.1429046362776,222.59893858533636,31.993723977654756,12.300429442403765,5199.698016668412,7742.640467868062,0.3304311731811945,0.5214106794715285,0.6582052017307067,0.47414516061073403,0.011363625088098761,0.00444415991773746
0.25,9,rectifying_volume_8,tray,172.73499950213534,222.64913417167404,31.842205424027426,12.275045691895482,5177.964474281234,7727.803352380653,0.31933188060614903,0.5093590011072026,0.6613271613047177,0.48297580391146405,0.019340958089133265,0.0076651949813334236
0.25,10,rectifying_volume_9,tray,174.15225803337347,222.6992572764494,31.638294474600723,12.252784626554034,5142.87772702474,7705.923486134879,0.31187915914221287,0.5023780178335874,0.655589104377672,0.48460486102202216,0.03253173648011505,0.013017121144390537
0.25,11,rectifying_volume_10,tray,175.7997699807547,222.74920309936525,31.36608391914933,12.223561206263113,5086.257693238017,7670.692370710151,0.3056617949225532,0.4981944187499753,0.6402629282710817,0.47997101057190056,0.05407527680636506,0.021834570678124218
0.25,12,feed_tray,tray,178.10401898724774,222.8241029809146,45.87490279468582,10.997405118183252,12243.63569785517,7613.92894866259,0.2988773092566583,0.4954045821640863,0.6126345308934888,0.4684460476036369,0.08848815984985282,0.03614937023227674
0.25,13,stripping_volume_1,tray,181.57747979101472,222.8997738297293,45.68298504256789,10.944140785689859,12264.214942919778,7628.13638479579,0.27046557435711494,0.458220625646514,0.6396896840689237,0.5037666101639243,0.0898447415739615,0.038012764189561676
0.25,14,stripping_volume_2,tray,185.74410474806754,222.97648062683845,45.506441938917796,10.879091801138234,12301.008887813532,7648.508781347457,0.2371557194217714,0.41219983901337526,0.6714121505984169,0.5474729006559621,0.09143212997981175,0.04032726033066273
0.25,15,stripping_volume_3,tray,190.47664391167586,223.05444669019022,45.299757771176715,10.810212619492193,12357.64575754326,7685.089125669946,0.20033993715608614,0.35816174912564736,0.7063678059807161,0.5987292876069539,0.09329225686319761,0.043108963267398714
0.25,16,stripping_volume_4,tray,195.54391389381956,223.1240081755531,53.46694123388609,12.193597610280102,12432.801751267545,7741.510379648071,0.16214777592844892,0.2984605092737109,0.7421591498137595,0.6551036522272172,0.09569307425779153,0.04643583849907188
0.25,17,stripping_volume_5,tray,200.69476246536996,223.1949402423025,53.167249267810334,12.120256531652943,12518.580374645933,7816.42810499417,0.12497709474983688,0.2367123381661929,0.7754611042654816,0.7125775455265616,0.09956180098468154,0.05071011630724548
0.25,18,stripping_volume_6,tray,205.78772745878877,223.2678505557413,53.19803754676726,12.022148001749306,12596.407399614376,7901.97447328332,0.0909039162142146,0.1769645006595929,0.8015746881693265,0.7657028894344242,0.10752139561645885,0.057332609905983
0.25,19,stripping_volume_7,tray,211.02016698873754,223.34210764421042,52.76132651950604,11.95398551280922,12632.056308030193,7979.575978091056,0.061257681719983886,0.12262779231949818,0.8124828944444896,0.8070570761489062,0.1262594238355264,0.07031513153159558
0.25,20,combined_reboiler_sump,reboiler_sump,217.29707824563468,223.36738792372975,757.1514053592291,77.72885656675517,,8015.004333504407,0.03654769639294867,0.07573176228793127,0.7919315289413054,0.8242482798737698,0.17152077466574595,0.10001995783829891
30.0,1,reflux_drum,reflux_drum,120.97854904763372,222.2304871881333,1858.9392690102372,104.98316186377463,,,0.8813537033434953,0.9467655116604701,0.11860417195606703,0.0532247669777622,4.212470043755489e-05,9.721361767767658e-06
30.0,2,rectifying_volume_1,tray,130.44944206683152,222.27796533293312,37.99545912374327,49.722685243250424,5658.96907388661,8482.964947956822,0.7571343251987399,0.8804974650115891,0.24269700184312415,0.11945952477027277,0.00016867295813598887,4.3010218138115145e-05
30.0,3,rectifying_volume_2,tray,141.51814895339658,222.32705297808937,34.262617522748876,12.867734243582388,5437.341926936522,8188.646115281124,0.6248713216227344,0.7945436701977786,0.37467380398426825,0.20532573956724923,0.00045487439299720696,0.00013059023497224916
30.0,4,rectifying_volume_3,tray,151.8899327248909,222.37598609256236,33.329482852993536,12.647612164072317,5311.444401791696,7966.78042978361,0.5121862679569782,0.7052431366479407,0.48680052933167195,0.2944318296453489,0.0010132027113497247,0.00032503370671037703
30.0,5,rectifying_volume_4,tray,159.93361613585512,222.42520558753415,32.749297418291185,12.490596679207489,5253.656026301304,7840.656180738107,0.4314882623399805,0.6301243196822836,0.5665032418638559,0.36917419003893315,0.0020084957961635616,0.0007014902787833026
30.0,6,rectifying_volume_5,tray,165.41020322851696,222.47475416520268,32.35076496117789,12.39566504996477,5228.676670234935,7782.666254795172,0.3798275530338746,0.5764606780770094,0.6164621609115561,0.4221677645277012,0.003710286054569054,0.001371557395289285
30.0,7,rectifying_volume_6,tray,168.90126190663196,222.524644473427,32.13471193518392,12.336450289001867,5214.407986819509,7757.508070427087,0.3487227689857465,0.5420554728930578,0.6447025687215079,0.4554272224196492,0.0065746622927455485,0.002517304687292957
30.0,8,rectifying_volume_7,tray,171.138229182609,222.57477127025533,31.99401396003657,12.298880680627779,5199.717589600663,7743.076376394998,0.33038410965760856,0.5213665285222983,0.6582496848903255,0.47418832195689053,0.011366205452065847,0.004445149520811248
30.0,9,rectifying_volume_8,tray,172.72955507886041,222.6249736729718,31.842516751213473,12.27351507034378,5177.9770148759635,7728.232416576791,0.3192923072452289,0.5093229434895202,0.6613633380253603,0.48301060626946374,0.019344354729410863,0.007666450241016078
30.0,10,rectifying_volume_9,tray,174.14633079933705,222.675103431281,31.63860938935655,12.251266927357863,5142.882776250945,7706.3431108827845,0.3118443078555147,0.5023472216013319,0.655619739441533,0.48463418425494525,0.03253595270295226,0.01301859414372275
30.0,11,rectifying_volume_10,tray,175.79352541276924,222.725055758983,31.36639570023415,12.22205488562534,5086.256641607671,7671.102180555856,0.30562995431796947,0.49816692112946337,0.6402900359441099,0.47999701407815143,0.0540800097379206,0.02183606479238515
30.0,12,feed_tray,tray,178.09750139629625,222.79996107194333,45.87453455514747,10.996133075335228,12243.206048472019,7614.33036941432,0.29884761848136676,0.49537916015086725,0.6126599162818626,0.4684704568694127,0.08849246523677073,0.03615038297971999
30.0,13,stripping_volume_1,tray,181.57227605121443,222.87563472370033,45.68254568389129,10.942854774794233,12263.790632436438,7628.105419285275,0.27042569336541844,0.45817941620465785,0.6397247473031435,0.5038059934586215,0.08984955933143784,0.03801459033672068
30.0,14,stripping_volume_2,tray,185.74005999395632,222.95234465228154,45.50595527543251,10.877797226539904,12300.596446324444,7648.479335105865,0.2371075455290976,0.4121432363375487,0.6714550978066343,0.5475268788133881,0.09143735666426812,0.0403298848490631
30.0,15,stripping_volume_3,tray,190.47336841122564,223.03031418575452,45.2992551545354,10.80891739508202,12357.247167151032,7685.067712639735,0.20028712589211473,0.35809292986236596,0.7064151188833355,0.5987948151005772,0.09329775522454974,0.04311225503705679
30.0,16,stripping_volume_4,tray,195.54082859797526,223.0998783819509,53.466416422594406,12.192136224716645,12432.409138053428,7741.498994219716,0.16209512040434307,0.2983855369114881,0.742206119575677,0.6551748856897135,0.09569876001997993,0.04643957739879846
30.0,17,stripping_volume_5,tray,200.69124000537656,223.17081320435176,53.166754773848325,12.118814921937549,12518.179164016023,7816.418597843648,0.12492935418693056,0.23663898706444167,0.7755028892917866,0.7126469185593005,0.09956775652128304,0.05071409437625784
30.0,18,stripping_volume_6,tray,205.78325069167593,223.24372611037705,53.19756856494617,12.02073707011814,12595.978154096852,7901.952365279881,0.09086477531734374,0.1769003756224853,0.8016071717659352,0.765762819404127,0.10752805291672107,0.05733680497338773
30.0,19,stripping_volume_7,tray,211.01445340071464,223.31798541209972,52.76087070644047,11.952602933461037,12631.579994672074,7979.52195922244,0.061229181212045465,0.12257852289417615,0.8125029061192055,0.8071015245207142,0.1262679126687491,0.07031995258510972
30.0,20,combined_reboiler_sump,reboiler_sump,217.29014702873587,223.34326843100393,757.1670715363434,77.71907472167067,,8014.899483872685,0.03653026956438759,0.0757002029121381,0.7919359588056314,0.8242730767611081,0.17153377162998099,0.10002672032675385
60.0,1,reflux_drum,reflux_drum,120.9718857731954,222.205472603015,1857.3558651753856,105.0888700163003,,,0.881318085990726,0.9467506956122239,0.1186397542621646,0.053239575496587914,4.215974710941668e-05,9.728891188115812e-06
60.0,2,rectifying_volume_1,tray,130.4465529438786,222.25295774221985,37.99546594888739,49.71587584693258,5658.891980271118,8483.405712692826,0.7570505893248934,0.8804536836950697,0.2427806114751032,0.11950327430092308,0.00016879920000331403,4.304200400723264e-05
60.0,3,rectifying_volume_2,tray,141.5181944247877,222.30205225519657,34.26241975974877,12.86593053472465,5437.269708783874,8188.993192489927,0.6247588184657157,0.7944704699792156,0.37478601166102266,0.20539885093255134,0.00045516987326187444,0.00013067908823305538
60.0,4,rectifying_volume_3,tray,151.89069084982722,222.35099245008803,33.32935429308732,12.64583850026013,5311.415958033012,7967.12915631199,0.5120736267170474,0.7051551760275417,0.4869126241523601,0.29451960034410407,0.0010137491305924845,0.0003252236283541319
60.0,5,rectifying_volume_4,tray,159.93325223711207,222.40021925657274,32.74932387203187,12.488878552226451,5253.663488685585,7841.045643536056,0.43139240640710486,0.6300398539792593,0.5665982190338567,0.3692583227128277,0.002009374559038514,0.0007018233079129758
60.0,6,rectifying_volume_5,tray,165.4080760309359,222.44977520359515,32.350929233113845,12.393999111574768,5228.700393356358,7783.088767026634,0.37975160061065155,0.576389582396032,0.6165368067735931,0.4222383481209082,0.003711592615755401,0.0013720694830596394
60.0,7,rectifying_volume_6,tray,168.89753268156556,222.4996727899571,32.13496885786493,12.33482409252536,5214.434309463793,7757.944140579865,0.3486632181949748,0.5419989270197695,0.6447602654119453,0.45548304317938404,0.006576516393079712,0.0025180298008464757
60.0,8,rectifying_volume_7,tray,171.13331919144494,222.5498067066056,31.994322654836353,12.297281963089398,5199.7397405806905,7743.5124795297215,0.3303361627762201,0.5213216924556006,0.6582950931987398,0.4742321888419458,0.011368744025040093,0.0044461187024535985
60.0,9,rectifying_volume_8,tray,172.7238636653451,222.60001605792021,31.842847711062348,12.27193480452837,5177.992260870578,7728.66190391937,0.3192519584397398,0.5092863102694497,0.6614003456453383,0.48304601400205094,0.01934769591492177,0.007667675728499314
60.0,10,rectifying_volume_9,tray,174.14014765670063,222.65015260223893,31.638944527475722,12.249699830796866,5142.890627048585,7706.763356681314,0.31180875589973217,0.5023159290059723,0.6556511365639316,0.48466404254005657,0.03254010753633625,0.01302002845397116
60.0,11,rectifying_volume_10,tray,175.78701932980826,222.70011156728745,31.366727845039208,12.220499392037016,5086.258415723512,7671.512778741911,0.3055974637956545,0.4981389846189026,0.6403178348581583,0.48002349773412234,0.054084701346187196,0.021837517646975113
60.0,12,feed_tray,tray,178.09072114189985,222.77502240866022,45.87416286008695,10.994819480265352,12242.765278686651,7614.732674119554,0.2988173079433017,0.49535334231358313,0.6126858801507175,0.46849528597574114,0.08849681190598077,0.03615137171067561
60.0,13,stripping_volume_1,tray,181.56682956644943,222.8506988701945,45.68210206558542,10.94152706830147,12263.355412232111,7628.061474982072,0.27038503822247695,0.4581375559086426,0.6397605366959197,0.50384604011107,0.08985442508160334,0.03801640398028725
60.0,14,stripping_volume_2,tray,185.73579137904701,222.92741194456875,45.505463827407496,10.876460894903959,12300.173394880483,7648.437210598653,0.2370584622764623,0.4120857133667786,0.6714989014124443,0.5475817780507486,0.09144263631109338,0.04033250858247271
60.0,15,stripping_volume_3,tray,190.4698829529765,223.005384970441,45.2987476754553,10.807580460667282,12356.838296960917,7685.034015204735,0.2002333196322398,0.3580229510306718,0.7064633718740239,0.5988614932318744,0.09330330849373648,0.04311555573745362
60.0,16,stripping_volume_4,tray,195.53753868289343,223.07495189616773,53.46588839781911,12.19062765179202,12432.006500994668,7741.4757501338745,0.16204145637724165,0.2983092467947186,0.7422540445825111,0.6552474226442792,0.09570449904024718,0.046443330561002284
60.0,17,stripping_volume_5,tray,200.68750769233512,223.14588949661592,53.16625791499182,12.11732648196915,12517.767975650588,7816.397595444703,0.12488067142007399,0.23656428264860482,0.7755455681388186,0.7127176315438154,0.09957376044110741,0.050718085807579846
60.0,18,stripping_volume_6,tray,205.77854934442377,223.21880501815065,53.19709812411884,12.019279925954601,12595.538697868335,7901.918913004846,0.09082482434047325,0.17683499107312864,0.8016404206891563,0.7658240015306773,0.10753475497037046,0.057341007396194105
60.0,19,stripping_volume_7,tray,211.00849478150565,223.29306655318746,52.76041419417518,11.951174664631274,12631.092942071256,7979.456465394955,0.06120004296770335,0.12252819143596468,0.8125234946203829,0.8071470297036712,0.1262764624119138,0.07032477886036402
60.0,20,combined_reboiler_sump,reboiler_sump,217.28295159007627,223.3183523459619,757.1833815379355,77.70896875800561,,8014.782731067627,0.03651239058564222,0.07566783881038798,0.7919406790172676,0.8242986358351946,0.17154693039709012,0.10003352535441735
90.0,1,reflux_drum,reflux_drum,120.9650553200571,222.17987380153156,1855.6285395572324,105.20489789800983,,,0.881281782864493,0.946735605179287,0.11867602226052602,0.053254658396417846,4.2194874981069596e-05,9.736424295204173e-06
90.0,2,rectifying_volume_1,tray,130.44349869333794,222.22736598165318,37.99548539479522,49.708917382001104,5658.815433925667,8483.839314480663,0.7569661150321402,0.880409588493528,0.24286496080930894,0.11954733809806031,0.00016892415855091698,4.30734084117048e-05
90.0,3,rectifying_volume_2,tray,141.51807518305367,222.27646741590476,34.262233991472364,12.864088536223571,5437.198567902339,8189.3340937228695,0.6246455674122782,0.7943969042879416,0.3748989714369186,0.20547232910798388,0.00045546115080337467,0.0001307666040743721
90.0,4,rectifying_volume_3,tray,151.89128136956148,222.32541474876382,33.32923857890464,12.644027245301205,5311.3890137324515,7967.472377978489,0.5119602759219689,0.7050668146610863,0.4870254379373922,0.29460777508476776,0.0010142861406390385,0.0003254102541458566
90.0,5,rectifying_volume_4,tray,159.93271478245026,222.37464892808063,32.74936409359591,12.487123365444628,5253.672759400984,7841.430160613595,0.4312959070270939,0.6299549888601372,0.5666938572758812,0.3693428615263806,0.0020102356970250444,0.0007021496134821965
90.0,6,rectifying_volume_5,tray,165.40576815170164,222.42421230880362,32.351108146387546,12.392296467610725,5228.726161691576,7783.506765412151,0.37967507427963937,0.5763181163806225,0.6166120561211603,0.4223093141075117,0.0037128695992000916,0.001372569511865769
90.0,7,rectifying_volume_6,tray,168.89361581196252,222.47411724011533,32.135241269942746,12.333161440995463,5214.462884336322,7758.376043691484,0.3486031547017115,0.5419420511723583,0.6448185206403901,0.45553921360449695,0.006578324657898439,0.0025187352231447998
90.0,8,rectifying_volume_7,tray,171.12821523970464,222.52425834552434,31.994647652486222,12.295646977092744,5199.764343523981,7743.944723703313,0.33028775355751183,0.5212765672339548,0.6583410299456047,0.4742763746677128,0.011371216496883472,0.004447058098332483
90.0,9,rectifying_volume_8,tray,172.7179727135669,222.57447471631156,31.843195713537927,12.270318419178334,5178.010153198144,7729.087828299317,0.31921118803273346,0.509249424763083,0.6614378623825198,0.48308171573819536,0.01935094958474672,0.007668859498721601
90.0,10,rectifying_volume_9,tray,174.13376035090653,222.62461811927912,31.639297277206524,12.248096746136916,5142.901291134723,7707.1803283000545,0.3117728149163006,0.5022844163088076,0.6556830238734814,0.48469417370215945,0.032544161210217915,0.013021409989032826
90.0,11,rectifying_volume_10,tray,175.7803062956218,222.6745837957756,31.36707777557936,12.218908033093806,5086.263084185367,7671.92036392571,0.305564608193379,0.49811085615882006,0.6403460845292447,0.480050228928293,0.05408930727737631,0.021838914912886885
90.0,12,feed_tray,tray,178.08373526531864,222.74950021356352,45.87379110678859,10.993475569614217,12242.31724620904,7615.132141113019,0.2987866432936974,0.49532735731041644,0.6127121961855666,0.4685203159059945,0.08850116052073603,0.036152326783588984
90.0,13,stripping_volume_1,tray,181.56118555049193,222.8251794658681,45.681658229275605,10.940169029222123,12262.913094118612,7628.004656181771,0.2703439663235631,0.45809541534879383,0.6397967387975286,0.5038863965013495,0.08985929487890827,0.03801818814985659
90.0,14,stripping_volume_2,tray,185.73133370689163,222.9018956715981,45.50497206499381,10.8750942467734,12299.74344052115,7648.3825035332675,0.2370089015522066,0.4120277787492721,0.6715431771480166,0.5476371138735175,0.09144792129977684,0.04033510737721029
90.0,15,stripping_volume_3,tray,190.4662154546625,222.9798721803868,45.29823994971015,10.806213262830676,12356.422731503182,7684.988061874541,0.2001789917453958,0.35795243047508213,0.7065121416493999,0.5989287343079962,0.09330886660520435,0.04311883521692156
90.0,16,stripping_volume_4,tray,195.53407039941945,223.049441829588,53.465362002203584,12.189084804888006,12431.597373770299,7741.440590886414,0.16198725551690404,0.29823231122698235,0.7423025049328972,0.6553206249600253,0.09571023955019882,0.04644706381299239
90.0,17,stripping_volume_5,tray,200.68359574492402,223.12038220537227,53.16576326542853,12.115803947070104,12517.350423816533,7816.365030768586,0.12483147367428252,0.2364888817932509,0.7755887678288763,0.7127890639523449,0.09957975849684121,0.05072205425440425
90.0,18,stripping_volume_6,tray,205.7736622445147,223.1933003417515,53.19663057504814,12.017789029104177,12595.092900983209,7901.874169392745,0.09078441299584064,0.1767689201691059,0.801674145847186,0.765885900995833,0.10754144115697338,0.057345178835061246
90.0,19,stripping_volume_7,tray,211.00234110960457,223.2675641100412,52.759961218804115,11.94971291092703,12630.599446991368,7979.379843458374,0.061170520890366224,0.1224772368739508,0.8125444830061097,0.8071931966906097,0.12628499610352412,0.07032956643543942
90.0,20,combined_reboiler_sump,reboiler_sump,217.2755529371445,223.29285268625824,757.2001988371475,77.69862499102089,,8014.654885691463,0.036494213690286846,0.07563494908616421,0.7919456517493774,0.8243247387600072,0.1715601345603359,0.1000403121538286
120.0,1,reflux_drum,reflux_drum,120.95806177015174,222.15370429784983,1853.7580087313636,105.33119209960508,,,0.8812448057639295,0.9467202447955589,0.11871296416744083,0.05327001124659146,4.223006862969852e-05,9.743957849545583e-06
120.0,2,rectifying_volume_1,tray,130.44028085417852,222.20120356048497,37.99551750640503,49.70181354402446,5658.739498257213,8484.265310979717,0.7568809470391963,0.8803652027722538,0.24295000521485002,0.11959169281865663,0.00016904774595356665,4.3104409089476256e-05
120.0,3,rectifying_volume_2,tray,141.51779071254907,222.25031196475933,34.262060427447985,12.862209234150185,5437.128574812305,8189.668458223292,0.6245316341166037,0.7943230161119812,0.3750126178853962,0.20554613117400922,0.000455747998000072,0.0001308527140095339
120.0,4,rectifying_volume_3,tray,151.89170316354495,222.29926648835738,33.3291358978012,12.642179371906256,5311.363617173967,7967.8097458165585,0.5118462831720171,0.7049781057727097,0.48713890353081657,0.29469630079674136,0.0010148132971663983,0.00032559343054881865
120.0,5,rectifying_volume_4,tray,159.9320032715814,222.3485080969443,32.7494181847922,12.485332059204897,5253.683867219612,7841.809365232456,0.43119882212977845,0.6298697758824532,0.566790099406447,0.36942775520287185,0.00201107846377454,0.0007024689146751066
120.0,6,rectifying_volume_5,tray,165.4032801583557,222.39807897083023,32.35130172427532,12.390558026500324,5228.753996351409,7783.919867776998,0.37959801981041047,0.5762463233930849,0.6166878643388397,0.42238061957659195,0.0037141158507496214,0.0013730570303233072
120.0,7,rectifying_volume_6,tray,168.88951284493567,222.4479913091099,32.13552914444292,12.331463218227647,5214.493733555952,7758.803393656563,0.348542614146156,0.5418848796747809,0.6448773004628032,0.45559570004057653,0.006580085391040666,0.002519420284642489
120.0,8,rectifying_volume_7,tray,171.12291958540223,222.49813966755892,31.994988902283016,12.293976589520412,5199.791425982317,7744.372727297195,0.33023891052660176,0.5212311799607661,0.6583874689958751,0.4743208532683064,0.011373620477523168,0.0044479667709276015
120.0,9,rectifying_volume_8,tray,172.7118849329809,222.5483631241741,31.8435607032584,12.268666770048085,5178.030726620677,7729.509816856635,0.3191700200002825,0.5092123091305168,0.6614758674657791,0.48311769055666526,0.01935411253393835,0.007670000312817994
120.0,10,rectifying_volume_9,tray,174.12717185657988,222.5985134540459,31.639667589090795,12.246458521437525,5142.914810516617,7707.593663321903,0.311736506132732,0.5022527025924421,0.6557153841276316,0.48472456016471815,0.032548109739636344,0.013022737242839692
120.0,11,rectifying_volume_10,tray,175.77338945442128,222.64848591183167,31.367445449169658,12.217281650039087,5086.270694377016,7672.3245841226535,0.3055314070749147,0.4980825530473481,0.6403747697007232,0.48007719192228987,0.05409382322436215,0.021840255030361994
120.0,12,feed_tray,tray,178.07654709319442,222.72340795035623,45.873419607083875,10.992102052698254,12241.862240253622,7615.528426943822,0.2987556428872282,0.49530122145226324,0.6127388492942957,0.46854553135386673,0.08850550781847596,0.036153247193869906
120.0,13,stripping_volume_1,tray,181.5553464792931,222.7990899721667,45.68121453568796,10.93878137623096,12262.463965418208,7627.934865792837,0.27030250262977973,0.45805302094206196,0.6398333322332621,0.5039270377470377,0.08986416513695826,0.03801994131090023
120.0,14,stripping_volume_2,tray,185.7266887208739,222.87580929237478,45.50448038129796,10.873698006486407,12299.30686441075,7648.315119624672,0.23695889356246583,0.4119694685123099,0.6715878986467677,0.5476928523004979,0.0914532077907666,0.0403376791871921
120.0,15,stripping_volume_3,tray,190.46236719182244,222.9537892719704,45.29773238194312,10.804816526245563,12356.000744625431,7684.929757010462,0.20012417523351936,0.35788141158464726,0.7065613992124701,0.5989964974072195,0.0933144255540105,0.04312209100813325
120.0,16,stripping_volume_4,tray,195.53042493567594,223.02336163659143,53.464837672865116,12.187508500541917,12431.18202859597,7741.393418342215,0.1619325504882288,0.2981547769238909,0.7423514720833897,0.6553944486668439,0.09571597742838152,0.04645077440926508
120.0,17,stripping_volume_5,tray,200.67950566166041,223.09430478300865,53.165271245326664,12.114248120673897,12516.926788727347,7816.320809313696,0.12478179026244794,0.23641282958379764,0.7756324633538846,0.7128611735992473,0.09958574638366748,0.05072599681695513
120.0,18,stripping_volume_6,tray,205.7685915281282,223.16722553171923,53.19616632526616,12.016265163146794,12594.641064367459,7901.818053069021,0.09074356492193633,0.17670220155736976,0.8017083283487128,0.7659484821876689,0.10754810672935089,0.05734931625496137
120.0,19,stripping_volume_7,tray,210.99599534667644,223.24149153163617,52.759512180609946,11.94821843715857,12630.099842959049,7979.292037739232,0.0611406316622017,0.12242568786693857,0.8125658603198346,0.8072400001526695,0.12629350801796385,0.07033431198039192
120.0,20,combined_reboiler_sump,reboiler_sump,217.26795489097861,223.26678289887778,757.2175159457388,77.68804880369795,,8014.515929528882,0.0364757483381106,0.0756015505975577,0.7919508751770372,0.8243513726562216,0.17157337648485227,0.10004707674622072
150.0,1,reflux_drum,reflux_drum,120.95090938107944,222.12697820484922,1851.7451115000922,105.4676903229872,,,0.8812071671273563,0.9467046191452454,0.11875056756047057,0.05328562936623201,4.2265312173214764e-05,9.751488522568993e-06
150.0,2,rectifying_volume_1,tray,130.43690108543657,222.17448458656045,37.9955623228189,49.69456818599187,5658.664237614518,8484.683256797005,0.7567951314339395,0.8803205505797213,0.243035698693138,0.11963631443683669,0.00016916987292253267,4.313498344205076e-05
150.0,3,rectifying_volume_2,tray,141.5173405743054,222.2236000047792,34.26189927486284,12.860293655763137,5437.059800740358,8189.995923130686,0.624417086035715,0.7942488495751794,0.37512688378028636,0.20562021307619416,0.00045603018399846654,0.0001309373486263641
150.0,4,rectifying_volume_3,tray,151.89195517788875,222.27256176698566,33.32904643368993,12.640295893292842,5311.33981661979,7968.140908479345,0.5117317178729596,0.7048891039546247,0.4872529519767733,0.29478512304323645,0.0010153301502671699,0.00032577300213887324
150.0,5,rectifying_volume_4,tray,159.931117287734,222.3218108562702,32.74948624168502,12.483505613414096,5253.696840331371,7842.182887505798,0.43110121120716993,0.6297842679291249,0.5668868866882015,0.36951295114323107,0.0020119021046285388,0.0007027809276440134
150.0,6,rectifying_volume_5,tray,165.40061272776356,222.37138927776635,32.35150998225771,12.388784735421108,5228.783917594356,7784.327688197569,0.37952048424915324,0.5761742479328913,0.6167641855460244,0.42245222048419034,0.0037153302048223745,0.001373531582918264
150.0,7,rectifying_volume_6,tray,168.88522546028,222.42130908010773,32.135832445150854,12.329730346180801,5214.526878305134,7759.225800314559,0.34848163321008313,0.5418274477820267,0.6449365699087124,0.45565246790721137,0.006581796881204548,0.002520084310761849
150.0,8,rectifying_volume_7,tray,171.11743463667403,222.47146475108636,31.99534634338464,12.29227170497604,5199.821014573117,7744.796104526097,0.3301896630824124,0.5211855585032312,0.658434383360471,0.47436559771967834,0.011375953557116548,0.004448843777090405
150.0,9,rectifying_volume_8,tray,172.70560319508678,222.52169535523825,31.843942614213372,12.26698075032021,5178.054015002946,7729.927492531534,0.31912847908007813,0.5091749861763263,0.6615143393882272,0.48315391689754417,0.01935718153169456,0.00767109692612942
150.0,10,rectifying_volume_9,tray,174.12038531826605,222.57185267576003,31.640055402838396,12.244786041964666,5142.931226354006,7708.0029951307815,0.3116998514647042,0.5022208075034582,0.6557481994301922,0.4847551837926759,0.03255194910510359,0.01302400870386592
150.0,11,rectifying_volume_10,tray,175.76627212555232,222.62183198029192,31.367830812295914,12.21562112111688,5086.2812928904395,7672.725083155336,0.30549788064325334,0.4980540930926571,0.6404038745251124,0.4801043704725967,0.054098244831634376,0.02184153643474609
150.0,12,feed_tray,tray,178.0691601307316,222.69675968009489,45.87304867916161,10.990699670112738,12241.400559752177,7615.92118398739,0.2987243256833092,0.4952749515224023,0.612765823853156,0.46857091654615723,0.08850985046353484,0.03615413193144053
150.0,13,stripping_volume_1,tray,181.54931498308906,222.77244444785825,45.68077135307532,10.937364859510481,12262.008323003833,7627.852013032929,0.27026067289391,0.45801039987745124,0.6398702949195132,0.5039679382143769,0.08986903218657695,0.038021661908171744
150.0,14,stripping_volume_2,tray,185.72185829735494,222.84916686318752,45.5039891776909,10.872272930009652,12298.8639569903,7648.23497070222,0.2369084694555964,0.4119108197487471,0.6716330386901034,0.5477489583204513,0.09145849185430033,0.04034022193080152
150.0,15,stripping_volume_3,tray,190.4583395591022,222.92715029880785,45.29722538522512,10.803391007188083,12355.572619157474,7684.859010779227,0.2000689041221411,0.35780993904758857,0.7066111146371447,0.5990647403561655,0.09331998124071428,0.04312532059624603
150.0,16,stripping_volume_4,tray,195.52660359585826,222.9967253687591,53.46431585498776,12.185899590976883,12430.760746522514,7741.334139840799,0.1618773749724873,0.2980766920205139,0.7424009165702835,0.6554688484298289,0.0957217084572292,0.046454459549657226
150.0,17,stripping_volume_5,tray,200.67523906584694,223.06767127907625,53.16478228218327,12.112659841510583,12516.497359552735,7816.264841867596,0.12473165141924397,0.23633617250026911,0.7756766288808105,0.7129339169605814,0.09959171969994558,0.05072991053914955
150.0,18,stripping_volume_6,tray,205.76333947445923,223.1405946357208,53.19570578894974,12.014709146348698,12594.183498354976,7901.750488038568,0.09070230451898847,0.1766348751165435,0.8017429486423944,0.7660117083174236,0.10755474683861715,0.05735341656603293
150.0,19,stripping_volume_7,tray,210.9894606206995,223.21486286404493,52.759067486006764,11.946692042286498,12629.594473665373,7979.19299833814,0.06111039253273039,0.12237357404373775,0.8125876151620983,0.8072874138488032,0.12630199230517125,0.0703390121074591
150.0,20,combined_reboiler_sump,reboiler_sump,217.26016146119554,223.24015702785957,757.235324918008,77.67724582256862,,8014.365850846101,0.036457004356813906,0.07556766086430598,0.7919563473128708,0.8243785240704083,0.17158664833031534,0.10005381506528571
180.0,1,reflux_drum,reflux_drum,120.94360258564284,222.0997102354173,1849.590810173853,105.61432130883465,,,0.8811688800481527,0.9466887331702676,0.11878881936258526,0.053301507816837616,4.2300589262020877e-05,9.759012894793802e-06
180.0,2,rectifying_volume_1,tray,130.43336116753727,222.1472237676174,37.99561987706042,49.68718531848744,5658.589717218001,8485.092704125625,0.7567087156657373,0.8802756566429376,0.2431219938854919,0.11968117824851034,0.00016929044877091485,4.3165108551987776e-05
180.0,3,rectifying_volume_2,tray,141.51672440889757,222.1963462387591,34.261750738162505,12.858342869527704,5436.9923175193335,8190.316124036116,0.6243019924048888,0.7941744499199055,0.37524170012018065,0.20569452964244067,0.00045630747493049427,0.0001310204376538435
180.0,4,rectifying_volume_3,tray,151.89203642884,222.24531528241997,33.328970366612594,12.638377863197645,5311.317660211282,7968.465512772357,0.511616651207228,0.7047998651429366,0.4873675125478511,0.2948741860452955,0.0010158362449208458,0.0003259488117678242
180.0,5,rectifying_volume_4,tray,159.93005650090342,222.29457189869328,32.74956835419183,12.481645047567566,5253.711706248862,7842.550354921196,0.431003135288912,0.6296985191848249,0.5669841588536155,0.3695983954493438,0.0020127058574726233,0.0007030853658312367
180.0,6,rectifying_volume_5,tray,165.39776664880486,222.34415791710373,32.35173292764776,12.386977580341357,5228.815944730471,7784.729837524753,0.3794425159007556,0.5761019356177757,0.6168409726134298,0.4225240716716613,0.0037165114858145093,0.0013739927105629467
180.0,7,rectifying_volume_6,tray,168.88075547264668,222.39408523554818,32.13615112625039,12.327963785011281,5214.562338726649,7759.6428699674425,0.34842024960453744,0.5417697916664019,0.6449962929913383,0.4557094817108219,0.006583457404124142,0.0025207266227763522
180.0,8,rectifying_volume_7,tray,171.11176295361008,222.44424827362994,31.995719904441675,12.290533265847207,5199.853134866212,7745.214465940093,0.3301400414891119,0.5211397314825379,0.6584817452016417,0.47441058034810074,0.011378213309246415,0.004449688169361399
180.0,9,rectifying_volume_8,tray,172.69913053509853,222.49448608225578,31.844341369373655,12.265261290673541,5178.08005118713,7730.34047455505,0.3190865907649151,0.5091374793420868,0.6615532559093287,0.48319037256787145,0.019360153325756205,0.007672148090041829
180.0,10,rectifying_volume_9,tray,174.11340405206766,222.54465045253997,31.640460646909318,12.243080230261382,5142.950578822031,7708.407953385494,0.31166287351039523,0.5021887512459494,0.6557814512315298,0.48478602589658537,0.03255567525807495,0.013025222857465256
180.0,11,rectifying_volume_10,tray,175.75895780512604,222.5946366647682,31.36823380018242,12.21392736164448,5086.294925382203,7673.121501116926,0.30546404973515073,0.49802549460660955,0.6404333825640113,0.4801317478344243,0.05410256770083797,0.02184275755896624
180.0,12,feed_tray,tray,178.0615780632108,222.66957006251562,45.87267864724723,10.989269193797778,12240.932513223403,7616.310060892637,0.2986927112407847,0.4952485647696801,0.6127931037093904,0.46859645524811006,0.08851418504982488,0.03615497998220981
180.0,13,stripping_volume_1,tray,181.54309384828568,222.74525755036134,45.68032905686581,10.935920260811548,12261.546473164597,7627.7560138791405,0.27021850365213557,0.4579675801052024,0.6399076040692735,0.5040090715273899,0.0898738922785908,0.0380233483674076
180.0,14,stripping_volume_2,tray,185.71684444784754,222.82198303893983,45.5034988634308,10.87081980499568,12298.415017838519,7648.141975141797,0.23685766131177263,0.4118518706029502,0.6716785692149667,0.5478053959042585,0.0914637694732607,0.04034273349279136
180.0,15,stripping_volume_3,tray,190.45413407257715,222.89996991308655,45.29671938066987,10.801937493593693,12355.138646772877,7684.775739570205,0.2000132134490775,0.35773805883533694,0.7066612570766534,0.599133419743703,0.09332552947426909,0.043128521420960006
180.0,16,stripping_volume_4,tray,195.5226078025297,222.96954767620878,53.46379700135892,12.18425896416996,12430.333817287987,7741.262668608554,0.16182176365654202,0.29799810605542676,0.7424508080174478,0.6555437775630584,0.09572742832601008,0.046458116381514786
180.0,17,stripping_volume_5,tray,200.67079770768726,223.04049634162664,53.164296810358735,12.111039983681009,12516.062434260792,7816.197044900152,0.12468108829209347,0.23625895840331837,0.7757212377576148,0.713007249185818,0.09959767395029166,0.05073379241086343
180.0,18,stripping_volume_6,tray,205.75790850751625,223.1134222998893,53.19524938645008,12.013121831745035,12593.720522514663,7901.671404041716,0.09066065694267805,0.17656698194688367,0.8017779865198357,0.7660755414271686,0.10756135653748629,0.05735747662594776
180.0,19,stripping_volume_7,tray,210.98274022732738,223.18769275177758,52.75862754706915,11.945134559513965,12629.083692772134,7979.082681485036,0.06107982131591943,0.12232092599866819,0.8126097356901913,0.8073354106280068,0.12631044299388922,0.07034366337332494
180.0,20,combined_reboiler_sump,reboiler_sump,217.2521768467374,223.21298971563877,757.2536173415274,77.6662219188086,,8014.204644728183,0.03643799194271581,0.07553329806987882,0.7919620660051249,0.8244061789720895,0.1715999420521593,0.10006052295803171
210.0,1,reflux_drum,reflux_drum,120.93614599104198,222.07191570270703,1847.2961916849852,105.77100477709986,,,0.8811299582901382,0.9466725920775347,0.11882770582679028,0.05331764139501101,4.2335883071640355e-05,9.766527454172611e-06
210.0,2,rectifying_volume_1,tray,130.42966300347902,222.11943641154852,37.99569019582852,49.67966910958413,5658.516003084064,8485.49320365156,0.7566217485345932,0.8802305463611331,0.24320884208392007,0.11972625887766461,0.00016940938148661848,4.319476120232132e-05
210.0,3,rectifying_volume_2,tray,141.51594193933622,222.16856596953644,34.261615018637166,12.856357985059786,5436.926197483935,8190.628695748342,0.624186424208152,0.7940998634865026,0.3753569961576963,0.20576903460346224,0.00045657963415171295,0.00013110191003504412
210.0,4,rectifying_volume_3,tray,151.89194600633516,222.21754233235708,33.32890787230112,12.636426375814498,5311.297195867519,7968.783204337866,0.5115011561000293,0.7047104465894087,0.48748251277846427,0.2949634327098502,0.0010163311215063823,0.0003261207007410062
210.0,5,rectifying_volume_4,tray,159.92882067113467,222.26680651665197,32.7496646056768,12.479751420701946,5253.728491711295,7842.911393007736,0.43090465691339275,0.6296125851084245,0.5670818541329469,0.3696840329512583,0.0020134889536603086,0.0007033819403171082
210.0,6,rectifying_volume_5,tray,165.39474282501837,222.3164001760134,32.35197055921688,12.385137585991696,5228.850096023285,7785.125924033359,0.37936416430743053,0.5760294331615063,0.6169181771829543,0.42259612688729925,0.0037176585096149353,0.0013744399511943705
210.0,7,rectifying_volume_6,tray,168.8761048335952,222.36633505742623,32.136485131962196,12.326164533059949,5214.600133817503,7760.054206014292,0.3483585020548174,0.5417119484011694,0.6450564327202752,0.4557667050600733,0.0065850652249073586,0.002521346538757231
210.0,8,rectifying_volume_7,tray,171.10590724992088,222.41650551214542,31.99610950322826,12.288762252302345,5199.887811266669,7745.627419029142,0.33009007686533137,0.5210937282619358,0.6585295258403258,0.47445577274068795,0.011380397294342912,0.0044504989973763055
210.0,9,rectifying_volume_8,tray,172.69247015342177,222.46675057728916,31.844756880302267,12.263509359285704,5178.108866863852,7730.748379028557,0.3190443812942791,0.5090998126971211,0.6615925940586156,0.48322703474893614,0.019363024647105345,0.0076731525539426295
210.0,10,rectifying_volume_9,tray,174.10623154706298,222.51692205169454,31.640883238098663,12.241342046153711,5142.972906970564,7708.808164581328,0.31162559554311714,0.5021565545734948,0.6558151203300969,0.4848170672381565,0.03255928412678599,0.013026378188348828
210.0,11,rectifying_volume_10,tray,175.751450167425,222.56691522794333,31.368654336355682,12.21220132402114,5086.311636423589,7673.513474907149,0.3054299358140711,0.4979967763969489,0.6404632767892265,0.48015930676689766,0.05410678739670232,0.021843916836153516
210.0,12,feed_tray,tray,178.05380475726022,222.64185435633246,45.872309841252225,10.987811427050243,12240.458418617618,7616.694703097588,0.29866081971112884,0.4952220789003338,0.6128206721850622,0.4686221307700209,0.08851850810380894,0.036155790329645214
210.0,13,stripping_volume_1,tray,181.5366860191773,222.7175445360472,45.679888029275965,10.934448393459249,12261.078731445796,7627.646791572983,0.2701760222137145,0.4579245903237572,0.639945236199354,0.5040504105790721,0.08987874158693152,0.03802499909717069
210.0,14,stripping_volume_2,tray,185.7116493210789,222.7942730734549,45.50300985525552,10.869339450784713,12297.960355512307,7648.036058354455,0.23680650213012788,0.4117926602537408,0.6717244613235069,0.5478621280198867,0.09146903654636528,0.04034521172637264
210.0,15,stripping_volume_3,tray,190.4497523720024,222.87226336587318,45.2962147970108,10.80045680505864,12354.699127826358,7684.67986648211,0.19995713925044564,0.35766581818298,0.7067117947742811,0.5992024909382186,0.09333106597527324,0.04313169087880131
210.0,16,stripping_volume_4,tray,195.51843909884911,222.94184380790534,53.46328157187746,12.182587543856924,12429.901539152363,7741.17892422713,0.16176575221946526,0.2979190699509851,0.7425011151464057,0.6556191880469139,0.0957331326341291,0.046461742002101056
210.0,17,stripping_volume_5,tray,200.6661834663002,223.01279521752429,53.1638152705818,12.10938945666941,12515.622319440945,7816.117341008355,0.12463013292983674,0.23618123651666276,0.775766262521126,0.7130811241128854,0.09960360454903729,0.050737639370451906
210.0,18,stripping_volume_6,tray,205.75230119776046,223.08572376913838,53.1947975437873,12.011504107163054,12593.252465452668,7901.580736978488,0.09061864809603523,0.17649856435724057,0.8018134211199694,0.7661399424002189,0.10756793078399529,0.057361493242540536
210.0,19,stripping_volume_7,tray,210.9758376310185,223.15999643809778,52.758192781020185,11.943546856321824,12628.567863687413,7978.96104991972,0.061048936386028464,0.1222677752849096,0.8126322096185847,0.8073839624334314,0.12631885399538678,0.07034826228165918
210.0,20,combined_reboiler_sump,reboiler_sump,217.24400543632055,223.185296203365,757.2723843282185,77.65498320894135,,8014.0323134146975,0.03641872166077601,0.07549848106234461,0.7919680289358384,0.8244343227517107,0.17161324940338563,0.10006719618594473
240.0,1,reflux_drum,reflux_drum,120.92854437770983,222.0436105193093,1844.8624685254963,105.9376513809807,,,0.8810904163023865,0.9466562013460486,0.11886721252131718,0.0533340246253568,4.2371176296287374e-05,9.774028594618665e-06
240.0,2,rectifying_volume_1,tray,130.42580861988117,222.09113842557792,37.99577329924283,49.67202388444309,5658.443161942038,8485.884305228516,0.7565342801768342,0.880185245797637,0.24329619324535257,0.11977153028446497,0.00016952657781331968,4.3223917897990454e-05
240.0,3,rectifying_volume_2,tray,141.51499297400517,222.14027509917162,34.26149231399102,12.854340152990885,5436.861513360793,8190.933272852761,0.6240704541435391,0.7940251376892267,0.3754726994339598,0.2058436806167667,0.00045684642250113733,0.00013118169400658187
240.0,4,rectifying_volume_3,tray,151.8916830776419,222.18925881360337,33.32885912171983,12.634442565655043,5311.278471178467,7969.09362822042,0.5113853071800832,0.7046209068288835,0.4875978785035593,0.29505280466210704,0.0010168143163574832,0.0003262885090095989
240.0,5,rectifying_volume_4,tray,159.9274096518399,222.2385306015758,32.74977507253311,12.47782583127281,5253.747222584863,7843.265625898372,0.4308058400942719,0.6295265224012739,0.567179909286719,0.36976980723853103,0.002014250619009169,0.0007036703601950239
240.0,6,rectifying_volume_5,tray,165.3915422771953,222.28813194053723,32.35222286681728,12.383265815763968,5228.886388589409,7785.51555399036,0.37928548022372244,0.5759567883481715,0.6169957496910451,0.4226683388114122,0.003718770085232539,0.0013748728404162206
240.0,7,rectifying_volume_6,tray,168.87127563352522,222.3380744264869,32.136834396183424,12.324333626767839,5214.6402813208515,7760.459409508839,0.3482964302826111,0.5416539559414175,0.6451169511168497,0.4558241006839973,0.00658661860053928,0.0025219433745851767
240.0,8,rectifying_volume_7,tray,171.09987039442154,222.38825234221903,31.996515046276155,12.286959682217834,5199.925066895139,7746.0345687782465,0.3300398011710818,0.5210475789325979,0.6585776957655788,0.4745011457580384,0.011382503063339431,0.004451275309363646
240.0,9,rectifying_volume_8,tray,172.68562541691122,222.43850471091287,31.845189046765185,12.261725961767127,5178.140492438715,7731.150819462893,0.31900187764395554,0.5090620109273862,0.6616323301410661,0.4832638800053151,0.019365792214978354,0.007674109067298565
240.0,10,rectifying_volume_9,tray,174.09887146649768,222.48868333892705,31.64132308112143,12.239572486687962,5142.9982485790115,7709.203252558765,0.31158804150216424,0.5021242387794955,0.6558491868753568,0.4848482880372925,0.032562771622478996,0.013027473183211886
240.0,11,rectifying_volume_10,tray,175.74375306606575,222.5386835307781,31.369092332213118,12.210443997668449,5086.331469347787,7673.900638727075,0.3053955609614643,0.4979679577579854,0.6404935395851532,0.4801870295395948,0.05411089945338251,0.021845012702419758
240.0,12,feed_tray,tray,178.04584426187023,222.61362841844704,45.87194259639709,10.986327204478375,12239.978603137926,7617.0747533151625,0.2986286718300539,0.49519551206834495,0.6128485120821747,0.46864792597521143,0.08852281608777145,0.03615656195644365
240.0,13,stripping_volume_1,tray,181.5300945994829,222.6893212594517,45.67944865889244,10.932950102300559,12260.60542246536,7627.524277060499,0.2701332566484699,0.45788145996434865,0.639983167139461,0.5040919275448063,0.08988357621206897,0.03802661249084515
240.0,14,stripping_volume_2,tray,185.70627520493613,222.76605281869058,45.50252257693288,10.867832718348255,12297.50028735938,7647.917153219437,0.23675502581325378,0.41173322889410136,0.67177068529503,0.5479191166503983,0.09147428889171617,0.04034765445550034
240.0,15,stripping_volume_3,tray,190.44519622297958,222.8440465063317,45.29571207014061,10.798949792782928,12354.254371167128,7684.571321725844,0.19990071854384905,0.3575932655659014,0.7067626950765644,0.5992719081084636,0.09333658637958656,0.04313482632563498
240.0,16,stripping_volume_4,tray,195.51409915071577,222.9136296108807,53.462770033013214,12.18088628947191,12429.464218704434,7741.0828330259355,0.1617093773163963,0.2978396359895565,0.7425518057887905,0.6556950305491825,0.09573881689481302,0.046465333461261006
240.0,17,stripping_volume_5,tray,200.6613983516254,222.98458375166857,53.163338109413026,12.107709205291183,12515.177330100805,7816.025659296525,0.12457881826897656,0.23610305740573148,0.7758116749069468,0.7131554942867356,0.09960950682407654,0.05074144830753286
240.0,18,stripping_volume_6,tray,205.74652026357398,223.05751488638603,53.19435069211042,12.009856895181828,12592.779664589725,7901.478429276655,0.09057630461942526,0.17642966584884845,0.8018492309349282,0.7662048709744441,0.10757446444564656,0.05736546317670746
240.0,19,stripping_volume_7,tray,210.96875646592736,223.13178976424808,52.75776360969477,11.941929834440849,12628.047359318021,7978.828073228122,0.061017756672138185,0.12221415440556775,0.8126550242201847,0.8074330403084894,0.1263272191076771,0.07035280528594277
240.0,20,combined_reboiler_sump,reboiler_sump,217.23565180857136,223.15709233012933,757.2916165059121,77.64353605511556,,8013.848866611943,0.036399204443897416,0.07546322935395709,0.7919742336191021,0.8244629402195656,0.1716265619370006,0.10007383042647734
270.0,1,reflux_drum,reflux_drum,120.92080269778035,222.0148111952972,1842.2909795005094,106.1141626748921,,,0.881050269233401,0.9466395667338072,0.11890732431545549,0.05335065175357797,4.240645114345239e-05,9.781512614733996e-06
270.0,2,rectifying_volume_1,tray,130.42180016788126,222.06234631431042,37.995869200594804,49.664254124608206,5658.371261149154,8486.265558674957,0.7564463620473495,0.8801397816699533,0.24338399600931104,0.11981696577515741,0.0001696419433393985,4.325255488927001e-05
270.0,3,rectifying_volume_2,tray,141.51387740961766,222.11149012700128,34.261382817893654,12.85229056475214,5436.798338151867,8191.229490413233,0.623954156583144,0.79395032098873,0.37558873581827346,0.20591841929408555,0.00045710759858243405,0.0001312597171844694
270.0,4,rectifying_volume_3,tray,151.89124689107135,222.16048122013228,33.32882428059453,12.632427607329065,5311.261533294533,7969.39642949559,0.511269180734973,0.7045313056423905,0.48771353390266675,0.295142242282232,0.0010172853623601093,0.0003264520753774904
270.0,5,rectifying_volume_4,tray,159.9258233931341,222.2097606419474,32.749899823757104,12.475869416955046,5253.767923760339,7843.612676958364,0.4307067502824059,0.6294403889713162,0.5672782596427258,0.3698556606957107,0.0020149900748681277,0.0007039503329731353
270.0,6,rectifying_volume_5,tray,165.3881661459091,222.25936969365378,32.35248983100187,12.381363371535107,5228.924838295678,7785.898332281489,0.3792065155878629,0.5758840500029754,0.6170736393956034,0.42274065908484104,0.0037198450165336436,0.0013752909121836027
270.0,7,rectifying_volume_6,tray,168.86627010346209,222.30931982029566,32.13719884212939,12.32247214051885,5214.682797615827,7760.858079781451,0.34823407498526143,0.5415958531021398,0.6451778092321913,0.45588163045283503,0.006588115782547355,0.002522516445025309
270.0,8,rectifying_volume_7,tray,171.09365541232376,222.3595052361415,31.996936428512534,12.285126611033144,5199.964923465819,7746.4355182684085,0.3299892471923177,0.5210013142972267,0.6586262246461271,0.47454666954904223,0.01138452816155531,0.0044520161537310345
270.0,9,rectifying_volume_8,tray,172.67859985991035,222.409764950291,31.845637756348392,12.259912141023404,5178.174956896751,7731.547407356047,0.31895910751362094,0.5090240993224854,0.6616724397441994,0.48330088429566437,0.019368452742179628,0.007675016381850259
270.0,10,rectifying_volume_9,tray,174.09132764873019,222.45995077641612,31.64178006819951,12.237772585997732,5143.026640006814,7709.592839066005,0.31155023598182974,0.5020918256858481,0.6558836303721711,0.4848796679806506,0.03256613364599924,0.013028506333501427
270.0,11,rectifying_volume_10,tray,175.73587053490846,222.5099580305954,31.369547686589094,12.208656408901025,5086.354466090891,7674.282624616711,0.30536094786633144,0.4979390584597326,0.6405241527524725,0.48021489794048833,0.0541148993811961,0.021846043599779146
270.0,12,feed_tray,tray,178.03770080914055,222.58490870203582,45.87157725280785,10.984817391896945,12239.4934030375,7617.449852040841,0.29859628890750944,0.4951688828643394,0.6128766056891087,0.4686738232893614,0.08852710540338202,0.03615729384629928
270.0,13,stripping_volume_1,tray,181.52332285369224,222.66060417136626,45.67901134022467,10.931426263591703,12260.126879707408,7627.388409457302,0.2700902357720952,0.4578382191732059,0.6400213720431354,0.5041335938980187,0.08988839218476931,0.038028186928775395
270.0,14,stripping_volume_2,tray,185.70072452828455,222.73733872283333,45.50203745878582,10.866300490171454,12297.03513931274,7647.785200524948,0.2367032671490751,0.41167361770768435,0.6718172106002306,0.5479763228149657,0.09147952225069435,0.040350059477349855
270.0,15,stripping_volume_3,tray,190.44046751903548,222.8153357798203,45.29521164262177,10.79741733945208,12353.804693933096,7684.450043071625,0.19984398930871036,0.35752045067258253,0.7068139244489774,0.5993416242480086,0.0933420862423123,0.04313792507940877
270.0,16,stripping_volume_4,tray,195.50958974882866,222.8849215283332,53.462262857238876,12.179156196018088,12429.022170650753,7740.974328518745,0.1616526765596121,0.2977598577856953,0.7426028469012199,0.6557712544499674,0.09574447653916793,0.04646888776433737
270.0,17,stripping_volume_5,tray,200.65644450620155,222.9558783850953,53.16286577867294,12.106000209574129,12514.727789439705,7815.921935785625,0.12452717811744794,0.2360244729524325,0.7758574458614401,0.7132303109815303,0.09961537602111184,0.05074521606603706
270.0,18,stripping_volume_6,tray,205.74056857255087,223.02881209065794,53.193909267122386,12.008181153026783,12592.302465912951,7901.3644302609455,0.09053365387856978,0.17636033109586202,0.8018853938174476,0.766270285758558,0.10758095230398254,0.05736938314557998
270.0,19,stripping_volume_7,tray,210.96150053653918,223.1030891675548,52.757340458958204,11.940284429761462,12627.522561788224,7978.683728184222,0.060986301651317146,0.12216009680237751,0.8126781663284379,0.807482614405036,0.126335532020245,0.07035728879258661
270.0,20,combined_reboiler_sump,reboiler_sump,217.22712073183155,223.12839453107128,757.3113040106865,77.63188706492429,,8013.654321759728,0.0363794515914776,0.07542756311939695,0.7919806773994345,0.8244920156057449,0.17163987100908792,0.10008042127485807
300.0,1,reflux_drum,reflux_drum,120.91292607317469,221.98553483508564,1839.583190289669,106.30043109691239,,,0.8810095329445689,0.9466226942844739,0.11894802536610152,0.05336751673980936,4.2441689329579694e-05,9.788975716753793e-06
300.0,2,rectifying_volume_1,tray,130.41763992387268,222.03307717659706,37.99597790608801,49.656364466981586,5658.300368596737,8486.636514724558,0.7563580468981814,0.8800941813379309,0.24347219771922357,0.11986253801387188,0.0001697553825950498,4.3280648197251895e-05
300.0,3,rectifying_volume_2,tray,141.512595234191,222.08222814651006,34.26128671951785,12.850210452273238,5436.736745013281,8191.516984744997,0.6238376075277202,0.7938754628609087,0.37570502955321283,0.20599320123243467,0.00045736291906696,0.0001313359066565271
300.0,4,rectifying_volume_3,tray,151.89063677975443,222.1312266399611,33.328803508926214,12.630382715241549,5311.246428811721,7969.691254010371,0.5111528546609473,0.7044417040157819,0.48782940154946014,0.29523168474649536,0.0010177437895927189,0.00032661123772285776
300.0,5,rectifying_volume_4,tray,159.9240619451848,222.18051372018445,32.75003892051442,12.473883354362087,5253.790619047942,7843.95216950863,0.4306074543230319,0.6293542438929014,0.5673768391377116,0.3699415345420957,0.002015706539256603,0.0007042215650028819
300.0,6,rectifying_volume_5,tray,165.38461569396787,222.2301305121653,32.3527714226423,12.379431393412558,5228.9654596541695,7786.273863125057,0.3791273234893582,0.5758112679594133,0.6171517944065512,0.4228130383410557,0.003720882104090517,0.0013756936995308541
300.0,7,rectifying_volume_6,tray,168.86109061669677,222.2800883101297,32.13757838197498,12.32058118640588,5214.7276976039775,7761.2498151333175,0.348171477812048,0.5415376795334235,0.6452389671681223,0.4559392554017105,0.006589555019829646,0.0025230650648659925
300.0,8,rectifying_volume_7,tray,171.0872654863238,222.33028125980422,31.99737353289775,12.28326413153097,5200.007401159817,7746.82986935305,0.3299384485230714,0.5209549658513366,0.6586750813441212,0.47459231356792303,0.011386470132807375,0.00445272058074043
300.0,9,rectifying_volume_8,tray,172.67139718504893,222.3805483560775,31.8461028840766,12.258068977043527,5178.212287662567,7731.937752846173,0.3189160993123507,0.5089861037607271,0.6617128977469496,0.4833380229853493,0.01937100294069972,0.007675873253923702
300.0,10,rectifying_volume_9,tray,174.08360410792204,222.4307414197204,31.642254078652464,12.235943415096846,5143.058116040328,7709.976544389528,0.3115122042185466,0.5020593376298901,0.6559184296866872,0.48491118623178475,0.03256936609476614,0.013029476138325023
300.0,11,rectifying_volume_10,tray,175.72780678869754,222.48075577798858,31.3700202853288,12.206839620723374,5086.38066703071,7674.659063058621,0.3053261198130459,0.49791009873546405,0.6405550975131946,0.4802428932853191,0.05411878267375938,0.021847007979216907
300.0,12,feed_tray,tray,178.0293788147409,222.55571225346245,45.87121415508193,10.98328288616087,12239.003163390154,7617.819638156437,0.2985636928160152,0.4951422103029472,0.6129049347884193,0.4686998047112833,0.08853137239556541,0.036157984985769394
300.0,13,stripping_volume_1,tray,181.51637420820387,222.6314103157533,45.67857647322106,10.929877784823125,12259.64344528868,7627.2391365589965,0.27004698912917374,0.45779489879130214,0.6400598254006383,0.5041753804281439,0.08989318547018786,0.03802972078055398
300.0,14,stripping_volume_2,tray,185.69499986264336,222.70814782721752,45.50155493717511,10.864743680072861,12296.565245656417,7647.640149468226,0.23665126178998275,0.41161386884197365,0.6718640059178023,0.5480337065930356,0.09148473229221488,0.04035242456499066
300.0,15,stripping_volume_3,tray,190.435568283595,222.78614822481453,45.29471396315429,10.795860359056542,12353.35042131715,7684.315976319955,0.19978699046365214,0.35744742437344723,0.7068654484941936,0.5994115912034229,0.09334756104215422,0.043140984423129684
300.0,16,stripping_volume_4,tray,195.50491281064484,222.8557365965533,53.46176052241354,12.177398293868173,12428.575717576105,7740.853351862054,0.16159568849672623,0.2976797902541226,0.7426542045826486,0.6558478078705329,0.09575010692062515,0.04647240187534457
300.0,17,stripping_volume_5,tray,200.65132420681886,222.9266961519049,53.16239873483523,12.104263484569177,12514.274028598838,7815.8061138627645,0.1244752471358725,0.23594553632598317,0.7759035455558365,0.713305524226496,0.09962120730829095,0.05074893944752087
300.0,18,stripping_volume_6,tray,205.73444914258957,222.99963241401818,53.19347370846987,12.006477872396264,12591.821223701485,7901.238696581432,0.09049072395057493,0.17629060592258108,0.8019218869898336,0.7663361442514509,0.10758738905959138,0.05737324982596799
300.0,19,stripping_volume_7,tray,210.95407381803957,223.07391167836082,52.75692375810122,11.938611612175913,12626.993862135254,7978.527999132181,0.06095459134040594,0.12210563684200385,0.8127016223403195,0.8075326539936571,0.12634378631927456,0.07036170916433898
300.0,20,combined_reboiler_sump,reboiler_sump,217.21841716362505,223.0992198343142,757.3314364801375,77.62004309073005,,8013.448704408631,0.0363594747671807,0.07539150319261867,0.7919873574502742,0.8245215325611377,0.171653167782545,0.10008696424624382
330.0,1,reflux_drum,reflux_drum,120.9049197933025,221.955799133103,1836.7406938089173,106.49633996619305,,,0.8809682240228148,0.9466055903337788,0.11898929910510836,0.05338461325221553,4.24768720769163e-05,9.796414005725024e-06
330.0,2,rectifying_volume_1,tray,130.4133302900752,222.00334870121202,37.99609941458302,49.648359702479006,5658.230552613498,8486.996725754121,0.7562693887535064,0.8800484727900502,0.24356074444733625,0.11990821903630844,0.00016986679915748047,4.330817364134969e-05
330.0,3,rectifying_volume_2,tray,141.51114653002475,222.0525068410111,34.2612042030535,12.84810108759672,5436.676807124693,8191.795394056071,0.6237208845559641,0.7938006137622188,0.3758215033050178,0.20606797604870006,0.0004576121390180453,0.00013141018908115315
330.0,4,rectifying_volume_3,tray,151.88985216547619,222.10151275083658,33.328796960492916,12.628309143205078,5311.233203653536,7969.977748987792,0.5110364084072294,0.7043521640939548,0.4879454024667624,0.29532107007281105,0.0010181891260081662,0.00032676583323411486
330.0,5,rectifying_volume_4,tray,159.9221254615613,222.15080750832965,32.750192415704426,12.471868858683266,5253.815331071703,7844.283727444572,0.4305080204082635,0.6292681473623648,0.5674755803636632,0.37002736887570165,0.0020163992280732455,0.0007044837619335878
330.0,6,rectifying_volume_5,tray,165.38089230878762,222.20043206239257,32.3530676025511,12.377471059400156,5229.00826571715,7786.641750708123,0.3790479581328394,0.5757384930228671,0.6172301617200233,0.42288542624179193,0.0037218801471371266,0.0013760807353409333
330.0,7,rectifying_volume_6,tray,168.85573969026262,222.25039755667774,32.13797291650434,12.318661913919373,5214.774994595858,7761.634213476477,0.34810868133749906,0.5414794756927491,0.6453003841008614,0.45599693575713207,0.0065909345616395444,0.002523588550118891
330.0,8,rectifying_volume_7,tray,171.08070395747896,222.30059806840308,31.99782623007622,12.281373373540493,5200.052518499721,7747.21722327948,0.3298874395451407,0.520908565762201,0.6587242339311196,0.4746380465935306,0.01138832652373982,0.0044533876442683995
330.0,9,rectifying_volume_8,tray,172.66402126379688,222.35087257812444,31.846584292039022,12.256197586612684,5178.252510458225,7732.321465319912,0.3188728821420011,0.5089480506922054,0.6617536783303746,0.48337527086094156,0.01937343952762422,0.0076766784468532
330.0,10,rectifying_volume_9,tray,174.07570503446345,222.40107291349045,31.642744978494555,12.234086081597473,5143.092709736766,7710.353987936898,0.31147397207611843,0.5020267974496174,0.6559535630537828,0.4849428214428891,0.03257246487009881,0.013030381107493508
330.0,11,rectifying_volume_10,tray,175.7195662234197,222.45109441253734,31.37051000086249,12.2049947325531,5086.410110819821,7675.029583550547,0.3052911006673785,0.49788109926765733,0.6405863545171194,0.4802709964284494,0.054122544815502056,0.021847904303893276
330.0,12,feed_tray,tray,178.0208828780792,222.52605670799707,45.87085365183132,10.98172461493549,12238.5082378383,7618.18374946753,0.2985309059773352,0.49511551380867946,0.612933480666005,0.4687258518250904,0.0885356133566599,0.03615863436623017
330.0,13,stripping_volume_1,tray,181.50925225224947,222.6017573254694,45.67814446276116,10.928305604480155,12259.155469704103,7627.076415299275,0.27000354697393786,0.4577515303316407,0.6400985010537762,0.5042172572609069,0.08989795197228603,0.03803121240745238
330.0,14,stripping_volume_2,tray,185.68910392371356,222.67849776205182,45.5010754539569,10.863163232959245,12296.090948772186,7647.481958096096,0.23659904622922748,0.41155402537809654,0.6719110391534393,0.5480912271516521,0.09148991461733337,0.040354747470251286
330.0,15,stripping_volume_3,tray,190.43050067184845,222.7565014686372,45.294219486017475,10.79427979664602,12352.891886315136,7684.169075745873,0.1997297618409114,0.3573742386857021,0.7069172319729469,0.5994817597062244,0.09335300618614172,0.04314400160807346
330.0,16,stripping_volume_4,tray,195.50007038222978,222.82609244065614,53.46126351114139,12.175613648491524,12428.125189687013,7740.719852289745,0.1615384525859844,0.2975994895734537,0.7427058440942518,0.6559246377061491,0.09575570331976381,0.04647587272039721
330.0,17,stripping_volume_5,tray,200.6460398660274,222.89705467499766,53.16193743838682,12.102500080090245,12513.81638638851,7815.678144696861,0.12442306081622906,0.23586630194968428,0.7759499434025248,0.7133810828355648,0.09962699578124623,0.05075261521475094
330.0,18,stripping_volume_6,tray,205.7281651427923,222.96999347730664,53.193044459099724,12.004748079218295,12591.336300226696,7901.101192609557,0.09044754360790443,0.17622053727725764,0.8019586870545464,0.7664024028646573,0.1075937693375492,0.057377059858084965
330.0,19,stripping_volume_7,tray,210.94648045641085,223.04427491576507,52.756513939192835,11.936912385353333,12626.461659971385,7978.360878355604,0.0609226462863669,0.12205080979984459,0.8127253782202337,0.8075831274761618,0.12635197549339944,0.07036606272399355
330.0,20,combined_reboiler_sump,reboiler_sump,217.20954624977446,223.0695858567071,757.3520030477391,77.60801122848119,,8013.232048509051,0.03633928599589955,0.07535507106223775,0.7919942707726059,0.824551474159544,0.17166644323149463,0.10009345477821821
360.0,1,reflux_drum,reflux_drum,120.89678931236968,221.92562236821013,1833.7652103658224,106.7017634957125,,,0.8809263597923751,0.9465882615156145,0.11903112822751327,0.05340193466089657,4.251198011160928e-05,9.803823488934983e-06
360.0,2,rectifying_volume_1,tray,130.40887379493233,221.9731791612782,37.9962337173393,49.64024477434892,5658.161881862841,8487.345746811568,0.7561804428808473,0.8800026846277457,0.24364958102338832,0.11995398026538545,0.00016997609576429007,4.33351068688447e-05
360.0,3,rectifying_volume_2,tray,141.50953147668656,222.02234447807882,34.261135447222465,12.845963782401823,5436.618597559686,8192.064359296372,0.6236040667681995,0.7937258250912562,0.3759380782195634,0.20614269241795108,0.00045785501223698444,0.0001314824907926056
360.0,4,rectifying_volume_3,tray,151.88889256255354,222.07135781467335,33.32880478234061,12.626208183964689,5311.221902949866,7970.255563824942,0.5109199229146869,0.70426274913054,0.4880614561871554,0.2954103351707998,0.0010186208981575965,0.00032691569866031357
360.0,5,rectifying_volume_4,tray,159.92001420257915,222.12066026249562,32.7503603535151,12.469827183236594,5253.842081160073,7844.60697602147,0.43040851802473434,0.6291821606491977,0.5675744146188904,0.3701131027216088,0.002017067356375146,0.0007047366291933502
360.0,6,rectifying_volume_5,tray,165.37699750466732,222.17029259462538,32.35337832110086,12.375483584981927,5229.053267968996,7787.001599955859,0.3789684747980422,0.575665776930493,0.6173086872563248,0.42295777151635033,0.003722837945632987,0.001376451553156674
360.0,7,rectifying_volume_6,tray,168.85021998624606,222.22026580449597,32.13838233476315,12.316715509555266,5214.824700195114,7762.010873087733,0.3480457290316342,0.5414212828143283,0.6453620183076378,0.4560546309663915,0.006592252660727959,0.0025240862192803617
360.0,8,rectifying_volume_7,tray,171.0739743258587,222.27047390089982,31.998294378027268,12.279455503561941,5200.100292219374,7747.59718142958,0.3298362554052652,0.5208621468453952,0.6587736497063609,0.4746838367509532,0.011390094888373862,0.0044540164036514125
360.0,9,rectifying_volume_8,tray,172.65647613675975,222.32075584994837,31.847081829023324,12.254299122946334,5178.295649159229,7732.698154126858,0.31882948577844966,0.5089099671198781,0.6617947549902189,0.4834126021466069,0.01937575923133144,0.007677430733514858
360.0,10,rectifying_volume_9,tray,174.06763479511883,222.37096348594025,31.643252620038687,12.232201729350292,5143.130452265294,7710.724788928813,0.3114355660289995,0.50199422846711,0.6559890080861015,0.4849745517681936,0.03257542588489895,0.013031219764696421
360.0,11,rectifying_volume_10,tray,175.71115341637727,222.42099215728365,31.371016691791617,12.203122879865917,5086.442834218023,7675.393815263538,0.30525591486071885,0.4978520811723088,0.6406179038497141,0.48029918777520375,0.054126181289567046,0.021848731052487476
360.0,12,feed_tray,tray,178.01221778216456,222.4959602842969,45.87049609519639,10.980143536401878,12238.0089883141,7618.5418233572545,0.2984979513474019,0.4950888132001979,0.6129622241217202,0.4687519458138731,0.08853982453087786,0.03615924098592908
360.0,13,stripping_volume_1,tray,181.50196073859473,222.57166341674954,45.677715718108864,10.926710691738116,12258.663311543263,7626.900212267929,0.2699599402486488,0.45770814595396697,0.6401373722127648,0.5042591938810335,0.08990268753858648,0.03803266016499965
360.0,14,stripping_volume_2,tray,185.68303957274847,222.6484067409077,45.500599455896314,10.861560124514655,12295.612598856254,7647.310593812785,0.23654665777447859,0.41149413129718115,0.6719582774613092,0.5481488427760369,0.09149506476421225,0.040357025926781885
360.0,15,stripping_volume_3,tray,190.4252669724978,222.72641372195108,45.293728670470855,10.792676628017771,12352.429429446696,7684.009304582926,0.19967234415770962,0.3573009467340878,0.7069692388275626,0.5995520794086864,0.09335841701472784,0.04314697385722583
360.0,16,stripping_volume_4,tray,195.49506463999626,222.79600726907722,53.46077231008487,12.17380336010695,12427.670924527527,7740.573787586828,0.16148100916859395,0.2975190131455985,0.7427577298818849,0.6560016896630031,0.09576126094952116,0.04647929719139832
360.0,17,stripping_volume_5,tray,200.64059403349984,222.86697216057206,53.161482353149786,12.100711080380227,12513.355208989766,7815.537987687895,0.12437065545791529,0.2357868254635974,0.7759966080735514,0.7134569344408469,0.09963273646853327,0.050756240095555766
360.0,18,stripping_volume_6,tray,205.7217198941474,222.9399134846401,53.19262196458319,12.002992833335666,12590.848065426964,7900.9518908477585,0.09040414230028065,0.17615017320245618,0.8019957700064252,0.7664690169480017,0.10760008769329421,0.05738080984954218
360.0,19,stripping_volume_7,tray,210.93872476823805,223.0141970821255,52.756111436410144,11.935187786443862,12625.926363122211,7978.182366434733,0.060890487555181755,0.12199565184130134,0.8127494195048536,0.807634002400309,0.12636009293996472,0.0703703457583896
360.0,20,combined_reboiler_sump,reboiler_sump,217.2005133231567,223.03951079833067,757.3729923384032,77.5957988159893,,8013.004396744208,0.03631889765988352,0.07531828886541558,0.792001414193725,0.8245818229009352,0.1716796881463914,0.10009988823364925
390.0,1,reflux_drum,reflux_drum,120.88854024628051,221.89502339684245,1830.6585876018376,106.91656682077377,,,0.8808839583256065,0.9465707147677936,0.11907349468073035,0.053419474032130716,4.254699366313061e-05,9.811200075607435e-06
390.0,2,rectifying_volume_1,tray,130.40427309331739,221.94258740741597,37.99638079775793,49.63202477614971,5658.094425235196,8487.68313648002,0.7560912657585306,0.8799568460477738,0.2437386510670344,0.11999979252883981,0.00017008317443495326,4.3361423386452234e-05
390.0,3,rectifying_volume_2,tray,141.5077503539701,221.99175990270277,34.26108062476891,12.843799887438442,5436.562189146006,8192.32352488146,0.6234872347246677,0.7936511491467649,0.37605467398370235,0.20621729811532258,0.0004580912916298034,0.00013155273791248443
390.0,4,rectifying_volume_3,tray,151.88775758174046,222.04078067071356,33.328827114260456,12.62408116863331,5311.212570911076,7970.524350778093,0.5108034805489117,0.7041735234330997,0.48817748081913337,0.29549941589632467,0.001019038631954876,0.000327060670575486
390.0,5,rectifying_volume_4,tray,159.91772853861647,222.09009081602989,32.750542768975095,12.467759618934174,5253.870889235074,7844.921542542212,0.43030901789647913,0.6290963460429355,0.5676732719637969,0.3701986740845696,0.0020177101397240516,0.0007049798724950066
390.0,6,rectifying_volume_5,tray,165.37293292495607,222.13973093629343,32.35370351784605,12.373470222621117,5229.100476216807,7787.353017231205,0.37888892979597183,0.5755931723074745,0.6173873159015989,0.4230300220044938,0.00372375430242941,0.0013768056880316133
390.0,7,rectifying_volume_6,tray,168.8445343129052,222.18971187518417,32.13880651371701,12.314743196340375,5214.876824181105,7762.379393296379,0.3479826652271679,0.5413631428754998,0.6454238271961983,0.4561122997298496,0.006593507576633723,0.002524557394650489
390.0,8,rectifying_volume_7,tray,171.06708025095168,222.23992757320346,31.99877782172877,12.277511724309385,5200.15073713369,7747.969345987585,0.3297849319897845,0.5208157425389472,0.6588232952173536,0.4747296515354428,0.011391772792861946,0.004454605925610046
390.0,9,rectifying_volume_8,tray,172.64876601369645,222.29021698191656,31.847595330157393,12.252374775243709,5178.341725647876,7733.0674292209815,0.3187859406506332,0.5088718805786081,0.6618361005514065,0.48344999052242993,0.019377958797960275,0.007678128898962005
390.0,10,rectifying_volume_9,tray,174.05939793287789,222.34043194203772,31.64377684150942,12.2302915380045,5143.1713727457245,7711.088567015434,0.3113970131435999,0.501961654470174,0.6560247417847405,0.4850063548790281,0.03257824507165973,0.013031990650797902
390.0,11,rectifying_volume_10,tray,175.70257312594384,222.39046781192695,31.371540202479064,12.201225233761768,5086.478871919723,7675.751387635687,0.3052205873724459,0.4978230659815836,0.6406497250414974,0.48032744729575555,0.05412968758605657,0.021849486722660797
390.0,12,feed_tray,tray,178.00338849313886,222.46544177760538,45.87014184033463,10.978540638894609,12237.505784735602,7618.893497350699,0.298464852399554,0.49506212867308685,0.6129911454813919,0.46877806747479506,0.08854400211905405,0.0361598038521181
390.0,13,stripping_volume_1,tray,181.49450358398923,222.54114738240992,45.67729065234254,10.92509404608856,12258.167337185558,7626.710504136626,0.26991620055968407,0.4576647784370332,0.6401764114750707,0.5043011591572714,0.08990738796524521,0.038034062405695554
390.0,14,stripping_volume_2,tray,185.67680981774316,222.6178935539258,45.50012739405849,10.859935360819629,12295.130553617573,7647.126033785032,0.23649413451861157,0.4114342314433473,0.6720056872679523,0.5482065109033516,0.09150017821343615,0.04035925765330107
390.0,15,stripping_volume_3,tray,190.41986960936364,222.69590377196886,45.293241980124996,10.79105185933571,12351.963398454482,7683.836635428826,0.1996147789846079,0.35722760270758586,0.7070214322081343,0.5996224989234614,0.09336378880725786,0.04314989836895274
390.0,16,stripping_volume_4,tray,195.4898978923006,222.7654998667852,53.46028740924685,12.171968563257765,12427.2132666736,7740.415124487079,0.1614233994381088,0.2974384195508534,0.7428098256011115,0.656078908299171,0.09576677496077964,0.046482672149975576
390.0,17,stripping_volume_5,tray,200.63498939721478,222.83646739134034,53.16103394557141,12.098897603700962,12512.89084963222,7815.385610848503,0.12431806814119986,0.23570716368313013,0.7760435075213402,0.7135330255299345,0.09963842433745991,0.050759810786935367
390.0,18,stripping_volume_6,tray,205.71511686998014,222.90941121663002,53.19220667240767,12.001213228116237,12590.356896555915,7900.790772290292,0.09036055013450578,0.17607956280195294,0.8020331112465667,0.7665359408184353,0.10760633861892745,0.057384496379611655
390.0,19,stripping_volume_7,tray,210.93081124020964,222.9836969562789,52.75571668532969,11.933438885710194,12625.388387232171,7977.992472569367,0.06085813671928642,0.12194020000050247,0.8127737313089177,0.8076852454768004,0.12636813197179578,0.07037455452269707
390.0,20,combined_reboiler_sump,reboiler_sump,217.19132390208145,223.0090134357192,757.3943924654097,77.58341343064208,,8012.765800769616,0.036298322494008856,0.07528117938019467,0.7920087843661638,0.8246125607159073,0.17169289313982716,0.10010625990389796
420.0,1,reflux_drum,reflux_drum,120.88017836913096,221.86402164484423,1827.4228002157497,107.1406060435515,,,0.8808410384527458,0.9465529573374273,0.11911637965478915,0.05343722412299578,4.258189246510744e-05,9.81853957688248e-06
420.0,2,rectifying_volume_1,tray,130.39953096655213,221.91159285958432,37.99654063112585,49.62370494937595,5658.028251736,8488.008457871243,0.756001915039229,0.8799109868225428,0.2438278970241706,0.12004562607886332,0.00017018793660045857,4.33870985939156e-05
420.0,3,rectifying_volume_2,tray,141.50580354484134,221.96077252913574,34.26103990193909,12.841610791868156,5436.507654321655,8192.572539531056,0.6233704703781452,0.7935766390818647,0.37617120889225947,0.20629174006166776,0.0004583207295951705,0.0001316208564675368
420.0,4,rectifying_volume_3,tray,151.8864469341619,222.00980072738182,33.32886408826345,12.621929466035189,5311.2052507023445,7970.783765752788,0.5106871650276207,0.7040845523037728,0.48829339311889774,0.2955882471105703,0.0010194418534814611,0.00032720058565692295
420.0,5,rectifying_volume_4,tray,159.91526895340135,222.05911857137642,32.75073968750927,12.465667493658911,5253.901773702501,7845.2270571536865,0.43020959192295166,0.6290107667956294,0.5677720812814485,0.3702840200060036,0.00201832679559977,0.0007052131983671683
420.0,6,rectifying_volume_5,tray,165.368700344102,222.10876648383407,32.354043121154845,12.3714322611728,5229.149898483029,7787.695611139588,0.37880938042117673,0.5755207326195524,0.6174659915532849,0.4231021247030271,0.003724628025538354,0.0013771426774204986
420.0,7,rectifying_volume_6,tray,168.83868562560116,222.15875515926018,32.13924531791941,12.312746233273266,5214.931374391538,7762.739375290067,0.3479195350835811,0.5413050985601048,0.6454857673372958,0.45616990003618485,0.006594697579123092,0.0025250014037101853
420.0,8,rectifying_volume_7,tray,171.06002555183295,222.2089784700508,31.99927639282747,12.275543274170484,5200.203866006322,7748.333320727145,0.3297335058967186,0.5207693868750346,0.6588731362828318,0.47477545783871217,0.011393357820449609,0.004455155286253085
420.0,9,rectifying_volume_8,tray,172.64089527326078,222.25927535313343,31.848124616560387,12.250425768159394,5178.390759664602,7733.428901925391,0.3187422778173801,0.5088338191121472,0.661877687184468,0.48348740914468846,0.019380034998151857,0.007678771743164415
420.0,10,rectifying_volume_9,tray,174.05099916650443,222.30949765539705,31.644317466662205,12.22835672248666,5143.215498083526,7711.444943013378,0.31135834105758836,0.5019290996921636,0.6560607405515971,0.4850382079805786,0.03258091839081449,0.013032692327257749
420.0,11,rectifying_volume_10,tray,175.6938302910098,222.3595407447216,31.372080362648774,12.199303000449904,5086.518256379063,7676.101931090762,0.30518514371044314,0.4977940756248182,0.6406817970789047,0.4803557545405301,0.05413305921065216,0.021850169834651757
420.0,12,feed_tray,tray,177.99440015948667,222.4345205516548,45.86979124488285,10.976916940471138,12236.999004677202,7619.238409817872,0.29843163310598025,0.4950354807810049,0.6130202246103339,0.4688041972357181,0.08854814228368602,0.03616032198327697
420.0,13,stripping_volume_1,tray,181.48688486937436,222.51022858375492,45.67686968174933,10.92345669689682,12257.667920467064,7626.507278199533,0.2698723601511903,0.45762146114821806,0.6402155908463564,0.5043431213699164,0.08991204900245331,0.03803541748186553
420.0,14,stripping_volume_2,tray,185.6704178144483,222.58697755972756,45.499659723159844,10.85828997790149,12294.645177947537,7646.928265472908,0.23644151530758734,0.4113743714831527,0.6720532342987344,0.5482641881598127,0.09150525039367831,0.040361440357034636
420.0,15,stripping_volume_3,tray,190.41431114285405,222.66499097436966,45.2927598822771,10.789406526680354,12351.494147978488,7683.651050763907,0.19955710871074606,0.3571542618119231,0.7070737745014477,0.599692965867177,0.09336911678780617,0.0431527723208999
420.0,16,stripping_volume_4,tray,195.484572580908,222.7345895872017,53.45980930121392,12.170110426308774,12426.752567402269,7740.243839181814,0.1613656654067743,0.29735776849854256,0.7428620941448865,0.656156237069781,0.09577224044833925,0.0464859944316764
420.0,17,stripping_volume_5,tray,200.62922878448202,222.80555971845172,53.16059268398221,12.097060801845629,12512.423668248946,7815.220991297417,0.12426533669799149,0.2356273745534003,0.7760906090016925,0.7136093014871588,0.09964405430031599,0.0507633239594409
420.0,18,stripping_volume_6,tray,205.7083596961741,222.87850602230884,53.191799031234325,11.999410389988332,12589.863177804242,7900.617826881298,0.0903167978521345,0.17600875620405146,0.8020706855979104,0.7666031277921829,0.10761251654995513,0.05738811600376563
420.0,19,stripping_volume_7,tray,210.92274452831347,222.95279388547016,52.75533012218877,11.931666786085467,12624.84815534221,7977.7912149949,0.060825615843486246,0.12188449215636411,0.8127982983320117,0.8077368225986269,0.12637608582450213,0.0703786852450091
420.0,20,combined_reboiler_sump,reboiler_sump,217.18198368829027,222.9781131137936,757.4161910286446,77.57086288655312,,8012.516321603158,0.03627757358016818,0.0752437660162363,0.7920163777667727,0.8246436689713577,0.17170604865305916,0.10011256501240597
450.0,1,reflux_drum,reflux_drum,120.87170960929603,221.83263709799135,1824.059949462769,107.37372829399713,,,0.8807976197705354,0.9465349967858881,0.11915976357370692,0.05345517737640578,4.2616655757635516e-05,9.825837706098143e-06
450.0,2,rectifying_volume_1,tray,130.39465032221744,221.88021549761083,37.99671318436361,49.615290680735896,5657.963430369179,8488.321279530126,0.7559124495097942,0.8798651372785193,0.24391726020696508,0.12009145061366114,0.00017029028324071856,4.3412107819522676e-05
450.0,3,rectifying_volume_2,tray,141.50369153833716,221.92940233143,34.26101343795882,12.839397922512074,5436.455064989291,8192.811057032262,0.6232538570012708,0.7935023488547742,0.3762875999202972,0.20636596437271243,0.00045854307843194524,0.0001316867725133166
450.0,4,rectifying_volume_3,tray,151.88496043524106,221.97843795282753,33.32891582804066,12.619754481958841,5311.199984312239,7971.033469036817,0.5105710613426194,0.7039959019755463,0.4884091085675515,0.29567676274347726,0.0010198300898291324,0.00032733528097644344
450.0,5,rectifying_volume_4,tray,159.91263604724682,222.02776349062478,32.750951124487244,12.463552171552882,5253.934751338334,7845.523153588955,0.43011031311235,0.6289254870600982,0.5678707703427741,0.37036907662519314,0.0020189165448758315,0.0007054363147084497
450.0,6,rectifying_volume_5,tray,165.36430166956978,222.07741919324818,32.35439704784016,12.36937102521055,5229.201540894824,7788.028993273225,0.37872988490023163,0.575448512121946,0.6175446571692733,0.42317402581594804,0.003725457930495181,0.0013774620621059626
450.0,7,rectifying_volume_6,tray,168.83267702752093,222.12741560672157,32.139698599191235,12.31072591468046,5214.988356605495,7763.09042284712,0.34785638454817186,0.5412471932189518,0.6455477945000653,0.4562273892004983,0.006595820951762857,0.0025254175805498697
450.0,8,rectifying_volume_7,tray,171.05281420706885,222.17764653557396,31.999789909326676,12.273551426582678,5200.259689418873,7748.688711728044,0.3296820144053333,0.5207231144492919,0.6589231380180472,0.4748212219775568,0.011394847576619368,0.004455663573151303
450.0,9,rectifying_volume_8,tray,172.6328684624474,222.2279509020138,31.84866949501191,12.248453361191572,5178.4427686608105,7733.782185636396,0.3186985289420415,0.508795811248084,0.6619194864239316,0.48352483066808055,0.019381984634026912,0.007679358083835424
450.0,10,rectifying_volume_9,tray,174.04244338977455,222.27818055885731,31.644874304422867,12.2263985323967,5143.262852806958,7711.793539591382,0.3113195779572129,0.5018965887899943,0.6560969802034197,0.4850700878303525,0.03258344183936741,0.013033323379653239
450.0,11,rectifying_volume_10,tray,175.68493003010008,222.32823088306088,31.372636987002885,12.197357420651871,5086.561017635568,7676.445077695511,0.3051496098897745,0.4977651324078618,0.6407140984166946,0.48038408865716886,0.05413629169353098,0.02185077893496925
450.0,12,feed_tray,tray,177.98525811089482,222.4032165292552,45.86944466839782,10.975273488412089,12236.489033016127,7619.576200615518,0.2983983179174671,0.49500889041532675,0.613049440928284,0.468830315173263,0.08855224115424892,0.036160794411410166
450.0,13,stripping_volume_1,tray,181.47910883982615,222.4789269411703,45.67645322519606,10.92179970288906,12257.16544232566,7626.290532823563,0.26982845187643456,0.45757822801070064,0.6402548817634147,0.5043850482406546,0.08991666636015072,0.03803672374864484
450.0,14,stripping_volume_2,tray,185.66386686718323,222.55567867601238,45.49919690089237,10.856625041213912,12294.156843568182,7646.717287067275,0.23638883970556013,0.41131459786166824,0.6721008836067319,0.5483218304009995,0.09151027668770806,0.04036357173733235
450.0,15,stripping_volume_3,tray,190.40859427127688,222.63369524390032,45.29228284721789,10.787741695527702,12351.022039209434,7683.452543372533,0.1994993765060753,0.3570809802180458,0.7071262273625583,0.5997634269078451,0.09337439613136629,0.04315559287410916
450.0,16,stripping_volume_4,tray,195.4790912823024,222.70329634280597,53.459338480372516,12.168230150863328,12426.289184341269,7740.059917732892,0.16130784986892763,0.2972771207733519,0.742914497673821,0.6562336183762465,0.09577765245725145,0.046489260850401545
450.0,17,stripping_volume_5,tray,200.62331516277337,222.7742690521001,53.16015903782131,12.095201859573303,12511.954031106641,7815.044115652431,0.1242124996799865,0.23554751709947672,0.7761378790990328,0.7136857066387189,0.09964962122098066,0.05076677626180426
450.0,18,stripping_volume_6,tray,205.70145215114627,222.8472178097406,53.19139949013223,11.99758547789895,12589.36729989849,7900.433053885193,0.09027291680506057,0.17593780452141447,0.8021084673225057,0.7666705302201167,0.10761861587243357,0.05739166525846892
450.0,19,stripping_volume_7,tray,210.91452945671088,222.92150777596476,52.754952183125496,11.929872622655788,12624.306097442834,7977.578621305765,0.06079294746939072,0.12182856700606472,0.8128231048663463,0.8077886988627322,0.1263839476642629,0.07038273413120305
450.0,20,combined_reboiler_sump,reboiler_sump,217.17249856456615,222.94682973647662,757.4383751143321,77.55815523112476,,8012.256029866675,0.03625666434076038,0.07520607280392243,0.7920241906959835,0.8246751284774351,0.17171914496325627,0.10011879871864264
480.0,1,reflux_drum,reflux_drum,120.86314004509646,221.80089029114257,1820.5722624248315,107.6157718072937,,,0.8807537226496314,0.9465168409933198,0.11920362608807741,0.05347332591660085,4.265126229115105e-05,9.833090079389264e-06
480.0,2,rectifying_volume_1,tray,130.3896341937607,221.8484758503507,37.996898415773394,49.60678749906261,5657.900030015556,8488.621176458031,0.7558229290470434,0.8798193282725291,0.24400668083792657,0.12013723530111334,0.00017039011502998632,4.343642635760757e-05
480.0,3,rectifying_volume_2,tray,141.50141493242623,221.89766983260373,34.26100138449917,12.837162743002077,5436.40449236562,8193.038737077333,0.6231374791081418,0.7934283331757301,0.3764037628010913,0.20643991641200604,0.00045875809076703075,0.00013175041226389303
480.0,4,rectifying_volume_3,tray,151.8832980086321,221.94671286409866,33.32898244842474,12.617557658314059,5311.196812422439,7971.273126078215,0.5104552556760624,0.7039076395439606,0.4885245414539567,0.2957648958617345,0.00102020286998101,0.00032746459430483686
480.0,5,rectifying_volume_4,tray,159.9098305402327,221.99604608469068,32.75117708477871,12.461415052212626,5253.969837177176,7845.809469949934,0.43001125551007674,0.6288405718237939,0.5679692658765653,0.37045377924484085,0.002019478613357988,0.0007056489313651828
480.0,6,rectifying_volume_5,tray,165.3597389436165,222.04570956928734,32.354765202803435,12.367287874262631,5229.255407575971,7788.352779005135,0.37865050233632036,0.5753765658045644,0.6176232548208631,0.4232456708082737,0.003726242842816577,0.0013777633871618928
480.0,7,rectifying_volume_6,tray,168.82651177018593,222.09571371624006,32.140166196307455,12.308683569484568,5215.0477744249665,7763.4321431261815,0.3477932603139515,0.5411894708272533,0.6456098636904176,0.4562847239053953,0.0065968759956309565,0.002525805267351358
480.0,8,rectifying_volume_7,tray,171.04545035435265,222.14595226250128,32.00031817528085,12.271537489322634,5200.318215637371,7749.035128151824,0.3296304954430967,0.5206769603876527,0.658973264862479,0.47486690972486395,0.01139623969442421,0.004456129887483301
480.0,9,rectifying_volume_8,tray,172.62469029573683,222.19626411549004,31.8492297576266,12.246458847984902,5178.497767647459,7734.126896560558,0.31865472626486935,0.5087578859707079,0.6619614691887175,0.48356222726994014,0.01938380454641321,0.007679886759352073
480.0,10,rectifying_volume_9,tray,174.03373567038642,222.24650113369543,31.645447148533115,12.22441825131909,5143.313458899571,7712.133981975627,0.31128075255258836,0.5018641468203446,0.6561334359875793,0.48510197075834344,0.03258581145983236,0.013033882421311978
480.0,11,rectifying_volume_10,tray,175.6758776401472,222.2965587026956,31.37320987484618,12.195389768920208,5086.60718313572,7676.780461841085,0.3051140124094593,0.49773625899074214,0.6407466069919129,0.48041242840905446,0.054139380598627884,0.021851312600203416
480.0,12,feed_tray,tray,177.9759678567596,222.3715501815182,45.8691024717706,10.973611358649709,12235.976261552634,7619.906511745515,0.2983649317413437,0.4949823787831821,0.613078773425866,0.4688564010323964,0.08855629483279033,0.03616122018442167
480.0,13,stripping_volume_1,tray,181.47117990422026,222.44726292335085,45.676041703470474,10.920124151566926,12256.660290420214,7626.060277887251,0.26978450916673163,0.4575351134680272,0.6402942551192197,0.5044269069648827,0.08992123571404868,0.03803797956709005
480.0,14,stripping_volume_2,tray,185.65716042944518,222.52401736878986,45.498739387217036,10.854941645043136,12293.665928656063,7646.493107906848,0.2363361479570818,0.4112549577550372,0.6721485996041817,0.5483793927554973,0.09151525243873652,0.04036564948946551
480.0,15,stripping_volume_3,tray,190.4027218319857,222.60203704361228,45.2918113475054,10.78605846015543,12350.547439517104,7683.241116764774,0.1994416262804639,0.35700781500638673,0.7071787517491319,0.5998338278162545,0.09337962197040409,0.04315835717735888
480.0,16,stripping_volume_4,tray,195.47345670883456,222.67164059437494,53.45887544209088,12.166328971098077,12425.823481094394,7739.86335649514,0.1612499963613532,0.29719653817720876,0.7429669976491209,0.6563109936197055,0.09578300598952574,0.04649246820308581
480.0,17,stripping_volume_5,tray,200.61725164035974,222.74261585076715,53.15973347683396,12.093321993961974,12511.482310413625,7814.854980436162,0.12415959632412514,0.23546765137238734,0.7761852837539552,0.7137621843017875,0.09965511992191965,0.050770164325825026
480.0,18,stripping_volume_6,tray,205.6943981655598,222.81556703526687,53.191008497777375,11.99573968269328,12588.869659671669,7900.236462253782,0.09022893892893248,0.17586675980727662,0.8021464301405177,0.7667380995264835,0.10762463093054989,0.05739514066623984
480.0,19,stripping_volume_7,tray,210.90617101627979,222.88985908229736,52.75458330338274,11.928057562065222,12623.762649994866,7977.354728767607,0.0607601545982984,0.12177246403580157,0.8128481348055532,0.8078408385940961,0.12639171059614837,0.0703866973701023
480.0,20,combined_reboiler_sump,reboiler_sump,217.16287459194223,222.9151837559444,757.4609312961315,77.54529874101743,,8011.985006047827,0.03623560853126587,0.07516812438179363,0.7920322192772481,0.8247069194957692,0.17173217219148598,0.1001249561224373
510.0,1,reflux_drum,reflux_drum,120.85447590005154,221.76880229602693,1816.9620910479164,107.86656601805905,,,0.8807093682407052,0.9464984981626526,0.11924794606896277,0.05349166154513075,4.268569033193736e-05,9.84029221662094e-06
510.0,2,rectifying_volume_1,tray,130.38448573987785,221.8163949834827,37.9970962747951,49.598201071863095,5657.8381193082105,8488.907731184725,0.7557334145697684,0.8797735911661082,0.2440960980977418,0.12018294880438388,0.0001704873324897912,4.346002950789937e-05
510.0,3,rectifying_volume_2,tray,141.49897443679492,221.86559609244478,34.26100388512656,12.834906752837348,5436.356006823111,8193.255246164745,0.6230214223707112,0.7933546474504658,0.37651961210928725,0.2065135408473073,0.0004589655200014967,0.00013181170222698505
510.0,4,rectifying_volume_3,tray,151.88145969011723,221.9146465149532,33.3290640548427,12.615340472195454,5311.19577427352,7971.502408355782,0.5103398353113525,0.7038198328945212,0.4886396049629199,0.2958525787410505,0.0010205597257275359,0.00032758836442829545
510.0,5,rectifying_volume_4,tray,159.90685327529957,221.9639874011355,32.75141756230812,12.459257569793671,5254.007044398816,7846.0856495814505,0.4299124941226,0.628756086838516,0.5680674936440205,0.3705380624007538,0.002020012233379479,0.0007058507607302307
510.0,6,rectifying_volume_5,tray,165.35501434490484,222.01365865328177,32.35514747868292,12.365184201959455,5229.311500537293,7788.666588368423,0.3785712926500886,0.5753049493336786,0.6177017257493683,0.42331700446337206,0.0037269816005431654,0.0013780462029493279
510.0,7,rectifying_volume_6,tray,168.82019325372744,222.0636705229965,32.14064793470019,12.306620560384928,5215.109629158225,7763.764147534588,0.3477302097745383,0.5411319759391843,0.6456719291923154,0.45634186024490025,0.006597861033146321,0.002526163815915437
510.0,8,rectifying_volume_7,tray,171.03793828986014,222.1139166799999,32.00086098051034,12.269502803709262,5200.379450481129,7749.372183083624,0.329578987550121,0.5206309603108099,0.6590234806098969,0.47491248634294786,0.011397531839982104,0.004456553346242223
510.0,9,rectifying_volume_8,tray,172.61636565392237,222.16423601686134,31.849805181552572,12.244443555547434,5178.555769046945,7734.462654545997,0.31861090257320424,0.5087200726918568,0.6620036058045169,0.48359957067639286,0.01938549162227886,0.007680356631750209
510.0,10,rectifying_volume_9,tray,174.02488124853528,222.21448039748245,31.646035777216625,12.222417196048822,5143.367335634643,7712.465898756357,0.311241894050992,0.5018317992140346,0.6561700825995889,0.4851338326889349,0.03258802334941916,0.013034368097030518
510.0,11,rectifying_volume_10,tray,175.6666785949184,222.26454521559674,31.373798809731493,12.19340135287238,5086.656777556242,7677.107721021278,0.3050783782274153,0.49770747836369644,0.640779300239425,0.4804407521953857,0.05414232153315962,0.021851769440917844
510.0,12,feed_tray,tray,177.96653508433033,222.33954251572558,45.868765016619285,10.971931655124951,12235.461088605743,7620.228988112271,0.2983314999177154,0.4949559673839849,0.6131082006824982,0.4688824342474586,0.0885602993997863,0.03616159836855648
510.0,13,stripping_volume_1,tray,181.46310263461618,222.41525753517408,45.675635538593944,10.91843115855012,12256.152858724405,7625.816535310065,0.2697405659980524,0.4574921524462174,0.6403336812899934,0.5044686642463706,0.08992575271195415,0.038039183307411906
510.0,14,stripping_volume_2,tray,185.65030210429825,222.4920146402584,45.498287643625936,10.853240911842013,12293.17281744142,7646.255749005309,0.2362834809465394,0.4111954990196812,0.6721963460963728,0.5484368296717267,0.09152017295708784,0.04036767130859208
510.0,15,stripping_volume_3,tray,190.396696802343,222.57003737274545,45.29134585721081,10.784357942976467,12350.070722057313,7683.016785684747,0.19938390263982192,0.3569348241071411,0.7072313079584318,0.5999041135211534,0.09338478940174634,0.04316106237170538
510.0,16,stripping_volume_4,tray,195.46767170969213,222.63964333887102,53.458420681864055,12.164408153016842,12425.355826841362,7739.654162601495,0.16119214912070715,0.29711608346686585,0.743019554868099,0.6563883032585232,0.0957882960111938,0.04649561327461104
510.0,17,stripping_volume_5,tray,200.61104146673836,222.71062110911416,53.159316470237286,12.091422453681519,12511.0088839029,7814.6535925394555,0.12410666651545459,0.23538783839104588,0.7762327882930031,0.7138386768374604,0.09966054519154234,0.05077348477149381
510.0,18,stripping_volume_6,tray,205.6872018217742,222.78357469140184,53.19062650162987,11.993874226414942,12588.370659611544,7900.028071058482,0.09018489671449981,0.17579567500819612,0.8021845472509158,0.7668057862508549,0.10763055603458442,0.05739853874094885
510.0,19,stripping_volume_7,tray,210.89767436281844,222.8578687951698,52.75422391648929,11.926222801843668,12623.218255424918,7977.119584713647,0.0607272606725993,0.12171622348894962,0.8128733716544971,0.8078932053721559,0.12639936767290352,0.07039057113889444
510.0,20,combined_reboiler_sump,reboiler_sump,217.15311800650736,222.8831961605286,757.4838456377803,77.53230191751992,,8011.703340824703,0.036214420231893495,0.07512994598228906,0.7920404594566802,0.8247390217490349,0.1717451203114263,0.100131032268676
540.0,1,reflux_drum,reflux_drum,120.84572353771702,221.73639470766133,1813.2319109431842,108.12593167141513,,,0.880664578479156,0.9464799768230882,0.11929270160317465,0.0535101757373692,4.2719917669337284e-05,9.847439542672517e-06
540.0,2,rectifying_volume_1,tray,130.37920824367967,221.78399448593441,37.99730670176785,49.5895372015032,5657.777766504549,8489.180534662783,0.7556439679868553,0.8797279577978333,0.24418545017699547,0.12022855930954997,0.00017058183614927322,4.3482892616692334e-05
540.0,3,rectifying_volume_2,tray,141.49637087557022,221.8332026939429,34.261021074763306,12.832631486343328,5436.309677735025,8193.460258343357,0.6229057735297315,0.7932813477200792,0.3766350613494935,0.2065867817105763,0.00045916512077505764,0.0001318705693445474
540.0,4,rectifying_volume_3,tray,151.8794456314749,221.8822604822988,33.32916074276767,12.613104434850968,5311.196907530203,7971.720994076579,0.5102248885386494,0.7037325506257976,0.48875421126873403,0.2959397429427259,0.0010209001926164809,0.0003277064314765187
540.0,5,rectifying_volume_4,tray,159.90370522126676,221.93160901061322,32.7516725396163,12.457081192022189,5254.0463842162,7846.351341785839,0.4298141048366634,0.6286720985459631,0.5681653785178854,0.37062185993567465,0.0020205166454514067,0.000706041518362297
540.0,6,rectifying_volume_5,tray,165.350130189958,221.9812880095935,32.35554375551687,12.363061435090614,5229.369819569895,7788.970046786815,0.3784923165167362,0.5752337189900283,0.6177800104263995,0.4233879709438279,0.003727673056864296,0.0013783100661438697
540.0,7,rectifying_volume_6,tray,168.81372502693242,222.03130758514155,32.14114362617522,12.304538282949773,5215.173919703953,7764.086052463215,0.34766728097599076,0.5410747536395111,0.645733944611994,0.45639875377125466,0.006598774412015324,0.0025264925892342213
540.0,8,rectifying_volume_7,tray,171.03028246732003,222.0815613401427,32.001418100329204,12.267448743719553,5200.44339719107,7749.699494256702,0.32952752984104927,0.5205851502962743,0.6590737484408219,0.474957916619224,0.01139872171812884,0.0044569330845018245
540.0,9,rectifying_volume_8,tray,172.6078995826237,222.13188815226752,31.850395528682967,12.242408843381028,5178.616782543867,7734.7890837728455,0.3185670911694415,0.5086824012197169,0.6620458660281877,0.48363683219048864,0.019387042802370764,0.007680766589794434
540.0,10,rectifying_volume_9,tray,174.0158855351494,222.18213989056312,31.646639952862056,12.220396715731432,5143.424499409271,7712.788922555665,0.3112030321281672,0.5017995717486365,0.6562068942023636,0.4851656491644846,0.032590073669469234,0.01303477908687872
540.0,11,rectifying_volume_10,tray,175.65733854308186,222.23221195644106,31.37440355911951,12.191393512339577,5086.709822625811,7677.426496480126,0.30504273473354493,0.497678813821566,0.6408121551090246,0.480469038072803,0.05414511015743057,0.021852148105630985
540.0,12,feed_tray,tray,177.95696565647742,222.3072150618204,45.868432664662706,10.970235509072126,12234.943918585874,7620.543278152384,0.298298048193963,0.49492967798445103,0.6131377008857875,0.4689083939646464,0.08856425092024964,0.03616192805090254
540.0,13,stripping_volume_1,tray,181.45488176534582,222.38293230419526,45.67523515311571,10.916721866845242,12255.643547100415,7625.559339409981,0.26969665685530053,0.4574493803133896,0.6403731301643208,0.5045102863342908,0.0899302129803786,0.03804033335231948
540.0,14,stripping_volume_2,tray,185.64329564453496,222.45969201530448,45.497842132383376,10.851523991489673,12292.677899787772,7646.005243394724,0.23623088015478202,0.411136270138105,0.6722440863180338,0.5484940949680105,0.0915250335271842,0.0403696348938846
540.0,15,stripping_volume_3,tray,190.390522300502,222.5377177532318,45.29088685113641,10.78264129379854,12349.59226535671,7682.77957645788,0.1993262508391779,0.35686206623644284,0.7072838556670124,0.599974228168323,0.0933898934938099,0.043163705595234164
540.0,16,stripping_volume_4,tray,195.4617392716881,222.60732609594905,53.45797469444158,12.162468993620118,12424.886595921465,7739.432354321554,0.1611343530379764,0.29703582028715103,0.7430721295023107,0.6564654868699044,0.09579351745971287,0.04649869284294458
540.0,17,stripping_volume_5,tray,200.60468803284562,222.67830634449183,53.15890848586169,12.089504518184334,12510.534134394169,7814.4399695693855,0.12405375074733982,0.23530814007999634,0.7762803574607318,0.7139151257076438,0.09966589179192845,0.05077673421235992
540.0,18,stripping_volume_6,tray,205.67986735301565,222.7512622933454,53.19025394708186,11.991990361526339,12587.87070738262,7899.807909812209,0.09014082317681293,0.17572460391321312,0.8022227913539012,0.7668735400934181,0.10763638546928589,0.05740185599336885
540.0,19,stripping_volume_7,tray,210.88904481490377,222.82555842796648,52.75387445341886,11.924369569655587,12622.673361594452,7976.873246795574,0.060694289555629284,0.12165988633149645,0.812898798540129,0.8079457620596711,0.12640691190424172,0.07039435160883241
540.0,20,combined_reboiler_sump,reboiler_sump,217.14323521580187,222.8508884612344,757.507103697119,77.51917348131836,,8011.411135256367,0.03619311383828749,0.07509156341576681,0.7920489070028898,0.8247714144318511,0.1717579791588228,0.1001370221523822
570.0,1,reflux_drum,reflux_drum,120.836889456111,221.70368962936925,1809.3843199494008,108.39368095097056,,,0.8806193760883456,0.9464612858330095,0.11933786999002975,0.05352885963960148,4.275392162474175e-05,9.854527389087252e-06
570.0,2,rectifying_volume_1,tray,130.37380511162257,221.75129645490995,37.997529627695364,49.58080182102313,5657.719039353412,8489.43918735892,0.755554652141517,0.8796824604536472,0.24427467433177052,0.12027403455523304,0.00017067352671269368,4.350499111977017e-05
570.0,3,rectifying_volume_2,tray,141.49360518995118,221.80051172832611,34.261053079131536,12.830338511534405,5436.265573312179,8193.653456115604,0.6227906203004637,0.7932084905974379,0.3767500230500887,0.20665958246142377,0.0004593566494475623,0.00013192694113839094
570.0,4,rectifying_volume_3,tray,151.8772561042924,221.84957685123726,33.32927259717421,12.610851090554583,5311.200248147255,7971.928569039668,0.5101105045551114,0.7036458619683018,0.4888682716339539,0.2960263193944365,0.0010212238109345861,0.0003278186372616629
570.0,5,rectifying_volume_4,tray,159.90038747573934,221.89893299192317,32.75194198742933,12.454887419113735,5254.087865764423,7846.606202713037,0.42971616433398835,0.6285886739992209,0.5682628445660479,0.37070510507715493,0.002020991099963817,0.000706220923624127
570.0,6,rectifying_volume_5,tray,165.34508893442683,221.9486197106788,32.355953900417774,12.360921032571195,5229.430362139268,7789.262785980394,0.37841363529944655,0.5751629316034644,0.617858048617736,0.4234585138557439,0.0037283160828175703,0.00137855454079164
570.0,7,rectifying_volume_6,tray,168.80711078703624,221.9986469688659,32.141653068646114,12.302438164619206,5215.240642437373,7764.397480183355,0.34760452256567803,0.5410178494923911,0.6457958629250394,0.45645535954450595,0.006599614509282505,0.0025267909631031113
570.0,8,rectifying_volume_7,tray,171.02248749678773,222.04890830298677,32.00198929529478,12.265376715016217,5200.510056300763,7750.016684932509,0.3294761619644596,0.5205395668380937,0.6591240309573303,0.4750031649041722,0.011399807078210178,0.004457268257734199
570.0,9,rectifying_volume_8,tray,172.5992972904638,222.0992425757749,31.851000545388125,12.240356102524876,5178.68081493721,7735.105813617482,0.3185233258368267,0.5086449017256275,0.6620882190741415,0.48367398272226136,0.019388455089031715,0.007681115552111104
570.0,10,rectifying_volume_9,tray,174.00675410977217,222.14950166114937,31.647259421725717,12.2183581909164,5143.484963579487,7713.102690860561,0.31116419689766256,0.5017674905193117,0.6562438444472296,0.485197395370612,0.032591958655107806,0.013035114110076254
570.0,11,rectifying_volume_10,tray,175.64786330591122,222.1995809677117,31.3750238740608,12.189367618429252,5086.766336948659,7677.736434019264,0.3050071097210041,0.4976502889365903,0.6408451480841142,0.4804972637785394,0.05414774219488168,0.02185244728487013
570.0,12,feed_tray,tray,177.94726560908725,222.274589857514,45.86810577707235,10.968524078230747,12234.425161542687,7620.849034621294,0.29826460269751454,0.49490353259208314,0.6131672518524033,0.46893425906596536,0.08856814545008211,0.036162208341951434
570.0,13,stripping_volume_1,tray,181.44652219180023,222.3503092657595,45.67484096937519,10.914997446041781,12255.132760844714,7625.28873741785,0.26965281669426927,0.45740683283692307,0.6404125711743038,0.5045517390626019,0.08993461213142692,0.0380414281004751
570.0,14,stripping_volume_2,tray,185.63614495260236,222.4270715266203,45.49740331573346,10.84979206047792,12292.181570745008,7645.74163662073,0.23617838761299634,0.41107732016137394,0.6722917829721662,0.548551141885811,0.09152982941483752,0.040371537952815104
570.0,15,stripping_volume_3,tray,190.38420158598362,222.5051002148186,45.29043480400661,10.78090968901042,12349.112452875415,7682.52952747482,0.19926871673280858,0.35678960082859007,0.7073363539730442,0.6000441151834094,0.09339492929414714,0.043166283988000584
570.0,16,stripping_volume_4,tray,195.45566251985537,222.57471089308368,53.45753797292355,12.160512819991844,12424.416167393807,7739.1979615370865,0.16107665361004625,0.2969558130999732,0.74312468113825,0.6565424832155324,0.09579866525170379,0.0465017036844943
570.0,17,stripping_volume_5,tray,200.59819487104426,222.6456935820722,53.15850998927277,12.087569496813522,12510.05844933659,7814.214140307644,0.12400089007911266,0.2352286192031214,0.7763279554539971,0.7139914715357603,0.09967115446689018,0.050779909261118444
570.0,18,stripping_volume_6,tray,205.67239914227173,222.7186518641185,53.18989127659182,11.990089370047787,12587.37021532964,7899.576018891532,0.09009675182235458,0.17565360109954475,0.8022611346750308,0.7669413099635022,0.10764211350261468,0.0574050889369531
570.0,19,stripping_volume_7,tray,210.880287851404,222.79295000189293,52.75353534172729,11.92249912246973,12622.128421244222,7976.615783379041,0.060661265510019394,0.1216034942148291,0.8129243982233699,0.8079984708339748,0.1264143362666107,0.07039803495119613
570.0,20,combined_reboiler_sump,reboiler_sump,217.13323279480426,222.81828267688354,757.5306905315641,77.50592236666591,,8011.108501106846,0.036171704051288445,0.0750530030527856,0.792057557507034,0.8248040762230453,0.1717707384416776,0.10014292072416908
600.0,1,reflux_drum,reflux_drum,120.82798028172282,221.67070965639672,1805.4220364549067,108.66961762372156,,,0.8805737845812766,0.9464424343822819,0.11938342773966111,0.0535477040667221,4.278767906242193e-05,9.86155099610359e-06
600.0,2,rectifying_volume_1,tray,130.36827987220215,221.71832347951496,37.997764974021194,49.572000989581824,5657.662004960206,8489.68330029582,0.755465530751757,0.8796371318352416,0.24436370694300924,0.1203193418641715,0.0001707623052337237,4.352630058698024e-05
600.0,3,rectifying_volume_2,tray,141.4906784407331,221.7675457786941,34.26110001420564,12.828029428878367,5436.223760441193,8193.834531289944,0.6226760512733113,0.7931361332002449,0.3768644088620922,0.20673188605389461,0.0004595398645964069,0.00013198074586049364
600.0,4,rectifying_volume_3,tray,151.874891503699,221.81661819870652,33.32939969198989,12.60858201538359,5311.205830232576,7972.124827449826,0.5099967733600415,0.7035598366993201,0.48898169651323997,0.29611223847505264,0.0010215301267184605,0.00032792482562726995
600.0,5,rectifying_volume_4,tray,159.89690126789222,221.8659819156608,32.75222586423335,12.452677782598672,5254.131495989707,7846.8498961633195,0.4296187500015805,0.6285058807803285,0.5683598151394862,0.37078773051933367,0.0020214348589331203,0.0007063887003378162
600.0,6,rectifying_volume_5,tray,165.33989317416618,221.91567632074606,32.35637776725756,12.35876448431679,5229.493123279794,7789.544444778011,0.37833531097923107,0.5750926444842207,0.6179357794507131,0.42352857631638835,0.0037289095700559468,0.001378779199391013
600.0,7,rectifying_volume_6,tray,168.8003543792574,221.9657112320664,32.142176045882046,12.300321663618446,5215.309791096595,7764.698059653257,0.34754198373821227,0.5409613094873944,0.6458576365263133,0.45651163218483776,0.006600379735474557,0.0025270583277678723
600.0,8,rectifying_volume_7,tray,171.0145581431076,222.01598012024732,32.00257431097466,12.263288153886574,5200.579425508092,7750.323384687766,0.3294249240598061,0.520494246804277,0.659174290220197,0.47504819515155067,0.011400785719996817,0.004457558044172291
600.0,9,rectifying_volume_8,tray,172.5905641469097,222.06632183305751,31.85161996227015,12.238286754510371,5178.747869994759,7735.4124794136205,0.31847964080310137,0.508607604708937,0.6621306336427272,0.48371099282068847,0.019389725554171552,0.007681402470374605
600.0,10,rectifying_volume_9,tray,173.99749271808216,222.11658824900874,31.647893913655363,12.216303032523099,5143.548738296417,7713.406846763334,0.3111254188782101,0.5017355819079049,0.6562809064967111,0.48522904616316864,0.03259367462507869,0.013035371928926417
600.0,11,rectifying_volume_10,tray,175.63825887460655,222.16667478339332,31.375659488898624,12.187325072500647,5086.826335828925,7678.037184706463,0.3049715313556638,0.49762192752961887,0.6408782552019999,0.4805254067551047,0.054150213442336385,0.021852665715276366
600.0,12,feed_tray,tray,177.93744114805617,222.2416894319874,45.86778471380866,10.96679854598343,12233.905232691113,7621.14591528702,0.2982311899069677,0.49487755342726836,0.6131968310503785,0.4689600081945286,0.0885719790426538,0.03616243837820295
600.0,13,stripping_volume_1,tray,181.4380289688968,222.31741094670775,45.674453408752484,10.913259091432602,12254.620910216649,7625.004789849656,0.2696090809013893,0.4573645461383124,0.6404519733286655,0.5045929878916481,0.0899389457699452,0.038042465970039546
600.0,14,stripping_volume_2,tray,185.62885408026833,222.39417569841413,45.49697165509151,10.848046321021936,12291.684230084675,7645.464987112479,0.23612604585391667,0.4110186986483996,0.6723393982712558,0.5486079231460192,0.09153455587482767,0.04037337820558113
600.0,15,stripping_volume_3,tray,190.3777380600401,222.472207278784,45.28999018963619,10.779164330692378,12348.631672549867,7682.266689557656,0.19921134672147373,0.35671748796440544,0.707388761441225,0.6001137173384424,0.0933998918373013,0.043168794697152214
600.0,16,stripping_volume_4,tray,195.44944471782154,222.5418202492886,53.45711100782722,12.15854098830221,12423.944924573558,7738.951026105906,0.16101909688842475,0.2968761271091799,0.7431771688205624,0.6566192303111484,0.09580373429101297,0.04650464257967162
600.0,17,stripping_volume_5,tray,200.59156565486384,222.61280533857095,53.158121442858786,12.085618727828617,12509.582220323784,7813.976145050854,0.12394812609119511,0.23514933929337184,0.776375545958431,0.7140676541712143,0.0996763279503739,0.050783006535413705
600.0,18,stripping_volume_6,tray,205.664801720878,222.68576591828875,53.18953892878417,11.988172562615839,12586.869599951055,7899.332449847769,0.09005271661413888,0.17558272187488203,0.8022995489910144,0.7670090440312887,0.10764773439484669,0.057408234093829356
600.0,19,stripping_volume_7,tray,210.87140910861677,222.76006602970415,52.75320700466716,11.920612745648688,12621.58389141105,7976.347273782401,0.060628213174578206,0.12154708943594399,0.8129501531120333,0.8080512932205733,0.12642163371338846,0.07040161734348263
600.0,20,combined_reboiler_sump,reboiler_sump,217.12311748149133,222.78540131784575,757.5545907050639,77.49255771493763,,8010.795561015942,0.03615020586574496,0.07501429180464186,0.7920664063830875,0.8248369852992978,0.17178338775116758,0.10014872289606039
630.0,1,reflux_drum,reflux_drum,120.81900276312648,221.63747785815974,1801.3478974781613,108.95353720182565,,,0.8805278282606265,0.9464234319939014,0.1194293505729713,0.05356669950058349,4.282116640226639e-05,9.868505515081622e-06
630.0,2,rectifying_volume_1,tray,130.36263617441216,221.68509862301298,37.99801265241587,49.563140887540236,5657.606729650544,8489.912496004004,0.7553766683470687,0.8795920050264928,0.24445248357963492,0.12036444817673872,0.00017084807329619957,4.354679676837743e-05
630.0,3,rectifying_volume_2,tray,141.48759181072603,221.73432790228264,34.26116198565863,12.82570586996637,5436.184304518437,8194.003185781597,0.6225621558094717,0.7930643330808167,0.37697812966299954,0.20680363500653556,0.0004597145275286887,0.00013203191264765825
630.0,4,rectifying_volume_3,tray,151.8723523520274,221.78340757575342,33.329542089558345,12.606298815901667,5311.2136859139355,7972.309472674142,0.5098837856451076,0.7034745450538016,0.4890943956621003,0.2961974301033921,0.0010218186927920567,0.0003280248428063029
630.0,5,rectifying_volume_4,tray,159.89324796112848,221.83277882649864,32.75252411586334,12.450453844056181,5254.177279541759,7847.0820943945855,0.429521939837804,0.628423786914057,0.5684562129644049,0.37086966850848724,0.0020218471977912203,0.000706544577455623
630.0,6,rectifying_volume_5,tray,165.33454564611,221.88248087804612,32.356815196375116,12.356593310029103,5229.558095494602,7789.81466994215,0.3782574060813187,0.5750229153509265,0.6180131414850064,0.4235981010250762,0.0037294524336749105,0.001378983623997097
630.0,7,rectifying_volume_6,tray,168.79345979607143,221.93252340664486,32.142712327282084,12.29819026778314,5215.381356674437,7764.98742734784,0.347479714178551,0.5409051799828262,0.6459192172826225,0.45656752592757116,0.006601068538826485,0.0025272940896025695
630.0,8,rectifying_volume_7,tray,171.00649932407248,221.982799817604,32.0031728777374,12.261184526094954,5200.651499550404,7750.619230227671,0.3293738567119489,0.520449227391957,0.6592244877883433,0.47509297096083164,0.011401655499707782,0.004457801647211418
630.0,9,rectifying_volume_8,tray,172.58170567977646,222.03314894371167,31.852253493939074,12.2362022502305,5178.817948309371,7735.7087232405365,0.3184360707020394,0.5085705409599169,0.6621730779505859,0.48374783270754323,0.019390851347374765,0.007681626332539768
630.0,10,rectifying_volume_9,tray,173.9881072690581,222.083422667786,31.64854314183955,12.21423268072106,5143.615830345742,7713.701039719542,0.3110867289592296,0.501703872550369,0.6563180530490255,0.48526057609683,0.032595217991744925,0.013035551352800965
630.0,11,rectifying_volume_10,tray,175.62853140724485,222.133516411301,31.376310120995722,12.185267305055639,5086.889831097196,7678.32840561883,0.30493602814383053,0.4975937536398028,0.6409114520757185,0.4805534441764316,0.05415251978045098,0.021852802183765577
630.0,12,feed_tray,tray,177.92749864590706,222.20853678822652,45.867469832939314,10.965060120422107,12233.384551914127,7621.433583643491,0.2981978366215471,0.4948517628939078,0.6132264156228585,0.46898561978128006,0.0885757477555943,0.03616261732481224
630.0,13,stripping_volume_1,tray,181.42940730923627,222.2842603477167,45.67407289089135,10.91150802306254,12254.108409941206,7624.707570887503,0.2695654852512471,0.4573225566456628,0.640491305247837,0.5046339979520249,0.08994320950091599,0.038043445402312234
630.0,14,stripping_volume_2,tray,185.6214272280423,222.36102752875553,45.49654761020958,10.846288000098303,12291.186281812646,7645.175366550599,0.23607389786039334,0.4109604556020281,0.6723868939808543,0.5486643910083029,0.09153920815875224,0.04037515338966908
630.0,15,stripping_volume_3,tray,190.37113526580114,222.4390619402871,45.28955348007788,10.777406445654263,12348.150316316136,7681.991126332052,0.19915418769681,0.3566457882957784,0.7074410361502431,0.6001829768219973,0.09340477615294683,0.04317123488222426
630.0,16,stripping_volume_4,tray,195.44308926798584,222.50867715747052,53.456694286146345,12.156554882726475,12423.473254557035,7738.691602220979,0.16096172942519102,0.29679682818133807,0.7432295510977435,0.6566956655000159,0.09580871947706548,0.04650750631864608
630.0,17,stripping_volume_5,tray,200.584804198508,222.5796646046056,53.15774330491475,12.083653577348551,12509.105842598025,7813.726035964264,0.12389550083772595,0.2350703645785529,0.7764230921871033,0.7141436127575993,0.09968140697517078,0.0507860226638478
630.0,18,stripping_volume_6,tray,205.6570797668223,222.652627444332,53.189197337546986,11.986241277460715,12586.369281359683,7899.077265719612,0.09000875193476464,0.17551202221624246,0.8023380056572041,0.7670766897827485,0.10765324240803131,0.05741128800100905
630.0,19,stripping_volume_7,tray,210.862414377064,222.72692949806878,52.75288986028908,11.918711751959606,12621.040232824216,7976.067808532921,0.06059515753965441,0.12149071489496309,0.812976045274788,0.8081041901291747,0.12642879718555775,0.07040509497586225
630.0,20,combined_reboiler_sump,reboiler_sump,217.1128961719959,222.7522673684068,757.5787882963746,77.47908886759949,,8010.472448669805,0.03612863455837313,0.0749754571021469,0.7920754488683378,0.824870119350168,0.17179591657328894,0.10015442354768532
660.0,1,reflux_drum,reflux_drum,120.80996376426509,221.60401775903085,1797.1648565076698,109.24522712094532,,,0.8804815322170655,0.9464042885249089,0.1194756134233001,0.05358583608907975,4.285435963448218e-05,9.875386011348809e-06
660.0,2,rectifying_volume_1,tray,130.35687778599657,221.65164540361485,37.99827256455439,49.55422781115528,5657.553278824657,8490.126408509963,0.7552881302005761,0.8795471134575119,0.24454093906622193,0.12040932008684602,0.00017093073320210934,4.356645564214775e-05
660.0,3,rectifying_volume_2,tray,141.4843466071289,221.7008816112576,34.26123908829805,12.82336949607956,5436.147269279329,8194.15913171989,0.6224490239304652,0.7929931481517712,0.3770910956667247,0.2068747714765475,0.0004598804028102193,0.00013208037168121667
660.0,4,rectifying_volume_3,tray,151.86963930243402,221.74996848833277,33.329699840090434,12.604003127741517,5311.2238452004585,7972.4822174491455,0.5097716326787145,0.7033900576305538,0.4892062782514512,0.2962818238316565,0.00102208906983441,0.0003281185377896454
660.0,5,rectifying_volume_4,tray,159.88942905562874,221.7993472239914,32.75283667509656,12.448217193749793,5254.225218666087,7847.302478437048,0.42942581235361216,0.628342460777319,0.5685519602391654,0.3709508509329323,0.0020222274072223285,0.0007066882897485466
660.0,6,rectifying_volume_5,tray,165.32904922894522,221.84905687568315,32.35726601429276,12.354409057885528,5229.625268654734,7790.073116600582,0.378179983597703,0.5749538022549946,0.6180900727871869,0.42366703033765224,0.003729943615110062,0.0013791674073530232
660.0,7,rectifying_volume_6,tray,168.78643117620462,221.89910697932507,32.1432616676603,12.296045493290464,5215.455327308916,7765.265227760243,0.34741776400202623,0.5408495076461413,0.6459805565883658,0.45662299468103373,0.006601679409607994,0.002527497672825104
660.0,8,rectifying_volume_7,tray,170.9983161082485,221.94939087552535,32.00378471056061,12.259067325641531,5200.726270079781,7750.903865944789,0.3293230009031665,0.5204045460802106,0.6592745847606614,0.47513745562192833,0.011402414336172076,0.00445799829786105
660.0,9,rectifying_volume_8,tray,172.57272757235586,221.99974738208633,31.852900838807678,12.234104068716654,5178.891047155165,7735.994194517871,0.31839265053280913,0.5085337415207313,0.6622155197629922,0.4837844723131286,0.019391829704198667,0.0076817861661401575
660.0,10,rectifying_volume_9,tray,173.97860383174455,222.05002838584073,31.64920680257175,12.212148603718871,5143.686242984955,7713.984926165835,0.31104815836434835,0.5016723893024585,0.656355256364302,0.48529195945533093,0.032596585271349704,0.013035651242210596
660.0,11,rectifying_volume_10,tray,175.61868722532722,222.10012931392447,31.37697547047892,12.183195774537777,5086.9568309363885,7678.6097604687375,0.30490062889811065,0.4975657914927074,0.6409447139173879,0.480581352975499,0.054154657184501416,0.021852855531793648
660.0,12,feed_tray,tray,177.91744463800256,222.17515538387298,45.86716148993339,10.963310033336196,12232.863543239357,7621.711709561414,0.2981645699286367,0.4948261835483395,0.6132559824135374,0.4690110720733671,0.08857944765782584,0.03616274437829346
660.0,13,stripping_volume_1,tray,181.42066258093803,222.25088092415368,45.673699832899025,10.90974548469797,12253.595678688298,7624.39716871321,0.2695220658615778,0.45728090104347907,0.6405305352013065,0.5046747340910499,0.08994739893711574,0.038044364865471025
660.0,14,stripping_volume_2,tray,185.6138687443379,222.32765047043512,45.496131638315205,10.844518348403763,12290.68813365807,7644.872860214707,0.23602198701097007,0.41090264140149985,0.6724342314658638,0.5487204973339324,0.09154378152316611,0.04037686126456785
660.0,15,stripping_volume_3,tray,190.3643968882111,222.4056876492334,45.289125144739586,10.77563728439391,12347.668779609741,7681.702914584208,0.19909728698251608,0.356574562965886,0.7074931357431433,0.6002518353134884,0.09340957727434064,0.04317360172062555
660.0,16,stripping_volume_4,tray,195.4365997114702,222.4753050652988,53.456288290365734,12.154555914276502,12423.001547715163,7738.419756805345,0.16090459821583794,0.29671798276194766,0.7432817860706143,0.656771725530736,0.09581361571354773,0.04651029170731639
660.0,17,stripping_volume_5,tray,200.57791445611176,222.54629482556902,53.15737602868557,12.081675438208086,12508.629714523115,7813.463877472911,0.12384305679643114,0.23499175990273705,0.7764705569215926,0.714219285805045,0.09968638628197636,0.05078895429221797
660.0,18,stripping_volume_6,tray,205.6492381027406,222.61925988551005,53.18886693109038,11.984296879298581,12585.869682710943,7898.810541408757,0.08996489254722369,0.17544155870504405,0.802376475636914,0.767144194078106,0.10765863181586229,0.057414247216850116
660.0,19,stripping_volume_7,tray,210.85330959791173,222.6935638484503,52.75258432051587,11.916797480500458,12620.497909272357,7975.7774897087465,0.06056212392085521,0.1214344140497425,0.8130020564561992,0.8081571218923103,0.12643581962294553,0.07040846405794715
660.0,20,combined_reboiler_sump,reboiler_sump,217.10257591526272,222.7189042676538,757.6032669083652,77.46552535860016,,8010.139309088155,0.03610700567464934,0.07493652687261312,0.7920846800240938,0.8249034555945768,0.17180831430125684,0.10016001753281013
690.0,1,reflux_drum,reflux_drum,120.80087025698413,221.57035331796038,1792.8759810970196,109.54446693587835,,,0.880434922325728,0.9463850141667858,0.11952219043993567,0.05360510364574692,4.288723433633283e-05,9.882187467421487e-06
690.0,2,rectifying_volume_1,tray,130.35100859119692,221.61798777415095,37.998544601979056,49.545268167004465,5657.5017168331115,8490.324690955644,0.755199982262037,0.8795024908694046,0.24462900754980368,0.1204539238771332,0.00017101018815938985,4.358525346226579e-05
690.0,3,rectifying_volume_2,tray,141.48094426327089,221.6672308524259,34.26133140559047,12.821021996690634,5436.112716649131,8194.30209699295,0.6223367462099347,0.792922636613582,0.3772032165312756,0.2069452373320733,0.00046003725878967497,0.00013212605434464666
690.0,4,rectifying_volume_3,tray,151.86675314199653,221.71632487705273,33.32987298118485,12.60169661412324,5311.2363358608945,7972.642788632952,0.5096604061914081,0.703306445299565,0.48931725298115547,0.29636534893774513,0.0010223408274364703,0.00032820576268990156
690.0,5,rectifying_volume_4,tray,159.885446190488,221.76571104235242,32.75316346129385,12.445969449199689,5254.275313106904,7847.5107422516485,0.42933044647363555,0.628261971008729,0.5686469787313884,0.3710312094127859,0.0020225747949761726,0.0007068195784850008
690.0,6,rectifying_volume_5,tray,165.32340694345484,221.8154282414191,32.35773003347991,12.352213303165353,5229.694629910836,7790.319451889099,0.3781031069088552,0.5748853635044254,0.6181665110061599,0.42373530634157386,0.003730382084985049,0.0013793301540006805
690.0,7,rectifying_volume_6,tray,168.7792728033413,221.86548587148232,32.1438238070875,12.293888883326586,5215.531688190883,7765.531116597751,0.3473561836931971,0.540794339393354,0.6460416054224525,0.45667799208547444,0.006602210884350568,0.0025276685211715897
690.0,8,rectifying_volume_7,tray,170.99001371253053,221.91577720911965,32.0044095088999,12.256938073458034,5200.803725557675,7751.17694670181,0.32927239796381585,0.5203602405816563,0.6593245418193806,0.47518161216122473,0.011403060216803628,0.004458147257119055
690.0,9,rectifying_volume_8,tray,172.56363566028858,221.96614105715398,31.85356167895395,12.23199371585245,5178.967160365984,7736.268552432539,0.31834941561793356,0.5084972376450552,0.6622579264279361,0.4838208813134997,0.019392657954130272,0.007681881041445052
690.0,10,rectifying_volume_9,tray,173.96898863175076,222.01642930613508,31.64988457509114,12.21005229649036,5143.759975806408,7714.258171641973,0.31100973861358,0.5016411592040841,0.6563924882927452,0.4853231702832921,0.03259777309367475,0.013035670512623868
690.0,11,rectifying_volume_10,tray,175.60873281000804,222.0665373883313,31.377655220061193,12.181111966071098,5087.027339732376,7678.880921464124,0.30486536270219783,0.49753806546733,0.6409780155635758,0.4806091098734526,0.05415662173422627,0.021852824659217437
690.0,12,feed_tray,tray,177.90728581833469,222.14156911113992,45.86686003699691,10.961549539151417,12232.34263432363,7621.979970924588,0.29813141717151637,0.49480083806894726,0.6132855079918947,0.46903634316192194,0.08858307483658887,0.03616281876913074
690.0,13,stripping_volume_1,tray,181.4118003050722,222.21729656600291,45.67333464857958,10.907972742747306,12253.08313855697,7624.0736865564595,0.2694788591483459,0.45723961622298187,0.6405696311448036,0.504715160918754,0.08995150970685051,0.038045222858264165
690.0,14,stripping_volume_2,tray,185.60618312426035,222.29406841089965,45.49572419327654,10.842738639265395,12290.19019656447,7644.557567874061,0.23597035702536262,0.41084530673511116,0.6724813717368268,0.5487761936484363,0.09154827123781062,0.04037849961645242
690.0,15,stripping_volume_3,tray,190.35752675360368,222.3721082902184,45.28870564952407,10.773858120008057,12347.187460864883,7681.402145036269,0.1990406922753041,0.3565038735293346,0.7075450174778372,0.6003202340575601,0.09341429024685882,0.043175892413105446
690.0,16,stripping_volume_4,tray,195.4299797277584,222.44172785515508,53.45589349751674,12.152545519575924,12422.530197195256,7738.13557017615,0.1608477506415962,0.2966396577910353,0.7433338314412417,0.6568473466356884,0.09581841791716207,0.04651299557327634
690.0,17,stripping_volume_5,tray,200.5709005206717,222.51271988158447,53.157020061452826,12.079685728758156,12508.15423706654,7813.189746829009,0.12379083681804816,0.2349135906470857,0.7765179025535043,0.7142946112632065,0.0996912606284475,0.050791798089707844
690.0,18,stripping_volume_6,tray,205.64128169355553,222.58568711982997,53.18854813105881,11.982340758168109,12585.371229643863,7898.532364157518,0.08992117355544395,0.17537138846182052,0.8024149295312268,0.7672115032108384,0.10766389691332925,0.057417108327341086
690.0,19,stripping_volume_7,tray,210.84410085899387,222.65999295707059,52.75229079027138,11.91487129557159,12619.957386982098,7975.476431318712,0.060529137932601805,0.12137823087024656,0.8130281680925387,0.8082100483046164,0.1264426939748595,0.07041172082513705
690.0,20,combined_reboiler_sump,reboiler_sump,217.09216390767924,222.6853358894439,757.6280096808708,77.45187690604338,,8009.796298921004,0.03608533501485216,0.07489752951527286,0.7920940947367576,0.8249369707984066,0.1718205702483903,0.10016549968632056
720.0,1,reflux_drum,reflux_drum,120.79172931384254,221.53650890670525,1788.4844502281792,109.85102853142101,,,0.8803880252409111,0.9463656194447503,0.119569054993398,0.05362449165046303,4.291976569089049e-05,9.888904786733096e-06
720.0,2,rectifying_volume_1,tray,130.34503258885542,221.58415010020204,37.998828645862865,49.53626846595194,5657.4521068225085,8490.506999372401,0.7551122910788506,0.8794581712722991,0.24471662257866392,0.1204982255608906,0.00017108634248558458,4.360316681039315e-05
720.0,3,rectifying_volume_2,tray,141.47738634125207,221.63339998529565,34.26143900904294,12.818665087831066,5436.080706558127,8194.43181344197,0.6222254136477576,0.792852856869736,0.3773144014840774,0.20701497423686924,0.0004601848681647745,0.00013216889339481716
720.0,4,rectifying_volume_3,tray,151.8636947955236,221.68250109517524,33.33006153726141,12.599380964239026,5311.25118328356,7972.790917195409,0.5095501982465003,0.7032237790969424,0.48942722820826545,0.29644793452992446,0.0010225735452342774,0.00032828637313318457
720.0,5,rectifying_volume_4,tray,159.88130114620154,221.73189462840276,32.75350438000249,12.443712253624621,5254.327560002878,7847.706584281708,0.4292359214265684,0.6281823864080955,0.5687411898856228,0.37111067539974557,0.002022888687808897,0.0007069381921589749
720.0,6,rectifying_volume_5,tray,165.31762195287104,221.78161931557943,32.35820705209253,12.350007646749061,5229.7661635956465,7790.553347826553,0.3780268396979767,0.5748176575802383,0.618242393455857,0.42380287093828917,0.0037307668461664494,0.0013794714814726792
720.0,7,rectifying_volume_6,tray,168.77198910459296,221.83168441701233,32.144398470700345,12.291722006629847,5215.6104214536335,7765.784754773495,0.3472950240394363,0.5407397223232812,0.6461023144101576,0.45673247157701874,0.0066026615504059675,0.002527806099700086
720.0,8,rectifying_volume_7,tray,170.98159749929658,221.88198314597332,32.00504695651749,12.254798315980153,5200.883851124696,7751.438132784739,0.32922208951915755,0.5203163487904464,0.6593743192767388,0.4752254033910045,0.011403591204103627,0.004458247818549067
720.0,9,rectifying_volume_8,tray,172.5544359279223,221.93235429032333,31.854235679935254,12.229872722964107,5179.04627818365,7736.531461708693,0.3183064015583394,0.5084610607552258,0.6623002649122665,0.483857029169835,0.019393333529394294,0.007681910074939291
720.0,10,rectifying_volume_9,tray,173.9592680471791,221.98264974402542,31.650576121363226,12.207945279376778,5143.837024564329,7714.520447254789,0.3109715014831476,0.5016102094419643,0.6564297203037346,0.4853541824192131,0.03259877821311778,0.013035608138822668
720.0,11,rectifying_volume_10,tray,175.59867479779177,222.03276494394146,31.37834903479685,12.1790173900716,5087.101357887442,7679.141566362411,0.3048302588732358,0.4975106000614696,0.6410113315008131,0.480636691409501,0.054158409625951184,0.021852708529029482
720.0,12,feed_tray,tray,177.8970290349921,222.10780227457244,45.86656582230023,10.95977991375543,12231.82225586754,7622.238051185098,0.2980984059121031,0.4947757492204732,0.613314968683017,0.46906141101493454,0.08858662540487973,0.036162839764592204
720.0,13,stripping_volume_1,tray,181.40282615290687,222.18353157561168,45.67297774756426,10.9061910850652,12252.571214496586,7623.737240366466,0.26943590177466914,0.45719873922517007,0.6406085607632911,0.5047552428608816,0.0899555374620397,0.03804601791394829
720.0,14,stripping_volume_2,tray,185.59837500830855,222.26030564998786,45.49532572467521,10.840950167431842,12289.692884126716,7644.229601857472,0.23591905190308254,0.4107885025240648,0.6725282755026311,0.5488314312127184,0.09155267259428647,0.0403800662632169
720.0,15,stripping_volume_3,tray,190.35052882925132,222.33834816025487,45.28829545588774,10.772070246982246,12346.706760968356,7681.088920730748,0.1989844515787177,0.3564337818623372,0.7075966382842162,0.600388113948003,0.0934189101370661,0.043178104189659804
720.0,16,stripping_volume_4,tray,195.4232331342316,222.40796982185512,53.45551037813292,12.150525159501452,12422.059598368336,7737.839134679911,0.16079123440539098,0.2965619206091911,0.7433856445676305,0.6569224646185564,0.09582312102697847,0.046515614772252384
720.0,17,stripping_volume_5,tray,200.56376662282545,222.47896406522347,53.15667584351292,12.07768589153501,12507.67981322004,7812.903732955927,0.12373888406993615,0.23483592264129646,0.7765650911310112,0.71436952660304,0.09969602479905262,0.05079455075566341
720.0,18,stripping_volume_6,tray,205.6332156439027,222.55193343775818,53.18824135151354,11.980374328139153,12584.874349647698,7898.2428325152005,0.08987763035976508,0.17530156907225156,0.8024533376125105,0.7672785629744686,0.10766903202772451,0.05741986795327983
720.0,19,stripping_volume_7,tray,210.83479439056123,222.626241112619,52.7520096664518,11.912934585422049,12619.419133905309,7975.164758304476,0.06049622545769428,0.12132220978574187,0.8130543613289793,0.8082629286676889,0.12644941321332642,0.07041486154656913
720.0,20,combined_reboiler_sump,reboiler_sump,217.08166748656043,222.65158652010945,757.6529993005624,77.43815340351955,,8009.443585381917,0.036063638619038704,0.07485849387471072,0.7921036877189094,0.8249706412939305,0.17183267366205185,0.10017086483135883
750.0,1,reflux_drum,reflux_drum,120.78254810017894,221.50250928582258,1783.9935514342003,110.16467634919485,,,0.8803408683887438,0.9463461152163304,0.11961617968274826,0.05364398925087177,4.295192850794404e-05,9.895532797781227e-06
750.0,2,rectifying_volume_1,tray,130.33895388954184,221.5501571362579,37.99912456680502,49.52723531665904,5657.404510566502,8490.673018434924,0.7550251237196804,0.8794141889052908,0.2448037171785106,0.12054219092206257,0.00017115910180899143,4.36201726467306e-05
750.0,3,rectifying_volume_2,tray,141.47367453336884,221.59941375836368,34.26156195766949,12.816300510360978,5436.051296762885,8194.54803649444,0.6221151175499378,0.7927838674465041,0.3774245594415272,0.2070839237303679,0.0004603230085350573,0.00013220882312796805
750.0,4,rectifying_volume_3,tray,151.86046532839032,221.64852188501848,33.33026551904411,12.597057891548713,5311.268410334643,7972.926355423822,0.5094411011140431,0.7031421301232226,0.4895361120719415,0.29652950964813757,0.001022786814015535,0.00032836022863981615
750.0,5,rectifying_volume_4,tray,159.87699584641558,221.69792271807805,32.753859322585335,12.441447274301257,5254.381953777659,7847.889722660294,0.4291423166368544,0.6281037758376739,0.5688345149297737,0.37118918027513,0.0020231684333718463,0.0007070438871963194
750.0,6,rectifying_volume_5,tray,165.31169756266553,221.7476548276538,32.35869685374251,12.347793713540344,5229.839851126549,7790.774494828891,0.37795124586534307,0.5747507430534641,0.6183176571979373,0.423869665925093,0.0037310969367196534,0.0013795910214428172
750.0,7,rectifying_volume_6,tray,168.7645846485217,221.79772733901643,32.14498536856034,12.289546455960854,5215.691506073374,7766.025820421917,0.34723433606394594,0.5406857036515488,0.64616263388573,0.4567863864519325,0.006603030050324131,0.0025279098965187425
750.0,8,rectifying_volume_7,tray,170.97307297319574,221.848033402912,32.005696721376516,12.252649623650903,5200.966628489691,7751.687100589906,0.32917211743521185,0.5202729087295184,0.6594238771229419,0.4752687919597558,0.011404005441846245,0.004458299310725997
750.0,9,rectifying_volume_8,tray,172.54513450436835,221.89841179226832,31.854922490679428,12.22774264534632,5179.128387131195,7736.782602119181,0.31826364418712805,0.5084252423981881,0.6623425018396634,0.4838928851692363,0.019393853973208617,0.007681872432575604
750.0,10,rectifying_volume_9,tray,173.94944860429862,221.9487144041527,31.65128108595198,12.205829096628216,5143.917381033758,7714.771438157539,0.3109334789637651,0.5015795673105987,0.6564669235174856,0.48538496953056065,0.032599597518749385,0.013035463158840717
750.0,11,rectifying_volume_10,tray,175.58851997594138,221.99883667947233,31.379056561939716,12.17691358080385,5087.178881669054,7679.391386062552,0.30479534692284344,0.4974834198554677,0.6410446358942917,0.48066407397320116,0.05416001718286484,0.021852506171331085
750.0,12,feed_tray,tray,177.88668128510713,222.07387956804132,45.86627918926246,10.958002453284427,12231.302841043911,7622.485646196939,0.298065563895207,0.4947509398206539,0.6133443405957887,0.4690862535078932,0.08859009550900443,0.036162806671452837
750.0,13,stripping_volume_1,tray,181.393745942669,222.14961064472672,45.672629534489545,10.904401819720775,12252.060333738058,7623.387964480959,0.26939323060118514,0.4571583071861455,0.6406472915123282,0.5047949442096807,0.08995947788648657,0.03804674860417382
750.0,14,stripping_volume_2,tray,185.59044918063498,222.22638687700555,45.49493667691657,10.839154247831582,12289.196612033858,7643.889092122898,0.2358681158632916,0.4107322798482982,0.6725749032219188,0.548886161092287,0.09155698091478968,0.04038155905941466
750.0,15,stripping_volume_3,tray,190.34340722249914,222.304431945885,45.287895019926786,10.770274979951196,12346.227082713978,7680.763361646437,0.1989286131380518,0.356364350074695,0.7076479548201965,0.6004554156099918,0.09342343204175174,0.04318023431531306
750.0,16,stripping_volume_4,tray,195.41636388537765,222.3740556497875,53.455139395252516,12.148496317789784,12421.590148287498,7737.530558957813,0.16073509746824352,0.2964848388643845,0.7434371825180381,0.6569970149411825,0.09582772001371843,0.046518146194433056
750.0,17,stripping_volume_5,tray,200.55651712930057,222.44505205866906,53.15634380722583,12.075677391894711,12507.20684744297,7812.60594036346,0.12368724198023218,0.23475882207600354,0.7766120844050559,0.714443968897817,0.09970067361471185,0.05079720902617943
750.0,18,stripping_volume_6,tray,205.6250451951761,222.51802351940762,53.18794699801552,11.978399025987638,12584.37947146372,7897.942059969041,0.08983429861323194,0.17523215851465682,0.8024916698577887,0.7673453187283646,0.10767403152897928,0.057422522756978525
750.0,19,stripping_volume_7,tray,210.82539656057298,222.59233299346286,52.75174133705381,11.910988760961258,12618.883619067845,7974.842609933904,0.060463412617832134,0.12126639563374678,0.8130806170376303,0.8083157218343556,0.12645597034453745,0.0704178825318976
750.0,20,combined_reboiler_sump,reboiler_sump,217.07109412377955,222.61768083569243,757.6782180154275,77.42436491077362,,8009.081349484163,0.03604193275116223,0.07481944921264055,0.792113453510812,0.8250044430004266,0.17184461373802593,0.10017610778693291
780.0,1,reflux_drum,reflux_drum,120.7733338655072,221.4683795812364,1779.406677684731,110.48516763194685,,,0.8802934799577734,0.9463265126694724,0.11966353634497945,0.05366358526426884,4.298369724707639e-05,9.902066258662109e-06
780.0,2,rectifying_volume_1,tray,130.3327767128431,221.5160340021716,37.999432224795015,49.518175419149046,5657.358988372772,8490.822442845723,0.7549385476972698,0.8793705781958342,0.2448902239294598,0.12058578555580476,0.00017122837327043184,4.363624836106367e-05
780.0,3,rectifying_volume_2,tray,141.4698106636479,221.56529728548233,34.26170029757355,12.813930028234543,5436.024542717728,8194.650530651068,0.6220059494075112,0.7927157269118589,0.3775335991295351,0.20715202730859558,0.00046045146295377716,0.00013224577954556852
780.0,4,rectifying_volume_3,tray,151.85706594942204,221.61441235424633,33.330484923153996,12.594729132059717,5311.288037262833,7973.048864122622,0.5093332071438107,0.703061569440656,0.489643812619368,0.29661000336634025,0.0010229802368214552,0.00032842719300383677
780.0,5,rectifying_volume_4,tray,159.87253235969146,221.6638204126484,32.75422816595592,12.439176200897316,5254.43848607415,7848.059883918894,0.4290497116151051,0.6280262081220918,0.5689268749828059,0.37126665544925064,0.002023413402089087,0.0007071364286576497
780.0,6,rectifying_volume_5,tray,165.30563722031738,221.71355987245406,32.359199207365045,12.34557315085267,5229.915670948362,7790.982591690696,0.3778763894411705,0.5746846785005887,0.6183922391259883,0.42393563307854254,0.003731371432841284,0.0013796884208686334
780.0,7,rectifying_volume_6,tray,168.75706414309388,221.76363972590408,32.14558419559921,12.287363846529756,5215.774917804009,7766.253999990734,0.34717417095721653,0.5406323306429851,0.646222513956598,0.4568396899325178,0.0066033150861853325,0.002527979424497117
780.0,8,rectifying_volume_7,tray,170.96444577781077,221.81395306205312,32.00635845561534,12.250493589374909,5201.052035849014,7751.923534673305,0.32912252376309503,0.5202299584962791,0.6594731750757273,0.47531174040407353,0.011404301161177565,0.004458301099647346
780.0,9,rectifying_volume_8,tray,172.5357376593691,221.8643386389363,31.85562174345239,12.225605060733045,5179.213469913803,7737.021661380699,0.3182211795219789,0.5083898142000701,0.6623846035301348,0.4839284184669672,0.019394216947886327,0.007681767332962741
780.0,10,rectifying_volume_9,tray,173.9395369729499,221.9146483564105,31.651999095960278,12.203705314885829,5144.001032892015,7715.010837184817,0.31089570321783133,0.5015492601722673,0.6565040687379939,0.48541550514992,0.03260022804417482,0.013035234677812691
780.0,11,rectifying_volume_10,tray,175.57827527755558,221.96477765887136,31.37977743086213,12.174802094873925,5087.2599030771635,7679.630078875972,0.30476065651733486,0.49745654947539214,0.6410779026174124,0.4806912338373492,0.054161440865252826,0.02185221668725876
780.0,12,feed_tray,tray,177.87624970949022,222.03982605064314,45.86600047586392,10.95621847285006,12230.784824930968,7622.722459031889,0.298032919011618,0.4947264327058289,0.6133735996523771,0.4691108484555375,0.08859348133600496,0.03616271883863361
780.0,13,stripping_volume_1,tray,181.38456563598893,222.11555883036172,45.67229040819914,10.902606273702522,12251.550925227803,7623.026006554339,0.2693508826350783,0.45711835728111766,0.6406857906608018,0.504834229176052,0.08996332670412004,0.03804741354283041
780.0,14,stripping_volume_2,tray,185.58241056698773,222.19233714656409,45.494557488357145,10.83735221426482,12288.70179751091,7643.536181643978,0.23581759328310764,0.41067668987058187,0.6726212151559263,0.5489403342281832,0.09156119156096602,0.040382975901234915
780.0,15,stripping_volume_3,tray,190.33616617958484,222.2703846989916,45.28750479147788,10.76847365238933,12345.74883025472,7680.425600438849,0.19887322537356172,0.3562956404196104,0.707698923529282,0.6005220794844112,0.09342785109715629,0.04318228009597827
780.0,16,stripping_volume_4,tray,195.40937607167248,222.34001038870514,53.45478100343163,12.14646049956366,12421.12224513851,7737.209963964341,0.16067938798404796,0.2964084804165336,0.743488402126735,0.6570709328125868,0.09583220988921703,0.046520586770879745
780.0,17,stripping_volume_5,tray,200.54915654100424,222.4110089094888,53.156024376054205,12.073661716566743,12506.735745086406,7812.296485437142,0.12363595418047935,0.23468235541287819,0.7766588438769266,0.7145178749063653,0.09970520194259397,0.05079976968075656
780.0,18,stripping_volume_6,tray,205.61677572218844,222.483982410292,53.187665466688244,11.97641630978817,12583.887024461772,7897.630171417311,0.08979121417649769,0.17516321508522978,0.8025298959833246,0.7674117154657201,0.10767888984017773,0.0574250694490501
780.0,19,stripping_volume_7,tray,210.8159138695877,222.55829364338257,52.7514861802391,11.90903525438997,12618.351311869024,7974.510136406131,0.06043072574285741,0.12121083360676858,0.8131069158363509,0.8083683862548989,0.12646235842079168,0.07042078013833261
780.0,20,combined_reboiler_sump,reboiler_sump,217.0604514191283,222.58364387766167,757.7036476513379,77.41052164358895,,8008.709782679133,0.03602023388235147,0.07478042517821627,0.7921233864822426,0.8250383514458712,0.17185637963540593,0.1001812233759124
810.0,1,reflux_drum,reflux_drum,120.76409393523339,221.43414525793665,1774.7273240502575,110.81225268086804,,,0.8802458888876137,0.9463068233192755,0.11971109606634338,0.05368326818086223,4.3015046042844586e-05,9.908499862159239e-06
810.0,2,rectifying_volume_1,tray,130.32650538443113,221.48180615690285,37.999751468993715,49.509095557650895,5657.315598908073,8490.95498374183,0.7548526308809006,0.8793273737135987,0.24497607505336197,0.12062897491457428,0.00017129406573752765,4.3651371826966026e-05
810.0,3,rectifying_volume_2,tray,141.4657966896077,221.53107601963725,34.26185406137637,12.811555426583766,5436.000497390348,8194.73907411882,0.6218980007611665,0.7926484937847412,0.3776414292183232,0.2072192265147292,0.0004605700205101457,0.00013227970052964098
810.0,4,rectifying_volume_3,tray,151.8534980139081,221.58019794967714,33.33071973158488,12.592396442439103,5311.310081560145,7973.158216641467,0.509226608626396,0.7029821679609352,0.48975023794350236,0.2966893449043736,0.0010231534301014939,0.00032848713469117686
810.0,5,rectifying_volume_4,tray,159.86791290116216,221.62961315255612,32.754610772226,12.4369007436506,5254.497145651461,7848.216806586069,0.42895818583990936,0.6279497519405564,0.5690181911709706,0.37134303246847084,0.002023622989119976,0.0007072155909729602
810.0,6,rectifying_volume_5,tray,165.29944451476072,221.679359883978,32.359713867014655,12.343347626653143,5229.99359844007,7791.177348843604,0.37780233449244555,0.5746195224133481,0.6184660760556299,0.4240007142434679,0.003731589451924603,0.0013797633431839342
810.0,7,rectifying_volume_6,tray,168.74943243316653,221.72944700528066,32.1461946315026,12.285175814289197,5215.860629076813,7766.468991182818,0.34711458000418616,0.5405796505400471,0.6462819045716751,0.4568923352368989,0.006603515424138687,0.0025280142230540955
810.0,8,rectifying_volume_7,tray,170.95572169176882,221.77976754471592,32.007031795463085,12.248331826844773,5201.140047770322,7752.1471304195,0.3290733506801677,0.5201875362055073,0.6595221726327934,0.47535421120322985,0.011404476687038999,0.004458252591262859
810.0,9,rectifying_volume_8,tray,172.52625179856446,221.83016024547825,31.856333053768804,12.22346156764578,5179.301505283813,7737.248337571037,0.3181790437150939,0.5083548078188198,0.6624265360414371,0.48396359813043577,0.019394420243468935,0.007681594050744468
810.0,10,rectifying_volume_9,tray,173.9295399613418,221.88047700989426,31.652729760920295,12.201575521544612,5144.087963567265,7715.2383470578525,0.31085820653462676,0.5015193154156451,0.6565411264870682,0.48544576271220513,0.032600666978305035,0.013034921872149828
810.0,11,rectifying_volume_10,tray,175.567947776088,221.9306132852828,31.380511252928603,12.172684509605,5087.344409681825,7679.85735255021,0.3047262174359122,0.49743001355485233,0.6411111052818724,0.48071814719169254,0.05416267728221548,0.02185183925345521
810.0,12,feed_tray,tray,177.86574158685346,222.0056671206824,45.865730013871044,10.954429305167354,12230.268643884214,7622.9482018772505,0.2980004992575066,0.4947022506928072,0.6134027216210985,0.4691351736472411,0.0885967791213948,0.036162575659951526
810.0,13,stripping_volume_1,tray,181.37529133406167,222.08140152879187,45.67196076086408,10.900805791524858,12251.043419006814,7622.651528872103,0.26930889497456256,0.4570789266631771,0.6407240253379671,0.5048730619467919,0.08996707968747031,0.038048011390031014
810.0,14,stripping_volume_2,tray,185.57426423246991,222.15818185258698,45.494188590363635,10.835545417997373,12288.208858716394,7643.171027619053,0.23576752863089886,0.4106217837542337,0.6726671714260748,0.5489939015140902,0.0915652999430264,0.04038431473167594
810.0,15,stripping_volume_3,tray,190.32881008433884,222.236231810817,45.28712521316237,10.766667615204797,12345.27240851919,7680.075783596258,0.19881833680847638,0.3562277151962779,0.7077495007030012,0.6005880459191334,0.09343216248852229,0.04318423888458872
810.0,16,stripping_volume_4,tray,195.40227391829873,222.30585942775343,53.45443564769561,12.144419229752133,12420.65628765337,7736.877484093594,0.16062415422966647,0.29633291323502736,0.7435392600540472,0.6571441532847262,0.09583658571628625,0.04652293348024633
810.0,17,stripping_volume_5,tray,200.54168949093818,222.37686000467184,53.15571796355257,12.07164037210398,12506.266911784944,7811.975497498273,0.12358506444395977,0.2346065892877584,0.7767053308495834,0.7145911811628879,0.09970960470645678,0.050802229549353796
810.0,18,stripping_volume_6,tray,205.60841272962642,222.4498354953714,53.18739714321929,11.974427657407684,12583.397437977075,7897.307304172021,0.08974841306895615,0.1750947973167629,0.8025679854820247,0.7674776978874233,0.10768360144901912,0.05742750479581397
810.0,19,stripping_volume_7,tray,210.8063529454185,222.52414844562514,52.751244563344656,11.907075517733443,12617.822681344884,7974.167499758699,0.0603981913370174,0.12115556919361935,0.8131332381087414,0.8084208800275957,0.12646857055424116,0.070423550778785
810.0,20,combined_reboiler_sump,reboiler_sump,217.04974709274617,222.54950102697543,757.729269626712,77.39663396344274,,8008.329087714515,0.03599855867322667,0.07474145177645963,0.7921334808344012,0.8250723417903993,0.1718679604923721,0.10018620643314106
840.0,1,reflux_drum,reflux_drum,120.75483570159456,221.39983209289687,1769.9590841376462,111.14567512864562,,,0.8801981248553574,0.9462870590041056,0.11975882919591031,0.053703026167653156,4.3045948732199287e-05,9.914828241240649e-06
840.0,2,rectifying_volume_1,tray,130.3201443326012,221.44749937147017,38.00008213763667,49.50000259326831,5657.27439905944,8491.070373459606,0.7547674414114697,0.8792846101260032,0.2450612024985154,0.120671724352542,0.00017135609001497811,4.3665521454738116e-05
840.0,3,rectifying_volume_2,tray,141.46163470323435,221.49677572593444,34.262023267742244,12.809178509763003,5435.979211098344,8194.813463563187,0.6217913630711297,0.7925822264482763,0.37774795845197523,0.20728546302571144,0.00046067847689509715,0.00013231052601234434
840.0,4,rectifying_volume_3,tray,151.84976302595254,221.5459044303063,33.33096991126729,12.590061598082926,5311.334557843973,7973.25420353574,0.5091213976578375,0.7029039963361217,0.4898552963173286,0.29676746373665336,0.0010233060248339408,0.00032853992722498996
840.0,5,rectifying_volume_4,tray,159.8631398336909,221.59532669047317,32.755006988437515,12.434622631501632,5254.557918305537,7848.360245778088,0.4288678186413292,0.6278744757209055,0.5691083847424134,0.3714182431204435,0.0020237966162572423,0.0007072811586509424
840.0,6,rectifying_volume_5,tray,165.2931231754553,221.6450806085022,32.36024057174739,12.341118827757272,5230.0736058491575,7791.358492860914,0.3777291450302239,0.574555333109248,0.6185391048142665,0.42406485142130695,0.0037317501555094827,0.0013798154694450507
840.0,7,rectifying_volume_6,tray,168.74169449767635,221.69517491707424,32.146816340681966,12.282984014177163,5215.948608930071,7766.670507333852,0.3470556145111497,0.540527710491181,0.6463407555901076,0.4569442756489538,0.006603629898742674,0.0025280138598653464
840.0,8,rectifying_volume_7,tray,170.9469066245946,221.74550258458135,32.00771636124951,12.246165968816957,5201.230635109558,7752.357598256881,0.329024640430541,0.5201456799317286,0.6595708291251972,0.47539616683440167,0.011404530444261934,0.004458153233869654
840.0,9,rectifying_volume_8,tray,172.51668345852903,221.79590233944043,31.857056020402087,12.22131378369124,5179.392467941607,7737.462343178953,0.31813727300223765,0.5083202548959497,0.6624682652119429,0.48399839318429255,0.019394461785819442,0.0076813519197577295
840.0,10,rectifying_volume_9,tray,173.91946451062637,221.8462260861232,31.65347267278191,12.199441323067026,5144.178152122502,7715.453684253335,0.31082102128439243,0.5014897604131993,0.6565780670403941,0.4854757155934578,0.03260091167521348,0.013034523993342774
840.0,11,rectifying_volume_10,tray,175.55754467960068,221.89636927429845,31.381257621467107,12.170562421365952,5087.432384495146,7680.072927967312,0.30469205952794387,0.497403836695726,0.6411442172701557,0.48074479017834887,0.05416372320190038,0.02185137312592508
840.0,12,feed_tray,tray,177.85516432761085,221.9714284889493,45.865468128122686,10.95263629914552,12229.754734927226,7623.162599546546,0.2979683326948942,0.49467841654242445,0.6134316821482309,0.46915920688081697,0.08859998515687488,0.0361623765767586
840.0,13,stripping_volume_1,tray,181.36592927338924,222.04716444885497,45.67164097716053,10.899001733798167,12250.538245607937,7622.264711206861,0.2692673047544586,0.45704005240381584,0.6407619625793369,0.504911406740168,0.08997073266620446,0.038048540856016146
840.0,14,stripping_volume_2,tray,185.56601537889787,222.12394670163388,45.493830406419534,10.833735226319407,12287.718214153134,7642.793804196346,0.23571796640048187,0.41056761258234853,0.6727127320706625,0.5490468138720308,0.0915693015288555,0.040385573545620564
840.0,15,stripping_volume_3,tray,190.32134345649357,222.20199898531004,45.28675671946805,10.764858235299615,12344.79822263585,7679.714074047127,0.1987639959977873,0.35616063665377384,0.7077996425426392,0.6006532552591239,0.09343636145957368,0.04318610808710215
840.0,16,stripping_volume_4,tray,195.395061783547,222.27162846883428,53.45410376254594,12.142374051470757,12420.192674539,7736.533269673,0.1605694445353164,0.29625820529680313,0.7435897128462123,0.6572166113478155,0.09584084261847117,0.046525183355381416
840.0,17,stripping_volume_5,tray,200.5341207417863,222.34263104400966,53.15542497241541,12.06961488329287,12505.800752865225,7811.643121190417,0.12353461662434777,0.23453159041437768,0.7767515064788579,0.7146638240663505,0.09971387689679427,0.050804585519271646
840.0,18,stripping_volume_6,tray,205.59996184814233,222.41560847244938,53.187142401948854,11.972434564957984,12582.911140676963,7896.973610198676,0.08970593142036422,0.1750269638982681,0.8026059076608814,0.7675432104754034,0.10768816091875447,0.05742982562632846
840.0,19,stripping_volume_7,tray,210.7967205373726,222.48992309631646,52.75101684199419,11.905111021334521,12617.298195465752,7973.814875947682,0.06036583604573682,0.1211006481216873,0.8131595640248862,0.8084731609491301,0.12647459992937693,0.07042619092918256
840.0,20,combined_reboiler_sump,reboiler_sump,217.03898897762838,222.5152779775092,757.7550649710025,77.3827123665133,,8007.939480449092,0.035976923955427245,0.07470255933518923,0.7921437306022278,0.825106388850846,0.17187934544234498,0.10019105181396477
870.0,1,reflux_drum,reflux_drum,120.7455666145081,221.365466147034,1765.105646310036,111.48517222651941,,,0.880150218259811,0.9462672318806834,0.11980670536130482,0.05372284707334149,4.3076378884097476e-05,9.921045975047874e-06
870.0,2,rectifying_volume_1,tray,130.31369808483407,221.41313970089797,38.000424057933245,49.49090345636716,5657.235443795403,8491.168362740773,0.7546830476112337,0.8792423221508149,0.2451455380297061,0.1207139991729394,0.00017141435906020672,4.367867624572839e-05
870.0,3,rectifying_volume_2,tray,141.4573269321407,221.46242245353477,34.26220792091915,12.806801099311963,5435.960731357408,8194.873511218797,0.6216861275800906,0.7925169830581645,0.37785309578493176,0.20735067874368635,0.00046077663497777493,0.0001323381981490444
870.0,4,rectifying_volume_3,tray,151.84586264095077,221.511557839228,33.33123541364581,12.587726391105496,5311.361477748162,7973.336629764125,0.5090176659982093,0.7028271248445672,0.4899588963341274,0.29684428970585536,0.0010234376676633548,0.00032858544957733933
870.0,5,rectifying_volume_4,tray,159.8582156690175,221.56098706321168,32.755416646304575,12.432343610148108,5254.620786794313,7848.489970577254,0.4287786890798085,0.6278004475294194,0.5691973771863416,0.3714922195435823,0.0020239337338499525,0.0007073329269982242
870.0,6,rectifying_volume_5,tray,165.28667707131754,221.6107480764808,32.360779045513716,12.338888457946206,5230.1556622274975,7791.525763985668,0.377656884913498,0.5744921686387644,0.6186112623342331,0.4241279868617443,0.0037318527522688357,0.0013798444994912752
870.0,7,rectifying_volume_6,tray,168.73385544658728,221.66084948542394,32.14744897226112,12.2807901182813,5216.038822939832,7766.858275086089,0.3469973257300426,0.5404765574766742,0.646399016852597,0.4569954645907349,0.006603657417360433,0.002527977932590958
870.0,8,rectifying_volume_7,tray,170.93800661225018,221.71118419956974,32.00841175742971,12.243997665307921,5201.323764927619,7752.554661464708,0.3289764352634792,0.5201044276496404,0.6596191037727714,0.47543756982982244,0.011404460963749268,0.004458002520537186
870.0,9,rectifying_volume_8,tray,172.50703930143885,221.76159093263257,31.857790225407353,12.219163343777995,5179.486328434312,7737.663403027581,0.3180959036500441,0.5082861870067898,0.6625097567050882,0.48403277265696987,0.019394339644867715,0.007681040336240269
870.0,10,rectifying_volume_9,tray,173.9093176890636,221.8119215908996,31.6542274059173,12.197304343213252,5144.271573137834,7715.656577046218,0.31078417987098833,0.5014606224774999,0.6566148604647046,0.4855053371506333,0.032600959664307004,0.013034040371866803
870.0,11,rectifying_volume_10,tray,175.54707332459978,221.8620716258089,31.38201611175786,12.168437443814282,5087.523805842005,7680.276537295136,0.3046582126688381,0.4973780434278807,0.6411772117688017,0.4807711389280148,0.054164575562360276,0.021850817644104452
870.0,12,feed_tray,tray,177.84452546732078,221.93713615056214,45.86521513579264,10.950840818402904,12229.243535118163,7623.365387758286,0.29793644740989034,0.49465495292092926,0.613460456791949,0.46918292599847117,0.08860309579816047,0.03616212108059946
870.0,13,stripping_volume_1,tray,181.35648582122383,222.01287358378266,45.671331433416306,10.897195475721233,12250.03583542577,7621.865748726645,0.26922614908894826,0.4570017714303109,0.6407995693752923,0.5049492278645863,0.0899742815357594,0.03804900070510281
870.0,14,stripping_volume_2,tray,185.55766934189856,222.08965768472183,45.49348335119956,10.831923021024592,12287.23028205213,7642.404700488057,0.2356689510421798,0.41051422727313697,0.672757857104527,0.5490990223318506,0.09157319185329328,0.04038675039501224
870.0,15,stripping_volume_3,tray,190.31377094975653,222.16771221093785,45.28639973580339,10.763046894048294,12344.326677333696,7679.3406492743225,0.19871025145375484,0.3560944668905038,0.7078493052240259,0.6007176479408397,0.09344044332221935,0.04318788516865655
870.0,16,stripping_volume_4,tray,195.38774415693982,222.23734349841106,53.45378577093233,12.140326524309623,12419.731803878049,7736.177485184699,0.16051530721193036,0.2961844244799706,0.7436397169980176,0.6572882420299344,0.09584497579005206,0.046527333490094955
870.0,17,stripping_volume_5,tray,200.52645518319986,222.3083480118945,53.15514579348988,12.067586791471209,12505.337672724825,7811.299514775075,0.12348465459159919,0.23445742548370363,0.7767973318271281,0.7147357399740711,0.09971801358127275,0.05080683454222534
870.0,18,stripping_volume_6,tray,205.59142883010773,222.38132732396426,53.18690160490446,11.97043854515747,12582.428559886528,7896.6292544793305,0.08966380542002868,0.17495977359047368,0.8026436316803626,0.7676081975698096,0.10769256289960874,0.057432028839716646
870.0,19,stripping_volume_7,tray,210.7870235101157,222.4556435762454,52.75080335914963,11.903143252255585,12616.778320388408,7973.452453243173,0.06033368662045304,0.12104611629574792,0.8131858735630754,0.8085251865679179,0.12648043981647153,0.07042869713633403
870.0,20,combined_reboiler_sump,reboiler_sump,217.02818501153197,222.48100070783389,757.781014343204,77.36876747215618,,8007.541188329316,0.03595534671228134,0.07466377847037282,0.7921541296569284,0.8251404671266295,0.17189052363079013,0.1001957544029978
900.0,1,reflux_drum,reflux_drum,120.7362941720779,221.33107373585233,1760.1707896954895,111.83047514483812,,,0.8801022002034775,0.946247354418231,0.11985469348669106,0.05374271843417356,4.310630983132792e-05,9.927147595351209e-06
900.0,2,rectifying_volume_1,tray,130.30717126398253,221.37875345487654,38.00077704598817,49.481805138641626,5657.1987860262425,8491.248722522498,0.7545995178919186,0.8792005445080338,0.2452290133198821,0.12075576467611963,0.00017146878819929552,4.369081584657245e-05
900.0,3,rectifying_volume_2,tray,141.45287574032506,221.4280425063295,34.26240801029385,12.804425031840298,5435.945102726587,8194.919046467667,0.6215823851748914,0.7924528214504634,0.3779567505197307,0.20741481588804678,0.0004608643053780006,0.0001323626614898378
900.0,4,rectifying_volume_3,tray,151.84179866766812,221.4771844743268,33.33151617427037,12.585392628253299,5311.390849811344,7973.405316231169,0.508915504929061,0.7027516232761354,0.49006094704891356,0.29691975313730856,0.0010235480220254212,0.00032862358655606354
900.0,5,rectifying_volume_4,tray,159.85314306853124,221.52662056243105,32.755839561979194,12.430065440025409,5254.685730764469,7848.605765567468,0.42869087582381254,0.627727734959707,0.5692850903534885,0.37156489433746553,0.00202403382269898,0.0007073707028275413
900.0,6,rectifying_volume_5,tray,165.28011020929577,221.57638857326867,32.361328997080356,12.336658236011084,5230.239733371846,7791.678917675264,0.37758561775174543,0.5744300866915044,0.618682485747312,0.42419006315541224,0.003731896500942519,0.0013798501530834194
900.0,7,rectifying_volume_6,tray,168.7259205174872,221.62649698941814,32.14809216009575,12.278595813932094,5216.131233156864,7767.032035903408,0.34693976478141436,0.5404262382334193,0.6464566382541231,0.4570458556960175,0.006603596964462568,0.002527906070563347
900.0,8,rectifying_volume_7,tray,170.92902781232866,221.67683866259435,32.009117572646055,12.241828581720474,5201.419400415063,7752.738057643772,0.32892877737053833,0.5200638171734875,0.6596669557409577,0.47547838283504723,0.011404266888503961,0.004457799991465331
900.0,9,rectifying_volume_8,tray,172.4973261093891,221.7272522918955,31.858535234189926,12.217011898264447,5179.583053065795,7737.851255696298,0.31805497190214466,0.5082526356097388,0.6625509760552399,0.48406670562833,0.019394052042615368,0.007680658761931333
900.0,10,rectifying_volume_9,tray,173.89910668582965,221.77758978509004,31.6549935171724,12.195166221204712,5144.368196604497,7715.8467668765425,0.310747714683439,0.5014319288165782,0.6566514766564227,0.4855346007624971,0.03260080866013845,0.013033470420924616
900.0,11,rectifying_volume_10,tray,175.5365411694995,221.82774659479782,31.382786281068903,12.16631120607401,5087.618647242344,7680.467925308249,0.30462470671501063,0.49735265816816615,0.6412100618030162,0.48079716959711544,0.054165231481973206,0.021850172234718333
900.0,12,feed_tray,tray,177.83383265973052,221.9028163557737,45.8649713456641,10.949044239728424,12228.735480909165,7623.5563144004245,0.29790487147039285,0.49463188236116507,0.6134890210568282,0.46920630892304693,0.088606107472779,0.036161808715788106
900.0,13,stripping_volume_1,tray,181.34696747064015,221.97855518201516,45.67103249677713,10.895388405520174,12249.536618085103,7621.454852684152,0.2691854650137106,0.4569641204627085,0.640836812720294,0.5049864897777095,0.08997772226599528,0.038049389759581914
900.0,14,stripping_volume_2,tray,185.54923158767184,222.05534104814907,45.49314782966761,10.83011019683615,12286.745479758598,7642.003921236179,0.2356205268930687,0.41046167849448517,0.6728025065794953,0.5491504781115176,0.09157696652743608,0.04038784339399725
900.0,15,stripping_volume_3,tray,190.30609734957508,222.13339773151918,45.286054677574654,10.761234985724357,12343.858176345468,7678.95570197881,0.19865715157046346,0.3560292677524777,0.7078984449632607,0.600781164587819,0.09344440346627585,0.04318956765970329
900.0,16,stripping_volume_4,tray,195.3803256570798,222.20303075834892,53.45348208325348,12.138278222562855,12419.274072533073,7735.81030991174,0.1604617904774728,0.29611163845594735,0.7436892290164607,0.6573589804981372,0.09584898050606645,0.04652938104591552
900.0,17,stripping_volume_5,tray,200.51869782879936,222.27403714816631,53.15488080481532,12.065557652788886,12504.878074213302,7810.944850759013,0.12343522216686185,0.23438416106173277,0.7768427679179662,0.714806865296867,0.09972200991517184,0.05080897364140013
900.0,18,stripping_volume_6,tray,205.58281954506649,222.34701828784281,53.186675100868484,11.968441125636849,12581.950120919022,7896.274415586862,0.08962207126517859,0.17489328513993516,0.8026811265946749,0.7676726034476291,0.10769680214014639,0.05743411141243566
900.0,19,stripping_volume_7,tray,210.77726883721735,222.42133612172307,52.750604444197954,11.9011737126255,12616.263519713666,7973.080432723599,0.06030176988274907,0.12099201973549942,0.8132121465323204,0.8085769142387965,0.12648608358493038,0.07043106602570415
900.0,20,combined_reboiler_sump,reboiler_sump,217.0173432286214,222.44669545208197,757.8070980521087,77.35481001091586,,8007.134450739252,0.035933844058705096,0.07462514004998679,0.792164671708806,0.8251745508268714,0.1719014842324888,0.10020030912314189
930.0,1,reflux_drum,reflux_drum,120.72702591086157,221.29668139903245,1755.1583799928958,112.18130928648377,,,0.8800541024722486,0.9462274393916213,0.1199027618130468,0.05376262748078522,4.313571470453775e-05,9.933127593479098e-06
930.0,2,rectifying_volume_1,tray,130.3005685842382,221.3443671673616,38.0011409067372,49.47271468490783,5657.164476464694,8491.311244750925,0.7545169206602268,0.8791593118704529,0.24531156004442933,0.12079698620894345,0.00017151929534394542,4.370192060359742e-05
930.0,3,rectifying_volume_2,tray,141.44828362871667,221.3936624125496,34.262623509974965,12.802052156840702,5435.932366660404,8194.949916504127,0.6214802262457366,0.7923897990478019,0.378058832447227,0.2074778170890479,0.0004609413070362725,0.00013238386315018194
930.0,4,rectifying_volume_3,tray,151.83757307009176,221.44281085789714,33.331812112450066,12.58306212874645,5311.4226793860325,7973.460100426516,0.5088150051086155,0.7026775608157314,0.4901613581221215,0.29699378495508016,0.0010236367692629262,0.00032865422918842204
930.0,5,rectifying_volume_4,tray,159.84792484378863,221.49225370426794,32.75627553588194,12.427789894215405,5254.752726699691,7848.707431526604,0.42860445702553485,0.6276564050199881,0.5693714465785328,0.37163620067485387,0.002024096395932469,0.0007073943051581437
930.0,6,rectifying_volume_5,tray,165.27342673265952,221.54202860876183,32.36189012000932,12.33442989372737,5230.325781781736,7791.817725331879,0.3775154068057764,0.5743691445008874,0.6187527124809894,0.4242510233280857,0.0037318807132342125,0.001379832171026999
930.0,7,rectifying_volume_6,tray,168.7178950718844,221.59214393274547,32.14874552283914,12.276402801726745,5216.22579805639,7767.191546814472,0.3468829825758877,0.5403767991783566,0.6465135698182444,0.4570954028851951,0.006603447605868034,0.0025277979364482965
930.0,8,rectifying_volume_7,tray,170.9199764989223,221.64249247122223,32.009833379829516,12.239660396901716,5201.517500826192,7752.907539452368,0.3288817088213616,0.520023886095267,0.6597143441990765,0.4755185686684342,0.011403946979561977,0.004457545236298806
930.0,9,rectifying_volume_8,tray,172.48755077836836,221.69291290877183,31.859290595605664,12.214861111039253,5179.682603812536,7738.025654241982,0.31801451392407787,0.5082196319944993,0.6625918887149126,0.48410016127839184,0.019393597361009454,0.00768020672710889
930.0,10,rectifying_volume_9,tray,173.8888388044616,221.7432571543058,31.655770545951334,12.193028609820075,5144.467987825047,7716.0240090534335,0.31071165804641465,0.501403706488434,0.6566878853815109,0.485563479871456,0.032600456572074415,0.013032813640110113
930.0,11,rectifying_volume_10,tray,175.52595578771275,221.7934206610317,31.38356766872961,12.164185350845926,5087.716877301394,7680.646850063573,0.3045915714578595,0.4973277051786466,0.6412427402723777,0.4808228584057887,0.05416568826976287,0.021849436415564624
930.0,12,feed_tray,tray,177.82309366945776,221.86849557966897,45.86473705741007,10.947247951484373,12228.231007497285,7623.735140203726,0.2978736328827982,0.4946092272230133,0.6135173504293243,0.46922933369505004,0.0886090166878774,0.03616143908193669
930.0,13,stripping_volume_1,tray,181.337380835277,221.94423571690402,45.670744524370505,10.89358192282909,12249.041021797248,7621.032250559095,0.2691452894267679,0.4569271359495433,0.6408736596633674,0.5050231571468701,0.08998105090986482,0.03804970690358677
930.0,14,stripping_volume_2,tray,185.54070770944827,222.0210232632027,45.49282423616773,10.828298159774887,12286.264223103777,7641.591686953453,0.2355727381057459,0.4104100165768008,0.6728466406462766,0.5492011326991376,0.09158062124797743,0.04038885072406154
930.0,15,stripping_volume_3,tray,190.29832757061337,222.09908201593746,45.28572194925627,10.759423915868743,12343.393121797188,7678.559440221832,0.19860474454680171,0.35596510072953375,0.7079470180839531,0.6008437461083106,0.09344823736924522,0.04319115316215574
930.0,16,stripping_volume_4,tray,195.3728110292036,222.1687167156324,53.45319309635742,12.136230733392187,12418.819875539488,7735.4319381012,0.1604089423817087,0.29603991457934786,0.7437382054858984,0.6574287621617791,0.09585285213239295,0.04653132325887309
930.0,17,stripping_volume_5,tray,200.5108538128751,222.23972491783502,53.15463037067268,12.063529036402226,12504.422358006472,7810.579316043391,0.12338636305595718,0.23431186348502722,0.7768877757921535,0.7148771365964336,0.09972586115188929,0.05081099991853912
930.0,18,stripping_volume_6,tray,205.5741399748706,222.31270782722643,53.18646322446555,11.966443847178091,12581.47624640377,7895.909285803412,0.08958076510808495,0.17482755719102155,0.8027183613931783,0.7677363724033908,0.10770087349873668,0.05743607040558773
930.0,19,stripping_volume_7,tray,210.76746359436373,222.38702719431257,52.75042041205404,11.899203917920646,12615.75425373852,7972.699028343059,0.06027011268745825,0.12093840451124684,0.8132383625956786,0.8086283011794637,0.12649152471686312,0.07043329430928949
930.0,20,combined_reboiler_sump,reboiler_sump,217.00647175075073,222.412388669681,757.8332960776064,77.34085081206878,,8006.719519013263,0.03591243322034707,0.07458667515643823,0.7921753503103638,0.8252086138987254,0.1719122164692892,0.10020471094483645
960.0,1,reflux_drum,reflux_drum,120.71776939592097,221.2623158690375,1750.0723650835475,112.53739461246748,,,0.8800059575127683,0.9462074998735139,0.11995087792076319,0.05378256114605839,4.316456646844646e-05,9.938980427719405e-06
960.0,2,rectifying_volume_1,tray,130.29389484687584,221.31000756519035,38.001515433915756,49.46363918464602,5657.132563494773,8491.355743118322,0.7544353242211986,0.8791186588131488,0.245393109977593,0.12083762921523418,0.00017156580120840685,4.371197161711887e-05
960.0,3,rectifying_volume_2,tray,141.44355323548845,221.35930889339176,34.262854378385235,12.799684334438862,5435.922561360308,8194.965986910425,0.6213797405434178,0.7923279727643663,0.37815925198880324,0.20753962548265387,0.00046100746777892506,0.00013240175297992232
960.0,4,rectifying_volume_3,tray,151.83318796903376,221.408463705279,33.332123130873896,12.580736722061946,5311.456968529377,7973.500836988181,0.5087162564252413,0.7026050059255469,0.49026003996503137,0.29706631679935347,0.0010237036097275624,0.000328677275099736
960.0,5,rectifying_volume_4,tray,159.842563956758,221.45791319798232,32.75672435250516,12.425518756297937,5254.821747852105,7848.794786037941,0.4285195101951622,0.6275865240192003,0.5694563688039871,0.37170607241489506,0.0020241210008506635,0.0007074035659044731
960.0,6,rectifying_volume_5,tray,165.266630919003,221.50769488605368,32.36246209263833,12.33220517376978,5230.413766612201,7791.941974942251,0.3774463148873422,0.5743093987477977,0.6188218803560075,0.42431081093593037,0.003731804756650245,0.0013797903162718929
960.0,7,rectifying_volume_6,tray,168.70978459119587,221.5578170123608,32.14940866403735,12.274212793492442,5216.322472493526,7767.336581063928,0.3468270297344828,0.5403282863309726,0.6465697617726317,0.45714406044116335,0.006603208492885472,0.0025276532278639585
960.0,8,rectifying_volume_7,tray,170.91085905717566,221.60817231634974,32.01055873634987,12.237494801139137,5201.618021426692,7753.0628752525145,0.3288352714984176,0.5199846717220689,0.659761228379814,0.4755580903815574,0.011403500121768445,0.00445723789637368
960.0,9,rectifying_volume_8,tray,172.47772031190343,221.65859946819108,31.860055842122136,12.212712657539237,5179.784938257742,7738.186366829096,0.3179745657472451,0.5081872072295338,0.6626324601031645,0.48413310893694034,0.019392974149590396,0.0076796838335259085
960.0,10,rectifying_volume_9,tray,173.8785214559653,221.7089503775971,31.656558014362602,12.190893173429039,5144.570907331623,7716.188073370281,0.31067604216982936,0.5013759823548534,0.6567240563164966,0.48559194802620864,0.032599901513674166,0.013032069618938094
960.0,11,rectifying_volume_10,tray,175.51532486038897,221.7591204977631,31.38435979625855,12.162061532456438,5087.818459614939,7680.813083512415,0.30455883657695504,0.4973032085242575,0.6412752199876092,0.4808481816765939,0.05416594343543575,0.021848609799148593
960.0,12,feed_tray,tray,177.81231636430996,221.83420049087582,45.86451256088746,10.945453351957688,12227.730548170835,7623.901639328465,0.29784275954803363,0.49458700965341224,0.6135454204139813,0.46925197851017836,0.08861182003798507,0.03616101183640923
960.0,13,stripping_volume_1,tray,181.32773264373748,221.90994185542695,45.67046786248848,10.891777437018563,12248.549472715318,7620.598186076254,0.26910565902851397,0.45689085400287366,0.6409100773594311,0.5050591949102256,0.08998426361205489,0.03804995108690083
960.0,14,stripping_volume_2,tray,185.53210342363062,221.9867309948783,45.49251295353745,10.826488325474466,12285.786925778697,7641.168233947078,0.23552562857611523,0.4103592914248171,0.6728902196173558,0.5492509379360608,0.09158415180652899,0.04038977063912205
960.0,15,stripping_volume_3,tray,190.29046665393224,222.06479172686593,45.28540194348118,10.757615099605713,12342.931913598908,7678.15208746526,0.19855307830834185,0.3559020268501587,0.707994981085574,0.6009053337943322,0.09345194060608411,0.04319263935550898
960.0,16,stripping_volume_4,tray,195.36520514245626,222.13442803109422,53.452919192566846,12.134185654930723,12418.369605500176,7735.042579001211,0.1603568107298293,0.29596931977623486,0.7437866031343368,0.6574975227774988,0.09585658613583402,0.04653315744626615
960.0,17,stripping_volume_5,tray,200.50292838680656,222.205437979813,53.15439484064947,12.061502522609386,12503.970921977638,7810.203111971966,0.12333812078177653,0.2342405987545363,0.7769323165647679,0.7149464906844473,0.09972956265345562,0.050812910561016424
960.0,18,stripping_volume_6,tray,205.56539620851404,222.27842259920718,53.186266295254924,11.964448261896251,12581.007355604817,7895.534071153271,0.08953992300221972,0.1747626481962626,0.8027553050427478,0.7677994488315193,0.10770477195503239,0.057437902972218034
960.0,19,stripping_volume_7,tray,210.75761495224734,222.3527434495677,52.7502515622769,11.897235395188192,12615.250978703107,7972.308466903034,0.06023874188495716,0.12088531667811538,0.8132645012943219,0.8086793045283888,0.12649675682072087,0.07043537879349579
960.0,20,combined_reboiler_sump,reboiler_sump,216.99557877843822,222.37810701409674,757.85958809325,77.32690079072565,,8006.296656311263,0.03589113151202429,0.07454841504762778,0.7921861588596955,0.8252426300568568,0.17192270962828027,0.10020895489551535
990.0,1,reflux_drum,reflux_drum,120.70853221066815,221.22800403875064,1744.916770457801,112.89844597890125,,,0.8799577984074441,0.9461875492254583,0.11999900875459567,0.05380250607401056,4.3192837960216666e-05,9.944700531186978e-06
990.0,2,rectifying_volume_1,tray,130.28715493575854,221.27570153572952,38.00190041003373,49.45458576329867,5657.103093036942,8491.382053847918,0.7543547966797101,0.8790786197620598,0.2454735950907646,0.12087765928714488,0.0001716082295255327,4.372095079540606e-05
990.0,3,rectifying_volume_2,tray,141.4386873360879,221.32500883067638,34.26310055791603,12.79732343307877,5435.915721645037,8194.967142260803,0.6212810170352486,0.7922673989101638,0.3782579203398758,0.20760018480610648,0.00046106262487544456,0.0001324162837297494
990.0,4,rectifying_volume_3,tray,151.82864564342933,221.3741698925265,33.33244911533648,12.578418245650541,5311.493715930246,7973.52739829559,0.5086193478499266,0.7025340262266764,0.49035690388621184,0.2971372811444389,0.0010237482638616707,0.00032869262888487
990.0,5,rectifying_volume_4,tray,159.83706351976392,221.42362591363639,32.75718578030855,12.423253818137407,5254.892764205132,7848.867664119738,0.4284361120740962,0.6275181574523412,0.5695397807051715,0.37177444421710865,0.00202410722073238,0.0007073983305501047
990.0,6,rectifying_volume_5,tray,165.25972717794642,221.47341426912436,32.36304457811542,12.329985827565766,5230.5036436423015,7792.051471752579,0.377378404257641,0.5742509054633583,0.6188899276850854,0.42436937016165605,0.0037316680572734707,0.0013797243749857297
990.0,7,rectifying_volume_6,tray,168.70159467243562,221.52354308618513,32.150081172253515,12.27202751018994,5216.421207664334,7767.466928793546,0.3467719565078958,0.5402807452349445,0.6466251646257538,0.45719178308609915,0.006602878866350505,0.0025274716789562657
990.0,8,rectifying_volume_7,tray,170.9016819775221,221.5739050499128,32.011293184182136,12.23533349409849,5201.720913441247,7753.203849784932,0.32878950703076465,0.5199462110126225,0.6598075676398394,0.47559691132048204,0.011402925329395769,0.004456877666895385
990.0,9,rectifying_volume_8,tray,172.4678418143761,221.6243388161896,31.860830489994722,12.210568222709737,5179.890009524522,7738.333177393151,0.3179351632119665,0.5081553921088168,0.662672655655118,0.4841655181339371,0.01939218113291549,0.007679089757246181
990.0,10,rectifying_volume_9,tray,173.8681621515737,221.67469629518234,31.657355427391778,12.188761585967988,5144.676910808063,7716.338744741671,0.31064089909765835,0.501348783034642,0.6567599590905528,0.4856199789251181,0.03259914181178879,0.01303123804023974
990.0,11,rectifying_volume_10,tray,175.5046561687975,221.72487293946907,31.385162167532375,12.159941414847523,5087.923352684204,7680.966412111133,0.30452653159254,0.49727919202998755,0.6413074737083093,0.48087311587383746,0.05416599469915075,0.021847692096174834
990.0,12,feed_tray,tray,177.80150870725222,221.79995791931157,45.86429813544386,10.943661847660698,12227.234533651284,7624.055599975703,0.29781227921693054,0.49456525154597564,0.6135732065703592,0.4692742217573339,0.08861451421271037,0.036160526696690586
990.0,13,stripping_volume_1,tray,181.31802973365757,221.87570042593862,45.67020284578055,10.889976365473624,12248.062394284276,7620.15291923763,0.2690666102609567,0.45685531033266047,0.6409460331214686,0.5050945683386444,0.08998735661757473,0.03805012132869512
990.0,14,stripping_volume_2,tray,185.5234245656191,221.95249106963576,45.49221435222697,10.824682117446775,12285.313998700602,7640.733814356977,0.2354792418702687,0.41030955242844913,0.6729332040308251,0.5492998461009853,0.09158755409890626,0.040390601470565564
990.0,15,stripping_volume_3,tray,190.28251976386798,222.03055368852856,45.28509504014363,10.755809959908262,12342.474948832305,7677.733882622454,0.1985022004282574,0.3558401065751276,0.7080422907127987,0.6009658694219558,0.09345550885894402,0.04319402400291646
990.0,16,stripping_volume_4,tray,195.35751298686392,222.10019152718058,53.45266073871661,12.132144594330299,12417.923651974445,7734.64245694832,0.16030544300509436,0.29589992043097374,0.7438343789007265,0.6575651985556331,0.09586017809417921,0.04653488101339304
990.0,17,stripping_volume_5,tray,200.4949269151724,222.17120315468478,53.1541745487285,12.059479700929156,12503.524160568586,7809.816454406576,0.12329053861574434,0.23417043242795454,0.7769763514832373,0.7150148647231714,0.0997331099010184,0.05081470284887402
990.0,18,stripping_volume_6,tray,205.55659443665814,222.24418942260112,53.18608461685835,11.962455931363795,12580.54386374502,7895.148991441157,0.08949958084756325,0.1746986163252523,0.8027919265310114,0.7678617773101741,0.10770849262142534,0.05743960636457344
990.0,19,stripping_volume_7,tray,210.74773016914727,222.31851170480957,52.75009817821419,11.895269681212879,12614.754146039195,7971.908988046911,0.06020768428269249,0.12083280220887392,0.8132905420723131,0.8087298814041067,0.1265017736449944,0.0704373163870193
990.0,20,combined_reboiler_sump,reboiler_sump,216.98467258152985,222.34387730061349,757.8859534899547,77.31297093451506,,8005.866137549266,0.03586995631549584,0.07451039111672984,0.7921970906041581,0.8252765728140234,0.17193295308034606,0.10021303606924653
1020.0,1,reflux_drum,reflux_drum,120.69932194654315,221.19377292825052,1739.6956944670683,113.26417348454974,,,0.8799096588470791,0.946167601087946,0.12004712065099099,0.053822448629733996,4.322050192994709e-05,9.95028232015235e-06
1020.0,2,rectifying_volume_1,tray,130.28035381263697,221.24147609366062,38.00229560639589,49.44556157334944,5657.076108427322,8491.390036293038,0.7542754058401249,0.8790392289416517,0.24555294765261365,0.12091704221744018,0.000171646507261477,4.372884090820522e-05
1020.0,3,rectifying_volume_2,tray,141.4336888430396,221.29078923364233,34.263361974547024,12.794971327156658,5435.911878802335,8194.9532866167,0.6211841437595323,0.7922081330944024,0.37835474961488064,0.20765943949438267,0.0004611066255871168,0.00013242741121491394
1020.0,4,rectifying_volume_3,tray,151.8239485313731,221.33995642321216,33.332789934410414,12.576108542605873,5311.5329168091,7973.5396749595475,0.508524367287669,0.7024646883799662,0.490451862239073,0.2972066114175618,0.0010237704732577906,0.00032870020247193296
1020.0,5,rectifying_volume_4,tray,159.83142679513563,221.38941884890897,32.75765957160223,12.42099687761952,5254.965742425239,7848.92591877744,0.42835433850740484,0.6274513698852783,0.569621606815999,0.3718412516559174,0.0020240546765959884,0.0007073784588043364
1020.0,6,rectifying_volume_5,tray,165.25272004853366,221.43921374966547,32.36363722447107,12.32777361309556,5230.5953652529,7792.146038855508,0.3773117365251434,0.5741937199312396,0.6189567933724006,0.4244266459111658,0.0037314701024558305,0.0013796341575945353
1020.0,7,rectifying_volume_6,tray,168.69333102359403,221.4893491399403,32.1507626212507,12.269848679762443,5216.521951084686,7767.582397655299,0.34671781269503466,0.5402342208792422,0.6466797292444337,0.45723852605883814,0.0066024580605316035,0.0025272530619196236
1020.0,8,rectifying_volume_7,tray,170.89245184961675,221.5397176517314,32.01203625013849,12.233178182706391,5201.826124021772,7753.330264778312,0.32874445672706726,0.5199085405132869,0.6598533215213682,0.47563499518768043,0.011402221751564525,0.0044564642990326244
1020.0,9,rectifying_volume_8,tray,172.45792248402617,221.59015792676448,31.861614039508076,12.208429498909714,5179.997766229599,7738.465886237783,0.3178963419098422,0.5081242170980693,0.6627124408724474,0.48419735865057045,0.019391217217710446,0.007678424251360228
1020.0,10,rectifying_volume_9,tray,173.85776849518754,221.64052187531175,31.658162273124766,12.186635528862105,5144.785949026028,7716.475823798843,0.3106062606560996,0.5013221348563779,0.6567955633285726,0.4856475464602153,0.032598176015327864,0.013030318683407009
1020.0,11,rectifying_volume_10,tray,175.49395758637797,221.69070494872406,31.385974268993152,12.157826669514352,5088.031509839569,7681.106637408243,0.3044946858174575,0.49725567923768915,0.6413394741815674,0.4808976376434316,0.054165840000975,0.021846683118879242
1020.0,12,feed_tray,tray,177.79067874804173,221.76579482306354,45.8640940492342,10.941874851587144,12226.743391429327,7624.196824958356,0.2977822194451265,0.49454397450040943,0.6136006845505151,0.46929604205692177,0.08861709600435849,0.03615998344266866
1020.0,13,stripping_volume_1,tray,181.30827904545058,221.84153838505534,45.669949796458,10.888180131827145,12247.580206586474,7619.6967263102015,0.26902817924639705,0.45682054018073165,0.6409814944733335,0.5051292430980845,0.08999032628026954,0.03805021672118378
1020.0,14,stripping_volume_2,tray,185.5146770853291,221.91833044228855,45.49192878943683,10.82288096530185,12284.845849379417,7640.288696144688,0.23543362115072364,0.4102608483730189,0.6729755547149381,0.5493478099947721,0.09159082413433828,0.040391341632209025
1020.0,15,stripping_volume_3,tray,190.27449218461243,221.99639485359475,45.28480160551567,10.754009925818789,12342.022621135631,7677.3050800699575,0.19845215804750532,0.3557793996902411,0.7080889040256507,0.6010252953525584,0.09345893792684393,0.043195304957200274
1020.0,16,stripping_volume_4,tray,195.34973967002338,222.0660341548499,53.45241808521935,12.13010916575693,12417.48240087051,7734.23181138276,0.16025488629070664,0.2958317822720018,0.7438814900030939,0.6576317262677752,0.09586362370619939,0.04653649146022293
1020.0,17,stripping_volume_5,tray,200.48685487158153,222.1370473916095,53.15396981239704,12.057462168128234,12503.082464160396,7809.4195737513255,0.12324365950851779,0.23410142951087304,0.7770198419862152,0.7150821963273256,0.09973649850526702,0.050816374161801355
1020.0,18,stripping_volume_6,tray,205.54774094586728,222.21003524485496,53.185918476103126,11.960468424684601,12580.086181326968,7894.754280265918,0.08945977433519783,0.17463551937232624,0.8028281949103538,0.7679233026863688,0.1077120307544482,0.05744117794130501
1020.0,19,stripping_volume_7,tray,210.7378165832105,222.28435890603646,52.749960526169744,11.893308320632935,12614.264201619151,7971.500844222206,0.060176966606058084,0.12078090692556705,0.8133164643020296,0.8087799889657429,0.12650656909191227,0.07043910410869007
1020.0,20,combined_reboiler_sump,reboiler_sump,216.97376148958546,222.30972647324813,757.9123714008479,77.29907228988218,,8005.428249279825,0.03584892505661737,0.0744726348507719,0.7922081386443337,0.8253104155127048,0.17194293629904897,0.10021694963652339
1050.0,1,reflux_drum,reflux_drum,120.69014619254824,221.15964965077626,1734.4133034117497,113.63428282810875,,,0.8798615731011145,0.9461476693693969,0.12009517936780231,0.05384237491040031,4.3247531083237955e-05,9.955720202822461e-06
1050.0,2,rectifying_volume_1,tray,130.2734965122204,221.207358346955,38.00270078310779,49.43657378520332,5657.051650284898,8491.379573672106,0.7541972191047115,0.8790005203220077,0.24563110033046073,0.12095574405235278,0.00017168056482773887,4.373562563947689e-05
1050.0,3,rectifying_volume_2,tray,141.42856080541318,221.25667720493206,34.26363853761054,12.7926298945972,5435.911060492297,8194.924344068959,0.6210892076799831,0.7921502301290131,0.37844965299231453,0.20771733477651208,0.00046113932770234595,0.00013243509447468093
1050.0,4,rectifying_volume_3,tray,151.81909923080605,221.30585039442252,33.333145439286476,12.573809459274772,5311.574562878959,7973.537576355116,0.5084314014289246,0.702397057967132,0.4905448285693873,0.29727424211739273,0.0010237700016880033,0.00032869991547528424
1050.0,5,rectifying_volume_4,tray,159.82565719454198,221.35531909510192,32.7581454625236,12.418749736334366,5255.040645845398,7848.9694215776635,0.4282742643159517,0.6273862248394608,0.5697017726551418,0.3719064313353009,0.0020239630289065366,0.0007073438252382583
1050.0,6,rectifying_volume_5,tray,165.24561419633739,221.40512041309685,32.36423966472067,12.325570292642961,5230.688880410742,7792.22551779969,0.37724637254287063,0.5741378965896292,0.6190224170137074,0.42448258391058286,0.0037312104434221423,0.001379519499787926
1050.0,7,rectifying_volume_6,tray,168.68499945873054,221.45526225317602,32.15145257018806,12.267678034936445,5216.624646568428,7767.68281342131,0.3466646475609815,0.5401887576188565,0.6467334069321237,0.45728424519268407,0.006601945506894909,0.0025269971884592764
1050.0,8,rectifying_volume_7,tray,170.88317535597199,221.50563719554646,32.0127874461188,12.231030578984813,5201.933596216991,7753.441939556515,0.32870016150804754,0.5198716962936535,0.6598984498145012,0.47567230610442585,0.011401388677451118,0.004455997601920686
1050.0,9,rectifying_volume_8,tray,172.4479696056521,221.55608386792062,31.862405975244787,12.206298183768617,5180.108152441521,7738.5843106313205,0.31785813712556565,0.5080937122806193,0.6627517813747134,0.48422860057080963,0.01939008149972087,0.007677687148571098
1050.0,10,rectifying_volume_9,tray,173.847348175496,221.60645418032368,31.658978023019166,12.184516688897828,5144.897967794147,7716.599127470002,0.310572158401268,0.5012960638108845,0.6568308386950831,0.48567462476165074,0.03259700290364898,0.013029311427464756
1050.0,11,rectifying_volume_10,tray,175.48323707046546,221.65664358226536,31.386795569917766,12.155718973392377,5088.142879183146,7681.233576607907,0.3044633283086733,0.4972326933626804,0.6413711941813645,0.4809217238531467,0.05416547750996238,0.02184558278417296
1050.0,12,feed_tray,tray,177.77983461454036,221.73173825446233,45.863900558563685,10.94009378142537,12226.257545105173,7624.325132255927,0.2977526075475797,0.4945231997817747,0.6136278301369955,0.46931741829941426,0.0886195623154248,0.036159381918811066
1050.0,13,stripping_volume_1,tray,181.29848761573598,221.80748278373258,45.66970902352401,10.886390164150438,12247.103325691018,7619.229899759384,0.2689904017257035,0.4567865782545293,0.6410164292030759,0.5051631853122917,0.08999316907122065,0.03805023643317898
1050.0,14,stripping_volume_2,tray,185.50586704239896,221.8842761620857,45.49165660827522,10.821086302925892,12284.382881284757,7639.833163038272,0.23538880910218976,0.41021322734907484,0.6730172328532319,0.5493947830257558,0.09159395804457826,0.040391989625169364
1050.0,15,stripping_volume_3,tray,190.26638931649669,221.96234226926623,45.284521991384906,10.752216430627513,12341.575320090775,7676.865949595249,0.1984029977944902,0.3557199651984822,0.7081347784702622,0.6010835546347434,0.09346222373524767,0.043196480166774354
1050.0,16,stripping_volume_4,tray,195.34189041349887,222.0319829596634,53.45219156514997,12.128080988339153,12417.046233836085,7733.810896813665,0.16020518719111576,0.295764970256822,0.7439278940073333,0.6576970433551927,0.09586691880155093,0.04653798638798519
1050.0,17,stripping_volume_5,tray,200.47871783421448,222.1029977344158,53.15378093178388,12.055451526201047,12502.646218446696,7809.012714924348,0.1231975260201099,0.2340336543470344,0.777062749763133,0.7151484236669359,0.09973972421675711,0.05081792198602977
1050.0,18,stripping_volume_6,tray,205.5388421125575,222.175987108144,53.18576814219881,11.958487316519866,12579.634713459405,7894.350184961645,0.08942053889132444,0.17457341466325385,0.8028640793425978,0.7679839701621644,0.10771538176607767,0.057442615174581824
1050.0,19,stripping_volume_7,tray,210.7278816044569,222.2503120940243,52.749838854599666,11.891352864008066,12613.781585008774,7971.084300558661,0.0601466154586958,0.12072967643008897,0.8133422473101957,0.8088295844746441,0.12651113723110854,0.07044073909526691
1050.0,20,combined_reboiler_sump,reboiler_sump,216.9628538820021,222.27568157085435,757.9388207271679,77.28521594802949,,8004.983289495366,0.03582805518192839,0.07443517778809991,0.7922192959382746,0.8253441313577081,0.17195264887979705,0.10022069085419194
1080.0,1,reflux_drum,reflux_drum,120.68101252467405,221.1256613779982,1729.0738264769313,114.0084756743143,,,0.8798135759854842,0.9461277682340756,0.12014315011639004,0.05386227075733583,4.327389812576361e-05,9.96100858856168e-06
1080.0,2,rectifying_volume_1,tray,130.26658813706342,221.17337546215393,38.003115689158754,49.427629577890436,5657.029756406489,8491.35057350409,0.7541203033707349,0.8789625275652811,0.2457079862929749,0.12099373114507954,0.00017171033629020667,4.3741289639275685e-05
1080.0,3,rectifying_volume_2,tray,141.42330640808174,221.2226999058805,34.263930139438514,12.790301014396032,5435.913290598445,8194.880259086769,0.6209962945392323,0.7920937439316554,0.37854254486070854,0.2077738167724166,0.0004611606000592035,0.00013243929592783593
1080.0,4,rectifying_volume_3,tray,151.8141004999318,221.27187896205615,33.333515463472736,12.571522842838261,5311.618642243179,7973.521030979216,0.5083405356007519,0.7023311993717439,0.49063571776314585,0.29734010893271834,0.0010237466361020912,0.0003286916955376941
1080.0,5,rectifying_volume_4,tray,159.81975827800855,221.32135380244713,32.75864317297745,12.416514197223481,5255.117434426775,7848.9980630649925,0.4281959631686346,0.6273227846769286,0.5697802048521455,0.37196992100317455,0.0020238319792197338,0.0007072943198968692
1080.0,6,rectifying_volume_5,tray,165.2384144102444,221.37116140388352,32.36485151701428,12.323377630503774,5230.784134665185,7792.289769061577,0.3771823723057117,0.5740834889334672,0.619086738996525,0.4245371308030527,0.0037308886977632043,0.001379380263480053
1080.0,7,rectifying_volume_6,tray,168.6766058927659,221.42130956459664,32.15215056389348,12.265517310977451,5216.729234230825,7767.768020481709,0.3466125097547589,0.5401443990955291,0.6467861495075476,0.4573288969932893,0.006601340737693405,0.0025267039111815945
1080.0,8,rectifying_volume_7,tray,170.8738592653052,221.4716908143562,32.013546269435764,12.228892397840347,5202.043268966819,7753.5387115412495,0.32865666183859393,0.5198357138819988,0.6599429126201702,0.4757088086734451,0.01140042554123592,0.004455477444556102
1080.0,9,rectifying_volume_8,tray,172.43799054302028,221.52214376701596,31.863205766421782,12.204175977998487,5180.221107660925,7738.688285300225,0.3178205837783803,0.5080639073030788,0.6627906429514137,0.48425921433329466,0.01938877327020615,0.007676878363626496
1080.0,10,rectifying_volume_9,tray,173.83690895780268,221.57252033199893,31.659802132227988,12.182406756051876,5145.012907922617,7716.708489456174,0.3105386235665688,0.50127059550355,0.656865754938925,0.48570118824250225,0.032595621494506184,0.013028216253947851
1080.0,11,rectifying_volume_10,tray,175.47250265371005,221.62271595635627,31.387625522725774,12.153620006702347,5088.257403540717,7681.347063037437,0.3044324878185537,0.4972102572502993,0.6414026065486359,0.48094535163311536,0.05416490563281038,0.021844391116585357
1080.0,12,feed_tray,tray,177.7689845037248,221.6978153254524,45.86371790724696,10.93832005773543,12225.777413727561,7624.440355475033,0.29772347055291637,0.4945029482798522,0.6136546192811511,0.469338329683927,0.08862191016593253,0.036158722036220795
1080.0,13,stripping_volume_1,tray,181.2886625704562,221.77356073263888,45.6694808220224,10.884607893107905,12246.63216300326,7618.752748120218,0.26895331299646896,0.45675345866096356,0.6410508054165356,0.5051963616255123,0.08999588158699534,0.03805017971352413
1080.0,14,stripping_volume_2,tray,185.49700060108864,221.85035533809003,45.49139813693933,10.819299566622943,12283.925493215953,7639.367514411904,0.23534484785722856,0.41016673666227826,0.6730582000499051,0.5494407192951106,0.0915969520928663,0.04039254404261117
1080.0,15,stripping_volume_3,tray,190.25821667196945,221.9284230426601,45.284256534219594,10.750430910014483,12341.133430615133,7676.41677631268,0.19835476570458563,0.3556618612121138,0.7081798719499167,0.6011405911064371,0.09346536234549774,0.04319754768144911
1080.0,16,stripping_volume_4,tray,195.33397054892174,221.9980650471721,53.45198149336674,12.126061684074653,12416.615527656113,7733.379982763166,0.1601563917531186,0.29569954845675667,0.7439735488963449,0.6577610880376029,0.09587005935053645,0.04653936350564051
1080.0,17,stripping_volume_5,tray,200.47052148107784,222.069081286992,53.1536081888288,12.05344938030786,12502.215803812647,7808.596137288774,0.12315218024974198,0.23396717050817983,0.777105036814173,0.7152134855707136,0.09974278293608514,0.05081934392110657
1080.0,18,stripping_volume_6,tray,205.5299043966692,222.14207211476605,53.18563386594565,11.956514185072677,12579.189859189246,7893.9369665195245,0.08938190962094308,0.1745123589613462,0.8028995491441803,0.7680437253815738,0.10771854123487669,0.05744391565708003
1080.0,19,stripping_volume_7,tray,210.7179327065154,222.21639836972392,52.74973339334648,11.889404865845687,12613.306728728758,7970.659634761693,0.060116657282382815,0.12067915603398302,0.8133678704044377,0.8088786253568916,0.12651547231317933,0.07044221860912549
1080.0,20,combined_reboiler_sump,reboiler_sump,216.95195817790545,222.2417696925237,757.9652801652886,77.27141303053163,,8004.531567449332,0.0358073641347336,0.07439805147484373,0.7922305553060384,0.8253776934496838,0.17196208055922818,0.10022425507547239
1110.0,1,reflux_drum,reflux_drum,120.67192849523794,221.09183530462383,1723.6815505278046,114.38645002795128,,,0.8797657028280794,0.9461079120889242,0.12019099759611089,0.05388212176917821,4.329957580978513e-05,9.966141897539553e-06
1110.0,2,rectifying_volume_1,tray,130.2596338522523,221.13955462898446,38.003540062481946,49.41873612961057,5657.010461646916,8491.302968248488,0.7540447249266669,0.8789252839717513,0.24578353931375901,0.12103097020967421,0.00017173575957413464,4.37458185744945e-05
1110.0,3,rectifying_volume_2,tray,141.41792897063837,221.18888452114092,34.26423665517966,12.787986564113478,5435.918589140711,8194.820996986564,0.6209054887129788,0.7920387274293309,0.37863334096397067,0.20782883258914628,0.00046117032305064646,0.00013243998152273712
1110.0,4,rectifying_volume_3,tray,151.8089552572756,221.2380693054594,33.33389982269474,12.56925053884188,5311.665139367582,7973.489986907284,0.5082518536187388,0.7022671756610636,0.4907244461936737,0.2974041488602774,0.00102370018758753,0.00032867547865908807
1110.0,5,rectifying_volume_4,tray,159.81373375261975,221.2875501447534,32.75915240668195,12.414292062182366,5255.196064757386,7849.011753272518,0.4281195074548798,0.627261110485749,0.5698568312733608,0.3720316596653653,0.002023661271759278,0.0007072298488858911
1110.0,6,rectifying_volume_5,tray,165.23112559895932,221.3373638901927,32.3654723848093,12.321197390655236,5230.881070148605,7792.338672586172,0.3771197948476592,0.5740305494167866,0.6191497006005197,0.4245902342454857,0.0037305045518211447,0.0013792163377277118
1110.0,7,rectifying_volume_6,tray,168.66815633599848,221.38751823672814,32.15285613312812,12.263368243409218,5216.835650482911,7767.837882400096,0.34656144722690485,0.5401011881584964,0.6468379093837069,0.4573724387165883,0.006600643389388176,0.00252637312491537
1110.0,8,rectifying_volume_7,tray,170.86451042561342,221.43790566509313,32.01431220313672,12.226765354816697,5202.155077089328,7753.620436799801,0.3286139976596485,0.519800628200682,0.6599866704135509,0.4757444680417321,0.01139933192680067,0.004454903757585922
1110.0,9,rectifying_volume_8,tray,172.42799273099334,221.48836477544828,31.864012867239648,12.202064583168312,5180.336566799842,7738.7776629722985,0.3177837163633059,0.5080348313209644,0.6628289916146098,0.484289170783435,0.019387292022084345,0.007675997895600624
1110.0,10,rectifying_volume_9,tray,173.82645867555976,221.538747476257,31.66063403996011,12.180307421281192,5145.130705196517,7716.80376076804,0.3105056870098788,0.5012457551066218,0.6569002819385565,0.48572721164379384,0.032594031051564616,0.01302703324958425
1110.0,11,rectifying_volume_10,tray,175.46176243519693,221.58894921149178,31.388463563345482,12.151531450754714,5088.375020431491,7681.446946676533,0.30440219274599506,0.4971883933324861,0.6414336842319277,0.48096849841652073,0.05416412302207719,0.021843108250993126
1110.0,12,feed_tray,tray,177.75813667240348,221.66405317230547,45.8635463259984,10.93655510209133,12225.303411140654,7624.542344369687,0.29769483515763806,0.4944832404685939,0.6136810281417678,0.4693587557568371,0.08862413670059417,0.03615800377456904
1110.0,13,stripping_volume_1,tray,181.2788111176996,221.73979936687323,45.66926547231915,10.88283475007699,12246.167124622507,7618.265595870795,0.26891694785108466,0.456721214840399,0.6410845915911959,0.5052287392652037,0.08999846055771939,0.03805004589439733
1110.0,14,stripping_volume_2,tray,185.4880840248812,221.81659510389957,45.49115368792654,10.817522193222358,12283.474078678797,7638.892065165514,0.23530177892183785,0.410121422743382,0.6730984183954404,0.5494855736822541,0.09159980268272185,0.04039300357436387
1110.0,15,stripping_volume_3,tray,190.2499798712806,221.89466430553497,45.284005554358316,10.748654800157956,12340.69733235729,7675.9578605423885,0.19830750713955064,0.35560514484475586,0.7082241428963639,0.6011963494971378,0.09346834996408543,0.04319850565810625
1110.0,16,stripping_volume_4,tray,195.32598551381025,221.96430754764663,53.451788165665505,12.12405287569826,12416.19065365625,7732.939353653852,0.1601085453867972,0.29563557994153894,0.7440184131394989,0.6578237994222355,0.09587304147370389,0.04654062063622569
1110.0,17,stripping_volume_5,tray,200.46227158498306,222.03532517802026,53.15345184648647,12.051457336674252,12501.79159472051,7808.170114573452,0.12310766376546382,0.2339020406835406,0.7771466655106348,0.715277321629919,0.0997456707239013,0.050820637686540396
1110.0,18,stripping_volume_6,tray,205.52093433507278,222.1083173918789,53.185515878977355,11.954550610033651,12578.752010840388,7893.514899479041,0.08934392125122588,0.17445240837303136,0.8029345738317946,0.7681025145181245,0.10772150491697949,0.057445077108844174
1110.0,19,stripping_volume_7,tray,210.70797741811083,222.18264485900073,52.749644352901214,11.88746588258823,12612.840057521355,7970.227136937396,0.06008711831653664,0.12062939068752158,0.8133933129003318,0.8089270692666265,0.1265195687831315,0.07044354004585189
1110.0,20,combined_reboiler_sump,reboiler_sump,216.94108282581615,222.20801796232877,757.9917282346465,77.25767467466216,,8004.073403413479,0.03578686933072499,0.07436128742046297,0.7922419094345053,0.825411074819485,0.17197122123476974,0.10022763776005202
1140.0,1,reflux_drum,reflux_drum,120.66290162217662,221.05819861248867,1718.2408147775984,114.76790061481955,,,0.8797179894318431,0.9460881155693178,0.12023868603117441,0.053901913316111424,4.3324536982512506e-05,9.971114570788481e-06
1140.0,2,rectifying_volume_1,tray,130.25263887991417,221.10592302445875,38.003973630065424,49.409900608153016,5656.993797816377,8491.23671561559,0.7539705493477996,0.8788888224256369,0.245857693875536,0.12106742837518478,0.00017175677666422858,4.3749199178265214e-05
1140.0,3,rectifying_volume_2,tray,141.41243194605528,221.15525822279238,34.26455794257744,12.78568841734297,5435.926972166879,8194.746544163467,0.6208168730645812,0.7919852324624301,0.3787219585463073,0.20788233041668827,0.00046116838911132506,0.00013243712088167482
1140.0,4,rectifying_volume_3,tray,151.80366658141764,221.20444859154307,33.334298314747315,12.566994388703431,5311.714035025881,7973.444412055882,0.5081654376398753,0.7022050484688239,0.49081093186783714,0.2974663003216654,0.0010236304922875727,0.00032865120951066626
1140.0,5,rectifying_volume_4,tray,159.8075874708869,221.2539352835317,32.759672851220074,12.412085129636486,5255.276490045525,7849.01042203956,0.4280449681580878,0.6272012619665469,0.5699315811469973,0.3720915876985245,0.0020234506949149624,0.000707150334928625
1140.0,6,rectifying_volume_5,tray,165.22375278719727,221.30375502802846,32.36610185710204,12.319031334394065,5230.979625594343,7792.372128155444,0.3770586981396863,0.5739791293559096,0.6192112440973725,0.42464184300449515,0.0037300577629410226,0.0013790276395953724
1140.0,7,rectifying_volume_6,tray,168.6596568883457,221.35391542006212,32.15356879493309,12.261232565698673,5216.943828053712,7767.892282300033,0.3465115071473336,0.5400591667857051,0.6468886396468055,0.45741482844634684,0.006599853205860971,0.00252600476794813
1140.0,8,rectifying_volume_7,tray,170.85513575698528,221.40430889277687,32.01508471640635,12.224651163812641,5202.2689512957495,7753.686990438126,0.32857220832016304,0.5197664735018046,0.660029684107716,0.47577924996322507,0.011398107572120992,0.004454276534970403
1140.0,9,rectifying_volume_8,tray,172.4179836674054,221.45477403281686,31.864826717302297,12.199965699444615,5180.454460184768,7738.852314761182,0.3177475688923695,0.5080065129444702,0.6628667936519685,0.48431844122552914,0.01938563745566194,0.007675045830000698
1140.0,10,rectifying_volume_9,tray,173.81600522163987,221.5051627473264,31.66147316989091,12.178220374280707,5145.251290364511,7716.884810107676,0.3104733791607222,0.5012215673116504,0.6569343897478702,0.48575267007959305,0.03259223109140754,0.013025762608756696
1140.0,11,rectifying_volume_10,tray,175.45102457130116,221.55537047657722,31.389309111614224,12.149454985723263,5088.495662046238,7681.533094522725,0.30437247108760324,0.4971671235845968,0.6414644003284891,0.4809911419802811,0.05416312858390774,0.021841734435122086
1140.0,12,feed_tray,tray,177.74729942767163,221.63047891980614,45.86338603183752,10.934800335196947,12224.835945330236,7624.630965208225,0.29766672768043395,0.4944640963659377,0.6137070331237902,0.4693786764501694,0.08862623919577602,0.036157227183892963
1140.0,13,stripping_volume_1,tray,181.26894054023535,221.7062258101534,45.66906323940131,10.881072165242214,12245.70861069997,7617.768783181835,0.2688813405150743,0.45668987950117695,0.6411177566299807,0.5052602861043564,0.09000090285494491,0.03804983439446663
1140.0,14,stripping_volume_2,tray,185.47912367078928,221.78302258183993,45.49092355727175,10.815755618159788,12283.02902526692,7638.4071454929535,0.23525964310138014,0.4100773310588346,0.6731378505320987,0.5495293019297866,0.0916025063665211,0.040393367011378856
1140.0,15,stripping_volume_3,tray,190.24168463787188,221.86109317848764,45.28376935523546,10.746889535815363,12340.26739910302,7675.489517621728,0.1982612667072888,0.3555498721040763,0.7082675503410075,0.6012507755297154,0.0934711829517037,0.04319935236620847
1140.0,16,stripping_volume_4,tray,195.31794084709753,221.93073758027705,53.451611857970754,12.122056184519368,12415.771977114064,7732.489308658959,0.16006169278670773,0.2955731266643416,0.7440624457620592,0.6578851176126269,0.09587586145123311,0.046541755723031576
1140.0,17,stripping_volume_5,tray,200.45397400825658,222.00175652517947,53.15331214797192,12.04947700045911,12501.373959106038,7807.734934712511,0.12306401753390617,0.23383832656957015,0.7771875986553994,0.7153398723021542,0.0997483838106944,0.05082180112827567
1140.0,18,stripping_volume_6,tray,205.5119385347258,222.07475005570652,53.18541439305044,11.952598170494536,12578.321553366772,7893.084271767025,0.0893066080748638,0.17439361825336921,0.8029691231683046,0.7681602843626621,0.10772426875683157,0.057446097383968664
1140.0,19,stripping_volume_7,tray,210.69802331432655,222.14907867684414,52.749571923717795,11.88553747056752,12612.381987634764,7969.787109415538,0.06005802455751225,0.12058042490837402,0.8134185541488583,0.8089748741499478,0.1265234212936294,0.07044470094167814
1140.0,20,combined_reboiler_sump,reboiler_sump,216.9302362931382,222.1744534935365,758.0181433066534,77.24401201846463,,8003.60912843782,0.03576658813321213,0.07432491705249857,0.792253350882483,0.8254442484632832,0.17198006098430485,0.10023083448421807
1170.0,1,reflux_drum,reflux_drum,120.65393937831995,221.02477843417336,1712.7560053412155,115.15251926866391,,,0.879670472035521,0.9460683935237394,0.12028617920984276,0.0539216305551799,4.334875463622092e-05,9.975921080652024e-06
1170.0,2,rectifying_volume_1,tray,130.24560849355765,221.07250777650057,38.00441610807712,49.401130161204925,5656.979793579176,8491.15179905154,0.7538978413915423,0.8788531753408115,0.2459303852746589,0.12110307323989071,0.0001717733337990011,4.3751419297808695e-05
1170.0,3,rectifying_volume_2,tray,141.40681891901878,221.12184813397593,34.26489384183025,12.78340844115054,5435.938451670379,8194.656908453295,0.6207305288009152,0.7919333096897964,0.378808316495902,0.20793425962276502,0.0004611547031829904,0.00013243068743858525
1170.0,4,rectifying_volume_3,tray,151.79823771037059,221.17104393842789,33.3347107194239,12.564756227192856,5311.765306269043,7973.384294528285,0.508081368016978,0.7021448778794607,0.49089509457074926,0.29752650327880664,0.0010235374122726534,0.0003286188417327281
1170.0,5,rectifying_volume_4,tray,159.80132342878125,221.22053633165066,32.760204178149586,12.409895192089829,5255.358660130373,7848.994019418553,0.42797241473027575,0.6271432973203456,0.5700043851870678,0.37214964696176356,0.0020232000826565922,0.0007070557178908945
1170.0,6,rectifying_volume_5,tray,165.2163011115814,221.27036192489726,32.366739508694764,12.316881217947845,5231.079736363103,7792.390055839421,0.37699913898836407,0.5739292788335826,0.6192713128500517,0.424691907051452,0.0037295481615842903,0.0013788141149654236
1170.0,7,rectifying_volume_6,tray,168.65111373331666,221.32052821673113,32.15428805299967,12.259112006914714,5217.053696016694,7767.931123335468,0.34646273582361636,0.5400183760056613,0.6469382941349708,0.45745602517116335,0.006598970041412911,0.0025255988231752896
1170.0,8,rectifying_volume_7,tray,170.84574224416366,221.37092759419943,32.015863264995616,12.222551534773261,5202.384818210823,7753.738267081686,0.32853133250929306,0.5197332833032735,0.6600719151173629,0.4758131208612112,0.011396752373344239,0.004453595835515151
1170.0,9,rectifying_volume_8,tray,172.40797090468232,221.4213986306173,31.86564674207104,12.197881023304884,5180.574713568407,7738.912130650226,0.3177121748359758,0.5079789801845455,0.6629040156800945,0.484346997474765,0.019383809483929634,0.007674022340689653
1170.0,10,rectifying_volume_9,tray,173.80555653935468,221.471793231449,31.66231893062829,12.176147301212549,5145.3745891445205,7716.951524338048,0.310441729967617,0.5011980562822556,0.6569680486423799,0.48577753908201515,0.032590221390003074,0.013024404635729278
1170.0,11,rectifying_volume_10,tray,175.44029726627824,221.52200683264175,31.390161571744443,12.147392288389485,5088.619255246916,7681.605391069944,0.3043433503890609,0.49714646948256774,0.6414947281257237,0.48101326048563714,0.054161921485215335,0.021840270031795023
1170.0,12,feed_tray,tray,177.73648111711594,221.5971196449729,45.86323722753316,10.933057174976947,12224.37541778365,7624.706101238963,0.2976391740166868,0.4944455354940296,0.6137326109170932,0.46939807211972706,0.0886282150662201,0.036156392386243394
1170.0,13,stripping_volume_1,tray,181.25905818777863,221.67286713854097,45.66887437221608,10.879321565664648,12245.2570148099,7617.262665735049,0.2688465245858156,0.4566594845548089,0.6411502699149064,0.5052909707233075,0.09000320549927796,0.03804954472188348
1170.0,14,stripping_volume_2,tray,185.470125983371,221.74966484669284,45.49070802381463,10.814001273535146,12282.590714050097,7637.913100710718,0.23521848042699584,0.4100345060221895,0.6731764597191591,0.5495718607277937,0.09160505985384505,0.0403936332500168
1170.0,15,stripping_volume_3,tray,190.23333679347417,221.8277367346862,45.2835482226283,10.745136548382185,12339.843998183043,7675.012077739897,0.198216088182105,0.3554960977853025,0.7083100539858278,0.6013038160215669,0.09347385783206714,0.04320008619313064
1170.0,16,stripping_volume_4,tray,195.30984218438152,221.89738221690993,53.451452825564296,12.12007322823281,12415.359856678295,7732.03016154828,0.16001587785350074,0.29551224934754017,0.7441056064144259,0.6579449838168658,0.09587851573207348,0.04654276683559406
1170.0,17,stripping_volume_5,tray,200.44563469717943,221.968402398886,53.15318931603884,12.047509973596311,12500.963257781059,7807.290899704777,0.12302128185031215,0.2337760887601479,0.7772277995433614,0.7154010790148762,0.0997509186063265,0.050822832224976
1170.0,18,stripping_volume_6,tray,205.5029236655826,222.04139717528295,53.18532959936462,11.95065844283519,12577.898863711649,7892.645384531215,0.08927000389351068,0.17433604311172335,0.8030031672088208,0.7682169824111907,0.1077268288976686,0.05744697447708595
1170.0,19,stripping_volume_7,tray,210.6880780076497,222.11572689111392,52.7495162755603,11.88362118393188,12611.932926116297,7969.339866515189,0.06002940171778939,0.1205323027100389,0.8134435735642034,0.8090219983092174,0.12652702471800725,0.07044569898074377
1170.0,20,combined_reboiler_sump,reboiler_sump,216.91942705547706,222.14110335235753,758.0445036344958,77.2304361856059,,8003.139084034953,0.03574653782802343,0.07428897167063904,0.7922648720860934,0.8254771873783685,0.17198859008588316,0.10023384095099247
1200.0,1,reflux_drum,reflux_drum,120.64504918067726,220.99160181627133,1707.231549688415,115.53999532306534,,,0.8796231872721035,0.9460487609973899,0.12033344052593645,0.05394125844666855,4.337220196000977e-05,9.980555941601429e-06
1200.0,2,rectifying_volume_1,tray,130.23854801226435,221.03933592722134,38.004867202027796,49.39243190658031,5656.968474364901,8491.048228016869,0.7538266648925429,0.8788183746064868,0.2460015497257983,0.12113787292557254,0.00017178538165879315,4.3752467940584234e-05
1200.0,3,rectifying_volume_2,tray,141.4010936040023,221.08868129217836,34.26524417544198,12.781148493498819,5435.953035498412,8194.552119301243,0.6206465353294531,0.791883008494752,0.3788923354873894,0.20798457084667815,0.00046112918315736965,0.00013242065856984182
1200.0,4,rectifying_volume_3,tray,151.79267204062643,221.1378823787369,33.335136798461285,12.562537879896365,5311.818926393809,7973.309642815675,0.50799972315485,0.7020867223139561,0.4909768560087881,0.2975846993478287,0.0010234208363620004,0.0003285783382151709
1200.0,5,rectifying_volume_4,tray,159.7949457634409,221.18738031663815,32.760746043138255,12.407724033656699,5255.442521495754,7848.962515926991,0.4279019149682487,0.627087273138021,0.5700751757158943,0.37220578090670725,0.002022909315857054,0.0007069459552717644
1200.0,6,rectifying_volume_5,tray,165.2087758162539,221.2372116031184,32.36738490049721,12.314748790067558,5231.181334477317,7792.3923962908975,0.3769411729355677,0.5738810466043885,0.6193298514111399,0.4247403776563223,0.003728975653292363,0.0013785757392891433
1200.0,7,rectifying_volume_6,tray,168.64253313173054,221.28738364382818,32.15501339808488,12.257008289366397,5217.1651798293715,7767.954329009765,0.346415178619969,0.5399788558201838,0.6469868275164997,0.4574959888606609,0.006597993863531368,0.002525155319155219
1200.0,8,rectifying_volume_7,tray,170.83633692887082,221.3377887812533,32.01664729170139,12.220468171359977,5202.502600408942,7753.77418118731,0.32849140818904726,0.519701090325498,0.6601133254224241,0.4758460478902386,0.011395266388528712,0.004452861784263297
1200.0,9,rectifying_volume_8,tray,172.3979620412394,221.38826557557812,31.866472353374068,12.195812245228986,5180.697248159338,7738.957019790184,0.3176775670646409,0.5079522603994882,0.662940624697962,0.4843748119088971,0.019381808237397078,0.007672927691614845
1200.0,10,rectifying_volume_9,tray,173.7951206132408,221.43866593022454,31.66317071622424,12.174089882414163,5145.500522243476,7717.003808782013,0.3104107688457206,0.5011752456073301,0.6570012291656702,0.4858017946460386,0.03258800198860922,0.013022959746631344
1200.0,11,rectifying_volume_10,tray,175.4295887626233,221.48888527619118,31.39102033283475,12.145345029865808,5088.745721580016,7681.663738586874,0.30431485769683303,0.4971264519605777,0.6415246411428571,0.4810348325184945,0.054160501160309765,0.021838715520927796
1200.0,12,feed_tray,tray,177.72569011879105,221.56400234041786,45.86310010107801,10.931327034649437,12223.922222858444,7624.76765297283,0.2976121995933172,0.49442757684002286,0.6137577385351776,0.4694169235828,0.08863006187150525,0.036155499577177064
1200.0,13,stripping_volume_1,tray,181.2491714689946,221.6397503438028,45.668699103042655,10.877584373333557,12244.812723330397,7616.7476143699805,0.2688125329718384,0.45663006105204906,0.6411821013604283,0.5053207624708534,0.09000536566773326,0.03804917647709753
1200.0,14,stripping_volume_2,tray,185.46109748847442,221.71654888906127,45.490507348513894,10.81226058615154,12282.159518979563,7637.410290918335,0.23517833008274594,0.40999299090663377,0.6732142098977155,0.5496132077972278,0.09160746001953843,0.04039380129613843
1200.0,15,stripping_volume_3,tray,190.2249422529226,221.79462196323865,45.28334242395733,10.74339726393131,12339.427489901487,7674.525885634494,0.19817201442571006,0.3554438753659021,0.7083516142738397,0.6013554189848119,0.09347637130045021,0.043200705649286034
1200.0,16,stripping_volume_4,tray,195.3016952529007,221.86426844541953,53.451311302362114,12.118105618708684,12414.954643801959,7731.562240412195,0.15997114361617404,0.2954530073694842,0.7441478554410109,0.6580033404550334,0.09588100094281506,0.046543652175482314
1200.0,17,stripping_volume_5,tray,200.43725967618144,221.9352897856681,53.15308355231018,12.045557852614262,12500.55984385321,7806.838325355543,0.12297949626903293,0.23371538663754624,0.777267232021687,0.7154608842683569,0.09975327170928013,0.05082372909409679
1200.0,18,stripping_volume_6,tray,205.49389645328677,222.00828573582965,53.18526166793821,11.94873299858768,12577.484310186355,7892.198551879056,0.0892341419614507,0.1742797365177901,0.8030366763468554,0.7682725569525716,0.10772918169169383,0.05744770652963848
1200.0,19,stripping_volume_7,tray,210.67814913883706,222.0826164859197,52.74947755689896,11.881718572549902,12611.493270123727,7968.885734259521,0.06000127518512621,0.12048506753017058,0.8134683506518463,0.8090684004676545,0.12653037416302748,0.07044653200217495
1200.0,20,combined_reboiler_sump,reboiler_sump,216.90866358582403,222.10799452132906,758.0707873836461,77.21695827005603,,8002.663621842476,0.03572673559813785,0.07425348240021591,0.7922764653644334,0.8255098645995376,0.1719967990374288,0.10023665300024664
1230.0,1,reflux_drum,reflux_drum,120.63623837977428,220.95869568239144,1701.6719110105048,115.93001600727808,,,0.879576172125005,0.9460292332147355,0.12038043302260185,0.053960781771543016,4.339485239308132e-05,9.985013721396049e-06
1230.0,2,rectifying_volume_1,tray,130.23146279474025,221.00643439593108,38.005326606954156,49.38381292239265,5656.959862284558,8490.926038246716,0.7537570826581174,0.8787844515331307,0.24607112446633636,0.12117179613155098,0.00017179287554638736,4.375233531846897e-05
1230.0,3,rectifying_volume_2,tray,141.39525984302662,221.05578461225207,34.26560874814854,12.778910420657231,5435.970727284115,8194.432227953577,0.6205649701174678,0.7918343768927196,0.3789739381222387,0.20803321609156325,0.00046109176029345765,0.00013240701571716064
1230.0,4,rectifying_volume_3,tray,151.78697312583563,221.10499082262402,33.33557629554886,12.560341160668393,5311.874864929551,7973.22048600096,0.5079205793689173,0.702030638417892,0.4910561399501927,0.2976408319107492,0.0010232806808900274,0.0003285296713587774
1230.0,5,rectifying_volume_4,tray,159.78845875054424,221.15449414371867,32.76129808614889,12.405573427580748,5255.528017297267,7848.915902821181,0.42783353489177434,0.6270332442918275,0.5701438867847091,0.3722599346855156,0.00202257832351657,0.0007068210226569241
1230.0,6,rectifying_volume_5,tray,165.20118224819842,221.20433096287078,32.36803757986572,12.312635789607253,5231.284348665018,7792.3791110642815,0.3768848541595786,0.5738344800017434,0.6193868056199322,0.4247872074799825,0.003728340220489019,0.0013783125182740645
1230.0,7,rectifying_volume_6,tray,168.63392141519404,221.25450859646244,32.155744308454686,12.254923126227826,5217.278201379162,7767.961843509178,0.3463688798771635,0.539940645128264,0.6470341953674273,0.457534680540672,0.006596924755409125,0.002524674331064043
1230.0,8,rectifying_volume_7,tray,170.82692690192283,221.3049193439962,32.017436226872384,12.218402768606445,5202.622216456749,7753.794667393374,0.3284524725275882,0.5196699264289013,0.6601538776313903,0.47587799899735955,0.011393649841021505,0.0044520745737391424
1230.0,9,rectifying_volume_8,tray,172.38796471266738,221.35540175273437,31.867302949943056,12.193761047376753,5180.8219806584575,7738.9869108635085,0.317643777791227,0.5079263802421676,0.6629765881403407,0.48440185751950215,0.019379634068432378,0.0076717622383301355
1230.0,10,rectifying_volume_9,tray,173.7847054596357,221.40580772369353,31.664027906729007,12.172049790091384,5145.629005389903,7717.04158758152,0.310380524624981,0.5011531582548817,0.6570339021759574,0.4858254132739418,0.03258557319906163,0.013021428471176662
1230.0,11,rectifying_volume_10,tray,175.4189073312134,221.45603268229937,31.391884769428,12.143314873303787,5088.874977304478,7681.708057483957,0.30428701951037856,0.4971070913693634,0.6415541131727207,0.4810558371293952,0.05415886731690065,0.021837071501241555
1230.0,12,feed_tray,tray,177.71493483099476,221.53115387744475,45.86297482519549,10.929611320785344,12223.476747162935,7624.81553854632,0.29758582932415745,0.49441023881761237,0.613782393353627,0.46943521215530754,0.08863177732221533,0.03615454902708007
1230.0,13,stripping_volume_1,tray,181.23928784326216,221.60690229651271,45.66853764690099,10.875862003205265,12244.3761148365,7616.224014798234,0.2687793978329695,0.4566016391201643,0.6412132214662452,0.5053496315243575,0.09000738070078529,0.03804872935547815
1230.0,14,stripping_volume_2,tray,185.45204478670206,221.68370157847397,45.49032177379121,10.81053497554296,12281.73580630044,7636.899090724743,0.23513923033379602,0.4099528277590152,0.673251065754737,0.5496533019720045,0.0916097039114669,0.040393870268980385
1230.0,15,stripping_volume_3,tray,190.21650701869004,221.76177573230171,45.283152207616695,10.74167310124103,12339.018226971322,7674.031300327006,0.19812908730932677,0.35539325690192325,0.7083921924587627,0.6014055337250561,0.09347872023191058,0.043201209373020626
1230.0,16,stripping_volume_4,tray,195.29350586623497,221.83142313282002,53.451187500240586,12.116154959767783,12414.556682190047,7731.085887423471,0.1599275321553324,0.2953954586528611,0.7441891539484387,0.6580601312652968,0.09588331389622891,0.04654441008184195
1230.0,17,stripping_volume_5,tray,200.42885504178105,221.90244555128092,53.15299503665574,12.043622226440755,12500.164062159925,7806.377541045674,0.12293869953480366,0.23365627826468213,0.7773058605496255,0.7155192317376079,0.09975543991557077,0.050824489997709894
1230.0,18,stripping_volume_6,tray,205.48486367164665,221.97544260187345,53.18521074702732,11.94682340228508,12577.078251863177,7891.744100635164,0.08919905492975859,0.17422475100846183,0.8030696213603428,0.7683269571556429,0.1077313237098986,0.05744829183589515
1230.0,19,stripping_volume_7,tray,210.66824436760484,222.0497743247416,52.74945589435711,11.879831179897735,12611.063406256088,7968.4250500964645,0.05997366998187463,0.1204387621591495,0.8134928650368477,0.80911403983394,0.12653346498127757,0.07044719800691039
1230.0,20,combined_reboiler_sump,reboiler_sump,216.89795434363265,222.0751538624388,758.0969726631798,77.20358932062717,,8002.183103296444,0.0357071984981215,0.07421848014525934,0.792288122925517,0.825542253235993,0.1720046785763616,0.10023926661874782
