time_s,stage,volume,node_type,T_F,P_psia_hyd,ML_lbmol,MV_lbmol,L_out_used_lbmolph,V_out_lbmolph,x_n-Propane,y_n-Propane,x_n-Butane,y_n-Butane,x_n-Pentane,y_n-Pentane
0.25,1,reflux_drum,reflux_drum,121.00330573870842,222.43202695632746,1714.3353493631953,115.7619264671625,,,0.8820367132510195,0.9470772831554987,0.11792272814392792,0.05291335537319467,4.05586050525121e-05,9.36147130675257e-06
0.25,2,rectifying_volume_1,tray,130.31294597493698,222.47928233140746,38.014805296119825,49.79340526380364,5662.962773383728,8455.51003967756,0.7598185157856191,0.8820215606867272,0.24002041026856893,0.1179374333843664,0.00016107394581208116,4.100592890644436e-05
0.25,3,rectifying_volume_2,tray,141.2562845375882,222.52816129527224,34.289207920975834,12.888266503573098,5441.750032774343,8166.456258891918,0.628755771798235,0.7972708342884284,0.3708086737595112,0.20260450295474286,0.000435554442253694,0.00012466275682884105
0.25,4,rectifying_volume_3,tray,151.5953854493714,222.57688150517043,33.353899023871186,12.667826788217681,5314.482776525552,7945.311716080961,0.5160946524668042,0.7085467719194564,0.4829300920289282,0.2911414386527899,0.0009752555042676525,0.00031178942775373904
0.25,5,rectifying_volume_4,tray,159.68123916075697,222.6258830684761,32.76809291858893,12.509164384406649,5255.550515355045,7818.110362901158,0.43473864711862703,0.6332604473580069,0.5633173415040393,0.36606259824373805,0.0019440113773338326,0.0006769543982551202
0.25,6,rectifying_volume_5,tray,165.22523583277768,222.6752154276976,32.36473190404638,12.412488001343615,5230.1941040287,7759.244774453694,0.3823023341784956,0.5790453791882331,0.6140879037239413,0.41962321546380427,0.0036097620975631805,0.001331405347962698
0.25,7,rectifying_volume_6,tray,168.77631075580953,222.72489694476243,32.14582068043237,12.351923300310862,5216.100943181833,7733.9555995346955,0.35056897191831504,0.5440594469065417,0.6430041709942573,0.4534837792435945,0.006426857087427564,0.0024567738498637187
0.25,8,rectifying_volume_7,tray,171.05569744583258,222.77482476259163,32.00400041391167,12.313441698035328,5201.868380560837,7719.928781211193,0.33179687806737956,0.522916786646891,0.6570433486855387,0.47272378655173114,0.011159773247081605,0.004359426801377833
0.25,9,rectifying_volume_8,tray,172.67316300747476,222.8248382315501,31.85255230861313,12.287497378818639,5180.695329687172,7705.760408250963,0.3204318924555634,0.5105669013136828,0.6604949486062159,0.48188058731243477,0.019073158938220622,0.007552511373882396
0.25,10,rectifying_volume_9,tray,174.1049627236069,222.87478844904703,31.649224728548727,12.264871247293962,5146.150035022172,7684.648739568387,0.3128199359332849,0.5034021629227552,0.6549685062452429,0.4837179022184598,0.03221155782147221,0.01287993485878499
0.25,11,rectifying_volume_10,tray,175.76258281418836,222.9245695687984,31.377328660620755,12.235336404787695,5089.8940487598675,7650.162234736714,0.3065037884800549,0.4991126173895773,0.6397392520576879,0.47919458516261393,0.05375695946225711,0.021692797447808804
0.25,12,feed_tray,tray,178.08075513763603,222.99931264161242,45.88938472302662,11.007333344496653,12250.638051839493,7593.964126367811,0.29963883847418527,0.4962639288852676,0.6120493860018197,0.4676778299429691,0.088311775523995,0.0360582411717633
0.25,13,stripping_volume_1,tray,181.5090756766922,223.07484132030388,45.70028010736018,10.95465191973346,12271.204007924076,7611.837469099741,0.27157680346209395,0.4596001193353285,0.6387744946828554,0.5025075793540202,0.08964870185505058,0.03789230131065124
0.25,14,stripping_volume_2,tray,185.63778279114717,223.15139797586033,45.525616565908685,10.890002311242045,12307.747317466672,7632.504751903834,0.2385375026461463,0.4140564126731713,0.6702427844791542,0.5457650070496441,0.09121971287469956,0.04017858027718471
0.25,15,stripping_volume_3,tray,190.34718484723058,223.22920607683633,45.31970062399539,10.821235236879316,12364.068314657121,7669.147923467089,0.20185798731146892,0.36035911588387287,0.705075247876835,0.5967043316432131,0.09306676481169601,0.04293655247291393
0.25,16,stripping_volume_4,tray,195.41149493742253,223.29864506572923,53.49044846182678,12.205848587642906,12439.243352157302,7725.567689009332,0.16363720120043687,0.3007737355564305,0.7409088952833421,0.652980574112308,0.0954539035162209,0.0462456903312615
0.25,17,stripping_volume_5,tray,200.57933669778018,223.36945727250858,53.19027576183085,12.131927411859364,12525.556072681895,7800.8465819164085,0.12628636577932023,0.23888049400634995,0.7744140949330933,0.7106146559486848,0.09929953928758649,0.05050485004496528
0.25,18,stripping_volume_6,tray,205.70437589646255,223.44225741340637,53.220930189065946,12.033016504288007,12604.599040233554,7887.261196053439,0.09192307850949887,0.17874888837390462,0.8008638588856191,0.7641454731411275,0.10721306260488196,0.05710563848496793
0.25,19,stripping_volume_7,tray,210.97600164767604,223.5164211751383,52.784610010947425,11.964046040077701,12642.097796760134,7966.403008423618,0.06193280444667112,0.12386623771574168,0.8121989277555483,0.8060862661941869,0.12586826779778065,0.0700474960900714
0.25,20,combined_reboiler_sump,reboiler_sump,217.29202197474532,223.5416023131268,757.1984916652676,77.80053242295517,,8003.997483818486,0.036875959754513264,0.07635586874793261,0.7921111821050273,0.8239543641314393,0.17101285814045944,0.0996897671206281
30.0,1,reflux_drum,reflux_drum,121.00881136789971,222.44940998100577,1719.4188484904173,115.39492070710915,,,0.8820493911181496,0.9470817190233929,0.1179100386535017,0.052908916363482474,4.057022834856652e-05,9.364613124625607e-06
30.0,2,rectifying_volume_1,tray,130.3194217185802,222.4966649860519,38.01426515275858,49.797697405249366,5662.925405767881,8455.839304570078,0.7598204423941071,0.8820191470858423,0.24001838972197914,0.11793982084581979,0.00016116788391388359,4.103206833795133e-05
30.0,3,rectifying_volume_2,tray,141.26349510008563,222.54554332402998,34.28866254854549,12.889354457771889,5441.69838275235,8166.729434266944,0.6287514740475832,0.7972623470566506,0.37081271074958333,0.20261290850744265,0.00043581520283349077,0.0001247444359068801
30.0,4,rectifying_volume_3,tray,151.60281107033111,222.59426283858005,33.35335371149634,12.668896646975977,5314.429342931358,7945.56556434741,0.5160902170064267,0.7085361433296219,0.48293398563286066,0.29115187731212294,0.0009757973607127895,0.0003119793582552263
30.0,5,rectifying_volume_4,tray,159.68851480675076,222.64326363721585,32.76756140059408,12.51022875574724,5255.4956965077945,7818.357605938666,0.43473710112773617,0.6332513963024647,0.5633179226345335,0.36607128091525915,0.0019449762377301248,0.0006773227822761712
30.0,6,rectifying_volume_5,tray,165.23227082071568,222.69259513310377,32.36420691435589,12.4135522956261,5230.1347120206665,7759.4862779186715,0.3823038785940092,0.5790392987698691,0.6140847989396704,0.4196286638059602,0.0036113224663204295,0.001332037424170644
30.0,7,rectifying_volume_6,tray,168.78316864736763,222.74227566770446,32.145289205290574,12.35298799326033,5216.0343836795955,7734.188605951039,0.3505727041645371,0.5440559747429815,0.6429980855187626,0.4534862567003074,0.006429210316700376,0.002457768556711088
30.0,8,rectifying_volume_7,tray,171.06247718403895,222.79220238068797,32.00345233070994,12.314506041023296,5201.793175871744,7720.1510084291995,0.33180182649577533,0.522915006823581,0.6570350707837349,0.47272410629547656,0.011163102720489796,0.0043608868809423065
30.0,9,rectifying_volume_8,tray,172.67994417510172,222.84221462838497,31.85198266312207,12.28856056692162,5180.611010815147,7705.970578672329,0.32043734449247235,0.5105659850740802,0.6604851342014719,0.481879507401062,0.019077521306055834,0.007554507524857747
30.0,10,rectifying_volume_9,tray,174.1117826963193,222.8921635184041,31.64863566849148,12.265932677772952,5146.057568047089,7684.846500396178,0.3128254824761152,0.5034015320524104,0.6549578945070554,0.48371605365072334,0.032216623016829406,0.012882414296866165
30.0,11,rectifying_volume_10,tray,175.76941137683525,222.94194322076262,31.376733975065065,12.23639603590408,5089.797095961533,7650.348612367144,0.3065093335146153,0.49911192145153604,0.6397291768640013,0.4791926924775412,0.0537614896213834,0.021695386070922654
30.0,12,feed_tray,tray,178.0874443758659,223.01668564452265,45.88932458388082,11.00822844942478,12250.84264367258,7594.142809814412,0.29964467598163413,0.49626299363094245,0.6120425838026852,0.46767713900217606,0.08831274021568078,0.036059867366881417
30.0,13,stripping_volume_1,tray,181.51583419389334,223.09221568660053,45.70020625779087,10.955543366715808,12271.404349486738,7612.313124579535,0.27158212299054524,0.4595989663420173,0.638768121176012,0.5025070218895966,0.08964975583344277,0.037894011768386096
30.0,14,stripping_volume_2,tray,185.64454729246887,223.16877363345307,45.525533553555725,10.890890330616827,12307.944087098025,7632.971408554181,0.23854281065521327,0.41405591022165483,0.6702363320453065,0.5457637334178288,0.09122085729948019,0.04018035636051639
30.0,15,stripping_volume_3,tray,190.35389373023918,223.24658293924972,45.319611013731674,10.822120678806892,12364.261469553152,7669.606143046271,0.20186373209013808,0.3603602247008383,0.7050682373164185,0.5967013894006632,0.09306803059344343,0.04293838589849851
30.0,16,stripping_volume_4,tray,195.41810945667117,223.31602285250483,53.490280047275114,12.20685289020776,12439.430652625806,7726.017395867543,0.1636436348042059,0.30077726167408914,0.7409009833159895,0.6529751270790133,0.09545538187980446,0.04624761124689763
30.0,17,stripping_volume_5,tray,200.58586988717158,223.38683586989745,53.19009352299911,12.132929829079625,12525.736387756495,7801.285060258614,0.12629338262290246,0.23888667451294254,0.7744052066862068,0.7106063559190708,0.09930141069089068,0.05050696956798666
30.0,18,stripping_volume_6,tray,205.7108794216698,223.4596367000508,53.22072906992925,12.03401318904389,12604.771176765731,7887.687435736755,0.09193036711146678,0.17875744422319476,0.8008540747456854,0.7641344038412987,0.10721555814284786,0.05710815193550634
30.0,19,stripping_volume_7,tray,210.98253697504532,223.53380102801214,52.78438691811272,11.965039285157003,12642.261724304919,7966.815956335503,0.06193997555022753,0.1238765105883371,0.8121886770936945,0.8060729478502168,0.12587134735607794,0.07005054156144605
30.0,20,combined_reboiler_sump,reboiler_sump,217.29857476489815,223.5589823915698,757.1840882914719,77.80743399385946,,8004.397210483858,0.03688266333807024,0.07636709242997503,0.7921023750571516,0.8239401875884481,0.1710149616047781,0.09969271998157689
60.0,1,reflux_drum,reflux_drum,121.01419342647272,222.46633239181824,1724.4989513373375,115.02785741413116,,,0.8820614219180679,0.9470858865399076,0.11789799552848872,0.05290474555284694,4.058255344338316e-05,9.367907245496064e-06
60.0,2,rectifying_volume_1,tray,130.3258466068051,222.51358715960723,38.013724664275,49.8018638912791,5662.886491039477,8456.177461753294,0.7598207935066004,0.8820159102305851,0.24001794214618322,0.11794303092222769,0.0001612643472164073,4.105884718713098e-05
60.0,3,rectifying_volume_2,tray,141.27071213874163,222.56246500145963,34.28811273793011,12.890409057896552,5441.645217424297,8167.009593889653,0.6287450338746395,0.7972524688906584,0.370818884234485,0.2026227032111563,0.00043608189087541245,0.00012482789818539728
60.0,4,rectifying_volume_3,tray,151.61025819092444,222.6111839541694,33.35280515569975,12.66993368009011,5314.375208106351,7945.826354019459,0.516083621817526,0.7085238317312519,0.48294002794868157,0.29116399515602226,0.000976350233792355,0.0003121731127258519
60.0,5,rectifying_volume_4,tray,159.69579116840103,222.66018412589113,32.76702957363351,12.511261351454285,5255.4408628226165,7818.6125336374735,0.43473371220729773,0.6332407220548476,0.5633203289065198,0.36608158003574004,0.0019459588861823326,0.0006776979094124927
60.0,6,rectifying_volume_5,tray,165.2392726489084,222.70951489719388,32.36368426687595,12.414585822064856,5230.07561613029,7759.736086458672,0.3823039645418841,0.5790318509319209,0.6140831261381424,0.4196354691471317,0.003612909319973346,0.0013326799209473859
60.0,7,rectifying_volume_6,tray,168.7899621747082,222.7591945861795,32.14476186155364,12.354022694091515,5215.968163193846,7734.430166692683,0.35057529833950674,0.5440514184020582,0.6429931005834719,0.4534898035360818,0.006431601077021369,0.002458778061860056
60.0,8,rectifying_volume_7,tray,171.06916934579647,222.80912032793188,32.00290937527253,12.315540931925398,5201.718218362063,7720.381774647073,0.3318058653487064,0.5229123732077754,0.65702765126915,0.47272526004249776,0.011166483382143632,0.00436236674972687
60.0,9,rectifying_volume_8,tray,172.68662228398847,222.8591314844776,31.851418567096164,12.289594667205685,5180.526792625463,7706.189140766307,0.3204420375807613,0.5105643777924872,0.6604760117715427,0.48187909355000386,0.019081950647695946,0.0075565286575091225
60.0,10,rectifying_volume_9,tray,174.1184897949024,222.90907917379138,31.648052228095906,12.266965280448435,5145.9650458466185,7685.05245295096,0.3128303656820995,0.5034003168420292,0.6549478635043815,0.48371476029104765,0.032221770813518937,0.012884922866923089
60.0,11,rectifying_volume_10,tray,175.77612057622048,222.95885758247476,31.376144843632638,12.23742706667941,5089.699959595351,7650.542973682801,0.30651427634261597,0.49911070848432676,0.6397196117965274,0.47919128752908424,0.05376611186085665,0.021698003986589064
60.0,12,feed_tray,tray,178.09400871370858,223.03359946042573,45.88925716088686,11.009099402021095,12251.03888479238,7594.329296848116,0.2996499545541544,0.49626158364747774,0.6120362577201605,0.4676769033999645,0.08831378772568518,0.03606151295255783
60.0,13,stripping_volume_1,tray,181.52249222093718,223.10913091889716,45.70012376541513,10.956410405106798,12271.59641804268,7612.788333598257,0.27158669405851804,0.4595970456517004,0.6387624037596921,0.5025071976225259,0.08965090218178993,0.03789575672577369
60.0,14,stripping_volume_2,tray,185.6512329306184,223.1856902158939,45.525440976553924,10.89175378501503,12308.132782859531,7633.437612822669,0.2385472152040312,0.41405435337925584,0.6702306829742268,0.5457634647629396,0.09122210182174195,0.040182181857804734
60.0,15,stripping_volume_3,tray,190.36053822253191,223.26350079141247,45.319511499678576,10.822981546272986,12364.44678825887,7670.064025517659,0.2018684858958088,0.3603600501267322,0.7050621123177224,0.5966996685260624,0.09306940178646866,0.04294028134720547
60.0,16,stripping_volume_4,tray,195.4246633100132,223.33294167929498,53.49010122604519,12.20782946615236,12439.610205318164,7726.466919956426,0.16364907934508724,0.3007793873709052,0.7408939509793054,0.652971009727963,0.09545696967560732,0.04624960290113186
60.0,17,stripping_volume_5,tray,200.59233442521418,223.4037555582038,53.1899013879332,12.133904894615616,12525.908769011981,7801.723355144512,0.12629950174539756,0.23889148245651692,0.7743971004671862,0.7105993524577167,0.09930339778741622,0.05050916508576647
60.0,18,stripping_volume_6,tray,205.7172966336529,223.47655712524312,53.220518446685084,12.034983103706335,12604.934819231532,7888.113219362105,0.09193691923326613,0.17876479860489228,0.8008448952111861,0.7641244541291501,0.10721818555554778,0.05711074726595764
60.0,19,stripping_volume_7,tray,210.98896317815337,223.5507220596836,52.78415442865181,11.966006294030791,12642.416217721031,7967.227804657559,0.061946610633178065,0.12388586036687885,0.812178788631662,0.8060604544432567,0.12587460073515985,0.07005368518986449
60.0,20,combined_reboiler_sump,reboiler_sump,217.304996542251,223.5759036999791,757.1698815535092,77.81415791711396,,8004.794817473373,0.03688904026706907,0.07637772691538573,0.7920936182113342,0.8239264542939777,0.17101734152159676,0.09969581879063659
90.0,1,reflux_drum,reflux_drum,121.01940250985626,222.48263804102794,1729.5301724491153,114.66402505695937,,,0.8820726916200454,0.9470897457525995,0.11788671290196986,0.052900882921469494,4.059547798471537e-05,9.371325930965753e-06
90.0,2,rectifying_volume_1,tray,130.33216310618232,222.5298927089014,38.01318860426309,49.80586609403407,5662.846349738986,8456.52174750108,0.7598195443593672,0.8820118673851159,0.2400190931270247,0.11794704657841032,0.00016136251360826138,4.108603647370862e-05
90.0,3,rectifying_volume_2,tray,141.2778719409434,222.57877019120446,34.28756328730995,12.891420504763417,5441.590984372858,8167.294458931633,0.6287364783765587,0.7972412676475669,0.37082716939945115,0.20263381992369417,0.00043635222399018706,0.00012491242873895813
90.0,4,rectifying_volume_3,tray,151.6176612283159,222.62748872303618,33.3522581663969,12.670928252095454,5314.320841087035,7946.091976785714,0.5160748955947452,0.7085099228322909,0.48294819502844305,0.2911777081398167,0.0009769093768116634,0.0003123690278923737
90.0,5,rectifying_volume_4,tray,159.70300382112046,222.67648841369848,32.76650214678287,12.51225259101807,5255.386500325933,7818.873100626698,0.43472848566442474,0.6332284973336106,0.5633245634696545,0.3660934261152736,0.0019469508659209294,0.0006780765511158091
90.0,6,rectifying_volume_5,tray,165.24617880991934,222.72581860815205,32.36316863067211,12.41557900643134,5230.0173454028645,7759.992209227434,0.38230257225537434,0.5790230838932592,0.6140829187611704,0.419643588810533,0.0036145089834552506,0.001333327296207848
90.0,7,rectifying_volume_6,tray,168.79663023148063,222.7754975984155,32.14424338713905,12.355017828871018,5215.902875315854,7734.678367826791,0.35057671697782744,0.5440458046110724,0.6429892742616828,0.453494401744306,0.006434008760489615,0.0024597936446215433
90.0,8,rectifying_volume_7,tray,171.0757134184504,222.8254225136759,32.00237643838282,12.31653680208926,5201.644178532747,7720.61926172109,0.3318089473753863,0.5229088985754484,0.6570211665083963,0.4727272478087912,0.011169886116217517,0.004363853615760366
90.0,9,rectifying_volume_8,tray,172.6931367702552,222.87543272133286,31.850865103853966,12.290590122220753,5180.443426337147,7706.414382824417,0.32044592044668113,0.5105620850769851,0.6604676706595739,0.4818793576200393,0.019086408893745,0.007558557302975672
90.0,10,rectifying_volume_9,tray,174.12502311509562,222.92537934980493,31.64747966166316,12.267959513685257,5145.873291721793,7685.264994760036,0.3128345335042877,0.5033985204339452,0.654938509358296,0.48371404066554297,0.032226957137416176,0.012887438900511824
90.0,11,rectifying_volume_10,tray,175.78264945467237,222.97515660241842,31.375566569487262,12.238419971488998,5089.603502986797,7650.7438163092165,0.3065185647835929,0.4991089819946945,0.639710648257154,0.4791903894054662,0.05377078695925303,0.021700628599839254
90.0,12,feed_tray,tray,178.10038843678566,223.04989804480243,45.8891829589606,11.009938156184852,12251.224930181575,7594.522152970075,0.29965461922928405,0.4962597042006172,0.6120304706937039,0.4676771320793077,0.08831491007701221,0.036063163720075085
90.0,13,stripping_volume_1,tray,181.52898960153692,223.12543096167389,45.70003325066738,10.957245018878133,12271.77840889661,7613.258993278184,0.2715904649433047,0.4595943624345184,0.6387574028873062,0.5025081162436569,0.08965213216938914,0.03789752132182472
90.0,14,stripping_volume_2,tray,185.65777964480043,223.2019916573728,45.5253395343052,10.892584687109586,12308.31163551866,7633.899343479178,0.23855066358928861,0.41405173963201786,0.6702258994791961,0.5457642189526418,0.09122343693151523,0.040184041415340245
90.0,15,stripping_volume_3,tray,190.36705885583467,223.27980355806915,45.3194028417265,10.823809874096455,12364.622537915046,7670.5176273555235,0.2018721915267701,0.3603585738613517,0.7050569406610646,0.5966992031099109,0.09307086781216542,0.04294222302873731
90.0,16,stripping_volume_4,tray,195.4310978931462,223.34924546364925,53.48991345930428,12.208769281398835,12439.780333257591,7726.9123966427505,0.16365347148383586,0.30078007217743424,0.7408878740743238,0.6529682790492334,0.09545865444184043,0.04625164877333242
90.0,17,stripping_volume_5,tray,200.59867238401907,223.4200602488371,53.18970094897498,12.13484359280152,12526.071603577819,7802.15770441355,0.1263046551597823,0.23889485399295587,0.7743898601838861,0.7105937276610781,0.09930548465633145,0.050511418345965946
90.0,18,stripping_volume_6,tray,205.7235697522283,223.49286259535089,53.22030008767481,12.035917286480608,12605.088426755035,7888.534894579721,0.09194266550273195,0.17877086776902065,0.8008364110548164,0.7641157294862962,0.10722092344245165,0.057113402744683094
90.0,19,stripping_volume_7,tray,210.9952220154329,223.56702817255947,52.78391451483735,11.966938138896499,12642.559805943227,7967.635017706955,0.06195264276318554,0.1238941901282295,0.8121693559128794,0.806048909414758,0.12587800132393498,0.0700569004570125
90.0,20,combined_reboiler_sump,reboiler_sump,217.31122865272573,223.59221013980175,757.1559656927311,77.82064519179242,,8005.186882893977,0.036895029364883446,0.07638766956060102,0.7920849913292113,0.8239132930924714,0.17101997930590537,0.09969903734692755
120.0,1,reflux_drum,reflux_drum,121.02443627790251,222.49831966926251,1734.5099375300035,114.30361558387216,,,0.8820831960551967,0.9470932953210984,0.11787619495007513,0.052897329811587346,4.06089947281094e-05,9.374867314274465e-06
120.0,2,rectifying_volume_1,tray,130.3383686419376,222.54557437538065,38.01265718153462,49.80970219897181,5662.804993071719,8456.872134100184,0.7598166930829313,0.8820070188590861,0.24002184457299175,0.11795186751551887,0.0001614623440770197,4.1113625394996434e-05
120.0,3,rectifying_volume_2,tray,141.28497172429618,222.59445163562884,34.287014403018055,12.8923883367997,5441.5357009473055,8167.58402056141,0.6287258073066222,0.7972287452602698,0.370837566594768,0.20264625674428838,0.00043662609860976745,0.00012499799544179893
120.0,4,rectifying_volume_3,tray,151.625017288359,222.64316988849788,33.35171295678521,12.671879909873674,5314.266262106259,7946.362430992952,0.516064038563111,0.7084944195043085,0.48295848686015586,0.29119301346590054,0.0009774745767331344,0.00031256702979096774
120.0,5,rectifying_volume_4,tray,159.7101498535382,222.6921692449488,32.765979336292915,12.5132020253684,5255.332631593061,7819.139309213367,0.4347214213850971,0.6332147250533234,0.5633306268131716,0.36610681638204406,0.00194795180173121,0.0006784585646325451
120.0,6,rectifying_volume_5,tray,165.2529864228026,222.7414990113321,32.36266022573824,12.416531400941253,5229.959925459098,7760.254651868818,0.3822997010086943,0.5790130000498457,0.6140841781291752,0.4196530206422294,0.0036161208621303086,0.0013339793079248442
120.0,7,rectifying_volume_6,tray,168.8031699767533,222.79117745086643,32.14373400837276,12.355972950122226,5215.838549473518,7734.933218967931,0.35057695876201594,0.5440391350802002,0.6429866087402482,0.4535000499872515,0.006436432497735831,0.0024608149325482578
120.0,8,rectifying_volume_7,tray,171.0821065954559,222.8411016855335,32.00185375460641,12.317493204011805,5201.571090088997,7720.863483930543,0.3318110707623693,0.5229045839816733,0.6570156194948366,0.4727300690685775,0.011173309742794266,0.00436534694974919
120.0,9,rectifying_volume_8,tray,172.69948485541872,222.89111108778184,31.850322516572664,12.291546484318772,5180.360950036988,7706.646324195579,0.3204489908612106,0.5105591074064908,0.6604601145625603,0.48188029982749647,0.019090894576229086,0.0075605927660127754
120.0,10,rectifying_volume_9,tray,174.13137990727472,222.94105679654857,31.646918219263853,12.268914929679788,5145.782347742697,7685.484150308717,0.31283798333891405,0.5033961428024435,0.6549298362732786,0.4837138956267052,0.032232180387807285,0.012889961570851252
120.0,11,rectifying_volume_10,tray,175.7889953066666,222.99083303201922,31.37499940479506,12.239374302388093,5089.507770998015,7650.9511694603625,0.3065221958519917,0.4991067415098182,0.6397022905483061,0.47918999941092216,0.053775513599702125,0.021703259079259553
120.0,12,feed_tray,tray,178.10658092466414,223.0655741500908,45.889102004754626,11.01074433394952,12251.400699975507,7594.72141097053,0.29965866656867873,0.4962573544210084,0.6120252263277646,0.46767782644330913,0.08831610710355667,0.036064819135682456
120.0,13,stripping_volume_1,tray,181.53532376813723,223.14110856760735,45.69993474503659,10.958046830104966,12271.950246395547,7613.725013200285,0.27159343177311396,0.45959091498113525,0.6387531226296306,0.502509779992002,0.08965344559725545,0.03789930502686287
120.0,14,stripping_volume_2,tray,185.66418493240596,223.2176707108828,45.525229263405414,10.893382659222103,12308.48057404325,7634.356515732369,0.23855315144246927,0.41404806616745576,0.6702219861705901,0.5457659993230692,0.09122486238694051,0.04018593450947498
120.0,15,stripping_volume_3,tray,190.3734531938395,223.29548399261787,45.31928508265534,10.824605284950982,12364.788652498002,7670.966869730627,0.20187484414870885,0.3603557918141837,0.7050527274865265,0.5966999977673567,0.0930724283647647,0.04294421041845943
120.0,16,stripping_volume_4,tray,195.43741081854395,223.36492695932682,53.48971682685814,12.209671907767373,12439.940976548824,7727.353753415004,0.1636568060868134,0.3007793107598402,0.7408827581463906,0.6529669409292813,0.09546043576679597,0.046253748310878466
120.0,17,stripping_volume_5,tray,200.60488138900254,223.4357426960045,53.1894922988798,12.13574549653006,12526.224837408314,7802.588043043688,0.126308837707174,0.23889678283106644,0.7743834915792067,0.710589488455377,0.09930767071361923,0.050513728713556603
120.0,18,stripping_volume_6,tray,205.72969635990725,223.50854586511016,53.220074101491996,12.036815313431942,12605.23195048053,7888.952403620899,0.09194760109600422,0.178775645036971,0.8008286279753846,0.7641082374159838,0.10722377092861125,0.057116117547045396
120.0,19,stripping_volume_7,tray,211.00131095836335,223.5827121219703,52.78366730424526,11.967834398664012,12642.692444540178,7968.037544377409,0.06195806781302245,0.12390149352913007,0.8121603844191861,0.8060383203136585,0.12588154776779148,0.07006018615721142
120.0,20,combined_reboiler_sump,reboiler_sump,217.31726838569716,223.6078944670296,757.1423255326198,77.8268947700458,,8005.573361625554,0.0369006274861256,0.07639691505018972,0.7920764995801672,0.8239007111859684,0.17102287293370722,0.09970237376384183
150.0,1,reflux_drum,reflux_drum,121.02929247994864,222.5133702956498,1739.435679660292,113.94682057909615,,,0.8820929312261234,0.9470965339616232,0.11786644567745269,0.052894087508843654,4.062309642386957e-05,9.378529533230428e-06
150.0,2,rectifying_volume_1,tray,130.34446073592946,222.56062517891021,38.01213059708862,49.81337046144109,5662.762431830559,8457.228586703854,0.7598122379153074,0.882001364966412,0.2400261982840613,0.11795749343015256,0.0001615638006312567,4.1141603435588476e-05
150.0,3,rectifying_volume_2,tray,141.29200881090242,222.60950235542953,34.286466283568956,12.893312110248441,5441.479383811826,8167.878261932677,0.628713020466181,0.7972149036005894,0.37085007611937265,0.2026600118322152,0.0004369034144463344,0.00012508456719531429
150.0,4,rectifying_volume_3,tray,151.63232358868407,222.6582204721175,33.35116973150995,12.672788217742685,5314.211490476843,7946.63770702396,0.5160510509448595,0.7084773244935607,0.4829709034272159,0.29120990845938716,0.0009780456279246921,0.0003127670470521027
150.0,5,rectifying_volume_4,tray,159.71722647173488,222.70721964210884,32.765461349212266,12.514109222612332,5255.279278083598,7819.4111534822305,0.4347125192143073,0.6331994079539949,0.5633385194533137,0.3661217482334322,0.0019489613323790758,0.0006788438125728167
150.0,6,rectifying_volume_5,tray,165.25969272858603,222.75654913015137,32.36215926227167,12.41744257482783,5229.903380626433,7760.52341153682,0.38229535000481035,0.5790016015858662,0.6140869056103614,0.41966376269042327,0.0036177443848281502,0.0013346357237105269
150.0,7,rectifying_volume_6,tray,168.809578695255,222.80622716795415,32.143233941223556,12.356887627277978,5215.775213638911,7735.19472095259,0.3505760222796458,0.5440314112794696,0.6429851062651419,0.45350674715179257,0.006438871455212272,0.002461841568737829
150.0,8,rectifying_volume_7,tray,171.08834619861295,222.85615086898753,32.00134154766342,12.31840970702665,5201.4989851325245,7721.114446478684,0.3318122335862565,0.5228994302234936,0.6570110132820572,0.4727337235313329,0.01117675313168622,0.004366846245173404
150.0,9,rectifying_volume_8,tray,172.70566389055358,222.9061596104242,31.84979103724282,12.292463322647924,5180.279400083665,7706.884974865524,0.32045124648268475,0.5105554449984174,0.6604533472286352,0.48188192062000784,0.019095406288680006,0.007562634381574799
150.0,10,rectifying_volume_9,tray,174.13755755049607,222.9561045417908,31.64636813969516,12.269831097416551,5145.692254171337,7685.709934439973,0.3128407124828511,0.503393183674775,0.6549218484888752,0.48371432623851407,0.032237439028273605,0.012892490086711018
150.0,11,rectifying_volume_10,tray,175.79515555182854,223.00587990026142,31.374443590709856,12.240289628242397,5089.412806668956,7651.165052467366,0.3065251664944849,0.49910398634386793,0.6396945429909572,0.4791901190269271,0.053780290514557974,0.02170589462920496
150.0,12,feed_tray,tray,178.11258367576244,223.08062080619308,45.88901432261392,11.011517571519047,12251.566117302686,7594.927093574691,0.2996620931155965,0.49625453327902247,0.6120205282331141,0.4676789880259988,0.08831737865128933,0.03606647869497869
150.0,13,stripping_volume_1,tray,181.54149228021714,223.15615676677405,45.69982827703124,10.958815474875294,12272.111857810436,7614.186297512545,0.2715955905952202,0.45958670133658935,0.638749567119791,0.5025121913164381,0.08965484228498878,0.03790110734697245
150.0,14,stripping_volume_2,tray,185.670446423831,223.2327204067502,45.525110196974346,10.894147337565204,12308.639530277464,7634.809039113969,0.23855467427237895,0.41404332986284703,0.6702189477576943,0.5457688094792911,0.09122637796992676,0.0401878606578619
150.0,15,stripping_volume_3,tray,190.37971893488364,223.31053512571947,45.319158261514026,10.825367415353647,12364.945068800243,7671.4116679132585,0.20187643879825926,0.3603516995679357,0.7050494780363135,0.5967020573957081,0.09307408316542742,0.04294624303635609
150.0,16,stripping_volume_4,tray,195.4435998300244,223.37997919729352,53.48951140299709,12.21053693285659,12440.0920779292,7727.790911617284,0.16365907792134762,0.30077709750254306,0.7408786088121397,0.6529670014913821,0.09546231326651275,0.04625590100607486
150.0,17,stripping_volume_5,tray,200.61095918850532,223.45079593105686,53.189275524987636,12.1366101945872,12526.368418840431,7803.0142994364,0.12631204419327274,0.23889726251216103,0.7743780004072189,0.7105866418935364,0.09930995539950821,0.050516095594302486
150.0,18,stripping_volume_6,tray,205.73567415185363,223.5235999663292,53.21984059159204,12.037676776585718,12605.365343693413,7889.365681612122,0.09195172122402093,0.17877912370626328,0.8008215516231685,0.764101985413233,0.10722672715281062,0.05711889088050372
150.0,19,stripping_volume_7,tray,211.00722758268324,223.59776694023947,52.78341291972588,11.968694668263694,12642.814091103943,7968.435325879786,0.0619628817401405,0.12390776432299368,0.8121518795539961,0.8060286945727518,0.12588523870586335,0.07006354110425442
150.0,20,combined_reboiler_sump,reboiler_sump,217.3231131321968,223.62294971455987,757.1289574331603,77.83290469744348,,8005.9542003524875,0.03690583158095378,0.07640545821830709,0.7920681480604331,0.8238887156129444,0.17102602035861303,0.09970582616874853
180.0,1,reflux_drum,reflux_drum,121.0339689484595,222.52778319872834,1744.3048397940663,113.59383120525234,,,0.8821018932961171,0.9470994604437034,0.1178574689280536,0.052891157245564153,4.063777582923244e-05,9.382310732504576e-06
180.0,2,rectifying_volume_1,tray,130.3504369948301,222.5750383986812,38.011609045224816,49.816869202459124,5662.7186765175165,8457.591062388221,0.7598061772580791,0.8819949060619452,0.24003215589570878,0.11796392397771438,0.00016166684621216998,4.116996034052427e-05
180.0,3,rectifying_volume_2,tray,141.29898061199884,222.62391563053973,34.28591912076185,12.894191398164478,5441.42204902908,8168.177157533313,0.6286981177933765,0.7971997445489906,0.370864698132435,0.20267508333718565,0.0004371840741884204,0.00012517211382373497
180.0,4,rectifying_volume_3,tray,151.63957744312808,222.6726337546016,33.35062868757583,12.67365275645985,5314.156544607225,7946.917786101362,0.5160359330408714,0.708458640499005,0.48298544462767545,0.29122839049036253,0.0009786223314533556,0.0003129690106324589
180.0,5,rectifying_volume_4,tray,159.72423098552628,222.72163288669293,32.764948383994465,12.514973767005625,5255.226460082827,7819.68861805958,0.43470177901277074,0.6331825486657061,0.5633482418780752,0.3661382191719654,0.0019499791091540008,0.0006792321623285072
180.0,6,rectifying_volume_5,tray,165.2662950784438,222.7709622469753,32.36166594103238,12.41831211328597,5229.847733824261,7760.798475625338,0.3822895184109878,0.5789888905207768,0.6140911025879875,0.41967581315956126,0.0036193790010247114,0.001335296319661988
180.0,7,rectifying_volume_6,tray,168.8158537864422,222.82064003294613,32.14274339148574,12.357761445620332,5215.7128941608,7735.462864563371,0.350573906048545,0.544022634475851,0.6429847691213588,0.45351449231444574,0.006441324830096249,0.002462873209703293
180.0,8,rectifying_volume_7,tray,171.09442966698492,222.87056334826087,32.0008400304908,12.319285896259714,5201.427893940381,7721.372144217841,0.33181243383829145,0.5228934378767813,0.6570073509677383,0.4727382111085571,0.01118021519397041,0.004368351014661536
180.0,9,rectifying_volume_8,tray,172.7116713443649,222.92057157449037,31.84927088664471,12.293340222136361,5180.19881083153,7707.1303341700295,0.3204526848868048,0.5105510978521074,0.6604473724396719,0.4818842206386747,0.019099942673523385,0.007564681509217881
180.0,10,rectifying_volume_9,tray,174.14355353949966,222.97051587181912,31.6458296503609,12.270707601684201,5145.603049122631,7685.94235106875,0.31284271817110065,0.5033896425839048,0.6549145502583097,0.4837153337312767,0.0322427315705898,0.012895023684818405
180.0,11,rectifying_volume_10,tray,175.8011277211331,223.02029049453319,31.37389935710057,12.241165533771738,5089.318650802862,7651.385473486871,0.30652747363361793,0.49910071565941166,0.6396874098965445,0.4791907498592012,0.053785116469837566,0.02170853448138731
180.0,12,feed_tray,tray,178.11839429358727,223.09503130131122,45.88891993395836,11.012257518475238,12251.721107451032,7595.139212116001,0.2996648954404455,0.496251239651674,0.6120163799866276,0.4676806184312448,0.08831872457292689,0.0360681419170813
180.0,13,stripping_volume_1,tray,181.54749280662486,223.1705688474722,45.69971387162246,10.959550602570744,12272.263172394003,7614.642743216778,0.271596937452263,0.459581719411258,0.6387467404834316,0.5025153527727255,0.08965632206430542,0.03790292781601645
180.0,14,stripping_volume_2,tray,185.6765618615809,223.24713403344083,45.52498236407044,10.89487837158243,12308.788437865758,7635.2568156920925,0.23855522756522257,0.41403752743576255,0.6702167889557361,0.5457726531546455,0.09122798347904143,0.04018981940959196
180.0,15,stripping_volume_3,tray,190.38585388925821,223.32495024608698,45.31902241289198,10.826095915038627,12365.091725205219,7671.851929401873,0.20187697049421438,0.36034629255465217,0.7050471975507271,0.5967053870094043,0.09307583195505856,0.042948320435943425
180.0,16,stripping_volume_4,tray,195.44966278023605,223.39439546649638,53.48929725559362,12.211363959331386,12440.233581398277,7728.223784469524,0.16366028176247233,0.30077342668750806,0.7408754316596616,0.6529684669277542,0.09546428657786615,0.046258106384737756
180.0,17,stripping_volume_5,tray,200.616903633504,223.4652132432476,53.1890507079548,12.13743729091366,12526.50229711553,7803.436393394751,0.12631426947557753,0.2388962865656957,0.7743733923527644,0.7105851950104918,0.09931233817165808,0.050518518423812574
180.0,18,stripping_volume_6,tray,205.7415009193586,223.53801818863198,53.21959965460681,12.03850128315189,12605.488560279362,7889.77465451105,0.0919550211900122,0.1787812971596388,0.8008151875493711,0.7640969808656388,0.10722979126061684,0.057121721974722414
180.0,19,stripping_volume_7,tray,211.01296955642047,223.61218591741132,52.78315147731773,11.969518557824202,12642.924703678234,7968.8282936974365,0.06196708061085784,0.1239129964096559,0.812143846623446,0.8060200394663414,0.12588907276569622,0.0700669641240027
180.0,20,combined_reboiler_sump,reboiler_sump,217.32876037780588,223.63736917291308,757.1158674999987,77.83867226112469,,8006.329335572798,0.03691063868884088,0.07641329403867307,0.7920599417948243,0.8238773132575699,0.17102941951633494,0.09970939270375699
210.0,1,reflux_drum,reflux_drum,121.03846359232458,222.54155189681583,1749.114867298866,113.24483814277109,,,0.8821100785804052,0.947102073587944,0.11784926839387623,0.05288854020299056,4.065302571856335e-05,9.386209065438689e-06
210.0,2,rectifying_volume_1,tray,130.35629509840882,222.58880755357762,38.01109271464177,49.82019680432319,5662.67373746171,8457.95950954311,0.759798509728718,0.8819876425760602,0.24003971882669792,0.11797115873785678,0.00016177144458410394,4.119868608312265e-05
210.0,3,rectifying_volume_2,tray,141.30588461270423,222.63768498049404,34.28537310088356,12.89502578936009,5441.363712187069,8168.48067256509,0.628681099448193,0.7971832700618398,0.3708814325686735,0.20269146933220855,0.00043746798313356564,0.00012526060595178346
210.0,4,rectifying_volume_3,tray,151.64677624583567,222.68640325616383,33.35009001539368,12.674473122185741,5314.101442064561,7947.202639918588,0.516018685313251,0.708438370251524,0.48300211019250383,0.291248456894973,0.0009792044942451411,0.00031317285350305286
210.0,5,rectifying_volume_4,tray,159.73116079385358,222.73540249962502,32.764440631308645,12.515795257893517,5255.174196706378,7819.971677678599,0.4346892007203245,0.6331641497800714,0.5633597944854785,0.36615622673451836,0.0019510047941970511,0.0006796234854103473
210.0,6,rectifying_volume_5,tray,165.27279092057503,222.78473188347823,32.36118045395219,12.419139616390645,5229.7930065225255,7761.079821284953,0.382282205404392,0.5789748687674677,0.6140967704178476,0.41968917035343956,0.0036210241777603846,0.0013359608790926836
210.0,7,rectifying_volume_6,tray,168.82199275216703,222.83440956831427,32.14226255526077,12.35859400519198,5215.651615689123,7735.73763000962,0.35057060855285677,0.5440128057830196,0.6429855996021561,0.45352328469385006,0.006443791844987146,0.002463909523130399
210.0,8,rectifying_volume_7,tray,171.1003545445484,222.88433264667304,32.0003494056499,12.320121371549396,5201.357844857888,7721.636561123518,0.3318116694585623,0.5228866073447586,0.6570046356678693,0.47274353186891316,0.011183694873568543,0.0043698607863282895
210.0,9,rectifying_volume_8,tray,172.7175047903039,222.9343405041965,31.848762274704974,12.294176782430707,5180.119214490297,7707.38239027324,0.3204533036036067,0.5105460658010359,0.6604421939863685,0.4818872006713122,0.01910450241002481,0.007566733527652023
210.0,10,rectifying_volume_9,tray,174.14936547115477,222.98428431179204,31.645302967565183,12.271544042035325,5145.514768384451,7686.181392658202,0.31284399761785986,0.5033855189261079,0.6549079458222803,0.4837169194512024,0.032248056559859864,0.012897561622689738
210.0,11,rectifying_volume_10,tray,175.80690944297226,223.03405834097603,31.373366922721598,12.242001618526466,5089.225341732279,7651.612428968549,0.3065291142114588,0.4990969285293277,0.6396808955373245,0.47919189358360403,0.05378999025121667,0.02171117788706817
210.0,12,feed_tray,tray,178.12401047314037,223.10879916229234,45.88881885700766,11.012963836925016,12251.865597229948,7595.3577659984485,0.2996670701832291,0.4962474723858372,0.6120127850939976,0.4676827192752017,0.08832014472277339,0.036069808338961055
210.0,13,stripping_volume_1,tray,181.55332310838622,223.18433833655996,45.699591550054436,10.960251875079834,12272.404120659432,7615.094239254121,0.2715974684530059,0.45957596708459675,0.6387446467743298,0.5025192669274917,0.08965788477266425,0.03790476598791151
210.0,14,stripping_volume_2,tray,185.6825290800862,223.26090511788985,45.524845789504894,10.89557542321469,12308.927231424968,7635.699739126708,0.23855480687727376,0.41403065558425145,0.6702155144003527,0.5457775340801039,0.09122967872237356,0.04019181033564465
210.0,15,stripping_volume_3,tray,190.3918559573826,223.33872288080602,45.31887756664239,10.826790446251433,12365.22856074603,7672.287552915758,0.2018764343403567,0.3603395662192977,0.7050458911726797,0.5967099915871841,0.09307767448696364,0.04295044219351826
210.0,16,stripping_volume_4,tray,195.45559760900878,223.40816929417497,53.48907444576997,12.212152604116882,12440.365431170845,7728.652276000576,0.16366041249148613,0.3007682926604668,0.7408732321570619,0.6529713433444186,0.09546635535145206,0.04626036399511461
210.0,17,stripping_volume_5,tray,200.62271265807365,223.47898816003516,53.18881792113062,12.13822640376937,12526.626421260826,7803.854234981813,0.12631550854363546,0.2388938486530918,0.7743696729579825,0.7105851546898914,0.09931481849838207,0.05052099665701685
210.0,18,stripping_volume_6,tray,205.74717453380117,223.5517940597517,53.219351379380264,12.039288454650732,12605.601553571489,7890.179237978867,0.09195749644241119,0.17878215896599098,0.8008095411594517,0.7640932309616519,0.10723296239813711,0.05712461007235715
210.0,19,stripping_volume_7,tray,211.0185346279741,223.62596258153653,52.78288308493819,11.970305691753682,12643.024239589247,7969.21636850138,0.06197066062345696,0.1239171838832023,0.8121362908172245,0.8060123620689537,0.12589304855931852,0.070070454047844
210.0,20,combined_reboiler_sump,reboiler_sump,217.33420769488956,223.65114637051508,757.1030696614808,77.8441941494814,,8006.6986925909305,0.03691504593551389,0.07642041762101316,0.7920518857355799,0.8238665108531544,0.17103306832890627,0.09971307152583246
240.0,1,reflux_drum,reflux_drum,121.04277439024798,222.554670128968,1753.8632205432225,112.9000315263132,,,0.8821174835392223,0.9471043722646134,0.11784184762188618,0.052886237512691295,4.0668838891530315e-05,9.390222695393439e-06
240.0,2,rectifying_volume_1,tray,130.36203278849126,222.60192638313683,38.01058178948008,49.82335170632224,5662.627624934384,8458.333867766238,0.759789234207191,0.8819795750457898,0.24004888823259643,0.11797919718338025,0.00016187756021245338,4.122777082985628e-05
240.0,3,rectifying_volume_2,tray,141.31271835764264,222.65080414539088,34.284828405868026,12.895814887370795,5441.304388529242,8168.788763006222,0.6286619658902349,0.7971654822332542,0.3709002790609802,0.2027091677518728,0.00043775504878485133,0.00012535001487298746
240.0,4,rectifying_volume_3,tray,151.65391745588371,222.69952271748963,33.349553899873136,12.675248925472857,5314.046199668316,7947.492230681655,0.5159993084649868,0.7084165165903588,0.4830208996068423,0.2912701048993263,0.0009797919281708308,0.0003133785103149481
240.0,5,rectifying_volume_4,tray,159.73801337015834,222.7485222222051,32.763938274976596,12.516573308683673,5255.122505955474,7820.260297196251,0.4346747844218349,0.6331442139239148,0.5633731775194419,0.3661757684193379,0.0019520380587233625,0.0006800176567471416
240.0,6,rectifying_volume_5,tray,165.27917778668973,222.79785178161117,32.36070298494058,12.419924698049822,5229.739218772384,7761.367415420656,0.3822734102237871,0.578959538196757,0.6141039103797398,0.4197038326120179,0.0036226793964731696,0.001336629191225078
240.0,7,rectifying_volume_6,tray,168.8279931838174,222.8475295167049,32.14179161967874,12.35938491974142,5215.591401186314,7736.01898693838,0.3505661282862516,0.5440019262190612,0.6429875999710873,0.45353312359529885,0.006446271742661067,0.002464950185639934
240.0,8,rectifying_volume_7,tray,171.10611846742722,222.8974525076119,31.999869866003028,12.320915746395174,5201.288864293481,7721.90767030956,0.331809938376412,0.5228789389136351,0.6570028704843605,0.4727496859861221,0.011187191139227561,0.0043713751002428525
240.0,9,rectifying_volume_8,tray,172.7231618935379,222.94746014371768,31.84826540114002,12.294972616855345,5180.04064110025,7707.641120197594,0.32045310015836076,0.5105403485696457,0.6604378156384226,0.4818908616006974,0.01910908420321665,0.007568789829656903
240.0,10,rectifying_volume_9,tray,174.1549910311246,222.99740360671447,31.64478829711083,12.272340031757397,5145.427445368966,7686.427040266314,0.3128445480585971,0.5033808120197821,0.6549020393800855,0.48371908480808745,0.032253412561317404,0.012900103172130235
240.0,11,rectifying_volume_10,tray,175.81249842979994,223.04717718546178,31.372846495715116,12.242797495865954,5089.132915234912,7651.845903714657,0.3065300852312442,0.4990926239962099,0.639675004116831,0.4791935518936862,0.05379491065192479,0.021713824110104002
240.0,12,feed_tray,tray,178.1294299881402,223.12191813560673,45.88871110678553,11.013636200645438,12251.999514516543,7595.582742755668,0.29966861409148376,0.4962432303554302,0.6120097469566081,0.4676852921344014,0.08832163895190813,0.03607147751016842
240.0,13,stripping_volume_1,tray,181.55898102273642,223.19745898043087,45.699461329959455,10.960918965999246,12272.534633872612,7615.540666234177,0.27159717983528764,0.45956944229812136,0.6387432899174947,0.50252393627242,0.08965953024721755,0.03790662142945871
240.0,14,stripping_volume_2,tray,185.68834598708483,223.27402740647432,45.52470049400025,10.896238166145867,12309.055845964669,7636.137694354522,0.2385534079172,0.4140227111120134,0.6702151285721435,0.5457834558679584,0.0912314635106564,0.040193833020028234
240.0,15,stripping_volume_3,tray,190.39772310973623,223.35184677630303,45.31872374799261,10.827450683017032,12365.35551444451,7672.718428022237,0.20187482561664788,0.36033151616542175,0.7050455638636786,0.5967158759364072,0.09307961051967355,0.042952607898171014
240.0,16,stripping_volume_4,tray,195.46140232346278,223.42129442682594,53.48884302805669,12.21290249755938,12440.487570949,7729.076280623424,0.16365946518323068,0.3007616899786506,0.7408720155721857,0.6529756366237661,0.09546851924458342,0.046262673397583276
240.0,17,stripping_volume_5,tray,200.62838426141076,223.49211442804318,53.18857723049889,12.138977164864107,12526.74073932233,7804.267724087458,0.12631575658982724,0.23888994269509137,0.7743668475580059,0.7105865275464376,0.09931739585216698,0.050523529758471096
240.0,18,stripping_volume_6,tray,205.75269293179767,223.5649213264875,53.21909584664404,12.04003792600537,12605.704275572725,7890.579336937398,0.09195914262148917,0.1787817029697622,0.8008046176719034,0.7640907426094141,0.10723623970660745,0.05712755442082366
240.0,19,stripping_volume_7,tray,211.02392061485335,223.6390906796265,52.78260784178969,11.9710557077894,12643.112654672268,7969.599459747013,0.061973618129225444,0.12392032107578728,0.8121292171901632,0.8060056692170516,0.12589716468061132,0.07007400970716107
240.0,20,combined_reboiler_sump,reboiler_sump,217.339452734707,223.66427505465148,757.0905837324545,77.84946661341775,,8007.062185180208,0.03691905053253267,0.07642682421272587,0.7920439847590228,0.8238563149808898,0.17103696470844446,0.09971686080638432
270.0,1,reflux_drum,reflux_drum,121.04689938458475,222.56713183745737,1758.5473675368837,112.55960087821187,,,0.8821241047724822,0.9471063553928569,0.11783521001933853,0.05288425025734644,4.0685208179287706e-05,9.394349796674518e-06
270.0,2,rectifying_volume_1,tray,130.3676478590102,222.6143888300317,38.01007645027672,49.82633240076867,5662.580349258518,8458.714068080988,0.7597783498762396,0.8819707041419661,0.2400596649656249,0.11798803865312989,0.00016198515813554555,4.125720490409401e-05
270.0,3,rectifying_volume_2,tray,141.319479437915,222.66326706837876,34.28428521438882,12.896558309496182,5441.24409308948,8169.101375956514,0.6286407179479288,0.7971463833503385,0.3709212368716389,0.20272817633724632,0.0004380451804322648,0.00012544031241514575
270.0,4,rectifying_volume_3,tray,151.6609985830228,222.711986082226,33.34902052152208,12.675979790331265,5313.990833612257,7947.786511462432,0.5159778035143586,0.708393082534422,0.48304181203653673,0.29129333154851883,0.0009803844491047692,0.000313585917059137
270.0,5,rectifying_volume_4,tray,159.7447862484262,222.760985998603,32.76344149298882,12.517307545902261,5255.071404819692,7820.55443194002,0.4346585304127085,0.633122743831888,0.5633883910060665,0.36619684161413124,0.0019530785812250126,0.0006804145539807987
270.0,6,rectifying_volume_5,tray,165.28545327881292,222.81031588609986,32.36023371081887,12.420666985044477,5229.6863892963465,7761.661215038136,0.3822631322241735,0.5789429007043796,0.6141125236259429,0.4197197982457179,0.003624344149883545,0.001337301049902487
270.0,7,rectifying_volume_6,tray,168.83385274966665,222.85999382344028,32.14133076378792,12.360133815753256,5215.532272012574,7736.306894788923,0.35056046379920136,0.5439899967681469,0.6429907724197247,0.4535440083512111,0.006448763781074068,0.0024659948806421243
270.0,8,rectifying_volume_7,tray,171.1117191514252,222.90991687704002,31.99940159558582,12.321668646986613,5201.2209768009025,7722.185434415222,0.331807238554164,0.5228704328115814,0.6570020584687022,0.4727566736832752,0.01119070297713381,0.004372893505143386
270.0,9,rectifying_volume_8,tray,172.7286403984568,222.95992443969908,31.847780456322077,12.295727351444434,5179.963118611512,7707.906490246274,0.3204520721139049,0.5105339458313796,0.6604342411120545,0.48189520435112676,0.019113686774040507,0.007570849817493602
270.0,10,rectifying_volume_9,tray,174.16042798137192,223.0098677039535,31.644285835135396,12.273095196908576,5145.341111181104,7686.6792639993955,0.31284436679109845,0.5033755211625539,0.6548968350599412,0.4837218312239157,0.03225879814896032,0.012902647613530374
270.0,11,rectifying_volume_10,tray,175.81789246590702,223.0596409761135,31.372338274369394,12.243552791994563,5089.041404580497,7652.0858713624275,0.30653038379559366,0.499087801127041,0.6396697397418138,0.47919572645201064,0.053799876462592475,0.02171647242094835
270.0,12,feed_tray,tray,178.13465067953467,223.13438216987288,45.888596695361656,11.014274294274115,12252.12278797952,7595.814118546659,0.29966952405301944,0.4962385125112459,0.6120072688431635,0.4676883385006493,0.08832320710381698,0.03607314898810488
270.0,13,stripping_volume_1,tray,181.56446444891975,223.2099247275409,45.69932322572184,10.961551559870156,12272.654643745936,7615.981896643799,0.2715960680199878,0.45956214313561355,0.6387426736607595,0.5025293631504486,0.08966125831925273,0.037908493713937834
270.0,14,stripping_volume_2,tray,185.69401054716502,223.2864948475413,45.52454649461856,10.896866285075168,12309.174216535373,7636.570557814938,0.2385510266164557,0.4140136910359158,0.6702156357326836,0.5457904219122215,0.09123333765086085,0.04019588705186255
270.0,15,stripping_volume_3,tray,190.40345336917903,223.36431588087478,45.31856097796635,10.828076310428601,12365.472524911109,7673.144435375368,0.2018721398570363,0.3603221382798824,0.7050462203327923,0.5967230445772695,0.09308163981017142,0.04295481714284822
270.0,16,stripping_volume_4,tray,195.46707498049224,223.4337648127328,53.488603050940455,12.213613282609034,12440.599943487372,7729.495683366775,0.16365743518040998,0.3007536135369894,0.7408717869049546,0.6529813523075881,0.0954707779146355,0.04626503415542253
270.0,17,stripping_volume_5,tray,200.63391649199968,223.50458599559173,53.188328695080195,12.139689218509583,12526.84519792133,7804.6767506676915,0.12631500906939885,0.23888456298014096,0.7743649212269457,0.7105893198261187,0.09932006970365553,0.05052611719374024
270.0,18,stripping_volume_6,tray,205.75805410204956,223.57739393723767,53.218833129237055,12.040749344657009,12605.796676526277,7890.974845875508,0.0919599555988973,0.1787799233670747,0.8008004220833095,0.7640895223677432,0.10723962231779324,0.05713055426518207
270.0,19,stripping_volume_7,tray,211.0291253935102,223.65156416018922,52.782325838371314,11.971768256075462,12643.18990285609,7969.977466088124,0.06197594965092831,0.12392240259626407,0.8121226306453456,0.8059999674749272,0.1259014197037261,0.07007762992880881
270.0,20,combined_reboiler_sump,reboiler_sump,217.34449321985818,223.6767491740093,757.0784335616396,77.85448562106764,,8007.419716087264,0.036922649778987224,0.07643250920459985,0.7920362436607057,0.8238467320649674,0.1710411065603071,0.09972075873043282
300.0,1,reflux_drum,reflux_drum,121.05083667588889,222.57893115242993,1763.1647866283279,112.22373503884005,,,0.8821299390158059,0.9471080219403487,0.11782935885774534,0.052882579471096196,4.070212644877211e-05,9.398588555082736e-06
300.0,2,rectifying_volume_1,tray,130.37313814745826,222.62618902473213,38.00957687480306,49.82913742950748,5662.531920910834,8459.100033409295,0.7597658562544708,0.8819610306917277,0.2400720495416923,0.11799768232952187,0.0001620942038368871,4.1286978750456554e-05
300.0,3,rectifying_volume_2,tray,141.32616547984216,222.67506788032344,34.28374370283531,12.89725568595442,5441.1828408219335,8169.418450297196,0.6286173568773388,0.7971259759402995,0.37094430483392205,0.2027484925888912,0.0004383382887392498,0.00012553147080924293
300.0,4,rectifying_volume_3,tray,151.66801717504117,222.72378748165474,33.34849005745613,12.676665353411785,5313.9353595867315,7948.0854269157935,0.5159541718615744,0.7083680713460444,0.4830648462624244,0.2913181336432195,0.0009809818760009848,0.00031379501073616376
300.0,5,rectifying_volume_4,tray,159.75147701046308,222.77278796053727,32.76295045849078,12.517997608373111,5255.02090939472,7820.854028431154,0.4346404392610816,0.6330997424148381,0.5634054346931856,0.3662194435283739,0.0019541260457327987,0.0006808140567879063
300.0,6,rectifying_volume_5,tray,165.29161505700083,222.82211832913006,32.3597728022898,12.421366116193791,5229.634535613174,7761.961167975718,0.3822513709313896,0.5789249582769714,0.6141226111295602,0.4197370654706576,0.0036260179390499793,0.0013379762523708211
300.0,7,rectifying_volume_6,tray,168.83956918301106,222.87179662121136,32.140880159525764,12.360840331602622,5215.474248062063,7736.601303546621,0.3505536137474508,0.5439770184426416,0.642995119023776,0.4535559382610022,0.006451267228773115,0.0024670432963560993
300.0,8,rectifying_volume_7,tray,171.11715438041824,222.921719888194,31.99894477059263,12.322379711351875,5201.1542052272025,7722.469806393023,0.3318035680316154,0.5228610892676963,0.6570022025840395,0.47276449517681446,0.011194229384345066,0.004374415555489247
300.0,9,rectifying_volume_8,tray,172.73393811723108,222.97172752596262,31.84730762227582,12.296440624087406,5179.886673040812,7708.17845681748,0.3204502171122497,0.5105268572650221,0.6604314740368697,0.481900229836066,0.01911830885088045,0.0075729128989120015
300.0,10,rectifying_volume_9,tray,174.16567414896198,223.02167073795272,31.643795769100322,12.2738091754598,5145.255794779433,7686.938023864786,0.3128434512138948,0.5033696456844212,0.6548923368899667,0.48372516008452876,0.03226421189613845,0.012905194231050061
300.0,11,rectifying_volume_10,tray,175.823089396715,223.07144384802785,31.371842448061695,12.244267145097039,5088.95084068678,7652.332295269329,0.30653000714030126,0.49908245906160326,0.6396651063966026,0.47919841884670616,0.05380488646309624,0.021719122091690635
300.0,12,feed_tray,tray,178.1396704456346,223.14618540058706,45.88847563228432,11.014877812580586,12252.235346967087,7596.0518590717,0.29966979712297925,0.4962333179225044,0.6120053538664975,0.4676918597435615,0.08832484901052336,0.03607482233393424
300.0,13,stripping_volume_1,tray,181.5697713361185,223.22172971314353,45.69917724903371,10.96214935148553,12272.76408231514,7616.417795517394,0.27159412965527713,0.45955406788927883,0.6387428015354959,0.502535549695125,0.0896630688092268,0.037910382415596196
300.0,14,stripping_volume_2,tray,185.6995207678572,223.29830157614825,45.52438380539977,10.897459475051736,12309.2822780856,7636.998198142875,0.23854765918683377,0.4140035926742602,0.6702170398727549,0.5457984353071664,0.09123530094041139,0.040197972018573475
300.0,15,stripping_volume_3,tray,190.40904479606746,223.37612432943413,45.31838927404433,10.82866702399312,12365.579530179306,7673.565447415697,0.20186837291288282,0.36031142883486467,0.7050478649794101,0.5967315016484696,0.09308376210770697,0.04295706951666578
300.0,16,stripping_volume_4,tray,195.4726136720341,223.44557458671582,53.48835455771153,12.214284614065429,12440.702490423359,7729.910360598199,0.1636543181540316,0.30074405867105514,0.7408725508330434,0.6529884955020817,0.095473131012925,0.04626744582686309
300.0,17,stripping_volume_5,tray,200.63930743428497,223.5163969974517,53.188072367695845,12.14036222083681,12526.939742097575,7805.081195511528,0.12631326174902188,0.23887770425235974,0.7743638987347474,0.7105935373255997,0.09932283951623064,0.050528758422040486
300.0,18,stripping_volume_6,tray,205.76325607422257,223.58920602675983,53.21856329274914,12.041422369748982,12605.878704785877,7891.365649682004,0.09195993150960957,0.17877681476749893,0.800796959140164,0.7640895763902475,0.10724310935022638,0.0571336088422536
300.0,19,stripping_volume_7,tray,211.03414689059892,223.66337715799702,52.78203715698893,11.972442998312774,12643.255936063302,7970.350276263591,0.06197765189830144,0.12392342336270824,0.8121165359193085,0.8059952631056688,0.12590581218239,0.0700813135316229
300.0,20,combined_reboiler_sump,reboiler_sump,217.3493269374052,223.68856286345238,757.0666453363236,77.85924699976172,,8007.771178035261,0.03692584106478916,0.076437468139428,0.7920286671496591,0.823837768365104,0.17104549178555176,0.09972476349546802
330.0,1,reflux_drum,reflux_drum,121.054584418356,222.59006237919144,1767.712967262912,111.89262209379609,,,0.8821349831376681,0.9471093709232236,0.11782429727572666,0.05288122613960835,4.071958660525722e-05,9.402937168138604e-06
330.0,2,rectifying_volume_1,tray,130.3785015278862,222.63732127279738,38.009083238750364,49.831765381017966,5662.482350605418,8459.491679299055,0.7597517532226203,0.8819505556965165,0.24008604211425758,0.1180081272205825,0.00016220466312216115,4.131708290094826e-05
330.0,3,rectifying_volume_2,tray,141.33277413561544,222.68620088710676,34.28320404619072,12.897906659177842,5441.120646736486,8169.739917518811,0.6285918844109843,0.7971042628095878,0.37096948130366797,0.20277011372784642,0.00043863428534770247,0.00012562346256574165
330.0,4,rectifying_volume_3,tray,151.67497080698737,222.73492122199798,33.34796268237778,12.677305263327243,5313.879792931315,7948.388914124468,0.5159284153470582,0.7083414865864794,0.48309000062292556,0.2913445076844749,0.0009815840300162796,0.0003140057290455934
330.0,5,rectifying_volume_4,tray,159.7580832747491,222.78392241458812,32.76246534077724,12.518643146539649,5254.971035038913,7821.1590252406195,0.4346205118651301,0.6330752128222061,0.5634243079946797,0.36624357113154554,0.001955180140190017,0.0006812160462482911
330.0,6,rectifying_volume_5,tray,165.29766082838475,222.8332534176671,32.35932042492495,12.422021741668015,5229.5836741997055,7762.267213772156,0.38223812609453467,0.5789057130545116,0.6141341736347898,0.41975563234732377,0.003627700270675612,0.001338654598164607
330.0,7,rectifying_volume_6,tray,168.8451402715299,222.88293221740446,32.140439972720486,12.361504116858017,5215.417347938964,7736.902154637848,0.35054557693947896,0.5439629923428881,0.6430006416997053,0.45356891253306986,0.006453781360815853,0.002468095124041996
330.0,8,rectifying_volume_7,tray,171.12242199601582,222.9328558489194,31.998499560404976,12.323048588652027,5201.088570906903,7722.760730428124,0.3317989249692752,0.5228509085684031,0.6570033056675847,0.4727731506226917,0.011197769363140134,0.004375940808905157
330.0,9,rectifying_volume_8,tray,172.73905291979344,222.98286371085015,31.846847073732203,12.29711208381545,5179.811328683765,7708.4569673722035,0.32044753291383204,0.510519082607173,0.6604295179236219,0.48190593890902667,0.019122949162546074,0.007574978483800396
330.0,10,rectifying_volume_9,tray,174.17072741647843,223.0328070175843,31.643318278852764,12.274481616572139,5145.171523202887,7687.203270773058,0.3128417988609115,0.5033631849953036,0.6548885487710238,0.48372907269598586,0.032269652368064686,0.012907742308710545
330.0,11,rectifying_volume_10,tray,175.8280871198399,223.08258011063583,31.37135919829373,12.244940204604424,5088.8612523528445,7652.585129541504,0.3065289526630841,0.49907659705359586,0.6396611079206306,0.4792016305542813,0.05380993941628539,0.02172177239212278
330.0,12,feed_tray,tray,178.14448723405593,223.15732213749305,45.888347925147656,11.015446459845226,12252.337121533996,7596.295920628785,0.299669430545245,0.496227645809951,0.6120040049655018,0.46769585708086125,0.08832656448925326,0.036076497109187665
330.0,13,stripping_volume_1,tray,181.5748996736945,223.23286824666607,45.69902340958781,10.96271204529459,12272.862881975381,7616.84822132149,0.2715913616511982,0.45954521511170965,0.6387436768263497,0.5025424977831944,0.0896649615224522,0.03791228710509587
330.0,14,stripping_volume_2,tray,185.7048746884658,223.30944190144686,45.524212438147146,10.898017440897762,12309.379965499646,7637.420477073873,0.23854330216521502,0.4139924137156771,0.6702193446726755,0.5458074987840462,0.09123735316210942,0.0402000875002765
330.0,15,stripping_volume_3,tray,190.41449547633988,223.387266430901,45.31820865099764,10.829222529060745,12365.676467744015,7673.981329289073,0.20186352100207855,0.36029938456713334,0.705050501849615,0.5967412508343147,0.09308597714830634,0.04295936459855187
330.0,16,stripping_volume_4,tray,195.47801651329553,223.45671805752903,53.48809758751996,12.21491615791762,12440.795152333007,7730.320180948263,0.16365011015004433,0.30073302123671986,0.7408743116707132,0.6529970708047713,0.0954755781792425,0.04626990795850887
330.0,17,stripping_volume_5,tray,200.64455519802942,223.52754174224847,53.187808295998146,12.140995839109744,12527.024315399018,7805.480931209859,0.1263105107440238,0.23886936177919987,0.7743637845147178,0.7105991853306015,0.09932570474125849,0.050531452890198544
330.0,18,stripping_volume_6,tray,205.76829691002789,223.60035190358212,53.21828639649743,12.042056671410517,12605.950306947254,7891.751624654471,0.09195906677638402,0.17877237224155162,0.8007942333174201,0.7640909103824917,0.10724669990619591,0.05713671737595654
330.0,19,stripping_volume_7,tray,211.0389830758219,223.67452398150607,52.78174187264765,11.973079607015627,12643.310704374318,7970.717770216299,0.06197872178049495,0.12392337862859469,0.8121109375696518,0.8059915620475383,0.12591034064985332,0.07008505932386695
330.0,20,combined_reboiler_sump,reboiler_sump,217.35395173292395,223.6997104314505,757.0552460963548,77.86374656083986,,8008.116454888384,0.03692862187507634,0.0764416967224904,0.7920212598422743,0.8238294299674223,0.1710501182826493,0.09972887331008733
360.0,1,reflux_drum,reflux_drum,121.05814081627791,222.60051998840547,1772.1894108045128,111.5664492977719,,,0.8821392341374479,0.9471104014061551,0.11782002828095872,0.05288019119999987,4.073758159334839e-05,9.407393845032166e-06
360.0,2,rectifying_volume_1,tray,130.38373590552862,222.6477800450798,38.00859571629403,49.83421488817717,5662.431649373893,8459.888914609193,0.7597360410433563,0.8819392803457172,0.2401016424546392,0.11801937214633901,0.00016231650200441432,4.134750794377316e-05
360.0,3,rectifying_volume_2,tray,141.33930307597453,222.69666055983706,34.28266641873077,12.898510883272529,5441.05752600942,8170.065702582899,0.6285643027966235,0.7970812470749414,0.3709967641208639,0.20279303666469709,0.0004389330825127446,0.0001257162603616233
360.0,4,rectifying_volume_3,tray,151.6818570724251,222.7453817746354,33.347438569383165,12.677899180137977,5313.82414876346,7948.696903528139,0.5159005363007698,0.7083133321625433,0.483117272965526,0.29137244982735333,0.0009821907337042913,0.00031421801010342884
360.0,5,rectifying_volume_4,tray,159.76460268709997,222.79438383242146,32.76198630617129,12.519243821952701,5254.921796523063,7821.4693539536775,0.4345987495043602,0.6330491584972066,0.563445009940663,0.3662692210985182,0.0019562405549766234,0.0006816204042752942
360.0,6,rectifying_volume_5,tray,165.3035883378101,222.84371562368835,32.358876740104506,12.422633522466905,5229.533820668458,7762.579284673933,0.3822233977347567,0.57888516738754,0.6141472116105297,0.41977549672434206,0.0036293906547136155,0.0013393358881179957
360.0,7,rectifying_volume_6,tray,168.85056384816173,222.89339508434185,32.14001036407955,12.36212483174843,5215.361589161759,7737.209381977567,0.35053635238130937,0.5439479197126986,0.6430073421634475,0.45358293023083246,0.006456305455243184,0.002469150056468865
360.0,8,rectifying_volume_7,tray,171.12751988877682,222.94331923191993,31.998066128627084,12.323674938636909,5201.024093893555,7723.0581430380935,0.3317933076888585,0.5228398911093614,0.6570053703948415,0.4727826400666054,0.011201321916299831,0.004377468824033147
360.0,9,rectifying_volume_8,tray,172.74398272548243,222.99332746748203,31.84639897919947,12.297741390245973,5179.737108371136,7708.741961573826,0.32044401743326706,0.5105106216993203,0.6604283761340839,0.4819123323192101,0.019127606432648995,0.0075770459814697615
360.0,10,rectifying_volume_9,tray,174.1755857142333,223.04327101641732,31.64285353771088,12.275112180028717,5145.088321847069,7687.474947726057,0.3128394074316862,0.5033561386260156,0.6548854744522169,0.48373357024663316,0.03227511811609696,0.01291029112735132
360.0,11,rectifying_volume_10,tray,175.83288357804102,223.0930442379819,31.370888699770042,12.245571630611108,5088.772666550961,7652.844320274779,0.30652721794721116,0.49907021450420935,0.6396577479894004,0.47920536290902277,0.05381503406338833,0.021724422586767756
360.0,12,feed_tray,tray,178.14909903554087,223.16778685487088,45.88821358025295,11.015979949363832,12252.428042588039,7596.546251386172,0.2996684217685317,0.4962214955707876,0.6120032248918665,0.4677003315561542,0.08832835333960158,0.03607817287305811
360.0,13,stripping_volume_1,tray,181.5798474837906,223.24333480200812,45.69886171585287,10.963239354923948,12272.950975647931,7617.273027105816,0.271587761205172,0.4595355836543315,0.6387453025493958,0.5025502089997553,0.08966693624543214,0.03791420734591316
360.0,14,stripping_volume_2,tray,185.71007037165415,223.31991029699074,45.52403240329996,10.898539896741244,12309.467213782613,7637.837250651352,0.2385379524463101,0.4139801522696551,0.6702225534739065,0.5458176146650048,0.09123949407978342,0.04020223306534006
360.0,15,stripping_volume_3,tray,190.41980351259005,223.39773665852078,45.31801912182714,10.829742540358962,12365.763274767167,7674.391940106339,0.20185758074474278,0.36028600273573164,0.7050541346052401,0.5967522953120447,0.09308828465001696,0.04296170195222369
360.0,16,stripping_volume_4,tray,195.48328163394555,223.4671896981869,53.48783217656448,12.215507590803098,12440.877868974781,7730.725006637111,0.1636448076230541,0.30072049766783965,0.7408770733398674,0.6530070822520382,0.09547811903707847,0.04627242008012217
360.0,17,stripping_volume_5,tray,200.64965791036752,223.53801470279834,53.18753652367707,12.14158975116106,12527.098860172333,7805.875823550635,0.12630675254504709,0.23885953140001026,0.7743645826409477,0.7106062685720754,0.09932866481400525,0.050534200027914304
360.0,18,stripping_volume_6,tray,205.7731746965341,223.61082604035053,53.21800249473345,12.042651930167075,12606.011428189193,7892.132640023502,0.0919573581272725,0.17876659135480777,0.8007922488033364,0.764093529571399,0.10725039306939113,0.057139879073793254
360.0,19,stripping_volume_7,tray,211.04363195647045,223.68499910321597,52.78144005423383,11.973677764898746,12643.354156410689,7971.0798207002545,0.06197915641558042,0.1239222640027833,0.8121058399651707,0.8059888698957071,0.12591500361924882,0.07008886610150977
360.0,20,combined_reboiler_sump,reboiler_sump,217.35836550565634,223.71018635045058,757.0442624891812,77.86798020462422,,8008.455423385916,0.03693098979531409,0.07644519083302234,0.7920140262562682,0.8238217227744805,0.1710549839484178,0.09973308639249709
390.0,1,reflux_drum,reflux_drum,121.06150412154564,222.61029860925612,1776.5916314229473,111.24540299490829,,,0.8821426891441884,0.9471111125024824,0.11781655475141509,0.05287947554071134,4.075610439661247e-05,9.411956806347634e-06
390.0,2,rectifying_volume_1,tray,130.38883921302414,222.65755997089366,38.00811448050002,49.83648462670617,5662.379828626493,8460.29164236939,0.7597187203752511,0.8819272060262985,0.2401188499381489,0.11803141572920606,0.00016242968659992634,4.137824449545631e-05
390.0,3,rectifying_volume_2,tray,141.34574998484564,222.7064415280247,34.282130994612665,12.8990680236423,5440.993494096201,8170.395724891333,0.6285346148269298,0.7970569321870015,0.3710261505802959,0.20281725797605848,0.000439234592774317,0.00012580983694010766
390.0,4,rectifying_volume_3,tray,151.68867357671996,222.75516376928684,33.346917890679734,12.67844677499889,5313.768442117585,7949.009319921189,0.5158705375827279,0.7082836123645015,0.4831466606069759,0.29140195584330614,0.0009828018102959718,0.00031443179219247183
390.0,5,rectifying_volume_4,tray,159.77103291323363,222.80416684397915,32.76151351881726,12.519799306923339,5254.8732081878525,7821.784940189551,0.4345751538841241,0.6330215832240157,0.5634675391342654,0.36629638976286655,0.0019573069816104767,0.0006820270131177904
390.0,6,rectifying_volume_5,tray,165.30939536023197,222.85349957738072,32.358441905865874,12.423201130067214,5229.484989947001,7762.897306659528,0.38220718618912203,0.5788633238877288,0.6141617252085709,0.4197966561887553,0.0036310886023068743,0.0013400199235161056
390.0,7,rectifying_volume_6,tray,168.85583778365742,222.90317985248763,32.13959149009902,12.362702146800116,5215.306988372259,7737.522913016496,0.3505259393173809,0.5439318019890258,0.6430152218924843,0.4535979902243402,0.0064588387901347594,0.0024702077866339527
390.0,8,rectifying_volume_7,tray,171.13244599111687,222.95310466797184,31.997644634053145,12.324258431269003,5200.960793200902,7723.361974153932,0.3317867147099097,0.5228280374415516,0.6570083992467713,0.47279296339965,0.011204886043318957,0.004378999158798358
390.0,9,rectifying_volume_8,tray,172.74872549645468,223.00311342698052,31.845963501979547,12.298328213191885,5179.664033742111,7709.033372412081,0.32043966877082664,0.5105014745285509,0.660428051853863,0.48191941067289246,0.01913227937531038,0.007579114798556576
390.0,10,rectifying_volume_9,tray,174.18024701432802,223.05305736595045,31.64240171351283,12.275700535827761,5145.0062147665385,7687.752990975063,0.3128362748167959,0.5033485062622026,0.6548831175095605,0.4837386537753966,0.03228060767364359,0.012912839962400877
390.0,11,rectifying_volume_10,tray,175.83747675406332,223.10283086196654,31.370431121456864,12.24616109345104,5088.685108751824,7653.109806744609,0.306524800780037,0.4990633109881214,0.6396550300990558,0.4792096170790822,0.05382016912090726,0.021727071932796285
390.0,12,feed_tray,tray,178.1535038796269,223.17757418478922,45.88807260331813,11.01647800308507,12252.508042129397,7596.802792618542,0.29966676845759266,0.49621486679597787,0.6120030162012285,0.46770528402366524,0.08833021534117867,0.03607984918035695
390.0,13,stripping_volume_1,tray,181.58461281621302,223.25312401080313,45.698692175893804,10.963731002823131,12273.02829705349,7617.69206166634,0.2715833258192083,0.4595251726933403,0.6387476814379739,0.5025586846150135,0.0896689927428178,0.037916142691646074
390.0,14,stripping_volume_2,tray,185.71510589767925,223.32970139400723,45.52384371084794,10.899026565666105,12309.543958364387,7638.248370436416,0.2385316073044221,0.41396680690014176,0.6702266692609155,0.5458287848327776,0.09124172343466241,0.04020440826708066
390.0,15,stripping_volume_3,tray,190.42496701798385,223.4075296431459,45.31782069875159,10.830226781641072,12365.8398884134,7674.797134198048,0.20185054918667958,0.36027128115993234,0.7050587665044168,0.5967646377176303,0.09309068430890358,0.04296408112243735
390.0,16,stripping_volume_4,tray,195.48840717213955,223.47698413925502,53.48755835933625,12.216058599596648,12440.950579676399,7731.124694758507,0.16363840745827976,0.3007064850138469,0.7408808393521576,0.6530185332854329,0.09548075318956263,0.04627498170072026
390.0,17,stripping_volume_5,tray,200.6546137104332,223.54781050940844,53.187257091759,12.142143644961168,12527.163318006178,7806.265732870924,0.12630198403514084,0.23884820955721744,0.7743662968146506,0.7106147911985286,0.09933171915020854,0.050536999244253984
390.0,18,stripping_volume_6,tray,205.7778875416371,223.62062306713932,53.217711637980244,12.043207836488168,12606.062012770633,7892.508559334063,0.09195480260682934,0.17875946818979443,0.8007910094900579,0.7640974386858085,0.1072541879031127,0.05714309312439707
390.0,19,stripping_volume_7,tray,211.04809157361626,223.69479715299175,52.78113176586652,11.974237164407795,12643.386239874855,7971.436294730036,0.06197895313732246,0.12392007546367971,0.812101247278485,0.805987191889103,0.12591979958419255,0.0700927326472173
390.0,20,combined_reboiler_sump,reboiler_sump,217.36256620483326,223.71998525020885,757.0337197797128,77.87194400433016,,8008.787954641499,0.03693294251672466,0.07644794653592606,0.7920069708050698,0.8238146524951375,0.17106008667820558,0.09973740096893659
420.0,1,reflux_drum,reflux_drum,121.06467263219609,222.61939302554032,1780.9171570486574,110.92966853546965,,,0.8821453454158977,0.9471115033743063,0.11781387943606614,0.05287908000141021,4.077514803604159e-05,9.41662428360821e-06
420.0,2,rectifying_volume_1,tray,130.39380940812515,222.66665583411225,38.00763970361786,49.83857331429778,5662.326900208959,8460.699760467714,0.7596997922820351,0.8819143343291108,0.2401376635349292,0.1180442563877127,0.00016254418303576862,4.140928317648657e-05
420.0,3,rectifying_volume_2,tray,141.35211255582126,222.715538575685,34.2815979482775,12.899577756784138,5440.928566812081,8170.729899097866,0.628502823861324,0.7970313219473911,0.3710576374100071,0.20284277388758487,0.0004395387286690162,0.00012590416502389421
420.0,4,rectifying_volume_3,tray,151.69541793226702,222.76426199012144,33.34640081814636,12.678947729972762,5313.712688064339,7949.326083321343,0.5158384226156145,0.7082523318959965,0.4831781603013127,0.2914330210904561,0.000983417083072796,0.00031464701354734324
420.0,5,rectifying_volume_4,tray,159.7773716332066,222.81326623359433,32.76104714136139,12.520309284340758,5254.825284097088,7822.1057045120615,0.43454972717359047,0.632992491167222,0.5634918937147777,0.3663250730778421,0.001958379111631752,0.0006824357549358824
420.0,6,rectifying_volume_5,tray,165.3150796948832,222.86260006326287,32.358016077667294,12.423724246235482,5229.4371964617285,7763.221200407834,0.3821894921492197,0.5788401854714517,0.6141777142267212,0.41981910802316225,0.003632793624059171,0.001340706505386052
420.0,7,rectifying_volume_6,tray,168.86095998086816,222.9122813065772,32.139183503893754,12.363235742638748,5215.25356155066,7737.842669760472,0.3505143372668185,0.5439146408450868,0.6430242820919616,0.4536140911481884,0.006461380641219889,0.0024712680067246386
420.0,8,rectifying_volume_7,tray,171.1371982719618,222.96220694206147,31.997235231554143,12.32479874651227,5200.898687049752,7723.672148180541,0.3317791447819607,0.5228153483108218,0.6570123944805694,0.4728041203201175,0.01120846073746988,0.0043805313690607915
420.0,9,rectifying_volume_8,tray,172.75327923287998,223.0122163746159,31.845540801101148,12.298872232435068,5179.592125522716,7709.331127304746,0.32043448523928963,0.5104916412614561,0.660428548068675,0.481927174401063,0.01913696669203526,0.007581184337480883
420.0,10,rectifying_volume_9,tray,174.1847093265297,223.06216085176746,31.641962969583307,12.276246363939066,5144.925224983208,7688.037331171091,0.3128323991185147,0.503340287771213,0.654881481328055,0.48374432414643337,0.03228611955343023,0.012915388082353667
420.0,11,rectifying_volume_10,tray,175.84186466729264,223.11193476851128,31.369986627575887,12.246708273435603,5088.598603262183,7653.3815226006445,0.30652169916688843,0.49905588627247155,0.639652957554406,0.47921439404883226,0.05382534327870553,0.021729719678696073
420.0,12,feed_tray,tray,178.1576998320564,223.1866789132804,45.88792500020043,11.016940351383198,12252.577053559404,7597.0654799379945,0.29966446850031514,0.4962077592808994,0.6120033812480139,0.4677107151390268,0.0883321502516709,0.03608152558007383
420.0,13,stripping_volume_1,tray,181.58919374542276,223.26223065860327,45.698514798184554,10.964186720039288,12273.094781057174,7618.105170774378,0.2715780533100662,0.4595139817448386,0.6387508159349983,0.5025679255710136,0.08967113075493556,0.03791809268414784
420.0,14,stripping_volume_2,tray,185.71997936104347,223.33880997759215,45.523646371240744,10.899477179485903,12309.610135487486,7638.6536847843045,0.238524264405897,0.4139523766446086,0.6702316946516935,0.5458410107139166,0.0912440409424094,0.040206612641474716
420.0,15,stripping_volume_3,tray,190.42998411277136,223.41664016944247,45.31761339420339,10.830674985454666,12365.90624628371,7675.196762443681,0.20184242381245052,0.3602552182402408,0.7050644003918146,0.596778280127375,0.09309317579573496,0.04296650163238427
420.0,16,stripping_volume_4,tray,195.4933912711192,223.4860961650657,53.487276169858575,12.21656888113684,12441.01322382451,7731.519098687167,0.16363090698352775,0.3006909809601223,0.7408856128003907,0.6530314267340234,0.09548348021608156,0.046277592305854355
420.0,17,stripping_volume_5,tray,200.65942074634123,223.55692394610298,53.18697003992621,12.14265721832827,12527.217630281652,7806.650515529279,0.12629620249879,0.23883539331271844,0.7743689303579683,0.7106247567620414,0.09933486714324169,0.05053984992524007
420.0,18,stripping_volume_6,tray,205.78243357151734,223.62973776768882,53.21741387442847,12.043724090479769,12606.102004639843,7892.879242028091,0.09195139758207609,0.17875099935758926,0.8007905189690284,0.7641026419464355,0.10725808344889548,0.05714635869597521
420.0,19,stripping_volume_7,tray,211.05235999987718,223.70391291431395,52.780817068342834,11.974757507398984,12643.406902204006,7971.78705527363,0.061978109499623193,0.1239168093683582,0.8120971634809722,0.8059865329017504,0.12592472701940463,0.07009665772989135
420.0,20,combined_reboiler_sump,reboiler_sump,217.36655182719406,223.72910191405296,757.0236411138685,77.87563426898109,,8009.113915919425,0.036934477841762736,0.07644996009315765,0.7920000977928974,0.8238082246347659,0.1710654243653398,0.09974181527207644
450.0,1,reflux_drum,reflux_drum,121.06764469194343,222.62779817449393,1785.1635303958685,110.61943018862989,,,0.8821472003392639,0.9471115732325123,0.11781200495516857,0.05287900537296902,4.079470556754895e-05,9.421394518681892e-06
450.0,2,rectifying_volume_1,tray,130.3986444727609,222.67506257199884,38.00717155722506,49.840479710386404,5662.272876437062,8461.11316235974,0.7596792582379913,0.8819006670523787,0.24015808180463893,0.11805789233303063,0.00016265995736968402,4.144061459059304e-05
450.0,3,rectifying_volume_2,tray,141.3583884902641,222.7239466401744,34.28106745481738,12.90003977023576,5440.862760436957,8171.06813592611,0.6284689338414928,0.7970044205204424,0.3710912207560242,0.2028695802623157,0.0004398454024829943,0.00012599921724190923
450.0,4,rectifying_volume_3,tray,151.702087755502,222.77267137459918,33.34588752380547,12.679401737995539,5313.656901834646,7949.647109823802,0.5158041954102274,0.708219495896732,0.4832117682149373,0.29146564049109325,0.0009840363748354895,0.00031486361217468494
450.0,5,rectifying_volume_4,tray,159.78361653763739,222.82167693883912,32.76058733550713,12.520773447644912,5254.778038180017,7822.431563324769,0.4345224720371598,0.6329618869036147,0.563518071327166,0.36635526658493417,0.001959456635674127,0.0006828465114512325
450.0,6,rectifying_volume_5,tray,165.32063916117957,222.87101201903937,32.35759940902156,12.424202562997333,5229.390454307108,7763.550882210515,0.38217031669413337,0.5788157553960543,0.6141951780772326,0.4198428491700195,0.0036345052286339626,0.0013413954339263087
450.0,7,rectifying_volume_6,tray,168.86592837072854,222.92069438447808,32.13878655590292,12.36372530994872,5215.201324216824,7738.1685697003595,0.3505015460546718,0.5438964382265328,0.6430345236653124,0.45363123136615496,0.006463930280015675,0.002472330407312241
450.0,8,rectifying_volume_7,tray,171.14177473309357,222.9706209922532,31.996838072848096,12.32529557427722,5200.8377931042705,7723.988584965023,0.3317705969119113,0.5228018246906104,0.6570173581044465,0.47281611030176673,0.011212044983642292,0.004382065007622803
450.0,9,rectifying_volume_8,tray,172.7576419698387,223.02063124868192,31.845131032145403,12.299373137654802,5179.521403797778,7709.635149103087,0.3204284653861161,0.5104811222712357,0.6604298675442739,0.481935623733364,0.019141667069610072,0.007583253995400379
450.0,10,rectifying_volume_9,tray,174.18897069585142,223.0705764124209,31.64153746559971,12.276749354214449,5144.845374790806,7688.327894410041,0.3128277786669294,0.5033314832222694,0.6548805690871506,0.48375058202986837,0.032291652245919934,0.012917934747862264
450.0,11,rectifying_volume_10,tray,175.84604537207338,223.12035089645119,31.36955537850131,12.24721286074636,5088.513173558777,7653.659396942543,0.3065179113407729,0.4990479403294337,0.6396515334601448,0.47921969460697567,0.05383055519908234,0.021732365063590643
450.0,12,feed_tray,tray,178.16168499375704,223.1950959792411,45.88777077760022,11.017366732960816,12252.63501203516,7597.334244395177,0.2996615200113509,0.4962001730302948,0.6120043221833805,0.46771662535523545,0.08833415780526865,0.036083201614469665
450.0,13,stripping_volume_1,tray,181.59358836941308,223.27064968378886,45.69832959239704,10.964606246115583,12273.150364067982,7618.512198300408,0.27157194181354294,0.45950201067082236,0.6387547081906495,0.5025779324767977,0.08967334999580759,0.037920056852379994
450.0,14,stripping_volume_2,tray,185.724688869294,223.34723098562955,45.52344039625555,10.89989147863754,12309.66568264885,7639.053040020883,0.2385159218137723,0.41393686102082555,0.6702376318954709,0.5458542932734066,0.09124644629075676,0.04020884570576796
450.0,15,stripping_volume_3,tray,190.434852923085,223.4250631748196,45.317397221777135,10.83108689302857,12365.962286905118,7675.590673499636,0.2018332025497812,0.36023781296515095,0.7050710386969016,0.59679322405275,0.09309575875331723,0.04296896298209909
450.0,16,stripping_volume_4,tray,195.49823207808083,223.4945207126566,53.48698564287429,12.21703814208692,12441.065741420554,7731.908069334681,0.1636223039728923,0.3006739838340003,0.740891396357597,0.6530457648100758,0.09548629966951055,0.04628025135592395
450.0,17,stripping_volume_5,tray,200.66407717424673,223.56534994957136,53.186675407803236,12.14313017877562,12527.261738792,7807.030025240262,0.12628940562428542,0.2388210803519667,0.7743724862139072,0.7106361682156344,0.09933810816180741,0.05054275143239897
450.0,18,stripping_volume_6,tray,205.7868109298601,223.63816507836378,53.21710925131619,12.04420040171892,12606.131348108138,7893.244544838882,0.09194714074411271,0.1787411820007953,0.8007907805304166,0.764109143063686,0.10726207872547064,0.05714967493551859
450.0,19,stripping_volume_7,tray,211.05643533861303,223.7123413232484,52.78049602059375,11.975238504964306,12643.416091288924,7972.131962667467,0.061976623278974706,0.12391246245731748,0.8120935923397686,0.8059868974380344,0.12592978438125668,0.07010064010464818
450.0,20,combined_reboiler_sump,reboiler_sump,217.37032041565206,223.73753127786063,757.0140470222675,77.87904758640346,,8009.433172100706,0.03693559368940448,0.07645122797435576,0.7919934114106806,0.8238024444862135,0.17107099489991504,0.09974632753943072
480.0,1,reflux_drum,reflux_drum,121.07041869061521,222.63550914812458,1789.328310054782,110.31487105120628,,,0.8821482514296771,0.9471113213366928,0.11781093380024428,0.0528792523975441,4.081477007867105e-05,9.426265763082381e-06
480.0,2,rectifying_volume_1,tray,130.4033424132544,222.6827752765431,38.00671021230284,49.84220261651199,5662.2177701358005,8461.531737706298,0.7596571201308575,0.8818862062032327,0.24018010289362085,0.11807232156745996,0.00016277697552150952,4.1472229307377996e-05
480.0,3,rectifying_volume_2,tray,141.3645754968306,222.73166081353133,34.280539690114985,12.9004537626795,5440.796091761457,8171.41034287503,0.6284329493019957,0.7969762324406239,0.37112689617195993,0.20289767259330715,0.0004401545260444496,0.00012609496606890596
480.0,4,rectifying_volume_3,tray,151.70868066544318,222.78038701481654,33.34537818013508,12.67980850298917,5313.601098913743,7949.9723123451795,0.5157678605854394,0.7081851099594731,0.48324747990709865,0.29149980851482116,0.0009846595074618051,0.00031508152570574525
480.0,5,rectifying_volume_4,tray,159.7897653255012,222.82939405187508,32.760134262464675,12.52119150094184,5254.731484365577,7822.762429627031,0.4344933916605276,0.6329297754475978,0.5635460690967674,0.36638696538873766,0.0019605392427049615,0.0006832591636645803
480.0,6,rectifying_volume_5,tray,165.32607159620363,222.87873053695634,32.35719205203748,12.424635782748245,5229.344777412136,7763.886264758784,0.38214966131834593,0.5787900372895118,0.6142141157600124,0.41986787620242977,0.00363622292164179,0.0013420865080583943
480.0,7,rectifying_volume_6,tray,168.87074090981784,222.92841417855124,32.138400794498374,12.364170549574226,5215.150291626705,7738.500526640691,0.3504875658383257,0.5438771963809855,0.643045947189259,0.4536494089422679,0.006466486972415302,0.002473394676746547
480.0,8,rectifying_volume_7,tray,171.14617340707022,222.97834191105673,31.99645330716248,12.325748614508505,5200.778128698952,7724.311200645528,0.33176107038676583,0.5227874678080916,0.657023291856415,0.47282893256837333,0.011215637756819236,0.004383599623534992
480.0,9,rectifying_volume_8,tray,172.7618117757882,223.02835314186976,31.844734347948958,12.299830628499747,5179.45188826699,7709.9453569714215,0.32042160801117475,0.5104699181583809,0.6604320128100294,0.4819447586780548,0.01914637917879584,0.007585323163564193
480.0,10,rectifying_volume_9,tray,174.19302920166874,223.07829914081262,31.641125358335177,12.27720920644239,5144.766686042385,7688.624603129901,0.31282241203201233,0.5033220929006018,0.6548803837494255,0.48375742788809906,0.03229720421856216,0.012920479211299286
480.0,11,rectifying_volume_10,tray,175.8500169574951,223.1280743389227,31.369137531544645,12.247674555472274,5088.428842607512,7653.943355252909,0.30651343576868667,0.4990394733434333,0.6396507607148307,0.4792255193395354,0.053835803516482574,0.02173500731703127
480.0,12,feed_tray,tray,178.16545750118726,223.20282047582805,45.887609943729196,11.017756894873532,12252.68185485295,7597.609013456291,0.2996579213332304,0.49619210825880267,0.6120058409554141,0.4677230149225951,0.0883362377113555,0.036084876818602396
480.0,13,stripping_volume_1,tray,181.59779481018276,223.27837617897276,45.69813657013244,10.964989329108361,12273.194984462914,7618.912987267514,0.2715649897844044,0.459489259678169,0.6387593600640197,0.5025887056099743,0.08967565015157593,0.03792203471185683
480.0,14,stripping_volume_2,tray,185.72923254361436,223.3549595102044,45.52322579980725,10.900269212189858,12309.710539074187,7639.446281554211,0.23850657798665983,0.4139202600243215,0.6702444828757076,0.545868633017868,0.09124893913763253,0.040211106957810674
480.0,15,stripping_volume_3,tray,190.43957158163832,223.43279375085248,45.317172197120414,10.831462254272967,12366.007950256735,7675.9787149622325,0.20182288376754384,0.3602190649071449,0.7050786834380941,0.5968094704451654,0.09309843279436196,0.04297146464768975
480.0,16,stripping_volume_4,tray,195.50292774493417,223.50225287320185,53.48668681494335,12.217466098926026,12441.108073667976,7732.291456398494,0.16361259664431035,0.30065549259991614,0.7408981922817167,0.6530615491147473,0.09548921107397292,0.04628295828533647
480.0,17,stripping_volume_5,tray,200.66858115913132,223.57308361060888,53.18637323616119,12.143562243492871,12527.295586390874,7807.4041143926615,0.12628159150123278,0.2388052689789034,0.7743769669507211,0.7106490279190318,0.09934144154804624,0.050545703102064604
480.0,18,stripping_volume_6,tray,205.791017778574,223.6459000896045,53.21679781624815,12.044636489224098,12606.149988555242,7893.604323174688,0.09194203010664358,0.1787300137902473,0.8007917971654737,0.7641169452411876,0.10726617272788291,0.057153040968565036
480.0,19,stripping_volume_7,tray,211.0603157243629,223.72007746990823,52.78016868109169,11.975679877396752,12643.413756219477,7972.470876108764,0.06197449247548205,0.12390703185599462,0.8120905374164709,0.8059882896309604,0.12593497010804708,0.0701046785130451
480.0,20,combined_reboiler_sump,reboiler_sump,217.37387005902823,223.74526843153114,757.0049551418393,77.88218084814521,,8009.7455872212895,0.036936288100108565,0.07645174686645508,0.791986915732926,0.8237973171217486,0.17107679616696544,0.09975093601179627
510.0,1,reflux_drum,reflux_drum,121.07299306537831,222.64252119672778,1793.409071653278,110.01617295215065,,,0.8821484963314984,0.9471107469949696,0.11781066833381701,0.05287982176875321,4.0835334684638555e-05,9.431236277192634e-06
510.0,2,rectifying_volume_1,tray,130.40790126150154,222.68978919797894,38.00625583921098,49.843740877207715,5662.161594664561,8461.95537267387,0.7596333802630703,0.8818709539978338,0.24020372453371439,0.11808754188431812,0.0001628952032154951,4.1504117848074555e-05
510.0,3,rectifying_volume_2,tray,141.370671292123,222.73867634599623,34.280014830968305,12.900819444171647,5440.728578153517,8171.7564246359025,0.6283948753777348,0.7969467626170601,0.3711646586117132,0.20292704599916336,0.00044046601055211,0.00012619138377655396
510.0,4,rectifying_volume_3,tray,151.71519428355177,222.78740416102912,33.34487296028695,12.68016774009991,5313.545295126992,7950.301601087747,0.5157294233836153,0.7081491801422721,0.483285290314837,0.29153551916644893,0.0009852863015477286,0.0003153006912790022
510.0,5,rectifying_volume_4,tray,159.79581570332877,222.83641282297884,32.7596880832555,12.521563159245945,5254.685636688835,7823.098213540939,0.43446248977176477,0.6328961622707531,0.5635758836088118,0.36642016413761114,0.001961626619423257,0.0006836735916357542
510.0,6,rectifying_volume_5,tray,165.33137485360868,222.8857508673304,32.35679415780306,12.42502361849228,5229.3001796733515,7764.227257708516,0.38212752795474875,0.5787630351738464,0.614234525840462,0.419894185301064,0.003637946204789316,0.0013427795250896648
510.0,7,rectifying_volume_6,tray,168.87539557934446,222.93543593918386,32.138026366441835,12.364571172747501,5215.100478938159,7738.838451288625,0.3504723971292641,0.5438569178812971,0.6430585528930691,0.4536686216179772,0.006469049977666782,0.0024744605007258036
510.0,8,rectifying_volume_7,tray,171.15039235655524,222.9853649489642,31.996081081755673,12.326157577399236,5200.719711038623,7724.639908288698,0.3317505647919995,0.5227722791642031,0.6570301971869228,0.4728425860741451,0.01121923802107776,0.004385134761651996
510.0,9,rectifying_volume_8,tray,172.76578675240322,223.03537730480983,31.844350899181237,12.300244414786093,5179.383598479553,7710.261667061968,0.32041391218049947,0.5104580297655952,0.6604349861458619,0.48195457900741917,0.01915110167363861,0.007587391226985556
510.0,10,rectifying_volume_9,tray,174.1968829581551,223.0853242877411,31.640726802276554,12.27762563052976,5144.689180415124,7688.927376834553,0.3128162980322159,0.5033121173163656,0.6548809280521379,0.48376486196695384,0.032302773915646205,0.012923020716680606
510.0,11,rectifying_volume_10,tray,175.8537775484209,223.1351003469166,31.36873324161522,12.248093067775319,5088.345633158382,7654.233320147905,0.30650827115517704,0.49903048571395336,0.6396506420071845,0.4792318686268988,0.05384108683763848,0.021737645659147722
510.0,12,feed_tray,tray,178.16901552781462,223.20984765401695,45.887442508926995,11.018110592663113,12252.717521843786,7597.88971178068,0.2996536710356756,0.49618356538815966,0.6120079393109296,0.4677298838916432,0.08833838965339488,0.03608655072019717
510.0,13,stripping_volume_1,tray,181.60181121551022,223.285405394566,45.69793574559247,10.965335725709739,12273.228583025008,7619.307380737711,0.2715571959932224,0.45947572931245456,0.6387647731275544,0.5026002449229972,0.08967803087922312,0.03792402576454829
510.0,14,stripping_volume_2,tray,185.73360852086168,223.36199080117626,45.52300259868088,10.900610137956047,12309.744646200597,7639.8332547911705,0.2384962317734906,0.4139025741190052,0.6702522491168331,0.5458840300050296,0.09125151910967631,0.04021339587596518
510.0,15,stripping_volume_3,tray,190.44413822994323,223.43982714686393,45.31693833873911,10.831800827882727,12366.043178302649,7676.360734340613,0.20181146626915694,0.3601989742108625,0.7050873362310482,0.596827019707928,0.09310119749979484,0.04297400608120953
510.0,16,stripping_volume_4,tray,195.5074764305573,223.50928789560106,53.486379725429444,12.217852478058981,12441.140163564807,7732.669109364201,0.16360178365277395,0.3006355068467343,0.7409060024241914,0.6530787806509358,0.09549221392303466,0.04628571250232983
510.0,17,stripping_volume_5,tray,200.67293087698172,223.58012017771296,53.18606356800986,12.143953139447794,12527.319117641413,7807.772635092362,0.1262727586146646,0.23878795810436246,0.774382374769352,0.7106633376503602,0.09934486661598343,0.05054870424527741
510.0,18,stripping_volume_6,tray,205.7950522997157,223.65293804953117,53.21647961839862,12.045032081550193,12606.157873124657,7893.958432218781,0.0919360640023604,0.17871749291725458,0.8007935715709315,0.764126051183362,0.10727036442670809,0.05715645589938339
510.0,19,stripping_volume_7,tray,211.06399932432123,223.7271166020671,52.779835109157084,11.976081354281684,12643.399848021805,7972.803654767969,0.06197171531286575,0.12390051507387735,0.8120880020671812,0.8059907132426716,0.12594028261995305,0.07010877168345107
510.0,20,combined_reboiler_sump,reboiler_sump,217.3771988927349,223.75230862260545,756.9963801264863,77.88503125868654,,8010.051025638786,0.03693655924035278,0.07645151368214352,0.7919806147155468,0.8237928473861239,0.17108282604410038,0.09975563893173253
540.0,1,reflux_drum,reflux_drum,121.07536630263662,222.6488297342503,1797.4034090882594,109.72351635264103,,,0.882147932818527,0.9471098495637276,0.11781121078894906,0.052880714131942994,4.085639252395116e-05,9.436304329432578e-06
540.0,2,rectifying_volume_1,tray,130.4123190769019,222.6960997501497,38.00580860759337,49.84509338133757,5662.104363935152,8462.383950376661,0.7596080413524544,0.8818549128607974,0.24022894404161352,0.11810355086852858,0.0001630146059320089,4.15362706739659e-05
540.0,3,rectifying_volume_2,tray,141.37667360222918,222.74498865137915,34.27949305511945,12.901136536486309,5440.660237607163,8172.106283553175,0.6283547178096182,0.7969160163361899,0.37120450242394626,0.20295769522141557,0.0004407797664355044,0.00012628844239455153
540.0,4,rectifying_volume_3,tray,151.72162623460645,222.79371822702174,33.34437203822804,12.680479176045504,5313.489506717456,7950.634884012817,0.5156888896831555,0.7081117129775237,0.4833251937407243,0.291572765977028,0.0009859165761201172,0.000315521045448182
540.0,5,rectifying_volume_4,tray,159.80176538553596,222.84272866591476,32.75924895894406,12.521888148827992,5254.6405093930125,7823.4388227929985,0.434429770658706,0.6328610533169544,0.5636075108915034,0.3664548570087296,0.001962718449790436,0.0006840896743159656
540.0,6,rectifying_volume_5,tray,165.3365468037293,222.8920684239241,32.35640587668405,12.425365794185575,5229.2566750799915,7764.573768175271,0.3821039189935682,0.5787347534832874,0.6142564064311876,0.4199217722362445,0.003639674575244205,0.0013434742804680603
540.0,7,rectifying_volume_6,tray,168.87989038535326,222.9417550801677,32.13766341723052,12.364926901423756,5215.051901357869,7739.182251770403,0.35045604081068865,0.543835605643253,0.6430723406416462,0.4536888667947377,0.006471618547665161,0.002475527562009256
540.0,8,rectifying_volume_7,tray,171.1544296748586,222.9916855198319,31.995721542302363,12.32652218371385,5200.662557369278,7724.974618412077,0.331739080026008,0.5227562605482322,0.657038075245,0.472857069489383,0.011222844728992005,0.00438666996238484
540.0,9,rectifying_volume_8,tray,172.76956503559134,223.04169915145712,31.84398083476987,12.300614216806117,5179.316554032017,7710.583993052356,0.3204053772365657,0.5104454581877238,0.6604387895722134,0.4819650842479228,0.019155833191220925,0.007589457564353352
540.0,10,rectifying_volume_9,tray,174.20053011582687,223.0916472672906,31.64034195009685,12.277998346794734,5144.612879639249,7689.236132643811,0.31280943574028075,0.503301557209298,0.6548822045011885,0.483772884290863,0.03230835975853071,0.012925558499838953
540.0,11,rectifying_volume_10,tray,175.85732530752216,223.1414243346718,31.368342661741693,12.24846811816903,5088.2635680045205,7654.529211960673,0.3065024164439344,0.4990209780550169,0.6396511798141423,0.4792387426439526,0.0538464037419233,0.02174027930103035
540.0,12,feed_tray,tray,178.17235728650047,223.21617292800082,45.88726848620913,11.018427590586183,12252.741955762738,7598.176261826695,0.29964876791386835,0.49617454504217684,0.6120106187981869,0.46773723211805096,0.08834061328794462,0.03608822283977224
540.0,13,stripping_volume_1,tray,181.60563576173942,223.29173274418184,45.69772713616912,10.965645201464218,12273.25110337159,7619.695222543747,0.2715485595213648,0.4594614204484486,0.6387709486731252,0.5026125500524303,0.08968049180550995,0.037926029499121106
540.0,14,stripping_volume_2,tray,185.73781495669726,223.36832027158928,45.52277081317507,10.900914022699023,12309.767948149074,7640.213805922575,0.23848488240579738,0.41388380422346766,0.6702609317931583,0.5459004838571081,0.09125418580104425,0.04021571191942424
540.0,15,stripping_volume_3,tray,190.44855102166665,223.4461587753413,45.316695668706174,10.832102381533362,12366.067915511801,7676.73657987268,0.2017989492832743,0.3601775415763965,0.7050969982993305,0.5968458717126065,0.09310405241739528,0.042976586710997106
540.0,16,stripping_volume_4,tray,195.51187630418843,223.51562119190223,53.48606441736397,12.218197016031489,12441.161956480191,7733.040878375959,0.16358986408100412,0.3006140267703074,0.7409148282407729,0.6530974598404218,0.09549530767822305,0.046288513389270904
540.0,17,stripping_volume_5,tray,200.67712451801057,223.58645506251318,53.18574644956758,12.144302603596039,12527.33227944523,7808.135440105695,0.12626290583725186,0.23876914723062204,0.7743887115125478,0.7106790986212882,0.09934838265020035,0.050551754148089795
540.0,18,stripping_volume_6,tray,205.7989126983499,223.6592743693814,53.216154709596715,12.04538691699281,12606.154951398135,7894.306727923431,0.09192924107819347,0.1787036180832959,0.8007961061545583,0.7641364631052989,0.10727465276724829,0.057159918811405176
540.0,19,stripping_volume_7,tray,211.06748434065136,223.7334541306041,52.77949536613981,11.976442674700193,12643.374320365632,7973.130158842906,0.06196829023788054,0.12389291000212373,0.8120859894435172,0.8059941716664205,0.12594572031860224,0.07011291833145569
540.0,20,combined_reboiler_sump,reboiler_sump,217.38030510027443,223.75864726171716,756.9883337144109,77.8875963316453,,8010.349353096678,0.036936405406707,0.07645052556712721,0.7919745121946102,0.8237890398907844,0.17108908239868273,0.09976043454208836
570.0,1,reflux_drum,reflux_drum,121.07753694047862,222.65443034517713,1801.3089358264654,109.43708024164526,,,0.8821465587946569,0.9471086284472867,0.11781256326858955,0.05288193008451792,4.0877936753566265e-05,9.441468195386264e-06
570.0,2,rectifying_volume_1,tray,130.41659394883845,222.70170251739532,38.00536868625583,49.84625906380949,5662.046092434129,8462.817350991043,0.7595811065333268,0.8818380854245488,0.24025575831780638,0.11812034589727426,0.00016313514886688626,4.156867817694302e-05
570.0,3,rectifying_volume_2,tray,141.382580164882,222.75059331394712,34.278974541203844,12.901404773557013,5440.59108877327,8172.459819809821,0.6283124829499791,0.7968839992637924,0.3712464213467799,0.20298961462252788,0.00044109570324095165,0.00012638611367970972
570.0,4,rectifying_volume_3,tray,151.72797414834312,222.79932479699625,33.34387558877987,12.680742549556603,5313.43375039958,7950.972067067567,0.5156462660094683,0.7080727154790901,0.48336718384212357,0.29161154199679895,0.000986550148408226,0.0003157425241109398
570.0,5,rectifying_volume_4,tray,159.80761209564437,222.84833716482356,32.75881705075697,12.522166207654392,5254.596117005502,7823.784162966391,0.43439523918372325,0.6328244550142667,0.5636409464016087,0.36649103769631136,0.001963814414668078,0.0006845072894220061
570.0,6,rectifying_volume_5,tray,165.34158533465921,222.89767879083587,32.35602735850409,12.425662045169958,5229.214277812027,7764.9257010118345,0.3820788372980765,0.5787051970783071,0.6142797551767571,0.4199506323540847,0.0036414075251664435,0.0013441705676081996
570.0,7,rectifying_volume_6,tray,168.88422335993542,222.94736718559048,32.13731209133173,12.365237468704935,5215.004574264881,7739.53183392921,0.35043849815177747,0.5438132629387569,0.6430873099217529,0.4537101415210087,0.006474191926469597,0.0024765955402345084
570.0,8,rectifying_volume_7,tray,171.15828348747166,222.99729920777315,31.99537483317571,12.32684216519938,5200.606685128381,7725.315239310641,0.3317266163113784,0.5227394140479614,0.6570469268673251,0.4728723811904515,0.011226456821296324,0.004388204761587025
570.0,9,rectifying_volume_8,tray,172.77314479745385,223.047314265986,31.843624302218945,12.300939765726557,5179.250774742907,7710.912246492265,0.32039600280581937,0.5104322047776597,0.6604434248425287,0.48197627367425006,0.019160572351651875,0.0075915215480902585
570.0,10,rectifying_volume_9,tray,174.20396886395253,223.09726366372846,31.639970953002077,12.278327086352725,5144.537805694027,7689.55078566038,0.31280182448693267,0.5032904135500985,0.6548842153670575,0.4837814946611712,0.03231396014600968,0.012928091788730233
570.0,11,rectifying_volume_10,tray,175.86065843808655,223.14704188657478,31.367965943461723,12.248799437891996,5088.182670203461,7654.830949114826,0.30649587081815943,0.49901095119240935,0.6396523764001463,0.47924614136237326,0.05385175278169431,0.02174290744521745
570.0,12,feed_tray,tray,178.1754810325576,223.22179188209225,45.88708789174331,11.018707661923624,12252.755102662824,7598.468584246364,0.29964321098643204,0.4961650480406197,0.6120138807698429,0.46774505926845217,0.08834290824372508,0.03608989269092815
570.0,13,stripping_volume_1,tray,181.60926665727894,223.29735381154237,45.69751076295139,10.965917531065811,12273.262492362152,7620.076357840439,0.27153907975538577,0.45944633427908155,0.6387778877185831,0.5026256203295302,0.08968303252603109,0.0379280453913883
570.0,14,stripping_volume_2,tray,185.74185002947365,223.37394350458374,45.52253046765338,10.901180642416664,12309.780392172635,7640.587782495302,0.2384725294891455,0.4138639516953997,0.6702705317384674,0.5459179937758171,0.09125693877238714,0.04021805452878334
570.0,15,stripping_volume_3,tray,190.452808126755,223.4517842188531,45.31644421327003,10.832366692157143,12366.082109349445,7677.1061011460815,0.20178533245354002,0.3601547682405637,0.7051076704858112,0.5968660258171377,0.09310699706064879,0.04297920594229866
570.0,16,stripping_volume_4,tray,195.51612554956833,223.52124834422284,53.485740938175084,12.218499459838153,12441.17340069366,7733.40661489728,0.16357683742928927,0.3005910531541162,0.7409246708029447,0.6531175865426391,0.09549849176776605,0.046291360303244634
570.0,17,stripping_volume_5,tray,200.6811602905855,223.59208384669742,53.18542193108474,12.144610383185217,12527.335021626614,7808.492383551857,0.12625203242101468,0.23874883643461528,0.7743959786743532,0.7106963114932785,0.09935198890463215,0.050554852072106256
570.0,18,stripping_volume_6,tray,205.80259720605767,223.66490463044144,53.215823145257396,12.04570074388845,12606.141176018336,7894.649067732895,0.0919215602903909,0.17868838848900134,0.8007994030409947,0.7641481827432473,0.10727903666861434,0.0571634287677514
570.0,19,stripping_volume_7,tray,211.07076901341674,223.7390856364411,52.77914951645482,11.976763587528493,12643.337130222351,7973.450250296901,0.06196421591963881,0.12388421491067951,0.8120845024941962,0.8059986679291482,0.12595128158616498,0.07011711716017233
570.0,20,combined_reboiler_sump,reboiler_sump,217.38318691541792,223.7642799295336,756.9808249185087,77.88987387577022,,8010.640437515044,0.03693582502945743,0.07644877990628411,0.7919686118859406,0.8237858990091608,0.171095563084602,0.09976532108455503
600.0,1,reflux_drum,reflux_drum,121.07950357154506,222.65931879258943,1805.123286274715,109.15704202682892,,,0.8821443722947285,0.9471070830975522,0.11781472774472768,0.05288347017629084,4.089996054378527e-05,9.446726156896382e-06
600.0,2,rectifying_volume_1,tray,130.42072399951832,222.70659326260915,38.00493624298707,49.847236907586186,5661.98679523165,8463.255451764533,0.7595525793586778,0.8818204745290746,0.24028416384442552,0.11813792414025366,0.00016325679689675727,4.1601330671710835e-05
600.0,3,rectifying_volume_2,tray,141.38838873199467,222.75548609648055,34.27845946870654,12.90162390199125,5440.521151002085,8172.8169314895285,0.6282681777689478,0.796850717447339,0.3712904085015145,0.20302279818356975,0.00044141372953770334,0.00012648436909115126
600.0,4,rectifying_volume_3,tray,151.73423566159477,222.8042196336276,33.343383787635,12.680957611888763,5313.37804341455,7951.313054262895,0.5156015595456362,0.7080321951487242,0.4834112536207026,0.2916518397888225,0.00098718683366113,0.00031596506245338543
600.0,5,rectifying_volume_4,tray,159.81335356814938,222.85323408227822,32.75839252014829,12.522397085895491,5254.552474406352,7824.1341375997645,0.43435890079684075,0.6327863742847128,0.5636761850116204,0.3665286994019443,0.001964914191538943,0.0006849263133428137
600.0,6,rectifying_volume_5,tray,165.34648835407862,222.9025777305553,32.35565875265,12.425912118674756,5229.1730023241125,7765.2829589176545,0.38205228621782444,0.5786743712564444,0.6143045692408099,0.41998076056578404,0.0036431445413655406,0.001344868177771614
600.0,7,rectifying_volume_6,tray,168.88839256322908,222.95226801789113,32.136972532318445,12.365502619332458,5214.958513310771,7739.887101444449,0.3504197708191826,0.5437898934053392,0.6431034598308356,0.45373244248284944,0.006476769349981859,0.0024776641118113645
600.0,8,rectifying_volume_7,tray,171.161951954377,223.00220177521396,31.995041097608834,12.3271172650679,5200.552112062424,7725.661677182661,0.3317131742035562,0.5227217420562152,0.6570567525697288,0.4728885192532533,0.011230073226714932,0.004389738690531375
600.0,9,rectifying_volume_8,tray,172.77652424897073,223.05221841084625,31.843281447801484,12.30122080405934,5179.186280791097,7711.246336954866,0.3203857888041164,0.5104182711492058,0.6604488934377133,0.48198814630629905,0.019165317758170326,0.007593582544495298
600.0,10,rectifying_volume_9,tray,174.20719743361073,223.10216923956182,31.639613960963306,12.278611591575185,5144.463980970357,7689.871249142572,0.31279346386321766,0.5032786875395561,0.6548869626821148,0.4837906926566513,0.03231957345466763,0.012930619803792717
600.0,11,rectifying_volume_10,tray,175.86377518737393,223.15194876521758,31.367603237097256,12.249086769356499,5088.102963262826,7655.138448320581,0.3064886337003367,0.49900040615957525,0.63965423381716,0.4792540645542196,0.05385713248250331,0.021745529286205247
600.0,12,feed_tray,tray,178.17838506727287,223.22670027878314,45.886900745260135,11.018950589354175,12252.756912248724,7598.766598106736,0.2996369994936076,0.4961550753927737,0.6120177263857096,0.46775336482650076,0.08834527412068277,0.036091559780725514
600.0,13,stripping_volume_1,tray,181.61270214656633,223.30226435854087,45.697286651157334,10.966152498719689,12273.26270048118,7620.450633494933,0.2715287563816598,0.45943047230420114,0.6387855910140247,0.5026394547909316,0.08968565260431553,0.037930072904867336
600.0,14,stripping_volume_2,tray,185.7457119445775,223.3788562614613,45.52228159100654,10.90140978269276,12309.781929070998,7640.955033843664,0.23845917299483438,0.41384301831587705,0.6702810494552396,0.5459365585573794,0.09125977754992604,0.04022042312674353
600.0,15,stripping_volume_3,tray,190.4569077360092,223.4566992381181,45.31618400336019,10.832593546285748,12366.085710727071,7677.46914954679,0.20177061582867795,0.36013065595819715,0.7051193532635891,0.5968874808837654,0.09311003090773294,0.04298186315803731
600.0,16,stripping_volume_4,tray,195.52022236952752,223.5261651128227,53.48540934028733,12.218759567306464,12441.174447887037,7733.766172185955,0.16356270360572675,0.3005665873501461,0.7409355308088129,0.6531391600730664,0.0955017655854604,0.04629425257678753
600.0,17,stripping_volume_5,tray,200.6850364255881,223.59700229008808,53.18509006752491,12.144876236136191,12527.327297461412,7808.843321416275,0.12624013798953249,0.238727026351627,0.7744041774090493,0.7107149763932469,0.09935568460141825,0.05055799725512611
600.0,18,stripping_volume_6,tray,205.8061040848647,223.6698245921267,53.215484985160394,12.045973320992804,12606.116503251078,7894.985311136539,0.09191302090006398,0.17867180382367057,0.8008034640772806,0.7641612113645762,0.1072835150226554,0.05716698481175344
600.0,19,stripping_volume_7,tray,211.073851623951,223.74400687862732,52.77879762844754,11.977043851816797,12643.288238453599,7973.763793452183,0.06195949124910493,0.12387442844548749,0.8120835439668705,0.8060042046941006,0.12595696478402452,0.07012136686041191
600.0,20,combined_reboiler_sump,reboiler_sump,217.3858426249108,223.76920238484303,756.9738603064511,77.891861973502,,8010.924149567859,0.036934816675819056,0.07644627432883033,0.7919629173854537,0.8237834288729234,0.1711022659387274,0.09977029679824609
630.0,1,reflux_drum,reflux_drum,121.08126484620394,222.66349102709017,1808.8441172193318,108.88357742070627,,,0.8821413714855956,0.947105213013679,0.11781770605733148,0.052885334909819885,4.092245707289982e-05,9.452076501131492e-06
630.0,2,rectifying_volume_1,tray,130.42470738701215,222.7107679361616,38.00451144438644,49.84802594592021,5661.92648799899,8463.698126897994,0.7595224638040531,0.8818020832224819,0.24031415668139836,0.11815628255912898,0.0001633795145485711,4.1634218389127815e-05
630.0,3,rectifying_volume_2,tray,141.39409707239122,222.7596629491951,34.27794801786321,12.901793681645897,5440.450444367714,8173.177514492848,0.6282218098625305,0.7968161773193243,0.3713364563846308,0.20305723950090587,0.0004417337528388199,0.00012658317976986576
630.0,4,rectifying_volume_3,tray,151.7404084207208,222.8083986869841,33.34289681131148,12.681124127392199,5313.322403567105,7951.657747613488,0.515554778143713,0.7079901599827297,0.48345739541128857,0.2916936514223644,0.000987826444998511,0.00031618859490583425
630.0,5,rectifying_volume_4,tray,159.81898755081272,222.85741536820254,32.75797552878775,12.522580546488728,5254.509596874629,7824.488648142146,0.4343207615481775,0.6327468185530271,0.5637132209975367,0.36656783482590466,0.0019660174542858217,0.0006853466210682558
630.0,6,rectifying_volume_5,tray,165.35125379161016,222.9067611928808,32.35530020808723,12.42611577437186,5229.1328634043075,7765.645442410647,0.38202426960029984,0.5786422817610667,0.6143308452946621,0.4200121513389512,0.0036448851050382507,0.0013455668999820597
630.0,7,rectifying_volume_6,tray,168.8923960859878,222.9564535267763,32.13664488291197,12.365722110232893,5214.913734494283,7740.2479558234545,0.350399860886604,0.543765501053078,0.6431207890676849,0.45375576599706247,0.0064793500457112204,0.0024787329498595703
630.0,8,rectifying_volume_7,tray,171.16543327292013,223.0063891718085,31.99472047776634,12.327347238531608,5200.498856319917,7726.013836144276,0.33169875459770404,0.5227032472748738,0.6570675525404492,0.47290548144919936,0.011233692861846816,0.004391271275926793
630.0,9,rectifying_volume_8,tray,172.77970164319717,223.05640753567826,31.842952416657717,12.30145708618672,5179.123092826724,7711.5861720519615,0.32037473544076445,0.5104036591778238,0.6604551965620206,0.48200070090827457,0.019170067997215004,0.007595639913901565
630.0,10,rectifying_volume_9,tray,174.21021410117817,223.10635994445204,31.639271122843162,12.278851616605477,5144.391428399082,7690.197434529258,0.31278435372206986,0.5032663806063203,0.6548904482388677,0.4838004776354044,0.032325198039062523,0.012933141758275275
630.0,11,rectifying_volume_10,tray,175.8666738503219,223.1561409203121,31.367254691917303,12.249329866655934,5088.024471286974,7655.4516246149615,0.30648070475201855,0.4989893441930773,0.6396567539049471,0.4792625117960322,0.05386254134303427,0.02174814401089045
630.0,12,feed_tray,tray,178.1810677417041,223.2308940676588,45.88670707039463,11.019156165378535,12252.747338201885,7599.070220927189,0.2996301328961726,0.4961446282915262,0.6120221566148257,0.4677621480983914,0.08834771048900171,0.03609322361008243
630.0,13,stripping_volume_1,tray,181.61594051425342,223.30646033415732,45.697054830489996,10.966349898555814,12273.251682186294,7620.817898293252,0.27151758938213405,0.45941383632041793,0.6387940590469645,0.5026540521882337,0.08968835157090138,0.03793211149134849
630.0,14,stripping_volume_2,tray,185.74939893896206,223.38305449060235,45.52202421703155,10.901601239100463,12309.772513565786,7641.315411299626,0.2384448132530262,0.41382100627529417,0.6702924851224425,0.5459561766058861,0.09126270162453134,0.04022281711881967
630.0,15,stripping_volume_3,tray,190.46084806582365,223.46089978092425,45.31591507500325,10.832782740446008,12366.078674407987,7677.825578507846,0.20175479985419972,0.36010520698554627,0.7051320467452686,0.596910235294871,0.09311315340053163,0.042984557719582886
630.0,16,stripping_volume_4,tray,195.5241649907265,223.53036744502447,53.4850696816,12.218977107542598,12441.165053581148,7734.119405581578,0.16354746291808675,0.30054063126206104,0.7409474085923312,0.6531621792193165,0.09550512848958194,0.04629718951862244
630.0,17,stripping_volume_5,tray,200.6887511809229,223.6012063395651,53.18475091911475,12.145099931486696,12527.309064145464,7809.188111855011,0.12622722253165528,0.23870371816129685,0.7744133085386242,0.7107350929269567,0.09935946892972057,0.05056118891174661
630.0,18,stripping_volume_6,tray,205.80943163135217,223.6740302009069,53.21514029408006,12.046204417922132,12606.080893479211,7895.315319988699,0.09190362246988412,0.178653864256656,0.8008082908374418,0.7641755497759922,0.10728808669267409,0.05717058596735167
630.0,19,stripping_volume_7,tray,211.07673049848293,223.74821380326676,52.778439775107906,11.977283237230147,12643.227610332404,7974.0706553116315,0.06195411533912753,0.12386354962654149,0.8120831164098928,0.8060107842628292,0.12596276825097966,0.0701256661106294
630.0,20,combined_reboiler_sump,reboiler_sump,217.38827057157226,223.7734105734833,756.9674443393769,77.8935589547022,,8011.200363043125,0.03693337905281084,0.07644300671269308,0.7919574321700933,0.8237816333690293,0.17110918877709594,0.09977535991827767
660.0,1,reflux_drum,reflux_drum,121.08281947594091,222.6669431963552,1812.4691093342658,108.6168603219963,,,0.8821375546674478,0.9471030177417966,0.11782149991303047,0.05288752474068375,4.0945419521633275e-05,9.457517519626082e-06
660.0,2,rectifying_volume_1,tray,130.42854230835047,222.71422268544927,38.004094455683976,49.84862526476113,5661.865187024107,8464.145247405568,0.7594907642737428,0.8817829147627788,0.24034573246028582,0.11817541790575105,0.0001635032659714113,4.166733147013794e-05
660.0,3,rectifying_volume_2,tray,141.3997029745287,222.76312001928855,34.27744036955167,12.901913886249096,5440.3789896882045,8173.541462419579,0.6281733874635733,0.7967803857024746,0.3713845568568962,0.20309293178100488,0.00044205567953038835,0.00012668251652055916
660.0,4,rectifying_volume_3,tray,151.7464900841135,222.81185810407237,33.342414837079794,12.681241874125453,5313.266849252648,7952.00604702114,0.5155059303378523,0.7079466184799839,0.48350560086886674,0.2917369684649114,0.000988468793280837,0.0003164130551047559
660.0,5,rectifying_volume_4,tray,159.82451180716834,222.86087716941438,32.75756623851491,12.522716365742173,5254.467500125709,7824.847593843697,0.43428082810080176,0.632705795755568,0.5637520480261957,0.36660843615830213,0.0019671238730023686,0.0006857680861299146
660.0,6,rectifying_volume_5,tray,165.35587960149735,222.91022532446064,32.35495187332903,12.426272784969695,5229.093876220894,7766.013049718554,0.3819947918019305,0.5786089347891453,0.6143585795065254,0.4200447986898968,0.003646628691544155,0.0013462665209579097
660.0,7,rectifying_volume_6,tray,168.89623205253318,222.95991985875966,32.136329284963075,12.365895711102075,5214.87025421884,7740.614296288624,0.35037877084323726,0.5437400902699547,0.6431392959242006,0.453780108005883,0.0064819332325620465,0.0024798017241623
660.0,8,rectifying_volume_7,tray,171.1687256810614,223.00985754397664,31.9944131147353,12.327531853378165,5200.446936519368,7726.3716181105965,0.3316833587344504,0.5226839327172703,0.6570793266345316,0.4729232652427949,0.011237314631018023,0.004392802039934775
660.0,9,rectifying_volume_8,tray,172.7826752787966,223.0598777868484,31.84263735280364,12.301648378927975,5179.061232052115,7711.931657324533,0.3203628432218442,0.5103883710002055,0.660462335139805,0.4820139359889997,0.019174821638350808,0.007597693010794879
660.0,10,rectifying_volume_9,tray,174.21301719208617,223.109831924749,31.63894258642891,12.279046927918104,5144.3201715462465,7690.52925133441,0.31277449417975356,0.503253494404158,0.6548946735886327,0.483810848737373,0.03233083223161361,0.012935656858468933
660.0,11,rectifying_volume_10,tray,175.869352773431,223.15961449822268,31.366920456208415,12.249528496117431,5087.94721908915,7655.770391260439,0.306472083874151,0.49897776672836763,0.6396599382911917,0.47927148247275536,0.05386797783465712,0.02175075079887702
660.0,12,feed_tray,tray,178.1835274606009,223.23436939492984,45.886506894969465,11.019324192782216,12252.726338477267,7599.379368603751,0.2996226108755094,0.4961337081086059,0.6120271722364828,0.46777140821726376,0.08835021688800782,0.03609488367413039
660.0,13,stripping_volume_1,tray,181.6189800894409,223.30993788399073,45.69681533543118,10.966509535082697,12273.22939622347,7621.178003054702,0.271505579031887,0.45939642841307365,0.638803292045799,0.5026694109955339,0.08969112892231418,0.03793416059139253
660.0,14,stripping_volume_2,tray,185.75290928565235,223.38653433699878,45.52175838474526,10.901754817647596,12309.752104637673,7641.668768339309,0.23842945094818083,0.4137979181622863,0.6703048386010965,0.5459768459437625,0.09126571045072268,0.040225235893951196
660.0,15,stripping_volume_3,tray,190.46462736285284,223.4643819916625,45.31563746966009,10.83293408159883,12366.06095936609,7678.175243659281,0.20173788536667234,0.3600784240672859,0.7051457506897288,0.5969342869652992,0.09311636394359885,0.04298728896741491
660.0,16,stripping_volume_4,tray,195.5279516683267,223.53385148474862,53.48472202586747,12.219151861425997,12441.14517752057,7734.466172649624,0.16353111606819642,0.3005131873322316,0.7409603041300554,0.6531866422534929,0.09550857980174805,0.04630017041427547
660.0,17,stripping_volume_5,tray,200.6923028459918,223.60469213860188,53.18440455177434,12.145281249884652,12527.280283200558,7809.526615373689,0.12621328639742802,0.2386789135772288,0.7744233725581283,0.710756660188942,0.09936334104444368,0.05056442623382908
660.0,18,stripping_volume_6,tray,205.8125781807952,223.6775175998433,53.214789142285994,12.046393815643434,12606.034311631833,7895.638958695825,0.09189336486241141,0.17863457043154576,0.8008138846257069,0.7641911983291623,0.10729275051188171,0.057174231239292043
660.0,19,stripping_volume_7,tray,211.07940401188907,223.7517025530568,52.778076034636584,11.977481524538215,12643.155215993502,7974.370705765653,0.06194808752525219,0.12385157784730384,0.8120832221737465,0.8060184085760851,0.12596869030100133,0.07013001357661111
660.0,20,combined_reboiler_sump,reboiler_sump,217.39046915767707,223.77690063788032,756.9615797412139,77.89496336789892,,8011.468955060856,0.0369315110098829,0.07643897518830295,0.7919521595992407,0.8237805161373609,0.17111632939087634,0.09978050867433605
690.0,1,reflux_drum,reflux_drum,121.08416623685697,222.66967165503198,1815.9959687578782,108.35706269209517,,,0.8821329202754318,0.9471004968748437,0.11782611088350088,0.05289004007764905,4.0968841067397624e-05,9.463047507288695e-06
690.0,2,rectifying_volume_1,tray,130.43222700256297,222.7169538647901,38.00368544056596,49.84903400526599,5661.802909227821,8464.596680799708,0.7594574856093684,0.8817629726209866,0.24037888637572208,0.11819532671905354,0.00016362801490933567,4.17006599599356e-05
690.0,3,rectifying_volume_2,tray,141.40520424909442,222.76585366083316,34.27693670520055,12.9019843040492,5440.30680854955,8173.908666274396,0.6281229194557514,0.7967433498170393,0.3714347011294435,0.2031298678331661,0.00044237941480505707,0.00012678234979452967
690.0,4,rectifying_volume_3,tray,151.75247832463668,222.8145942387263,33.34193804287595,12.681310644495872,5313.211399476983,7952.357850003921,0.5154550253596135,0.7079015796517332,0.48355586095339653,0.2917817819724093,0.0009891136869897815,0.0003166383758576142
690.0,5,rectifying_volume_4,tray,159.82992411908418,222.86361583951114,32.7571648112468,12.522804333963872,5254.426200330501,7825.21087147669,0.434239107744433,0.6326633143499534,0.5637926591417476,0.36665049506949937,0.001968233113819293,0.0006861905805472515
690.0,6,rectifying_volume_5,tray,165.3603637654412,222.91296647867557,32.35461389634366,12.426382936831194,5229.056056347394,7766.38567649903,0.38196385769898406,0.5785743369987875,0.6143877675308247,0.42007869617616284,0.003648374770191337,0.001346966825049683
690.0,7,rectifying_volume_6,tray,168.89989862390647,222.9626633670412,32.13602587936279,12.366023205013239,5214.828089325659,7740.986019499912,0.35035650360168225,0.5437136658264368,0.6431589782777156,0.45380546407244726,0.006484518120602251,0.002480870101115992
690.0,8,rectifying_volume_7,tray,171.1718274608234,223.01260324478034,31.994119148450537,12.327670890569534,5200.396371794432,7726.734922531364,0.3316669882051455,0.5226638017098493,0.6570920743688095,0.4729418677899932,0.011240937426045162,0.00439433050015751
690.0,9,rectifying_volume_8,tray,172.78544350372397,223.06262551732297,31.842336399070867,12.301794462131173,5179.000720277771,7712.28269598723,0.3203501129533726,0.5103724090134579,0.6604703098126363,0.4820278498026827,0.01917957723399107,0.007599741183859368
690.0,10,rectifying_volume_9,tray,174.21560508466106,223.11258153336183,31.638628498394958,12.27919730490441,5144.2502346809615,7690.866606899282,0.31276388561765517,0.5032400308094397,0.6548996400401947,0.48382180488675214,0.03233647434215013,0.012938164303808132
690.0,11,rectifying_volume_10,tray,175.87181035867727,223.16236585183432,31.366600677263108,12.249682436882892,5087.871232270071,7656.094659503066,0.30646277120827775,0.4989656753964455,0.6396637883911237,0.47928097578093326,0.0538734404005985,0.021753348822621237
690.0,12,feed_tray,tray,178.18576268630255,223.23712261329806,45.88630025122125,11.019454485123418,12252.693875567864,7599.693955165885,0.2996144333350062,0.49612231639134946,0.6120327738400355,0.467781144146158,0.08835279282495836,0.036096539462492624
690.0,13,stripping_volume_1,tray,181.62181924978722,223.31269336012397,45.69656820547362,10.966631223668536,12273.195805903191,7621.530800567469,0.2714927258988129,0.4593782509508967,0.638813289981264,0.5026855294143979,0.08969398411992315,0.037936219634705205
690.0,14,stripping_volume_2,tray,185.75624129805024,223.3892921521181,45.5214841386236,10.901870335250967,12309.720665815148,7642.014960511089,0.23841308711724474,0.4137737569564267,0.6703181094371976,0.545998564218617,0.09126880344555777,0.04022767882495623
690.0,15,stripping_volume_3,tray,190.46824390842596,223.46714222118996,45.31535123448374,10.83304738760818,12366.03252909088,7678.518002777456,0.2017198735911044,0.36005031042812363,0.7051604645058783,0.5969596333502794,0.09311966190301724,0.04299005622159696
690.0,16,stripping_volume_4,tray,195.53158069039324,223.53661358237636,53.48436644297962,12.219283622139049,12441.114783996436,7734.806333162208,0.16351366414940546,0.30048425853361505,0.740974217044912,0.6532125469398912,0.09551211880568253,0.04630319452649384
690.0,17,stripping_volume_5,tray,200.69568974594083,223.60745603712778,53.18405103743981,12.145419984115566,12527.240920816163,7809.858694801821,0.12619833029669072,0.23865261484110384,0.774434369638498,0.7107796767681483,0.09936730006481131,0.05056770839074784
690.0,18,stripping_volume_6,tray,205.8155421111594,223.68028313845087,53.21443160591366,12.04654130699923,12605.976727541123,7895.9560942157195,0.09188224824034863,0.17861392346375576,0.8008202464780525,0.7642081569231736,0.10729750528159887,0.057177919613070685
690.0,19,stripping_volume_7,tray,211.08187059142375,223.7544694771502,52.777706490870855,11.977638506138344,12643.071030810235,7974.663817597121,0.06194140736747582,0.12383851287585965,0.8120838634119316,0.8060270792132586,0.1259747292205924,0.07013440791088184
690.0,20,combined_reboiler_sump,reboiler_sump,217.39243684849075,223.7796689269088,756.9562678745397,77.89607395105168,,8011.729806063605,0.036929211541394946,0.07643417814205013,0.7919471029164414,0.823780080568744,0.1711236855421636,0.09978574128920584
720.0,1,reflux_drum,reflux_drum,121.08530397322455,222.67167297485304,1819.4224287377156,108.10435442668977,,,0.882127466881619,0.9470976500525458,0.11783154040350256,0.05289288128269279,4.099271487836674e-05,9.468664761374753e-06
720.0,2,rectifying_volume_1,tray,130.435759753577,222.71895804553313,38.003284561010794,49.849251366384664,5661.739672179887,8465.052290682637,0.7594226331013371,0.881742260485872,0.2404136131739894,0.11821600532032607,0.00016375372467357052,4.1734193801901404e-05
720.0,3,rectifying_volume_2,tray,141.41059873134395,222.76786044488128,34.27643720673039,12.902004738484564,5440.233923336415,8174.279014112368,0.6280704153914952,0.7967050772908569,0.37148687974591044,0.20316804005947134,0.0004427048625943414,0.00012688264967180852
720.0,4,rectifying_volume_3,tray,151.7583708318493,222.81660366170917,33.34146660725933,12.681330245917266,5313.156073889328,7952.713051339261,0.5154020731564262,0.7078550530340626,0.48360816591146677,0.29182808247683106,0.000989760932106941,0.0003168644891063302
720.0,5,rectifying_volume_4,tray,159.83522228923223,222.86562794896855,32.75677140890631,12.522844256105888,5254.385714141266,7825.578374990208,0.434195608410912,0.6326193833263831,0.5638350467503633,0.36669400269884617,0.0019693448387247286,0.0006866139747708455
720.0,6,rectifying_volume_5,tray,165.36470429545358,222.91498122573344,32.3542864244537,12.426446030606462,5229.019419784205,7766.763215495522,0.3819314726991462,0.5785384955174206,0.6144184044968537,0.4201138368884099,0.0036501228040001503,0.0013476675941693258
720.0,7,rectifying_volume_6,tray,168.90339400109067,222.96468062159843,32.13573480592375,12.366104389040103,5214.787257115975,7741.363019221924,0.350333062506009,0.5436862328801474,0.643179833583222,0.45383182937619526,0.006487103910769053,0.002481937743657299
720.0,8,rectifying_volume_7,tray,171.17473694180742,223.01462284401126,31.99383871756738,12.327764144857909,5200.347181818873,7727.1036460504165,0.33164964495721283,0.522642857893811,0.6571057949169283,0.4729612859366157,0.011244560125858923,0.0043958561695731325
720.0,9,rectifying_volume_8,tray,172.78800471894655,223.0646472967519,31.84204969698965,12.301895129282785,5178.9415799553435,7712.639188585917,0.3203365457448313,0.5103557758746011,0.6604791209363082,0.4820424403494776,0.01918433331886039,0.00760178377592132
720.0,10,rectifying_volume_9,tray,174.2179762139513,223.1146053398396,31.638329004202777,12.279302540477804,5144.181642816815,7691.209406058008,0.3127525286848475,0.5032259919194171,0.6549053486580819,0.48383334479377244,0.03234212265707068,0.012940663286810615
720.0,11,rectifying_volume_10,tray,175.87404506735066,223.1643915506302,31.366295501307533,12.249791481510394,5087.796537269742,7656.4243382454315,0.3064527671389793,0.4989530720218853,0.6396683054063407,0.47929099073073284,0.05387892745468009,0.021755937247381826
720.0,12,feed_tray,tray,178.18777194254022,223.23915029203087,45.88608717598723,11.01954686723858,12252.649916742994,7600.013892454201,0.29960560040302264,0.49611045486134114,0.612038961823296,0.4677913546792078,0.08835543777368136,0.03609819045945109
720.0,13,stripping_volume_1,tray,181.6244564254086,223.31472333119652,45.696313485312665,10.966714791042024,12273.150879346527,7621.876145442233,0.2714790308457716,0.4593593065838529,0.6388240525655956,0.5027024053758015,0.08969691658863273,0.03793828804034562
720.0,14,stripping_volume_2,tray,185.75939333392444,223.39132450397432,45.52120152880241,10.901947620232255,12309.67816543,7642.353845307907,0.2383957231510183,0.4137485260253357,0.6703322968616302,0.5460213287058971,0.09127197998735145,0.04023014526876724
720.0,15,stripping_volume_3,tray,190.47169602259243,223.46917703689928,45.315056422529295,10.833122487732535,12365.993351852256,7678.853715647923,0.20170076614185584,0.36002086976965597,0.7051761872530417,0.5969862714483389,0.0931230466051025,0.04299285878200512
720.0,16,stripping_volume_4,tray,195.53505038193552,223.5386503048176,53.48400300917164,12.219372195722787,12441.073842119116,7735.139748960434,0.1634951086474813,0.3004538483671113,0.7409891466066811,0.6532398905374808,0.09551574474583763,0.04630626109540782
720.0,17,stripping_volume_5,tray,200.6989102455934,223.60949460159517,53.183690454292886,12.145515939656764,12527.19094813073,7810.184215170679,0.12618235530060906,0.23862482472175026,0.7744462996266176,0.7108041407488724,0.09937134507277327,0.050571034529377265
720.0,18,stripping_volume_6,tray,205.8183218468829,223.68232338276405,53.214067767235115,12.046646697257097,12605.908116239563,7896.266595925066,0.09187027306888633,0.17859192494187315,0.8008273771619239,0.7642264250035267,0.10730234976918984,0.05718165005460022
720.0,19,stripping_volume_7,tray,211.0841287203753,223.7565111412194,52.77733123359441,11.977753986602306,12642.975035708692,7974.949866345009,0.061934074653039475,0.12382435485801192,0.8120850420811588,0.8060367973901466,0.12598088326580167,0.07013884775184155
720.0,20,combined_reboiler_sump,reboiler_sump,217.3941721758877,223.78171200595452,756.9515091031271,77.89688960352362,,8011.982799705471,0.03692647978904256,0.07642861421961306,0.7919422652513185,0.8237803298031348,0.171131254959639,0.0997910559772522
750.0,1,reflux_drum,reflux_drum,121.08623160102893,222.6729439547896,1822.7462513431421,107.8589032224838,,,0.8821211931973773,0.9470944769615843,0.11783778976851537,0.05289604867083519,4.101703410735377e-05,9.47436758041411e-06
750.0,2,rectifying_volume_1,tray,130.4391388929188,222.72023202620758,38.00289197716492,49.84927660747389,5661.675494125898,8465.511936291674,0.7593862125029698,0.8817207822702403,0.24044990713891706,0.11823744980692873,0.0001638803581131916,4.1767922831070913e-05
750.0,3,rectifying_volume_2,tray,141.41588428315512,222.7691371696103,34.275942056459975,12.90197500886701,5440.160357241783,8174.65239059815,0.628015885513339,0.7966655761718759,0.3715410825611634,0.20320744044228206,0.00044303192549757043,0.0001269833858419581
750.0,4,rectifying_volume_3,tray,151.76416531395958,222.81788317085417,33.34100070928657,12.681300501483605,5313.100892774566,7953.071542645491,0.5153470844130508,0.7078070487029757,0.48366250525496396,0.29187585997113674,0.0009904103319852194,0.00031709132588749465
750.0,5,rectifying_volume_4,tray,159.84040414336113,222.86691029527634,32.75638619328772,12.522835952420781,5254.346058686931,7825.949995080885,0.4341503386917579,0.632574012221034,0.5638792026028762,0.3667389496413484,0.0019704587053659454,0.0006870381376176744
750.0,6,rectifying_volume_5,tray,165.3688992365919,222.916266362801,32.35396960419564,12.426461881873434,5228.983982961672,7767.145556102192,0.38189764275431554,0.5785014179512957,0.6144504849962629,0.4201502134410034,0.003651872249421552,0.0013483686077009705
750.0,7,rectifying_volume_6,tray,168.90671642816466,222.9659684193138,32.13545620324012,12.3661390748854,5214.74777536302,7741.745185874082,0.3503084513405673,0.5436577969813663,0.6432018588649564,0.4538591987074832,0.006489689794476255,0.0024830043111504847
750.0,8,rectifying_volume_7,tray,171.1774525046539,223.0159131383137,31.99357195932187,12.327811425405967,5200.299386824779,7727.477682066722,0.3316313313001327,0.5226211052274826,0.6571204871039273,0.47298151621612194,0.011248181595940035,0.004397378556395244
750.0,9,rectifying_volume_8,tray,172.79035738208253,223.06593992158776,31.84177738664709,12.30195018812343,5178.883834198299,7713.001032565354,0.32032214301347656,0.5103384745009487,0.6604887685773745,0.48205770537528697,0.019189088409148944,0.007603820123764472
750.0,10,rectifying_volume_9,tray,174.22012907543004,223.11590014048596,31.638044247968157,12.279362441686484,5144.114421736744,7691.5575506997875,0.31274042430175675,0.5032113800517719,0.6549118002601713,0.4838454669553979,0.03234777543807199,0.012943152992830347
750.0,11,rectifying_volume_10,tray,175.87605542373274,223.1656883908016,31.366005073381523,12.249855436585072,5087.723161395737,7656.759333607818,0.3064420722977175,0.49893995862254675,0.6396734903226706,0.47930152614649785,0.05388443737961201,0.02175851523095535
750.0,12,feed_tray,tray,178.18955381805316,223.24044922706778,45.885867710852224,11.0196011757569,12252.594434258224,7600.339089683905,0.2995961124375043,0.4960981254151362,0.6120457363894308,0.467802038440882,0.088358151173065,0.03609983614398192
750.0,13,stripping_volume_1,tray,181.62689010246564,223.31602459250837,45.69605122500022,10.966760075804546,12273.09458969844,7622.213893868666,0.2714644950353872,0.45933959824452925,0.6388355792492187,0.5027200365387345,0.08969992571539412,0.037940365216736195
750.0,14,stripping_volume_2,tray,185.76236379899055,223.39262818722935,45.520910611232345,10.901986512827158,12309.624576832455,7642.685281914574,0.23837736079894062,0.41372222912663026,0.6703473997868592,0.5460451363069563,0.09127523941420017,0.04023263456641341
750.0,15,stripping_volume_3,tray,190.47498206768793,223.47048323281703,45.31475309291087,10.83315922313129,12365.943400918097,7679.182243831965,0.2016805650273659,0.3599901062729911,0.7051929176377212,0.5970141977987478,0.09312651733491298,0.04299569592826103
750.0,16,stripping_volume_4,tray,195.5383591084609,223.53995844560757,53.48363180717934,12.219417401648961,12441.022326043258,7735.466283716594,0.1634754514452454,0.30042196086495404,0.741005091728934,0.6532686697966661,0.09551945682582064,0.04630936933837986
750.0,17,stripping_volume_5,tray,200.70196275295834,223.6108046250738,53.18332288693025,12.145568935246327,12527.130341464906,7810.503043473502,0.12616536284638846,0.23859554651969792,0.7744591620424152,0.7108300497065392,0.0993754751111964,0.050574403773762884
750.0,18,stripping_volume_6,tray,205.82091586234702,223.683635125429,53.21369771484585,12.046709804673895,12605.828458201067,7896.570335384344,0.09185744012032075,0.17856857693312475,0.8008352771739558,0.7642460015573155,0.1073072827057236,0.05718542150955964
750.0,19,stripping_volume_7,tray,211.08617694154688,223.7578243375468,52.776950358754746,11.97782778323606,12642.867217426578,7975.228730086194,0.06192608940039703,0.12380910432262646,0.8120867599407122,0.8060475639547778,0.12598715065889066,0.07014333172259576
750.0,20,combined_reboiler_sump,reboiler_sump,217.39567374197225,223.78302666700185,756.947303126042,77.8974093605179,,8012.227822642035,0.03692331504433831,0.07642228232940453,0.7919376496215526,0.8237812667277715,0.17113903533410918,0.09979645094282401
780.0,1,reflux_drum,reflux_drum,121.08694811145797,222.67348163113172,1825.9652292452822,107.62087443906158,,,0.8821140980761861,0.947090977335984,0.11784486013192837,0.0528995425097529,4.104179188547509e-05,9.480154263087175e-06
780.0,2,rectifying_volume_1,tray,130.44236280217038,222.72077284259962,38.00250784721097,49.849109050916525,5661.610394003597,8465.975472169222,0.7593482300474238,0.8816985421188653,0.24048776207499287,0.1182596560443677,0.00016400787758335278,4.180183676687823e-05
780.0,3,rectifying_volume_2,tray,141.42105879469594,222.76968087039592,34.275451437121305,12.901894951063197,5440.086134311321,8175.028676686235,0.6279593407794224,0.7966248549437015,0.3715972987158741,0.20324806052871633,0.00044336050470337443,0.00012708452758221472
780.0,4,rectifying_volume_3,tray,151.76985949941042,222.81842980113396,33.34054052852316,12.681221250636678,5313.045877093123,7953.4332120406,0.515290070576626,0.707757577292623,0.4837188677361688,0.29192510389109033,0.000991061687205276,0.0003173188162865555
780.0,5,rectifying_volume_4,tray,159.8454675323065,222.86745991300438,32.75600932599123,12.522779259113607,5254.307251590753,7826.325618834902,0.43410330785803813,0.6325272111318189,0.5639251177751382,0.36678532593198615,0.0019715743668237877,0.0006874629361950691
780.0,6,rectifying_volume_5,tray,165.37294666951908,222.91681892406572,32.35366358118402,12.426430321777227,5228.949762740629,7767.532583995079,0.3818623743748108,0.5784631123965687,0.6144840030691857,0.4201878179610411,0.003653622556003616,0.0013490696423903398
780.0,7,rectifying_volume_6,tray,168.90986419532248,222.96652379403235,32.135190208503985,12.366127089511021,5214.70966230283,7742.132406159042,0.35028267433975496,0.5436283640796621,0.6432250507071215,0.45388756646110345,0.006492274953123467,0.0024840694592344224
780.0,8,rectifying_volume_7,tray,171.17997258436432,223.0164711612385,31.99331900933371,12.327812556410006,5200.2530075941795,7727.856920349221,0.3316120499123451,0.5225985479897746,0.657136149400074,0.47300255484636644,0.011251800687580945,0.004398897163858985
780.0,9,rectifying_volume_8,tray,172.79250001088013,223.0665004251354,31.841519606499045,12.30195946126594,5178.827506780081,7713.368121876277,0.3203069064897256,0.5103205080717889,0.6604992525088844,0.48207364237038597,0.019193841001389985,0.0076058495578252994
780.0,10,rectifying_volume_9,tray,174.2220622285065,223.1164629684045,31.637774372289933,12.279376830328724,5144.048597997758,7691.9109393826875,0.3127275736651153,0.503196197745737,0.6549189954143751,0.48385816965462214,0.0323534309205096,0.012945632599640855
780.0,11,rectifying_volume_10,tray,175.87784001855644,223.1662534052899,31.365729537189,12.249874123332248,5087.651132834511,7657.099548545842,0.30643068756817865,0.49892633741113557,0.6396793439069096,0.47931258066564686,0.05388996852491173,0.021761081923217553
780.0,12,feed_tray,tray,178.19110696998635,223.24101645105856,45.88564190227617,11.019617259617254,12252.527405546003,7600.669453060184,0.29958597003216997,0.4960853301269973,0.6120530975424378,0.46781319388334924,0.08836093242539227,0.03610147598965335
780.0,13,stripping_volume_1,tray,181.62911882641697,223.31659417605547,45.69578148007623,10.966766928947054,12273.026915316645,7622.543903394402,0.27144911993733206,0.4593191291528708,0.6388478692151329,0.5027384202856555,0.08970301084753496,0.03794245056147366
780.0,14,stripping_volume_2,tray,185.76515115005256,223.39320023322568,45.52061144781406,10.901986865700893,12309.55987857924,7643.009130986871,0.23835800217710829,0.4136948704145131,0.6703634168005802,0.5460699835427412,0.09127858102231158,0.04023514604274575
780.0,15,stripping_volume_3,tray,190.47810045140997,223.47105783963377,45.314441310935656,10.83315744737801,12365.882654741175,7679.503450426067,0.20165927265849126,0.35995802460688814,0.705210654006948,0.5970434084737407,0.09313007333456062,0.04299856691937106
780.0,16,stripping_volume_4,tray,195.541505279037,223.5405350349347,53.48325292635002,12.219419073400845,12440.9602151505,7735.7858026924605,0.16345469483071853,0.30038860059981065,0.7410220509626457,0.6532988809506421,0.09552325420663572,0.04631251844954713
780.0,17,stripping_volume_5,tray,200.70484572230626,223.61138313727645,53.18294842647033,12.145578803460904,12527.059082504875,7810.815048415013,0.12614735474496105,0.23856478407686446,0.7744729560731751,0.7108574006986415,0.09937968918186392,0.0505778152244941
780.0,18,stripping_volume_6,tray,205.82332268501676,223.68421539572694,53.213321543781674,12.046730461067227,12605.737739533142,7896.86718608329,0.09184375048077364,0.17854388199269522,0.8008439467358177,0.764266885104846,0.10731230278340871,0.05718923290245869
780.0,19,stripping_volume_7,tray,211.0880138605444,223.75840609504542,52.77656396859197,11.977859726645798,12642.747568718483,7975.5002891732365,0.061917451864271576,0.12379276218907993,0.812089018550955,0.8060593793813702,0.12599352958477333,0.07014785842954993
780.0,20,combined_reboiler_sump,reboiler_sump,217.3969402226422,223.78360993865155,756.9436492721145,77.89763237092477,,8012.4647642619675,0.036919716751227044,0.07641518164630721,0.7919332589348128,0.8237828939751138,0.17114702431396006,0.09980192437857895
810.0,1,reflux_drum,reflux_drum,121.08745257432224,222.67328328748613,1829.0771875638131,107.3904309559611,,,0.882106180516954,0.947087150957751,0.11785275250173037,0.05290336301914203,4.106698131557067e-05,9.48602310703984e-06
810.0,2,rectifying_volume_1,tray,130.4454299151918,222.72057777774464,38.002132327308786,49.84874808473578,5661.544391482571,8466.44274753488,0.7593086924671999,0.8816755444179534,0.2405271712878896,0.11828261965684145,0.00016413624491041183,4.1835925205013183e-05
810.0,3,rectifying_volume_2,tray,141.4261201857829,222.7694888297989,34.274965531767776,12.901764418186902,5440.011279436815,8175.407749047911,0.6279007928921322,0.7965829225434358,0.37165551660796425,0.20328989141283124,0.00044369049990346216,0.00012718604373301872
810.0,4,rectifying_volume_3,tray,151.77545113811567,222.81824083464213,33.340086244932934,12.681092349845915,5312.991048462911,7953.797943595143,0.5152310438849818,0.70770665001643,0.4837772413196044,0.29197580309418497,0.0009917147954138633,0.0003175468893850811
810.0,5,rectifying_volume_4,tray,159.85041033368145,222.8672740837785,32.755640968299815,12.522674028999951,5254.269310957054,7826.705129182423,0.43405452588300575,0.6324789907369492,0.5639727826456457,0.36683312102724186,0.001972691471348505,0.0006878882358089954
810.0,6,rectifying_volume_5,tray,165.37684471280602,222.91663619070664,32.35336849998026,12.426351197668525,5228.916776409258,7767.924180575329,0.3818256746456439,0.5784235874526763,0.6145189521883734,0.4202266420751207,0.0036553731659827397,0.0013497704722030051
810.0,7,rectifying_volume_6,tray,168.91283564168012,222.9663440265275,32.13493695736591,12.36606827576279,5214.672936638476,7742.524562508351,0.35025573619936895,0.5435979405323793,0.6432494052431598,0.4539169266280074,0.006494858557471228,0.0024851328396133716
810.0,8,rectifying_volume_7,tray,171.1822956734322,223.01629419320346,31.993080001447918,12.3277673777177,5200.208065462054,7728.241246490025,0.3315918038494909,0.5225751907852607,0.6571527799135777,0.4730243977248242,0.011255416236931442,0.004400411489915108
810.0,9,rectifying_volume_8,tray,172.79443118649596,223.06632608750738,31.841276493198084,12.301922786810184,5178.772622133913,7713.7403464332265,0.32029083822389326,0.5103018800317022,0.6605105722050836,0.4820902485665473,0.019198589571023147,0.0076078714017506505
810.0,10,rectifying_volume_9,tray,174.22377429982043,223.11629110344947,31.63751951807332,12.279345543566778,5143.984198928234,7692.269466786137,0.3127139782543916,0.5031804477650115,0.6549269344342477,0.4838714509581538,0.032359087311360696,0.012948101276834604
810.0,11,rectifying_volume_10,tray,175.879397512233,223.16608387373174,31.365469034921677,12.249847378231133,5087.580480646234,7657.444882301272,0.30641861409320326,0.49891221079874093,0.6396858667023524,0.47932415273579326,0.05389551920444437,0.021763636465465912
810.0,12,feed_tray,tray,178.19243012705516,223.2408492433036,45.8854098016978,11.01959498058606,12252.448813384704,7601.004885233391,0.2995751740243213,0.49607207125375274,0.6120610450811502,0.46782481928186453,0.0883637808945286,0.03610310946438276
810.0,13,stripping_volume_1,tray,181.63114120491727,223.31642936046677,45.69550431168221,10.96673521436976,12272.947839937468,7622.866032564325,0.2714329073381943,0.4592979028244265,0.6388609213709058,0.5027575537146427,0.08970617129089976,0.03794454346093076
810.0,14,stripping_volume_2,tray,185.7677538976878,223.39303791991964,45.52030410651171,10.901948544468524,12309.484054592958,7643.3252542850605,0.238337649779607,0.41366645445109357,0.670380346156275,0.5460958665430143,0.09128200406411795,0.04023767900589224
810.0,15,stripping_volume_3,tray,190.4810496293717,223.4708981346335,45.314121148212706,10.833117026979515,12365.811097113054,7679.817199695533,0.20163689186051928,0.35992462994149604,0.7052293943381784,0.5970738990654515,0.09313371380130223,0.04300147099305229
810.0,16,stripping_volume_4,tray,195.54448734883243,223.54037734956668,53.48286646273323,12.219377059059962,12440.887494200319,7736.098172368868,0.16343284150885062,0.30035377269971975,0.7410400224864458,0.6533305197012456,0.09552713600470353,0.046315707599034736
810.0,17,stripping_volume_5,tray,200.70755765678388,223.61122741448165,53.182567170635636,12.145545391297722,12526.977158454354,7811.120100039568,0.12612833319170064,0.23853254179149522,0.7744876805650508,0.7108861902507527,0.09938398624324853,0.05058126795775201
810.0,18,stripping_volume_6,tray,205.82554089822852,223.68406146949368,53.21293935559673,12.046708512390023,12605.635952134346,7897.157023078243,0.09182920555907319,0.17851784317700975,0.8008533857881388,0.7642890736875894,0.10731740865278808,0.057193083135400856
810.0,19,stripping_volume_7,tray,211.08963814884459,223.7582536891755,52.77617217172468,11.977849661305013,12642.616088529841,7975.764425865125,0.061908162541876796,0.12377532977696498,0.812091819270914,0.8060722437622935,0.12600001818720927,0.0701524264607416
810.0,20,combined_reboiler_sump,reboiler_sump,217.397970371078,223.7834590960335,756.9405467480224,77.89755787915834,,8012.693516334479,0.036915684508926294,0.07640731161588779,0.7919290959905514,0.8237852139204037,0.17115521950052243,0.09980747446370843
840.0,1,reflux_drum,reflux_drum,121.08774414138063,222.6723464646025,1832.0799857799793,107.16773302499591,,,0.8820974396678695,0.9470829976577849,0.11786146773666512,0.05290751036980752,4.109259546535167e-05,9.491972407629608e-06
840.0,2,rectifying_volume_1,tray,130.44833872008277,222.7196443717499,38.00176557150224,49.84819316519065,5661.47750698183,8466.913605914977,0.7592676070161603,0.8816517938060986,0.24056812756248616,0.11830633601629313,0.00016426542135363194,4.1870177608302364e-05
840.0,3,rectifying_volume_2,tray,141.4310664068146,222.76855858738384,34.27448452388937,12.901583281275853,5439.935818423348,8175.789479712709,0.6278402543308707,0.7965397883825589,0.3717157238599343,0.20333292371477127,0.0004440218091951677,0.00012728790266976754
840.0,4,rectifying_volume_3,tray,151.78093800230414,222.8173138104079,33.339638038940734,12.680913673273421,5312.936429202577,7954.165616951455,0.5151700173984045,0.7076542786913075,0.48383761315045476,0.29202794583549274,0.0009923694511407516,0.0003177754731998868
840.0,5,rectifying_volume_4,tray,159.85523045325584,222.86635034609134,32.755281281129086,12.522520132153954,5254.232255380678,7827.088404486828,0.43400400346717244,0.6324293623160224,0.5640221868707689,0.3668823237841202,0.001973809662058641,0.0006883138998573534
840.0,6,rectifying_volume_5,tray,165.38059152497723,222.91571570070047,32.353084503946896,12.426224373737488,5228.8850416680525,7768.320222544329,0.3817875512445521,0.5783828522377195,0.614555325241636,0.42026667689412445,0.0036571235138119808,0.0013504708681561768
840.0,7,rectifying_volume_6,tray,168.9156291578527,222.9654266543025,32.1346965837349,12.365962492993894,5214.6376175140695,7742.921532636464,0.3502276420894174,0.5435665331148699,0.6432749181436727,0.4539472727853282,0.006497439766909841,0.0024861940998019754
840.0,8,rectifying_volume_7,tray,171.1844203247421,223.01537977129033,31.992855067522473,12.32767574544394,5200.164582291997,7728.630541450631,0.3315705965540699,0.5225510385509922,0.6571703763820579,0.47304704042215967,0.011259027063872242,0.004401921026848044
840.0,9,rectifying_volume_8,tray,172.79614955653815,223.0654144454163,31.841048181388953,12.301840018954273,5178.719205334092,7714.117591653855,0.32027394059436703,0.510282594095664,0.6605227268349247,0.48210752093249576,0.01920333257070821,0.00760988497184031
840.0,10,rectifying_volume_9,tray,174.2252639862856,223.11538208201313,31.637279824342873,12.279268434536002,5143.921252615459,7692.633023253985,0.3126996398397002,0.5031641331025436,0.6549356173734218,0.4838853087123851,0.03236474278687809,0.012950558185071197
840.0,11,rectifying_volume_10,tray,175.88072663782597,223.16517733224194,31.36522370708748,12.249775053622429,5087.511234756147,7657.795229944033,0.3064058532832056,0.49889758140026896,0.639693059023137,0.4793362406101396,0.053901087693657486,0.0217661779895915
840.0,12,feed_tray,tray,178.19352209246998,223.2399451395328,45.885171465640866,11.019534213770621,12252.358646060056,7601.34528483479,0.2995637255040633,0.49605835124150366,0.6120695785919692,0.4678369127284349,0.08836669590396747,0.036104736030061355
840.0,13,stripping_volume_1,tray,181.63295591037144,223.31552768077964,45.69521978667659,10.966664809399482,12272.85735282992,7623.180140617827,0.2714158593535602,0.4592759230816292,0.6388747343386224,0.5027774336287049,0.08970940630781755,0.03794664328966595
840.0,14,stripping_volume_2,tray,185.77017060850258,223.3921387816533,45.519988661470485,10.901871428213834,12309.397094308162,7643.633514369562,0.2383163064927132,0.4136369862218859,0.6703981857610931,0.5461227810316461,0.09128550774619368,0.04024023274646803
840.0,15,stripping_volume_3,tray,190.4838281071781,223.47000165146144,45.31379268275944,10.833037841894805,12365.728717299,7680.123356763897,0.20161342588837416,0.35988992796701863,0.7052491362262001,0.5971056646682059,0.09313743788542558,0.04300440736477553
840.0,16,stripping_volume_4,tray,195.54730382117782,223.53948292261595,53.48247251916237,12.219291221892444,12440.804153456982,7736.403260120523,0.16340989461635805,0.30031748286812593,0.7410590040939603,0.653363581200002,0.0955311012896816,0.046318935931872085
840.0,17,stripping_volume_5,tray,200.7100971106039,223.61033498929638,53.18217922380988,12.145468560756445,12526.884562156129,7811.418069399486,0.12610830077974522,0.23849882463764965,0.7745033340121513,0.7109164143382731,0.0993883652081035,0.05058476102407724
840.0,18,stripping_volume_6,tray,205.82756914365336,223.68317087887885,53.21255125841149,12.046643819303197,12605.523093822983,7897.439722634595,0.09181380709747987,0.17849046406042707,0.8008635939827617,0.7643125648529749,0.10732259891975843,0.05719697108659801
840.0,19,stripping_volume_7,tray,211.09104854664716,223.75736465170021,52.775775083188115,11.977797446119212,12642.472782136872,7976.021023999626,0.06189822218014992,0.12375680881778045,0.8120951632549903,0.8060861567982338,0.1260066145648598,0.0701570343839857
840.0,20,combined_reboiler_sump,reboiler_sump,217.39876302111844,223.78257167055946,756.9379948364401,77.89718521127374,,8012.913972695805,0.03691121807504641,0.07639867195921052,0.7919251634815841,0.8237882286787307,0.17116361844336941,0.09981309936205895
870.0,1,reflux_drum,reflux_drum,121.08782204957892,222.6706689700717,1834.971519715206,106.95293811792993,,,0.8820878748308274,0.9470785173170786,0.11787100654181239,0.05291198468246488,4.111862736024476e-05,9.498000456595593e-06
870.0,2,rectifying_volume_1,tray,130.45108776093153,222.71797043148746,38.0014077316901,49.847443819351554,5661.409761707792,8467.387884588365,0.7592249814936545,0.881627295186504,0.24061062313878212,0.11833080023019948,0.00016439536756335374,4.190458329660238e-05
870.0,3,rectifying_volume_2,tray,141.43589543943472,222.7668879494076,34.27400859742067,12.90135142997494,5439.859778006318,8176.173735561247,0.6277777383874011,0.7964954623697195,0.37177790728362425,0.20337714755800895,0.0004443543289747401,0.00012739007227155656
870.0,4,rectifying_volume_3,tray,151.78631788703456,222.81564653407978,33.33919609138209,12.680685113446634,5312.882042321123,7954.536106850181,0.5151070050342941,0.7076004757644464,0.48389996952011155,0.29208151974093916,0.0009930254455944817,0.00031800449461430344
870.0,5,rectifying_volume_4,tray,159.85992582599854,222.86468650498063,32.75493042494665,12.522317456557502,5254.19610393628,7827.475318070831,0.43395175206611863,0.6323783377739138,0.5640733193572844,0.3669329224363802,0.0019749285765970023,0.0006887397897059975
870.0,6,rectifying_volume_5,tray,165.38418530626137,222.9140552584952,32.35281173514134,12.426049731642014,5228.854576624161,7768.720581424716,0.3817480124623162,0.5783409164063948,0.6145931145120715,0.420307912995487,0.00365887302561215,0.0013511705981181566
870.0,7,rectifying_volume_6,tray,168.91824318827298,222.96376948125953,32.134469219645936,12.365809617679387,5214.603724510755,7743.323189070122,0.35019839766879474,0.5435341490329328,0.6433015846026022,0.45397859808425073,0.006500017728602939,0.002487252882816391
870.0,8,rectifying_volume_7,tray,171.1863451542382,223.01372569890904,31.992644337270963,12.327537532578145,5200.122580469016,7729.024681087345,0.33154843186671906,0.522526096565271,0.6571889361625762,0.4730704781739162,0.0112626319707047,0.0044034252608127385
870.0,9,rectifying_volume_8,tray,172.7976538378741,223.06376330183446,31.840834803530385,12.301711028599868,5178.6672820826,7714.4997379965625,0.3202562163173024,0.5102626542560356,0.6605357152543017,0.4821254561675861,0.019208068428395873,0.007611889576378399
870.0,10,rectifying_volume_9,tray,174.22653005790593,223.11373370668093,31.63705542805326,12.279145372949733,5143.859787886882,7693.0014943264705,0.31268456049120885,0.5031472569871761,0.6549450440188248,0.4838997405376357,0.03237039548996646,0.012953002475188125
870.0,11,rectifying_volume_10,tray,175.88182620380041,223.16353158306384,31.364993692317512,12.249657018313286,5087.443425931904,7658.150481908686,0.30639240682604346,0.49888245204172965,0.6397009209473785,0.47934884234115915,0.0539066722265781,0.02176870561711114
870.0,12,feed_tray,tray,178.19438174665078,223.23830194155164,45.88492695580206,11.01943484813038,12252.256897508867,7601.690546019905,0.2995516258248489,0.4960441727340945,0.6120786974403852,0.4678494721238427,0.0883696767347658,0.03610635514206282
870.0,13,stripping_volume_1,tray,181.63456168218232,223.3138869380825,45.69492797773964,10.966555605306086,12272.755448932978,7623.4860871967885,0.2713979784421832,0.4592531940679452,0.6388893064429061,0.5027980565223983,0.08971271511491083,0.03794874940965663
870.0,14,stripping_volume_2,tray,185.77239990699462,223.39050061879374,45.51966519312569,10.901755410009033,12309.298992798165,7643.933774290199,0.2382939756117862,0.41360647115518123,0.6704169331612267,0.546150722308265,0.0912890912269871,0.04024280653655383
870.0,15,stripping_volume_3,tray,190.4864344420592,223.4683661897599,45.313455999106836,10.832919786054296,12365.635510156455,7680.421787284536,0.20158887844481874,0.3598539249169766,0.7052698768672453,0.5971386998564833,0.09314124468793586,0.043007375226540114
870.0,16,stripping_volume_4,tray,195.5499532491838,223.53784955317175,53.48207120533436,12.219161440936016,12440.710188797191,7736.700933881092,0.1633858577394674,0.30027973740868436,0.7410789931784431,0.6533980600246885,0.09553514908208961,0.04632220256662725
870.0,17,stripping_volume_5,tray,200.71246269084304,223.60870366028462,53.1817846970983,12.145348189419456,12526.781292198923,7811.708828200436,0.12608726051578475,0.2384636381889891,0.7745199145433613,0.7109480683641479,0.09939282494085391,0.050588293446862956
870.0,18,stripping_volume_6,tray,205.82940612344996,223.68154142197136,53.212157366948475,12.046536257746407,12605.399168446676,7897.715161882122,0.09179755718418159,0.17846174875520807,0.8008745706734026,0.7643373556361465,0.10732787214241585,0.057200895608645476
870.0,19,stripping_volume_7,tray,211.09224386552393,223.75573678030798,52.77537282446276,11.97770295498631,12642.317661273548,7976.2699686266,0.061887631783994417,0.12373720146859514,0.8120990514488046,0.8061011177865777,0.12601331676720104,0.07016168074482722
870.0,20,combined_reboiler_sump,reboiler_sump,217.39931709052817,223.78094545954164,756.9359930441003,77.89651376539567,,8013.126028889837,0.036906317369052144,0.07638926267836671,0.7919214639954089,0.8237919401014882,0.17117221863553903,0.09981879722014507
900.0,1,reflux_drum,reflux_drum,121.08768562419701,222.66824888789228,1837.7497235743906,106.74620076960998,,,0.8820774854664576,0.9470737098682224,0.11788136946356642,0.05291678602623694,4.1145069975900976e-05,9.504105540644574e-06
900.0,2,rectifying_volume_1,tray,130.4536756393534,222.7155540401568,38.0010589576147,49.846499647658796,5661.341177693241,8467.865414159567,0.7591808242706743,0.8816020537404112,0.24065464968579026,0.11835600712815304,0.00016452604353554915,4.1939131435689046e-05
900.0,3,rectifying_volume_2,tray,141.44060529689725,222.76447499837695,34.27353793677507,12.901068773216666,5439.783185871925,8176.560377929088,0.6277132592039719,0.796449954935583,0.37184205284220767,0.20342255254453032,0.00044468795382044513,0.00012749251988661582
900.0,4,rectifying_volume_3,tray,151.7915886103711,222.81323708747863,33.33876058355975,12.68040658192258,5312.827911542938,7954.909282701628,0.5150420216048351,0.7075452543428145,0.4839642958287291,0.2921365117778844,0.0009936825664357027,0.00031823387930115474
900.0,5,rectifying_volume_4,tray,159.86449441682606,222.86228064157788,32.75458855974172,12.522065908743404,5254.160876181348,7827.865737759465,0.43389778392073153,0.6323259296671618,0.5641261682325208,0.3669849045682891,0.001976047846747635,0.0006891657645491442
900.0,6,rectifying_volume_5,tray,165.38762430007912,222.91165294455413,32.35255033420538,12.425827171133077,5228.825399778358,7769.125123077778,0.38170706722503545,0.5782977901701374,0.6146323116564051,0.4203503404032817,0.003660621118559268,0.001351869426580906
900.0,7,rectifying_volume_6,tray,168.92067623326534,222.96137058723843,32.13425499510202,12.365609544029104,5214.571277626639,7743.729398644493,0.35016800910166856,0.5435007959372719,0.6433293993218,0.45401089523590643,0.006502591576531308,0.002488308826821726
900.0,8,rectifying_volume_7,tray,171.18806884334805,223.0113300553316,31.992447938081312,12.327352629589914,5200.08208287725,7729.423535643447,0.3315253140390603,0.5225003704583476,0.6572084562202454,0.47309470587034747,0.01126622974069432,0.004404923671304898
900.0,9,rectifying_volume_8,tray,172.79894281921335,223.06137073552236,31.840636489716438,12.301535703953029,5178.616878690601,7714.886660432283,0.320237668457849,0.510242064791422,0.6605495359969487,0.48214405069370725,0.019212795545202332,0.007613884514870826
900.0,10,rectifying_volume_9,tray,174.2275713603632,223.1113440557551,31.636846463919337,12.278976245698773,5143.799834294403,7693.374760225194,0.3126687425899878,0.5031298228921065,0.654955213882679,0.48391474382069843,0.03237604352733329,0.012955433287195126
900.0,11,rectifying_volume_10,tray,175.88269509655527,223.16114470408797,31.364779127200265,12.249493158175738,5087.377085767325,7658.51052347335,0.30637827669820633,0.4988668257692113,0.6397094523091896,0.4793619557727137,0.05391227099260404,0.02177121845807489
900.0,12,feed_tray,tray,178.19500804974888,223.23591772675485,45.88467633915962,11.019296786982961,12252.143567466745,7602.040557933923,0.29953887661517065,0.4960295385830903,0.612088400761467,0.4678624951682651,0.08837272262336233,0.03610796624864453
900.0,13,stripping_volume_1,tray,181.63595732872568,223.31150520902503,45.694628963497635,10.96640750781512,12272.642128993424,7623.783731981686,0.27137926742193164,0.45922972026446324,0.6389046356973047,0.5028194185661576,0.08971609688076362,0.03795086116937913
900.0,14,stripping_volume_2,tray,185.77444047707553,223.38812150723894,45.51933378832925,10.901600397431666,12309.189750899346,7644.225897228114,0.2382706608604196,0.41357491514470957,0.6704365855251939,0.5461796852268136,0.09129275361438667,0.04024539962847689
900.0,15,stripping_volume_3,tray,190.48886724412225,223.4659898246696,45.31311118841205,10.83276276787807,12365.531476243235,7680.712357078664,0.20156325370114486,0.3598166275953146,0.7052916130407892,0.5971729986592682,0.09314513325806584,0.0430103737454172
900.0,16,stripping_volume_4,tray,195.55243423697848,223.53547531579858,53.481662637898864,12.218987611585076,12440.605601806816,7736.991061762593,0.1633607349340892,0.30024054325405414,0.7410999867151544,0.6534339501521469,0.09553927835075648,0.046325506593799026
900.0,17,stripping_volume_5,tray,200.71465305890413,223.60633150146228,53.181383708382285,12.145184171030355,12526.6673530077,7811.992248423727,0.1260652158378776,0.23842698864611991,0.7745374199072812,0.7109811471332564,0.09939736425484122,0.05059186422062359
900.0,18,stripping_volume_6,tray,205.8310506021586,223.67917117229075,53.211757802565195,12.046385719505034,12605.264185979648,7897.983218434284,0.09178045826725074,0.17843170193419683,0.8008863149049731,0.7643634425391955,0.10733322682777609,0.057204855526607666
900.0,19,stripping_volume_7,tray,211.0932229908865,223.7533681481003,52.77496552348722,11.977566077353034,12642.150744242203,7976.5111456377335,0.0618763926253829,0.12371651032740476,0.8121034845842516,0.8061171256082343,0.12602012279036548,0.07016636406436086
900.0,20,combined_reboiler_sump,reboiler_sump,217.39963158415657,223.77857853567687,756.9345412018708,77.89554300627012,,8013.329581808909,0.03690098247609807,0.07637908406279448,0.7919180000152206,0.8237963497721577,0.17118101750868128,0.09982456616504778
