time_s,stage,volume,node_type,T_F,P_psia_hyd,ML_lbmol,MV_lbmol,L_out_used_lbmolph,V_out_lbmolph,x_n-Propane,y_n-Propane,x_n-Butane,y_n-Butane,x_n-Pentane,y_n-Pentane
0.25,1,reflux_drum,reflux_drum,120.79104308324662,221.48308722549007,1667.09223197189,118.72548074692445,,,0.8801248674515995,0.946242640851126,0.11983365132398183,0.053747801501633434,4.148122441879509e-05,9.557647240611532e-06
0.25,2,rectifying_volume_1,tray,130.15669495401642,221.53051351087782,38.02503852708162,49.53937567073572,5662.826215858572,8457.01739383731,0.7572213478130823,0.8807014763025222,0.24261739230176949,0.11925750542755037,0.00016125988514828618,4.1018269927461716e-05
0.25,3,rectifying_volume_2,tray,141.13192090302672,221.57956968733018,34.298354146600815,12.822361643425085,5442.724102166655,8167.808092750163,0.6259122083053436,0.7955264119279647,0.3736541670432336,0.2043495006063597,0.00043362465142282374,0.0001240874656754428
0.25,4,rectifying_volume_3,tray,151.4620866414445,221.62847535067806,33.3667775191022,12.603492719122263,5316.865252610547,7947.762690205754,0.5134943018685085,0.7066699809830331,0.4855369433352062,0.2930203128531604,0.0009687547962852574,0.00030970616380634596
0.25,5,rectifying_volume_4,tray,159.51103543631123,221.67766950429822,32.78539183217863,12.446515659020351,5258.929373403668,7821.953324973421,0.43260778166350156,0.6315586504072298,0.5654626819629873,0.36776958501791923,0.0019295363735108984,0.0006717645748508995
0.25,6,rectifying_volume_5,tray,165.01235669156662,221.72719770213735,32.38558914637951,12.351169377711273,5234.105444058464,7764.064568656009,0.3806274872472277,0.5776570600280249,0.6157892360406816,0.42102202572816827,0.003583276712090655,0.0013209142438068962
0.25,7,rectifying_volume_6,tray,168.52753232347447,221.77707546794204,32.169223705633264,12.291552091326205,5220.274489645191,7739.285493122126,0.34924412893610834,0.5429748933701477,0.6443717041365536,0.45458669900950854,0.006384166927337906,0.002438407620343627
0.25,8,rectifying_volume_7,tray,170.7805969211686,221.8271987120557,32.02914462205847,12.253718282267078,5206.186101003795,7725.495276289929,0.3307133660543256,0.5220672484630468,0.6581889109838199,0.4736021439413068,0.011097722961854347,0.004330607595646425
0.25,9,rectifying_volume_8,tray,172.3799245788412,221.87740648393387,31.878830647052887,12.228221655687596,5185.1065844118475,7711.441751411925,0.3195065613471657,0.509880696568397,0.6615008461796245,0.4826077538850874,0.018992592473209755,0.007511549546515542
0.25,10,rectifying_volume_9,tray,173.79980310108934,221.9275498604205,31.676111081285512,12.205929187526015,5150.608887783719,7690.390184967846,0.31199543637296384,0.5028236849974246,0.6558809033788503,0.4843482078355063,0.03212366024818579,0.012828107167069058
0.25,11,rectifying_volume_10,tray,175.45074723285407,221.97752285148042,31.404202039089018,12.176677862503501,5094.308806761295,7655.913691575263,0.3057406098430807,0.49860359835662,0.6405642867382332,0.47975778539501607,0.053695103418686,0.02163861624836402
0.25,12,feed_tray,tray,177.76822978435905,222.05241313263284,45.88716338501543,10.957804754476527,12238.41206567124,7599.630583540434,0.2989061616472563,0.4957993624055018,0.612744072668331,0.468175587026832,0.08834976568441269,0.03602505056766619
0.25,13,stripping_volume_1,tray,181.2195226657816,222.12798171673123,45.697040581680255,10.90496644959034,12259.174087374326,7600.826619423801,0.27066447532167714,0.4588411505318742,0.6396434643177679,0.5032877229590814,0.089692060360555,0.03787112650904451
0.25,14,stripping_volume_2,tray,185.37020435274175,222.20458604010108,45.521689456874384,10.840252101875297,12296.027959820629,7621.65235491778,0.23746594744608376,0.4129841484338411,0.6712675752426444,0.546846236311529,0.0912664773112719,0.04016961525462989
0.25,15,stripping_volume_3,tray,190.0961796789043,222.28245035006063,45.31560855601743,10.771542392604848,12352.710589885173,7658.5681759409645,0.2006820704797313,0.35900329672996517,0.7062043898496704,0.5980591259738761,0.09311353967059824,0.042937577296158755
0.25,16,stripping_volume_4,tray,195.16735352990563,222.35193413199113,53.4884246709659,12.149631626567936,12428.163151523402,7715.311873713499,0.16243967114661811,0.2992236092402806,0.7420637321906257,0.6545246657441146,0.09549659666275624,0.046251725015604706
0.25,17,stripping_volume_5,tray,200.32997584473907,222.42279509572842,53.18913722202504,12.076133632899454,12514.514342089,7790.826992178693,0.12515965874822507,0.23727398399248678,0.7755051505166821,0.7122168554079035,0.09933519073509277,0.050509160599609686
0.25,18,stripping_volume_6,tray,205.43842918025615,222.49564428396738,53.22074880317279,11.97796187761493,12593.252258574652,7877.238899897438,0.09094723378185486,0.17723933075787002,0.8018085802662035,0.7656579041154014,0.10724418595194161,0.0571027651267287
0.25,19,stripping_volume_7,tray,210.68599097824807,222.56985309930036,52.78519614106311,11.909632967785866,12630.062994991305,7956.0342566664485,0.06116064346148249,0.12258426484197502,0.8129214597904743,0.8073741374900499,0.12591789674804318,0.07004159766797508
0.25,20,combined_reboiler_sump,reboiler_sump,216.9779116208583,222.5950934661006,757.8565160950981,77.42475140110591,,7992.900757959696,0.036329869464333704,0.0753854655291866,0.792497530599982,0.8248930901172279,0.1711725999356843,0.09972144435358532
30.0,1,reflux_drum,reflux_drum,120.79467553382275,221.49882716853386,1669.8345331541443,118.53283272677486,,,0.8801551849992945,0.9462557997174479,0.11980335569536726,0.053734647397568586,4.145930533822015e-05,9.55288498362048e-06
30.0,2,rectifying_volume_1,tray,130.16162705880632,221.54625678417494,38.02453005039793,49.543360122928235,5662.756017386648,8457.953900962844,0.7572351147281535,0.8807062730289319,0.24260356448653628,0.11925269161073869,0.00016132078531032575,4.103536032938718e-05
30.0,3,rectifying_volume_2,tray,141.13790919832326,221.59531566585795,34.297747441868694,12.823370866215791,5442.617924113466,8168.626861003859,0.6259147856626364,0.7955233295792254,0.37365134824944685,0.20435250826271661,0.00043386608791686165,0.000124162158058076
30.0,4,rectifying_volume_3,tray,151.4684086397802,221.6442237833882,33.36613189539015,12.604483225353802,5316.745294788513,7948.5295770461935,0.5134947903839898,0.7066642275179353,0.4855358921019509,0.2930258728061602,0.0009693175140594928,0.00030989967590442307
30.0,5,rectifying_volume_4,tray,159.51720040449058,221.69342019512382,32.78473744641225,12.44750250281161,5258.79917693735,7822.691032686576,0.4326108655943783,0.6315549218813135,0.5654585192217969,0.36777291205290513,0.001930615183824661,0.0006721660657814956
30.0,6,rectifying_volume_5,tray,165.01826599854707,221.74295044546506,32.38492111099473,12.352157852031972,5233.962162804253,7764.778340462419,0.3806336371044733,0.5776567852574618,0.615781225178133,0.4210215705426678,0.003585137717393581,0.001321644199870464
30.0,7,rectifying_volume_6,tray,168.53330277571504,221.79283003938397,32.168525080711476,12.292541769753827,5220.115256744842,7739.974099930588,0.3492521046597285,0.5429771644226017,0.6443607399864074,0.454583213476065,0.006387155353864005,0.0024396221013333126
30.0,8,rectifying_volume_7,tray,170.78639052252427,221.84295488216569,32.0284006050763,12.254707396511021,5206.009086847412,7726.156965322357,0.3307217701286985,0.5220705315514531,0.6581760034689013,0.47359697888559965,0.011102226402400212,0.0043324895629472246
30.0,9,rectifying_volume_8,tray,172.38587186479674,221.8931640274356,31.87803283877114,12.229208530344511,5184.911083443508,7712.075317199761,0.31951435181061666,0.509883700409651,0.6614867599657503,0.4826020411610337,0.018998888223633038,0.007514258429315183
30.0,10,rectifying_volume_9,tray,173.80597018083444,221.94330856116164,31.675261141946542,12.206912729774892,5150.396255454748,7690.9951911816415,0.3120020109513368,0.5028255477617,0.6558664849404453,0.484342822297897,0.032131504108217905,0.012831629940403053
30.0,11,rectifying_volume_10,tray,175.45709080356616,221.99328251198114,31.403320360598382,12.177658421659187,5094.084950243878,7656.491568540101,0.3057458495035087,0.49860382578669626,0.6405513393455775,0.4797537612496358,0.05370281115091386,0.02164241296366794
30.0,12,feed_tray,tray,177.77449768636518,222.06817448439898,45.88683480579145,10.958632131419003,12238.453995816626,7600.187298619535,0.2989106181418754,0.49579774776952173,0.6127368963299362,0.46817492940063177,0.08835248552818839,0.036027322829846525
30.0,13,stripping_volume_1,tray,181.22590816471174,222.14374650985627,45.696686041388965,10.905790931358737,12259.205901726215,7601.636361126351,0.2706680316737491,0.45883867664946004,0.639637174502473,0.5032878257996258,0.08969479382377792,0.03787349755091406
30.0,14,stripping_volume_2,tray,185.37656326487604,222.22035412145073,45.52131926754908,10.841075281462969,12296.050509304094,7622.438372139781,0.23746977804647426,0.4129825361233166,0.6712610356598242,0.5468454413517482,0.09126918629370158,0.04017202252493525
30.0,15,stripping_volume_3,tray,190.10236999618957,222.29822154148098,45.31522960815887,10.772366259712186,12352.72294846276,7659.330753250297,0.20068723345516432,0.359004441378212,0.706196550152582,0.5980555979375535,0.09311621639225354,0.04293996068423459
30.0,16,stripping_volume_4,tray,195.17326666849874,222.3677074824202,53.48793639959252,12.150570270446211,12428.160065818134,7716.0498956676865,0.16244688401508176,0.2992292134578387,0.7420538360458379,0.6545167366537716,0.09549927993908043,0.04625404988838965
30.0,17,stripping_volume_5,tray,200.3356095801952,222.43857036526944,53.18863266422336,12.07707514392712,12514.49298941286,7791.533560450067,0.1251688286457594,0.2372845592183189,0.7754931782335024,0.7122039645104481,0.09933799312073816,0.05051147627123303
30.0,18,stripping_volume_6,tray,205.4438210290938,222.51142120084745,53.22021938033151,11.978903126664106,12593.210613416535,7877.911621368719,0.09095796314002462,0.1772546819318639,0.8017949784048222,0.7656402437110313,0.10724705845515314,0.05710507435710464
30.0,19,stripping_volume_7,tray,210.69114502813812,222.58563137608476,52.784652116905356,11.910576485750198,12630.003285857878,7956.671576985401,0.06117244004167118,0.12260374181031639,0.8129077668076297,0.8073528968780591,0.12591979315069912,0.07004336131162459
30.0,20,combined_reboiler_sump,reboiler_sump,216.9826062358216,222.6108733492231,757.8381359370305,77.43176583483653,,7993.505270600486,0.03634230367554698,0.07540838190934432,0.7924888216111229,0.8248717936674828,0.17116887471333006,0.09971982442317301
60.0,1,reflux_drum,reflux_drum,120.79792190496953,221.51327103090514,1672.4346140075409,118.34993353098825,,,0.880184195281959,0.9462684540637178,0.11977436562109442,0.0537219974520048,4.143909694652801e-05,9.548484277321726e-06
60.0,2,rectifying_volume_1,tray,130.16648760165472,221.56070447052264,38.02400741953953,49.546984811441746,5662.678132092339,8458.933985860354,0.7572435389040734,0.8807082192133439,0.24259506790425636,0.11925072539300582,0.00016139319167006466,4.105539365016602e-05
60.0,3,rectifying_volume_2,tray,141.14408288672723,221.60976653051466,34.297107555447525,12.824282928717404,5442.50316663085,8169.479888563053,0.6259094266385388,0.7955149510656035,0.3736564349522976,0.20436080279459906,0.0004341384091636113,0.00012424613979750712
60.0,4,rectifying_volume_3,tray,151.47499662350654,221.65867758651993,33.36545575982426,12.605377666444614,5316.619474460571,7949.329552265019,0.5134870629775181,0.7066518714492199,0.4855429948866647,0.2930380140788164,0.0009699421358172193,0.00031011447196357787
60.0,5,rectifying_volume_4,tray,159.52355950408614,221.7078767550245,32.784063101037376,12.448396870481163,5258.665548173617,7823.464281998479,0.4326068993057684,0.6315447639043781,0.5654613004578039,0.36778262871330025,0.0019318002364278257,0.0006726073823216651
60.0,6,rectifying_volume_5,tray,165.02424011622537,221.75740955810093,32.38424287399908,12.353057546558807,5233.816432533723,7765.5298339698165,0.3806342276300266,0.5776510824731956,0.6157786069004174,0.4210264780103288,0.0035871654695559113,0.001322439516475641
60.0,7,rectifying_volume_6,tray,168.5390182222981,221.807291470339,32.167822509849564,12.293445551767093,5219.953476359863,7740.701179589472,0.3492557713222235,0.5429751280645643,0.6443538381560066,0.4545839368797704,0.006390390521769881,0.0024409350556653243
60.0,8,rectifying_volume_7,tray,170.79204185054115,221.8574183867222,32.027655591285864,12.25561259806024,5205.828862182393,7726.856820167314,0.33072674759671966,0.522070409670317,0.6581661755085669,0.4735950797348115,0.011107076894713557,0.004334510594871431
60.0,9,rectifying_volume_8,tray,172.39162118259466,221.90762936415166,31.877234634762527,12.230112790242561,5184.711477488619,7712.746204879078,0.31951928430611565,0.50988392332206,0.6614750715787777,0.4825989254472986,0.019005644115106596,0.00751715123064135
60.0,10,rectifying_volume_9,tray,173.81190576126588,221.95777549864292,31.674410190479875,12.207814554430806,5150.17862449318,7691.6364738239445,0.31200607848367434,0.5028250264857244,0.6558540142125386,0.4843395986143914,0.03213990730378707,0.012835374899884225
60.0,11,rectifying_volume_10,tray,175.4631795841487,222.00775083911637,31.402437162738913,12.178558071859962,5093.855461438826,7657.104706505839,0.30574880662357157,0.49860191162718714,0.640540093377844,0.47975165096808237,0.05371109999858448,0.02164643740473062
60.0,12,feed_tray,tray,177.78048365324352,222.0826448784095,45.886471287347774,10.95939114673699,12238.467110515732,7600.778540968708,0.2989129706520628,0.49579414277764494,0.6127314207127799,0.4681761142221022,0.08835560863515732,0.03602974300025287
60.0,13,stripping_volume_1,tray,181.23211597964394,222.1582205841286,45.69629046343158,10.90654585040096,12259.20909952633,7602.457178168594,0.27066867754002255,0.45883298412883494,0.6396333446305197,0.5032909311845495,0.08969797782945768,0.037876084686615526
60.0,14,stripping_volume_2,tray,185.3828340292296,222.23483174601267,45.520903948069616,10.841828136082922,12296.045150759748,7623.235398981671,0.23747006047371882,0.4129765431050183,0.6712575550144112,0.5468487448211642,0.09127238451186989,0.04017471207381741
60.0,15,stripping_volume_3,tray,190.10852837308468,222.31270256126896,45.314803996032715,10.773119698990682,12352.70823769259,7660.1047862137275,0.2006885170483099,0.35900033369422973,0.7061920726488029,0.5980569848593985,0.09311941030288727,0.04294268144637169
60.0,16,stripping_volume_4,tray,195.17915664004093,222.38219088157956,53.487396549572715,12.151429682225773,12428.130038266892,7716.799951767653,0.16245027491738595,0.29922920555879234,0.7420472222407668,0.654514044566906,0.0955025028418472,0.04625674987430168
60.0,17,stripping_volume_5,tray,200.3411793459884,222.4530559026189,53.18807849878117,12.077938969126215,12514.44363691966,7792.252017679184,0.1251746068307422,0.23728978881963214,0.7754840282660341,0.7121960220166411,0.09934136490322368,0.05051418916372673
60.0,18,stripping_volume_6,tray,205.44906867652136,222.5259085866247,53.21964186357514,11.979768968111483,12593.138381637784,7878.594912748397,0.09096600781099821,0.17726554194066982,0.8017834323114613,0.7656266575341736,0.10725055987754044,0.057107800525156474
60.0,19,stripping_volume_7,tray,210.69605366325445,222.6001202882556,52.784060810997744,11.911446777498432,12629.909024816252,7957.316637173878,0.061182399044489355,0.12261999260613583,0.8128951626929347,0.8073344264885915,0.12592243826257585,0.0700455809052726
60.0,20,combined_reboiler_sump,reboiler_sump,216.9869529698162,222.62536407433998,757.8205579493493,77.43825403286444,,7994.113327393382,0.03635375800016256,0.07542951703615926,0.792480121106843,0.8248517407261822,0.17116612089299443,0.09971874223765849
90.0,1,reflux_drum,reflux_drum,120.80073892410128,221.52623626401817,1674.8585835536521,118.17917954156906,,,0.8802115635805405,0.9462804594213113,0.11974701558623577,0.0537099960830339,4.142083322361352e-05,9.544495654824776e-06
90.0,2,rectifying_volume_1,tray,130.17121929714355,221.5736739782795,38.02347648734321,49.55020351134715,5662.593350220443,8459.946076980263,0.7572464629386283,0.8807072604450356,0.24259206055612792,0.11925166135573453,0.00016147650524367047,4.1078199229793276e-05
90.0,3,rectifying_volume_2,tray,141.15037391607424,221.62273965408514,34.29644136308454,12.82508608993449,5442.381027350466,8170.356981866031,0.6258960867820885,0.7955013012978513,0.37366947402899864,0.20437436004682127,0.00043443918891272325,0.00012433865532742743
90.0,4,rectifying_volume_3,tray,151.48177998017584,221.67165410038564,33.364756380262705,12.606164492659065,5316.4891542997575,7950.153030732232,0.5134710871645892,0.7066329558513273,0.48555828989110333,0.2930566955683873,0.0009706229443073321,0.0003103485802852629
90.0,5,rectifying_volume_4,tray,159.5300446303383,221.72085649431855,32.7833761596063,12.449187244752654,5258.529980497436,7824.263848375287,0.4325958152715273,0.6315281880032196,0.5654711043127907,0.3677987276102924,0.0019330804156821428,0.0006730843864880013
90.0,6,rectifying_volume_5,tray,165.03021401381997,221.7703923229155,32.38356198190561,12.35385692547555,5233.669910189314,7766.310129457675,0.38062915617235454,0.5776399209821602,0.6157815033621888,0.4210367864649722,0.003589340465456599,0.0013232925528675458
90.0,7,rectifying_volume_6,tray,168.544615003734,221.82027701894427,32.16712393199213,12.294251892545455,5219.791000422795,7741.458129330309,0.34925500828885214,0.5429687260519792,0.6443511511803462,0.45458894040476716,0.006393840530801477,0.0024423335432535976
90.0,8,rectifying_volume_7,tray,170.7974865752563,221.87040646187188,32.0269180897318,12.256422355066139,5205.647494208815,7727.586572062304,0.33072817710636193,0.5220668169114657,0.6581595974242107,0.47359653281823477,0.011112225469427386,0.004336650270299394
90.0,9,rectifying_volume_8,tray,172.39710595168316,221.92061971092483,31.87644521645056,12.230922936311059,5184.51005759818,7713.4464918255235,0.3195212490807329,0.5098813074737331,0.66146596043874,0.4825984944838223,0.019012790480527186,0.007520198042444774
90.0,10,rectifying_volume_9,tray,173.81754021567576,221.9707678729906,31.67356806697859,12.20862320808815,5149.958495398342,7692.306461331069,0.31200754771223993,0.5028220815009294,0.6558436706160311,0.48433861594643884,0.03214878167172904,0.012839302552631878
90.0,11,rectifying_volume_10,tray,175.468941396897,222.02074501867938,31.40156271115344,12.17936540137837,5093.622982714707,7657.745869270121,0.30574940960440616,0.4985978399123607,0.6405307081245782,0.4797515135679471,0.05371988227101557,0.021650646519692354
90.0,12,feed_tray,tray,177.78611593504786,222.09564147771374,45.88607668128489,10.960072176626737,12238.450977591361,7601.39734082139,0.2989131604394797,0.495788557257863,0.6127277351149567,0.468179157290255,0.08835910444556361,0.03603228545188195
90.0,13,stripping_volume_1,tray,181.23807335990398,222.17122105977825,45.695857995624834,10.907221609522068,12259.183376578203,7603.279184892431,0.27066636195057586,0.4588240887702892,0.6396320559269014,0.5032970497212956,0.0897015821225228,0.037878861508415185
90.0,14,stripping_volume_2,tray,185.38894451472285,222.24783599315796,45.52044782693062,10.842501078162023,12296.011698533053,7624.03384732856,0.23746673850769223,0.4129661715484323,0.6712572189989633,0.5468561709854153,0.09127604249334435,0.040177657466152525
90.0,15,stripping_volume_3,tray,190.11458481343954,222.3257104501582,45.31433615540232,10.77379311203888,12352.66640037093,7660.880982024193,0.20068584870972414,0.35899094158694117,0.7061910584434091,0.5980633445944255,0.0931230928468667,0.04294571381863327
90.0,16,stripping_volume_4,tray,195.18495667578603,222.39520134339185,53.48681082886749,12.152198926624614,12428.073199739227,7717.553056670953,0.16244974802772283,0.29922350143412757,0.7420440146169166,0.6545166982855433,0.09550623735536042,0.04625980028032912
90.0,17,stripping_volume_5,tray,200.34662141269266,222.46606869771563,53.18748064824187,12.078714142932931,12514.366633329297,7792.973766074076,0.12517687682911086,0.23728953343840636,0.7754778459573418,0.712193191583224,0.0993452772135473,0.050517274978369615
90.0,18,stripping_volume_6,tray,205.4541108707515,222.53892341041126,53.219022499583424,11.980548443378671,12593.03615240468,7879.2805875188305,0.09097123602807765,0.17727172014006531,0.8017741031398804,0.7656173603185804,0.10725466083204184,0.057110919541354305
90.0,19,stripping_volume_7,tray,210.70065806075664,222.61313678742934,52.78342867808395,11.912232861261858,12629.781017527366,7957.961677695299,0.06119037894385417,0.12263278297818028,0.81288380695073,0.8073189782915343,0.12592581410541587,0.07004823873028536
90.0,20,combined_reboiler_sump,reboiler_sump,216.99089818357925,222.63838257231097,757.8040744288459,77.4441275525901,,7994.717565763141,0.03636408521713223,0.07544859962648538,0.7924715280131863,0.8248331802805657,0.17116438676968146,0.0997182200929488
120.0,1,reflux_drum,reflux_drum,120.80311731476338,221.53768416674248,1677.096978903071,118.0212524214508,,,0.8802372212237023,0.9462917862195024,0.11972137422427262,0.05369867285333067,4.14045520250846e-05,9.540927166932258e-06
120.0,2,rectifying_volume_1,tray,130.17580712597257,221.58512658709475,38.02293893637667,49.55300668056457,5662.501936535173,8460.986118635734,0.7572438905065715,0.8807034066823743,0.24259453895052832,0.1192554895920685,0.00016157054290030648,4.110372555725815e-05
120.0,3,rectifying_volume_2,tray,141.15676317064145,221.63419629938653,34.29575091030604,12.82577795304517,5442.251883598854,8171.254551060391,0.6258748111165751,0.7954824242179851,0.373690421118408,0.20439313628457675,0.0004347677650170938,0.00012443949743811425
120.0,4,rectifying_volume_3,tray,151.4887390933855,221.68311457185848,33.36403584712097,12.606841332773095,5316.354737164788,7950.996605114339,0.5134469054307991,0.7066075319945374,0.4855817361573818,0.2930818665346232,0.0009713584118191487,0.0003106014708393638
120.0,5,rectifying_volume_4,tray,159.53663790815045,221.73232064462903,32.78267864490253,12.449871226233727,5258.392899388023,7825.086418636938,0.432577633345123,0.6315052300737731,0.5654879139181053,0.3678211739610596,0.0019344527367716453,0.0006735959651670702
120.0,6,rectifying_volume_5,tray,165.03617180949772,221.78185995706957,32.382880440483255,12.354553553369797,5233.52306480004,7767.115997752667,0.3806184207641445,0.5776233153956324,0.6157899218688742,0.4210524833783106,0.0035916573669812213,0.0013242012260569853
120.0,7,rectifying_volume_6,tray,168.55007845444294,221.83174788879495,32.16643143129696,12.294958333261386,5219.628358016353,7742.241817704044,0.34924980032102526,0.5429579574636458,0.6443527032625276,0.45459822857512694,0.00639749641644725,0.002443813961227257
120.0,8,rectifying_volume_7,tray,170.8027103068882,221.88188029857406,32.02619034334672,12.25713419993968,5205.465581732559,7728.343198647838,0.3307260386722878,0.5220597454710217,0.6581563033660727,0.4736013517652851,0.011117657961639488,0.0043389027636931525
120.0,9,rectifying_volume_8,tray,172.40231131686315,221.93209624699603,31.875667036369624,12.23163650369739,5184.307496813321,7714.173271407043,0.3195202275638779,0.5098758453133926,0.6614594658601335,0.4826007645607293,0.01902030657598874,0.007523390125878008
120.0,10,rectifying_volume_9,tray,173.82285780144596,221.98224685261496,31.672737443478525,12.20933623568737,5149.736612281834,7693.00236578168,0.31200640513255534,0.5028167102209926,0.6558354946766003,0.484339888668411,0.03215810019084439,0.012843401110596253
120.0,11,rectifying_volume_10,tray,175.4743596582244,222.03222620907715,31.400699834469084,12.18007796461635,5093.388309049408,7658.412383686857,0.3057476512364388,0.49859161569469024,0.6405232186147701,0.4797533570605765,0.0537291301487911,0.02165502724473336
120.0,12,feed_tray,tray,177.7913779942959,222.10712542893992,45.88565235450746,10.960673163195635,12238.405756220249,7602.041118755848,0.29891118484112916,0.4957810050351131,0.6127258533244212,0.46818405255215095,0.0883629618344495,0.036034942412736026
120.0,13,stripping_volume_1,tray,181.2437628440586,222.18270906748532,45.69539013311511,10.907816163914537,12259.128931455938,7604.099220369853,0.27066108949956086,0.45881201386772025,0.6396333149323491,0.5033061664380465,0.08970559556808992,0.037881819694233355
120.0,14,stripping_volume_2,tray,185.39487686967672,222.25932797807616,45.51995248146606,10.84309206858974,12295.950383889658,7624.830653700679,0.23745981939557356,0.412951448520254,0.6712600313007387,0.5468677014157357,0.09128014930368775,0.04018085006401035
120.0,15,stripping_volume_3,tray,190.1205216876962,222.33720630835703,45.313827708091715,10.774384455943654,12352.59770144931,7661.656370366855,0.2006792334647637,0.3589762886559084,0.7061935131091511,0.5980746622206328,0.09312725342608512,0.042949049123458934
120.0,16,stripping_volume_4,tray,195.19064996563526,222.40669995745571,53.48618124711742,12.15287566789813,12427.989870219695,7718.306334882379,0.16244530179389322,0.2992121132564446,0.7420442250168614,0.6545246941089321,0.09551047318924534,0.04626319263462343
120.0,17,stripping_volume_5,tray,200.35192002742318,222.47756983035785,53.18684117783991,12.079398310097798,12514.262369892773,7793.696053158426,0.1251756290150005,0.2372837893004041,0.7754746514078825,0.7121954853667073,0.099349719577117,0.05052072533288853
120.0,18,stripping_volume_6,tray,205.45893302773956,222.5504267432204,53.218363447899485,11.981239182118863,12592.90440664123,7879.966030031152,0.0909736296299313,0.17727319390134158,0.8017670199449289,0.7656123830699882,0.10725935042513975,0.05711442302867008
120.0,19,stripping_volume_7,tray,210.70494499008845,222.62464193703593,52.78275794530805,11.912932343364279,12629.619840396204,7958.604235286835,0.06119635321245631,0.12264207005188485,0.8128737345744285,0.8073066019260567,0.1259299122131153,0.07005132802205845
120.0,20,combined_reboiler_sump,reboiler_sump,216.9944309227085,222.6498898975229,757.7888076044234,77.44936229185004,,7995.315677852294,0.03637325084830476,0.07546556586539539,0.7924630675411788,0.8248161716124889,0.17116368161051643,0.09971826252211571
150.0,1,reflux_drum,reflux_drum,120.80504962877761,221.54758201901095,1679.14111265009,117.87677947353797,,,0.8802611048150648,0.946302406855215,0.1196975048981777,0.05368805535879966,4.139028675759842e-05,9.537785985285808e-06
150.0,2,rectifying_volume_1,tray,130.1802365114771,221.59502955547384,38.02239650325972,49.55538642998602,5662.40419029215,8462.049859712504,0.7572358484293205,0.8806966801223375,0.2426024764991182,0.11926218796928346,0.00016167507156118646,4.113190837913831e-05
150.0,3,rectifying_volume_2,tray,141.1632308064229,221.64410370597722,34.2950383866756,12.826356567826597,5442.116151966397,8172.168852892788,0.6258456798113653,0.7954583869939509,0.3737191968557038,0.2044170645897029,0.00043512333293087453,0.00012454841634609008
150.0,4,rectifying_volume_3,tray,151.4958531987247,221.69302622238746,33.36329638696894,12.607406258559493,5316.216653120745,7951.856721270931,0.5134145973499127,0.7065756806692375,0.48561325593324006,0.29311344681741025,0.0009721467168472967,0.00031087251335228274
150.0,5,rectifying_volume_4,tray,159.54332057586205,221.7422364099191,32.78197267031934,12.450446843418522,5258.25474592048,7825.928522475198,0.43255240580954873,0.6314759553569306,0.5655116804880905,0.3678499038287786,0.0019359137023607443,0.0006741408142909205
150.0,6,rectifying_volume_5,tray,165.04209727720962,221.79177964781067,32.38220030178726,12.355145406605503,5233.3763755019945,7767.944042590958,0.3806020454719481,0.5776013056215671,0.6158038445009796,0.42107353124163116,0.003594110027072456,0.0013251631368018507
150.0,7,rectifying_volume_6,tray,168.55539408920583,221.8416712513546,32.165747108023325,12.295562814049244,5219.4660876128655,7743.04894224671,0.3492401526699119,0.5429428418371561,0.6443584993075594,0.4546117859323007,0.006401348022528796,0.0024453722305431643
150.0,8,rectifying_volume_7,tray,170.80769923225327,221.89180705349807,32.02547459472055,12.257746055094616,5205.283734711609,7729.123507352866,0.3307203287636352,0.5220492039418976,0.6581563126839125,0.47360953447434256,0.011123358552452408,0.00434126158375983
150.0,9,rectifying_volume_8,tray,172.4072232651349,221.94202611522346,31.874902539917443,12.232251411576366,5184.104482015699,7714.923470033182,0.3195162149341828,0.5098675427494455,0.6614556155582554,0.48260573937366796,0.019028169507561903,0.007526717876886619
150.0,10,rectifying_volume_9,tray,173.82784379060462,221.9921795675131,31.671920982821824,12.209951561968627,5149.51373562766,7693.721236467443,0.3120026492237779,0.5028089215390349,0.6558295174906156,0.48434342069786523,0.032167833285606524,0.012847657763099752
150.0,11,rectifying_volume_10,tray,175.4794189277101,222.04216152832734,31.39985134920059,12.180693691937702,5093.152253049651,7659.1014178687365,0.3057435350883708,0.4985832541998835,0.6405176516971484,0.4797571803095604,0.05373881321448084,0.021659565490556153
150.0,12,feed_tray,tray,177.79625457885103,222.11706383660368,45.88519981793249,10.961192365841319,12238.331728929781,7602.707139451175,0.29890705099548487,0.4957715092233088,0.6127257811168544,0.46819078532389996,0.0883671678876606,0.03603770545279106
150.0,13,stripping_volume_1,tray,181.24916777899946,222.19265169470748,45.694888540671045,10.908327791810484,12259.04608383098,7604.914075601147,0.2706528782778922,0.4587967976052448,0.6396371166996739,0.5033182524420002,0.08971000502243386,0.03788494995275496
150.0,14,stripping_volume_2,tray,185.40061364064064,222.26927477151213,45.51941967517135,10.84359939504332,12295.861554620707,7625.622706418605,0.237449326803007,0.41293242126649193,0.6712659813933237,0.5468832987817203,0.0912846918036693,0.04018427995178783
150.0,15,stripping_volume_3,tray,190.12632150790392,222.3471571902956,45.31328046694193,10.774892015280626,12352.502517240475,7662.427930297904,0.20066869425843775,0.35895642261854344,0.7061994266700782,0.5980909002425979,0.09313187907148412,0.042952677138858725
150.0,16,stripping_volume_4,tray,195.19621980453064,222.41665376654697,53.48551002180313,12.153457938971224,12427.88047892789,7719.056857276803,0.16243695226931415,0.2991950788720772,0.742047850208517,0.654538004404418,0.09551519752216887,0.046266916723504845
150.0,17,stripping_volume_5,tray,200.35705974065175,222.4875263324767,53.186162347698755,12.07998947705428,12514.131350256059,7794.41607307813,0.12517086928751575,0.23727257691410997,0.7754744519043901,0.7122028931018132,0.09935467880809414,0.050524529984076964
150.0,18,stripping_volume_6,tray,205.463521254951,222.56038560723053,53.21766705008668,11.981839165234458,12592.743747412685,7880.648576858831,0.09097318259598272,0.17726996073802168,0.8017622025904225,0.7656117385774781,0.10726461481359477,0.05711830068450029
150.0,19,stripping_volume_7,tray,210.70890240800256,222.63460275085308,52.78205100971535,11.91354317124679,12629.426207199122,7959.2418111931665,0.061200303443647595,0.12264782507496118,0.8128649757074529,0.8072973348701092,0.1259347208488996,0.07005484005492962
150.0,20,combined_reboiler_sump,reboiler_sump,216.99754193877357,222.65985305376685,757.7748656915726,77.45393743970146,,7995.90533830522,0.036381224514999665,0.07548035928250243,0.7924547645271715,0.8248007686180681,0.17116401095782888,0.0997188720994295
180.0,1,reflux_drum,reflux_drum,120.80653031647347,221.55590333733113,1680.983127597022,117.74632961821794,,,0.880283156554241,0.9463122958244353,0.119675465379698,0.05367816909723072,4.137806606084219e-05,9.535078334010981e-06
180.0,2,rectifying_volume_1,tray,130.1844933760675,221.60335637625448,38.02185097530373,49.55733659059252,5662.300445479759,8463.132855019867,0.7572223871775557,0.8806871154452942,0.24261582301442142,0.11927172188404084,0.00016178980802288896,4.116267066496122e-05
180.0,3,rectifying_volume_2,tray,141.16975629911695,221.65243534559949,34.29430612340547,12.826820447987478,5441.974288458166,8173.095992488924,0.6258088087608423,0.7954292803700762,0.3737556862926746,0.20444605451002074,0.0004355049464831682,0.00012466511990305777
180.0,4,rectifying_volume_3,tray,151.50310043334045,221.70136250340673,33.36254035986478,12.607857801710258,5316.075359475914,7952.7296798817015,0.5133742801207223,0.7065375125693392,0.48565273413154003,0.29315132645224623,0.0009729857477375781,0.0003111609784146306
180.0,5,rectifying_volume_4,tray,159.55007304309214,221.750577221868,32.78126043679005,12.450912569180941,5258.1159768093485,7826.786533901572,0.43252021781879696,0.6314404587802557,0.5655423228688712,0.36788482377756815,0.0019374593123318144,0.0006747174421763189
180.0,6,rectifying_volume_5,tray,165.04797391468222,221.80012480781767,32.381523660820505,12.355630889462333,5233.230331691725,7768.790701986754,0.38058008073885224,0.5775739571300884,0.6158232277513322,0.4210998672927839,0.0035966915098157447,0.001326175577127766
180.0,7,rectifying_volume_6,tray,168.56054768069754,221.85002050127048,32.16507307507262,12.296063689857068,5219.304737389962,7743.876030891956,0.34922609133464116,0.5429234193547868,0.6443685246292058,0.45462957683530836,0.0064053840361531925,0.0024470038099047723
180.0,8,rectifying_volume_7,tray,170.81244020040765,221.90016010431225,32.02477308265387,12.258256248563507,5205.102574757923,7729.924136896006,0.3307110604954344,0.522035217430797,0.6581596296825956,0.4736210629735841,0.01112930982197008,0.004343719595618965
180.0,9,rectifying_volume_8,tray,172.41182871767,221.9503826773482,31.874154162072227,12.232765978573738,5183.9017146332535,7715.69384876974,0.319509220261717,0.5098564192139419,0.6614544254368122,0.48261340992894114,0.0190363543014707,0.0075301708571170215
180.0,10,rectifying_volume_9,tray,173.83248456601984,222.00053936451312,31.67112133575582,12.210467506740944,5149.2906432319005,7694.459961649697,0.3119962905587786,0.5027987358554947,0.655825760536495,0.48434920543029847,0.03217794890472647,0.012852058714206813
180.0,11,rectifying_volume_10,tray,175.4841050059256,222.0505243092848,31.39902005757091,12.181210904819821,5092.915646182825,7659.809983109313,0.3057370756017269,0.49857278083428885,0.6405140258805554,0.4797629729865089,0.05374889851771771,0.02166424617920236
180.0,12,feed_tray,tray,177.80073181794685,222.12543001832884,45.88472073109321,10.961628374037746,12238.229307584186,7603.392513830374,0.29890077593797243,0.49576010222487027,0.6127275161503046,0.4681993322696773,0.08837170791172297,0.036040565505452364
180.0,13,stripping_volume_1,tray,181.2542724168508,222.20102224092744,45.69435505758885,10.908755107164614,12258.935280690232,7605.720500361793,0.2706417599640038,0.45877849306070506,0.6396434446847211,0.5033332648905979,0.08971479535127497,0.037888242048696945
180.0,14,stripping_volume_2,tray,185.40613786971466,222.27764965504267,45.518851362907455,10.844021684561524,12295.745681486305,7626.406852634692,0.23743530090572573,0.4129091572309156,0.6712750444136009,0.5469029068016287,0.09128965468067333,0.0401879359674557
180.0,15,stripping_volume_3,tray,190.1319670243372,222.3555363599332,45.312696441314806,10.775314414592792,12352.381342070623,7663.192597473168,0.20065427205908248,0.3589314153639524,0.7062087734473824,0.5981119984975788,0.09313695449353514,0.04295658613846873
180.0,16,stripping_volume_4,tray,195.2016496869434,222.42503602195512,53.484799583966485,12.153944155537467,12427.745571191086,7719.8016485079115,0.1624247332420508,0.2991724619171055,0.7420548716796854,0.6545565774389868,0.09552039507826371,0.046270960643907864
180.0,17,stripping_volume_5,tray,200.36202549676116,222.49591144350347,53.185446619103374,12.080486025949398,12513.974197551146,7795.130974209997,0.12516261923694116,0.23725594127627092,0.7754772416529597,0.7122153818314346,0.09936013911009912,0.05052867689229444
180.0,18,stripping_volume_6,tray,205.46786243639926,222.56877323118388,53.21693583696114,11.982346738801452,12592.554907307702,7881.325524601995,0.09096990125224755,0.17726203861307294,0.8017596614375364,0.7656154210392379,0.10727043731021593,0.057122540347689196
180.0,19,stripping_volume_7,tray,210.71251953564388,222.6429924484389,52.781310447095066,11.914063647369927,12629.20097698675,7959.871879235516,0.06120221958877504,0.12265003381717628,0.8128575553534477,0.807291202003918,0.1259402250577772,0.07005876417890561
180.0,20,combined_reboiler_sump,reboiler_sump,217.00022375212902,222.6682452496871,757.7623417717018,77.45783566573755,,7996.4842127748825,0.03638798019032169,0.075492931217764,0.7924466433164755,0.8247870194211414,0.17116537649320288,0.09972004936109465
210.0,1,reflux_drum,reflux_drum,120.80755579904067,221.56262813604764,1682.6160517635124,117.63040936412125,,,0.880303324560332,0.9463214298540954,0.11965530752617372,0.05366903733648181,4.136791349427637e-05,9.532809422779061e-06
210.0,2,rectifying_volume_1,tray,130.18856420215553,221.61008703785214,38.021304186468285,49.55885278169904,5662.191070898968,8464.23046979628,0.7572035813467561,0.8806747600436022,0.24263450423434715,0.1192840440337938,0.000161914418896642,4.119592260400076e-05
210.0,3,rectifying_volume_2,tray,141.176318499086,221.65917118340747,34.293556589990445,12.827168588756267,5441.826788409349,8174.031927863633,0.625764350110087,0.7953952189809494,0.3737997383710073,0.20447999174516737,0.0004359115189055386,0.0001247892738831091
210.0,4,rectifying_volume_3,tray,151.5104578937171,221.70810335754524,33.3617702555436,12.60819497100581,5315.931340537693,7953.611640664682,0.5133261090418969,0.7064931686250746,0.48570001785148764,0.293195365336231,0.0009738731066156076,0.00031146603869449703
210.0,5,rectifying_volume_4,tray,159.5568749568499,221.7573230010622,32.78054422851023,12.451267337536889,5257.977064141137,7827.656675157361,0.43248118778132644,0.631398865244419,0.565579727145187,0.3679258105826925,0.001939085073486561,0.0006753241728884104
210.0,6,rectifying_volume_5,tray,165.053785018789,221.80687533637405,32.38085265096108,12.356008850581963,5233.085432833071,7769.6522519783575,0.3805526036803319,0.5775413611688326,0.6158480022100956,0.42113140329359705,0.003599394109572467,0.0013272355375703734
210.0,7,rectifying_volume_6,tray,168.56552534302173,221.85677551753054,32.16441145327122,12.296459746647972,5219.144865156161,7744.719445635803,0.3492076632874992,0.5428997509907247,0.6443827446923874,0.4546515453004516,0.0064095920201135675,0.002448703708823655
210.0,8,rectifying_volume_7,tray,170.81692081279112,221.9069193108261,32.024088037422956,12.258663530004398,5204.922735201132,7730.741560922592,0.33069826380068873,0.5220178276503648,0.6581662434015658,0.4736359033082803,0.011135492797745356,0.004346269041354819
210.0,9,rectifying_volume_8,tray,172.41611562496283,221.95714577512283,31.87342432277451,12.233178938615252,5183.699910857718,7716.481006977675,0.3194992666425004,0.5098425077145761,0.6614558993893782,0.4826237544628406,0.019044833968121407,0.007533737822583297
210.0,10,rectifying_volume_9,tray,173.83676771985864,222.0073060683921,31.670341136621655,12.210882800602732,5149.0681306027145,7695.2152721956845,0.3119873519148167,0.5027861851038025,0.6558242354916957,0.4843572256783884,0.03218841259348771,0.012856589217809106
210.0,11,rectifying_volume_10,tray,175.48840503412728,222.0572943607495,31.398208743818977,12.181628331471801,5092.679339419426,7660.534937540575,0.3057282981902761,0.49856023119557535,0.6405123511738208,0.4797707155251055,0.053759350635903175,0.021669053279319173
210.0,12,feed_tray,tray,177.80479732006026,222.13220376595692,45.88421690568917,10.961980120515335,12238.09903884086,7604.094202787583,0.2988923867019388,0.4957468257343859,0.6127310478577712,0.4682096613777387,0.08837656544029006,0.036043512887875474
210.0,13,stripping_volume_1,tray,181.25906201310107,222.20780047879737,45.69379170152702,10.909097072746185,12258.79710198873,7606.515211633289,0.2706277799236109,0.45875716821875734,0.6396522706353498,0.5033511469561088,0.08971994944103931,0.03789168482513377
210.0,14,stripping_volume_2,tray,185.41143319241198,222.28443238225688,45.5182496950379,10.84435791654169,12295.60336406665,7627.179906845331,0.23741779849346561,0.412881744088961,0.6712871810381581,0.5469264501826542,0.0912950204683762,0.04019180572838475
210.0,15,stripping_volume_3,tray,190.1374413221531,222.36232355197617,45.31207784154004,10.775650631303735,12352.23479432031,7663.94727272522,0.20063602597528066,0.3589013630253026,0.7062215119097344,0.5981378740517368,0.09314246211498495,0.04296076292296048
210.0,16,stripping_volume_4,tray,195.2069234012171,222.4318264447337,53.484052582751275,12.154333130659996,12427.585814686929,7720.537695647558,0.16240869637482006,0.2991443519497386,0.7420652554467427,0.6545803372071165,0.09552604817843725,0.046275310843144894
210.0,17,stripping_volume_5,tray,200.36680272491475,222.50270487165307,53.1846966595432,12.080886729178085,12513.791660841369,7795.837867859249,0.1251509163154417,0.23723395208385742,0.7754830015388358,0.7122328956463069,0.09936608214572247,0.05053315226983568
210.0,18,stripping_volume_6,tray,205.47194431905632,222.57556931170458,53.21617253445212,11.98276062849139,12592.338755146831,7881.994138624121,0.09096380447329386,0.1772494662380001,0.8017593970688653,0.7656234057131025,0.10727679845784077,0.05712712804889734
210.0,19,stripping_volume_7,tray,210.7157869387373,222.64979071648492,52.78053901912771,11.91449244360004,12628.945161221698,7960.491894644603,0.06120210018312717,0.12264869694786547,0.812851493117466,0.8072882152054158,0.1259464066994069,0.0700630878467187
210.0,20,combined_reboiler_sump,reboiler_sump,217.0024707205954,222.67504616015276,757.7513134196435,77.46104324594828,,7997.049966970416,0.03639349643585599,0.07550324125606123,0.7924387276478473,0.8247749660059601,0.1711677759162967,0.09972179273797858
240.0,1,reflux_drum,reflux_drum,120.80812454050248,221.5677431872891,1684.0338528629547,117.529458831285,,,0.8803215631963797,0.9463297880344098,0.11963707695639117,0.05366068098220903,4.1359847229180714e-05,9.530983381210414e-06
240.0,2,rectifying_volume_1,tray,130.1924360971676,221.61520828421072,38.02075801253711,49.55993247836244,5662.076470030624,8465.337887564478,0.7571795300770917,0.8806596742187411,0.24265842140224092,0.11929909421962419,0.000162048520667519,4.1231561634678033e-05
240.0,3,rectifying_volume_2,tray,141.18289569413542,221.6642979379189,34.292792389559665,12.827400484208189,5441.674186063456,8174.9724773155385,0.6257124926859802,0.7953563416010755,0.3738511654898828,0.20451873789656685,0.0004363418241369951,0.00012492050235771683
240.0,4,rectifying_volume_3,tray,151.51790170251434,221.71323547857716,33.360988688247694,12.608417269225658,5315.785107021633,7954.498629253448,0.5132702778867099,0.7064428202547381,0.48575491599959136,0.29324539297496593,0.0009748061136987453,0.0003117867702959399
240.0,5,rectifying_volume_4,tray,159.5637052757351,221.76246041694344,32.77982640735218,12.451510560198958,5257.838494752224,7828.535023177889,0.43243546765936414,0.6313513298313684,0.5656237463311028,0.36797271101888157,0.0019407860095329481,0.0006759591497499116
240.0,6,rectifying_volume_5,tray,165.059513767066,221.81201787931371,32.38018943812622,12.35627859926974,5232.942187878634,7770.524812839314,0.3805197183181395,0.5775036349149849,0.6158780723118745,0.4211680253705693,0.003602209369986045,0.0013283397144457881
240.0,7,rectifying_volume_6,tray,168.57031361933778,221.86192292340746,32.16376436538377,12.296750217514681,5218.987037840303,7745.5753886053035,0.34918493665778016,0.542871918613621,0.64440110489774,0.4546776148859052,0.0064139584444797915,0.002450466500473754
240.0,8,rectifying_volume_7,tray,170.8211295157221,221.91207127493362,32.02342167471923,12.25896708666872,5204.744860654041,7731.572093959559,0.3306819855774896,0.5219970929836286,0.6581761274207191,0.47365400545624387,0.011141887001791247,0.004348901560127501
240.0,9,rectifying_volume_8,tray,172.42007306308716,221.9623019902549,31.872715420889318,12.23348945677376,5183.499801297297,7717.281388148158,0.31948639131965606,0.509825854871961,0.6614600291155777,0.48263673837612625,0.019053579564766263,0.007537406751912842
240.0,10,rectifying_volume_9,tray,173.84068215245713,222.01246624181866,31.669582997502683,12.21119660068506,5148.847010730883,7695.98374731551,0.3119758683777616,0.5027713127695497,0.6558249440561279,0.4843674536176263,0.03219918756611058,0.012861233612823994
240.0,11,rectifying_volume_10,tray,175.49230759416332,222.0624582274098,31.39742016882671,12.181945122490355,5092.444203185617,7661.272991780241,0.30571723933564177,0.4985456510802826,0.6405126289272411,0.47978037907731313,0.053770131737117,0.02167396984240431
240.0,12,feed_tray,tray,177.8084402709885,222.13737160550258,45.883690307756275,10.962246894472479,12237.941608842533,7604.809022789835,0.29888192041550676,0.4957317307383399,0.61273635734307,0.4682217319399273,0.08838172224142325,0.036046537321732776
240.0,13,stripping_volume_1,tray,181.26352292489784,222.21297291413825,45.69320067088675,10.90935301327181,12258.632265490405,7607.294903738061,0.2706109973046308,0.45873290597909677,0.6396635544871008,0.5033718277957691,0.08972544820826846,0.037895266225134054
240.0,14,stripping_volume_2,tray,185.41648393549633,222.28960943880026,45.517617020061294,10.844607435789545,12295.435335760674,7627.938660968338,0.23739689306903833,0.4128502897768976,0.6713023373699313,0.5469538345682778,0.09130076956103048,0.04019587565482465
240.0,15,stripping_volume_3,tray,190.1427279178421,222.3675052319666,45.31142708183373,10.775900008694771,12352.063621585055,7664.688832086458,0.2006140333674696,0.35886638604664095,0.7062375845388923,0.5981684211065293,0.09314838209363807,0.04296519284682976
240.0,16,stripping_volume_4,tray,195.21202512358644,222.4370114858266,53.48327188820347,12.154624089457315,12427.402004770931,7721.261958165867,0.16238891133831482,0.2991108645743519,0.7420789518856328,0.6546091832745673,0.0955321367760525,0.046279952151080724
240.0,17,stripping_volume_5,tray,200.3713774297916,222.5078930540878,53.18391534595427,12.081190764013593,12513.584620617841,7796.533838164086,0.12513581399774545,0.23720670393087517,0.7754916989165788,0.7122553554500263,0.0993724870856757,0.05053794061909851
240.0,18,stripping_volume_6,tray,205.47575559961675,222.58076027349958,53.21538006750144,11.983079954101118,12592.096301679901,7882.6516628931295,0.09095492387045384,0.17723230334858273,0.8017614000471456,0.7656356486011096,0.10728367608240064,0.05713204805030765
240.0,19,stripping_volume_7,tray,210.71869660901348,222.65498396905477,52.77973967830758,11.914828615706456,12628.659929803605,7961.099303824772,0.061199952555855176,0.12264383038418773,0.8128468029749972,0.8072883729804782,0.1259532444691476,0.07006779663533416
240.0,20,combined_reboiler_sump,reboiler_sump,217.0042791108877,222.68024218652042,757.7418429276593,77.4635501359344,,7997.600276463013,0.036397756623009626,0.07551125763211092,0.7924310405402332,0.8247646438696526,0.17117120283675724,0.09972409849823638
270.0,1,reflux_drum,reflux_drum,120.80823711666798,221.5712422719902,1685.2314913347968,117.44384789240827,,,0.8803378333925084,0.9463373519513022,0.11962081272774489,0.053653118445503196,4.135387974680871e-05,9.529603194593439e-06
270.0,2,rectifying_volume_1,tray,130.19609686190176,221.6187138658527,38.02021436541523,49.56057507587224,5661.957080627906,8466.450121728536,0.7571503573905182,0.8806419313326302,0.24268745092959,0.11931679919485848,0.00016219167989183614,4.126947251125265e-05
270.0,3,rectifying_volume_2,tray,141.18946568069293,221.66780933208787,34.29201625286212,12.827516143766974,5441.5170537949325,8175.913330057339,0.625653462293431,0.7953128113034924,0.373909743208094,0.20456213030832684,0.0004367944984749402,0.00012505838818066344
270.0,4,rectifying_volume_3,tray,151.52540708500624,221.71675256251464,33.36019839008206,12.608524709258807,5315.637195080425,7955.386547156217,0.5132070191403038,0.7063866695057179,0.48581719904752374,0.29330120833995427,0.0009757818121726594,0.0003121221543277098
270.0,5,rectifying_volume_4,tray,159.57054235200155,221.76598313891972,32.779109405885116,12.451642142411032,5257.700769213019,7829.417519067145,0.43238324315632526,0.6312980379098324,0.5656742001718816,0.36802534175101026,0.0019425566717932025,0.0006766203391571765
270.0,6,rectifying_volume_5,tray,165.06514330422294,221.8155460801497,32.379536213617946,12.356439921163771,5232.8011142588675,7771.404358228742,0.3804815557341702,0.5774609215479067,0.6159133161620371,0.42120959393459567,0.003605128103792484,0.0013294845174976456
270.0,7,rectifying_volume_6,tray,168.5748995718034,221.86545633760457,32.16313392881529,12.29693479823471,5218.8318304902405,7746.439910941024,0.34915800086256155,0.5428400250347659,0.644423530418292,0.45470768863022976,0.006418468719146504,0.002452286335004449
270.0,8,rectifying_volume_7,tray,170.82505569321887,221.91560959177502,32.02277618821992,12.259166558864138,5204.56960601933,7732.411900045489,0.3306622898023529,0.5219730885143116,0.6581892396985155,0.473675303276716,0.011148470499131676,0.0043516082089725535
270.0,9,rectifying_volume_8,tray,172.4236913290345,221.96584489558342,31.872029826693,12.233697144648897,5183.302130000283,7718.091288290468,0.31947064578295004,0.5098065209364697,0.6614667939558186,0.48265231418766646,0.019062560261231418,0.0075411648758637725
270.0,10,rectifying_volume_9,tray,173.84421816970865,222.01601343654494,31.668849500740766,12.211408505952534,5148.62811315592,7696.76182269196,0.3119618874308909,0.5027541738966149,0.6558278777852349,0.48437985074267886,0.03221023478387426,0.012865975360706265
270.0,11,rectifying_volume_10,tray,175.49580280683523,222.0660094410481,31.39665706295397,12.182160866088992,5092.211126546451,7662.02071682076,0.30570394666918493,0.4985290964804398,0.6405148516795561,0.47979192547722305,0.05378120165125895,0.021678978042337173
270.0,12,feed_tray,tray,177.81165153035028,222.14092704838365,45.88314305815461,10.962428354426352,12237.757846918006,7605.533653581021,0.2988694243837423,0.49571487750169313,0.6127434172866726,0.46823549454246555,0.08838715832958509,0.036049627955841254
270.0,13,stripping_volume_1,tray,181.26764270830046,222.2165330372253,45.692584345396824,10.909522628180383,12258.441630568193,7608.056260273333,0.27059148511238545,0.4587058041441867,0.6396772442758296,0.5033952225410959,0.0897312706117848,0.037898973314717324
270.0,14,stripping_volume_2,tray,185.42127521409242,222.29317429371423,45.516955885368375,10.844769965218072,12295.242467704893,7628.679896053552,0.23737267492448166,0.4128149224947492,0.6713204448476738,0.5469849465115153,0.0913068802278445,0.040200130993735525
270.0,15,stripping_volume_3,tray,190.14781085506505,222.37107484767571,45.310746781280855,10.776062268543589,12351.868704716357,7665.414138300076,0.2005883899347864,0.3588266292187398,0.7062569177234567,0.5982035109372159,0.09315469234175706,0.04296985984404418
270.0,16,stripping_volume_4,tray,195.21693951147887,222.44058457750342,53.48246059186146,12.154816683421831,12427.19506863992,7721.971379218296,0.16236546591937293,0.29907214153111,0.7420958955957623,0.6546429906598618,0.09553863848486477,0.046284867809028296
270.0,17,stripping_volume_5,tray,200.37573628154158,222.51146940839408,53.18310576567016,12.081397726892627,12513.354093072605,7797.215953121009,0.1251173819163777,0.2371743164668704,0.7755032874369806,0.7122826587675547,0.0993793306466417,0.050543024765574804
270.0,18,stripping_volume_6,tray,205.47928601044075,222.58433952087572,53.214561561521414,11.983304243762111,12591.828703982152,7883.295330720457,0.09094330395544203,0.17721063094028217,0.8017656507101416,0.7656520861798632,0.10729104533441619,0.05713728287985448
270.0,19,stripping_volume_7,tray,210.72124204489174,222.6585655991401,52.77891557018267,11.915071617559114,12628.346615665307,7961.69155481721,0.061195793018243606,0.12263546560131265,0.812843493067225,0.8072916601329369,0.12596071391453134,0.07007287426575043
270.0,20,combined_reboiler_sump,reboiler_sump,217.0056471696248,222.68382670821774,757.7339779728393,77.46535000221165,,7998.132836924068,0.03640074913851322,0.0755169576058423,0.7924236041825515,0.8247560816955531,0.17117564667893517,0.0997269606986046
300.0,1,reflux_drum,reflux_drum,120.80789627833421,221.57312641396513,1686.2049709397797,117.37387250353113,,,0.8803521029647419,0.946344105818256,0.11960654701771434,0.05364636551110309,4.1350017543865566e-05,9.528670640978726e-06
300.0,2,rectifying_volume_1,tray,130.19953506129693,221.6206047740106,38.01967518652735,49.56078194914112,5661.833373999886,8467.56203151594,0.7571162124185847,0.880621617899244,0.24272144416785205,0.1193370725733405,0.00016234341356328267,4.1309527415541545e-05
300.0,3,rectifying_volume_2,tray,141.1960058436349,221.66970632748547,34.291231030646,12.827516107309384,5441.356000886292,8176.850060557654,0.6255875218380805,0.7952648155017752,0.37397521011924845,0.20460998202461142,0.0004372680426709358,0.00012520247361346055
300.0,4,rectifying_volume_3,tray,151.5329484555387,221.7186555418333,33.359402202762894,12.608517828847642,5315.488164910157,7956.271185162221,0.5131366040619064,0.7063249490549952,0.4858865989642208,0.29336257986623876,0.0009767969738729905,0.00031247107876614675
300.0,5,rectifying_volume_4,tray,159.5773640211804,221.76789207063374,32.778395718965484,12.451662497519983,5257.564400398157,7830.299980909898,0.43232473376371183,0.631239205112935,0.5657308750851466,0.3680834893521749,0.0019443911511414088,0.0006773055348901912
300.0,6,rectifying_volume_5,tray,165.0706568325478,221.81746081438308,32.37889518567422,12.356493092748549,5232.662736425474,7772.286727595647,0.3804382741243316,0.5774133902242422,0.6159535854612456,0.42125594369746594,0.003608140414422967,0.0013306660782918642
300.0,7,rectifying_volume_6,tray,168.5792708721688,221.86737660860354,32.162522247043796,12.29701366175658,5218.679824762677,7747.30892485017,0.34912696667028875,0.5428041939896106,0.6444499261006175,0.4547416490564109,0.006423107229093699,0.002454156953978659
300.0,8,rectifying_volume_7,tray,170.82868975819608,221.91753508412177,32.022153740813415,12.259262054411469,5204.397634906871,7733.2570044277045,0.3306392575986464,0.5219459060139501,0.6582055224506275,0.47369971450067827,0.011155219950726084,0.004354379485371561
300.0,9,rectifying_volume_8,tray,172.42696203314446,221.9677752894993,31.87136987286186,12.23380207478323,5183.10765279972,7718.9068672418025,0.319452095836463,0.5097845797766181,0.6614761607507063,0.4826704215136873,0.019071743412830768,0.007544998709694698
300.0,10,rectifying_volume_9,tray,173.84736757706688,222.01794842785904,31.66814318977129,12.211518571566266,5148.4122822697755,7697.545801394961,0.31194546901786097,0.502734835072062,0.6558330179378838,0.4843943678406455,0.032221513044255135,0.012870797087292534
300.0,11,rectifying_volume_10,tray,175.49888242687774,222.06794875502433,31.3959221170015,12.182275602407632,5091.981015551256,7662.774554557186,0.3056884790291611,0.49851063356021424,0.640519003015903,0.47980530721947995,0.053792517954935934,0.02168405922030584
300.0,12,feed_tray,tray,177.81442372462817,222.14287082594547,45.88257743110919,10.962524540285518,12237.548728081742,7606.264648384906,0.29885495614495794,0.495696335531532,0.6127521918691129,0.4682508910765273,0.08839285198592924,0.036052773391940796
300.0,13,stripping_volume_1,tray,181.27141021320313,222.2184815573803,45.69194528458865,10.909606003626935,12258.226200747042,7608.7959681035745,0.27056933024950747,0.4586759753699653,0.6396932760786976,0.5034212323210698,0.08973739367179494,0.03790279230896478
300.0,14,stripping_volume_2,tray,185.42579302724883,222.29512763409608,45.51626903576958,10.8448456177705,12295.025771388278,7629.400395950072,0.23734525117544242,0.41277579066045605,0.6713414201922127,0.5470196534941408,0.09131332863234484,0.0402045558454032
300.0,15,stripping_volume_3,tray,190.1526747993433,222.3730330638298,45.31003976252471,10.776137522998217,12351.651060526785,7666.120054151331,0.20055920975700445,0.3587822616575409,0.7062794216952106,0.5982429918868446,0.09316136854778487,0.04297474645561457
300.0,16,stripping_volume_4,tray,195.22165179558647,222.4425463681363,53.4816220047134,12.154911003893249,12426.966068098614,7722.6628986701535,0.16233846608479935,0.29902835072392503,0.7421160053092561,0.6546816097769604,0.09554552860594441,0.04629003949911467
300.0,17,stripping_volume_5,tray,200.37986670415765,222.51343456740815,53.1822712146634,12.081507646886214,12513.101232906094,7797.881277227163,0.12509570595536187,0.23713693449280177,0.7755177069191679,0.7123146796172357,0.09938658712547022,0.050548385889962535
300.0,18,stripping_volume_6,tray,205.4825264033376,222.58630767261226,53.213720340982725,11.98343344737713,12591.537268277685,7883.922376985244,0.09092900226784233,0.1771845514450375,0.8017721190052448,0.7656726351905315,0.10729887872691288,0.05714281336443101
300.0,19,stripping_volume_7,tray,210.72341832931738,222.6605362135777,52.778070032512304,11.915221314590077,12628.006717649154,7962.266109073556,0.06118964702403429,0.12262364989446099,0.8128415655223116,0.807298047481007,0.12596878745365417,0.07007830262453192
300.0,20,combined_reboiler_sump,reboiler_sump,217.00657519075142,222.68580031769775,757.7277525821186,77.4664402215648,,7998.6453754525,0.036402467572932425,0.07552032780710786,0.7924164398269049,0.824749301049076,0.17118109260016276,0.09973037114381608
330.0,1,reflux_drum,reflux_drum,120.80710700597096,221.57340408886134,1686.9513858595067,117.31975130002655,,,0.8803643469258193,0.9463500366066131,0.11959430481333364,0.05364043520715709,4.1348260847033593e-05,9.528186229821306e-06
330.0,2,rectifying_volume_1,tray,130.2027400965436,221.62088944966797,38.019142439261564,49.5605565047877,5661.705853932613,8468.668342083067,0.7570772694951584,0.8805988336030377,0.24276022731515468,0.1193598148108387,0.00016250318968685128,4.135158612351604e-05
330.0,3,rectifying_volume_2,tray,141.20249324498252,221.66999733341714,34.290439684405904,12.827401458275693,5441.191671857336,8177.778146449272,0.6255149712370476,0.7952125658499476,0.3740472679383563,0.2046620818889231,0.00043776082459610416,0.0001253522611293055
330.0,4,rectifying_volume_3,tray,151.54049951432015,221.71895279466187,33.35860306767684,12.60839770338814,5315.338598909814,7957.148240228825,0.5130593425348375,0.7062579220396322,0.4859628093591088,0.29342924561965833,0.000977848106053841,0.00031283234070935475
330.0,5,rectifying_volume_4,tray,159.58414769902964,221.7681955592211,32.77768789384817,12.451572559730085,5257.429911619148,7831.178120024081,0.43226019263771925,0.6311750771615201,0.5657935242705484,0.3681469104753568,0.0019462830917321204,0.0006780123631230684
330.0,6,rectifying_volume_5,tray,165.07603770522124,221.81777039882812,32.37826856971131,12.356438894179934,5232.527583922712,7773.16764198463,0.3803900587306774,0.5773612359355309,0.6159987055488991,0.4213068838047226,0.0036112357204234097,0.0013318802597464948
330.0,7,rectifying_volume_6,tray,168.58341589147818,221.86769202405299,32.16193139979088,12.29698747109771,5218.531606874565,7748.17821895873,0.34909196618110927,0.5427645700381223,0.6444801764447986,0.4547793582552798,0.006427857374092208,0.00245607170659798
330.0,8,rectifying_volume_7,tray,170.8320232402225,221.91785601182517,32.0215564544989,12.25925416158174,5204.229617431725,7734.103308418117,0.33061298724714194,0.5219156538746299,0.6582249020793914,0.4737271407727394,0.011162110673466697,0.004357205352630566
330.0,9,rectifying_volume_8,tray,172.42987818673265,221.96810140545006,31.870737843987325,12.233804793602516,5182.917134950749,7719.724163002856,0.3194308216227124,0.5097601188292312,0.6614880837329967,0.4826909870809089,0.01908109464429082,0.007548894089859844
330.0,10,rectifying_volume_9,tray,173.85012376827302,222.018279424143,31.667466558276505,12.21152732179933,5148.20037482052,7698.33186767742,0.31192668556831193,0.5027133743802006,0.6558403353457954,0.48441094498896825,0.03223297908589264,0.012875680630831086
330.0,11,rectifying_volume_10,tray,175.50153993270771,222.06828435388337,31.39521797129765,12.182289836394142,5091.754790703434,7663.530831041527,0.30567090648151785,0.4984903386026996,0.6405250574434006,0.4798204674602688,0.053804036075081614,0.02168919393703155
330.0,12,feed_tray,tray,177.8167513348243,222.14321109912612,45.88199585057755,10.96253588421548,12237.315374142554,7606.998446701,0.29883858348949316,0.4956761835073541,0.612762636720333,0.4682678547778522,0.08839877979017381,0.03605596171479368
330.0,13,stripping_volume_1,tray,181.2748156745866,222.21882661271977,45.691286223898906,10.90960362325971,12257.987124799301,7609.510733346684,0.27054463350438895,0.4586435470622751,0.6397115739958454,0.5034497443347538,0.08974379249976562,0.037906708602971094
330.0,14,stripping_volume_2,tray,185.43002435112135,222.29547757492753,45.51555940950914,10.844834907126554,12294.78639977902,7630.0969627910845,0.23731474573435218,0.41273306279187505,0.6713651654045266,0.5470578040130467,0.09132008886112129,0.04020913319507813
330.0,15,stripping_volume_3,tray,190.1573051310447,222.37338797201792,45.30930904784374,10.776126285247727,12351.411842962121,7666.803457504485,0.20052662527072165,0.35873347669760614,0.7063049905238221,0.5982866894405057,0.09316838420545626,0.04297983386188819
330.0,16,stripping_volume_4,tray,195.2261478701389,222.4429049321661,53.48075965217298,12.15490759419303,12426.716200733033,7723.3334676755,0.16230803598099566,0.298979686158365,0.7421391838595809,0.6547248664641839,0.09555278015942352,0.04629544737745104
330.0,17,stripping_volume_5,tray,200.3837569614137,222.5137965892382,53.18141519271819,12.08152099787376,12512.827334451831,7798.526885470274,0.12507088828560872,0.2370947279686488,0.7755348832780709,0.7123512684681671,0.09939422843632058,0.05055400356318406
330.0,18,stripping_volume_6,tray,205.48546882980375,222.5866727720355,53.21285992478586,11.983467948814775,12591.223450957925,7884.530051500706,0.09091208945428816,0.17715418882997203,0.8017807643690421,0.7656971925040553,0.10730714617666971,0.057148618665972636
330.0,19,stripping_volume_7,tray,210.72522220262374,222.66090384317178,52.77720659102097,11.915277996064882,12627.641901409766,7962.8204541220375,0.06118154929489099,0.12260844658151311,0.8128410163037562,0.8073074916283042,0.12597743440135273,0.07008406179018281
330.0,20,combined_reboiler_sump,reboiler_sump,217.0070655762662,222.68617103060578,757.7231882624715,77.46682185717489,,7999.135662529486,0.036402910890433286,0.07552136454740331,0.7924095676853534,0.8247443160984301,0.17118752142421326,0.09973431935416653
360.0,1,reflux_drum,reflux_drum,120.805876553131,221.5720913996454,1687.4689631965227,117.28162253666831,,,0.8803745477836987,0.9463551341730538,0.11958410361296254,0.05363533767780368,4.13486033388516e-05,9.528149142476878e-06
360.0,2,rectifying_volume_1,tray,130.20570227744287,221.61958395916844,38.018618100470974,49.55990422365612,5661.575055222781,8469.763669371127,0.7570337280881047,0.880573691230641,0.24280360148378805,0.11938491327312045,0.00016267042810745773,4.139549623861661e-05
360.0,3,rectifying_volume_2,tray,141.20890472149057,221.66869838263977,34.2896452753015,12.827173834193145,5441.024744268751,8178.692990544394,0.6254361470797932,0.7951562979752168,0.37412558183758926,0.2047181948103449,0.00043827108261751077,0.00012550721443822327
360.0,4,rectifying_volume_3,tray,151.54803335485659,221.7176603206016,33.35780401415835,12.608165956197782,5315.189099365148,7958.013336165865,0.5129755826665262,0.7061858816871122,0.4860454858739182,0.29350091366375786,0.0009789314595556812,0.00031320464912999713
360.0,5,rectifying_volume_4,tray,159.59087048555756,221.76690957122955,32.77698851880827,12.451373794473154,5257.297834310911,7832.047560980692,0.43218990627510045,0.6311059295061088,0.5658618680177858,0.36821533220553787,0.0019482257071135284,0.0006787382883532757
360.0,6,rectifying_volume_5,tray,165.08126952160683,221.81649076762685,32.37765857730893,12.356278619871244,5232.396188988456,7774.042723560871,0.38033712162892275,0.5773046792270345,0.6160484755873477,0.4213621981057749,0.0036144027837296047,0.0013331226671906811
360.0,7,rectifying_volume_6,tray,168.58732378743488,221.86641848687492,32.161363432006716,12.296857390115598,5218.387765017508,7749.043477311877,0.34905315270650544,0.5427213183679003,0.6445141456789445,0.45482065806373334,0.006432701614550063,0.002458023568366317
360.0,8,rectifying_volume_7,tray,170.8350488680898,221.91658824800936,32.02098639902657,12.259143959984181,5204.066227383986,7734.946607786691,0.33058359412440536,0.5218824569745796,0.6582472891657708,0.4737574677563604,0.011169116709823857,0.0043600752690599745
360.0,9,rectifying_volume_8,tray,172.43243428304342,221.96683908821464,31.870135964664897,12.233706332355593,5182.731348042046,7720.539109461496,0.3194069175904,0.509733239000284,0.6615025044613246,0.4827139247833004,0.019090577948275327,0.0075528362164155064
360.0,10,rectifying_volume_9,tray,173.85248180695106,222.01702224322412,31.666822037696917,12.211435760980606,5147.993256595258,7699.1161040002735,0.3119056219737904,0.5026898813152372,0.6558497903123718,0.48442951158684905,0.03224458771383776,0.012880607097913596
360.0,11,rectifying_volume_10,tray,175.50377060907775,222.06703202977835,31.394547202925374,12.182204548737843,5091.533383524563,7664.285772824753,0.3056513102920111,0.4984682979161182,0.6405329802920688,0.4798373400498329,0.05381570941592007,0.021694362034048915
360.0,12,feed_tray,tray,177.81863077678165,222.14196363495893,45.88140088424055,10.962463219857586,12237.059053242576,7607.73139004299,0.29882038442890907,0.4956545091671134,0.6127746989039657,0.46828631030519613,0.08840491666712531,0.03605918052769054
360.0,13,stripping_volume_1,tray,181.27785079876318,222.2175839467566,45.69061006816237,10.909516377334093,12257.72569621704,7610.197299580811,0.27051750947155356,0.4586086612010602,0.6397320501858494,0.503480631989725,0.0897504403425969,0.03791070680921474
360.0,14,stripping_volume_2,tray,185.43395722892163,222.29423983577377,45.51483013149628,10.844738756742979,12294.525646784767,7630.766434596131,0.23728129920235794,0.41268692729232803,0.6713915678316458,0.5470992277559474,0.09132713296599629,0.04021384495172446
360.0,15,stripping_volume_3,tray,190.16168803609366,222.3721552674854,45.30855785235517,10.77602947853911,12351.15234257647,7667.461258306013,0.20049078715840235,0.3586804916721005,0.7063335021867443,0.5983344064057627,0.0931757106548534,0.04298510192213676
360.0,16,stripping_volume_4,tray,195.23041438080358,222.44167594696555,53.479877265779585,12.154807459913902,12426.44679932031,7723.98006510652,0.16227431784894364,0.2989263677600132,0.7421653182248238,0.6547725621258491,0.09556036392623264,0.04630107011413765
360.0,17,stripping_volume_5,tray,200.38739623949894,222.5125711341935,53.180541395263056,12.081438708922219,12512.53383094571,7799.149879048488,0.1250430473246466,0.23704789190608608,0.7755547285188618,0.7123922523062374,0.0994022241564916,0.05055985578767668
360.0,18,stripping_volume_6,tray,205.48810661629764,222.585450464009,53.21198401815502,11.983408576378721,12590.88885760502,7885.115633927192,0.09089264928657491,0.1771196885973549,0.8017915356585648,0.765725635078759,0.1073158150548603,0.057154676323886044
360.0,19,stripping_volume_7,tray,210.72665212827934,222.65968411973952,52.776328951513406,11.91524238569455,12627.253998134946,7963.352117579979,0.06117154390351597,0.12258993513376977,0.8128418350879304,0.8073199347989919,0.12598662100855373,0.07009013006723838
360.0,20,combined_reboiler_sump,reboiler_sump,217.0071228871951,222.68495446288046,757.7202951816973,77.46649961865353,,7999.601525054598,0.03640208357749619,0.07552007409518349,0.792403006830291,0.8247411333630994,0.17119490959221287,0.09973879254171716
390.0,1,reflux_drum,reflux_drum,120.80421447595074,221.56921221056496,1687.7570997484675,117.25954145195468,,,0.880382695822857,0.9463593913826854,0.11957595314524516,0.05363108006013961,4.135103189787777e-05,9.52855717500932e-06
390.0,2,rectifying_volume_1,tray,130.2084128938599,221.61671212833687,38.01810415101306,49.55883269160883,5661.441541783123,8470.84254981605,0.7569858125455678,0.8805463165031079,0.24285134295278907,0.11941224240338777,0.00016284450164300108,4.1441093504310745e-05
390.0,3,rectifying_volume_2,tray,141.21521699118034,221.6658332656251,34.28885095124313,12.826835434030729,5440.855926002438,8179.589946983918,0.6253514220033327,0.7950962710197232,0.37420978106683184,0.20477806222049813,0.00043879692983546056,0.000125666759778553
390.0,4,rectifying_volume_3,tray,151.55552258224702,221.71480187512606,33.357008145964954,12.607824765682198,5315.040285656006,7958.862048300572,0.5128857101029265,0.7061091507170795,0.48613424685838064,0.2935772626546843,0.0009800430386928732,0.00031358662823628887
390.0,5,rectifying_volume_4,tray,159.59750927593106,221.76405782715037,32.77630021028867,12.451068205843294,5257.1687052763,7832.90386555389,0.4321141939585885,0.6310320667608518,0.5659355942420924,0.36828845261867976,0.0019502117993190613,0.000679480620468483
390.0,6,rectifying_volume_5,tray,165.0863362237203,221.81364560690886,32.377067403979716,12.356014086308194,5232.269083685834,7774.907519025574,0.3802797013483149,0.5772439657561869,0.6161026689088789,0.42142164558247613,0.0036176297428062313,0.0013343886613369582
390.0,7,rectifying_volume_6,tray,168.5909845881378,221.8635796500464,32.160820341738514,12.29662509163181,5218.248886236594,7749.900302157387,0.3490107005302797,0.5426746244831586,0.6445516779446234,0.45486537035403235,0.006437621525096812,0.0024600051628089663
390.0,8,rectifying_volume_7,tray,170.83776064561988,221.91375541396908,32.02044557937334,12.258933028889256,5203.908138776988,7735.782614809528,0.3305512105541429,0.521846456462956,0.65827257853636,0.4737905653151734,0.011176210909497284,0.004362978221870571
390.0,9,rectifying_volume_8,tray,172.43462636983926,221.9640119289105,31.86956638625008,12.233508215541244,5182.55106618508,7721.3475576396295,0.3193804923924247,0.5097040545044024,0.6615193518058604,0.48273913579321653,0.019100155801714782,0.007556809702381164
390.0,10,rectifying_volume_9,tray,173.85443849931778,222.01420044748505,31.666211983181178,12.211245381957786,5147.791798280679,7699.894511433304,0.31188237550128994,0.5026644566412419,0.6558613325497323,0.48444998642994436,0.03225629194897776,0.01288555692881372
390.0,11,rectifying_volume_10,tray,175.5055716208559,222.06421531767765,31.393912311181296,12.182021204346821,5091.317732216235,7665.03552651533,0.30562978283737957,0.4984446076885073,0.640542727649408,0.47985584960595046,0.05382748951321256,0.021699542705542366
390.0,12,feed_tray,tray,177.8200604722876,222.1391519418815,45.88079523498496,10.962307789471776,12236.781177690935,7608.459740765886,0.29880044710376247,0.495631409138172,0.612788316945698,0.4683061738675227,0.08841123595053958,0.0360624169943053
390.0,13,stripping_volume_1,tray,181.28050884332228,222.2147770438261,45.68991988232865,10.909345569726991,12257.443350925852,7610.852468245277,0.2704880863875919,0.4585714740745936,0.6397546049681374,0.5035137551226306,0.08975730864427062,0.03791477080277569
390.0,14,stripping_volume_2,tray,185.4375808568399,222.29143787632387,45.51408450357698,10.844558506786457,12294.244944923006,7631.405704922242,0.23724506866032616,0.4126375921156519,0.6714205003164466,0.5471437358885535,0.09133443102322707,0.04021867199579456
390.0,15,stripping_volume_3,tray,190.16581059389256,222.3693583847868,45.3077895741458,10.775848443099788,12350.873984181986,7668.090417558694,0.20045186412910773,0.3586235475508954,0.7063648187314175,0.5983859232252984,0.09318331713947473,0.04299052922380611
390.0,16,stripping_volume_4,tray,195.23443880969893,222.43888282857358,53.47897877141028,12.15461207686831,12426.159329347973,7724.599715861945,0.16223747183424367,0.2988686410438166,0.7421942796613655,0.6548244740133315,0.09556824850439073,0.04630688494285175
390.0,17,stripping_volume_5,tray,200.39077472553393,222.50978160059552,53.179653701653656,12.081262172384518,12512.222291800837,7799.7474028032,0.12501231760338888,0.23699664611934895,0.7755771408106332,0.7124374348326682,0.09941054158597794,0.05056591904798289
390.0,18,stripping_volume_6,tray,205.49043443321645,222.58266413081566,53.211096500847646,11.98325661108002,12590.535239859912,7885.6764502359865,0.0908707786058786,0.17708121766489204,0.8018043711417349,0.765757820028206,0.10732485025238651,0.05716096230690194
390.0,19,stripping_volume_7,tray,210.72770834948452,222.6569004120557,52.77544098815883,11.91511565013142,12626.84500090161,7963.85868245222,0.06115968430670968,0.12256821122190159,0.8128440051736411,0.8073353047474092,0.12599631051964916,0.0700964840306893
390.0,20,combined_reboiler_sump,reboiler_sump,217.0067538819701,222.68217396676638,757.7190733060343,77.4654818113871,,8000.040860384687,0.036399995767823344,0.07551647291040668,0.7923967750984446,0.8247397514935939,0.17120322913373207,0.09974377559599935
420.0,1,reflux_drum,reflux_drum,120.80213264623828,221.56479823177276,1687.8163919354229,117.25347813604515,,,0.8803887893629991,0.946362804225904,0.11956985511064415,0.05362766636741206,4.135552635669569e-05,9.529406683920148e-06
420.0,2,rectifying_volume_1,tray,130.21086428516156,221.61230562729924,38.01760256535496,49.557351616490116,5661.305904301089,8471.89947449267,0.7569337716334884,0.880516847796548,0.24290320362893772,0.11944166400124295,0.00016302473757410713,4.148820220905966e-05
420.0,3,rectifying_volume_2,tray,141.22140676871376,221.66143361555555,34.28805993207704,12.826389021826333,5440.6859519908785,8180.46435113745,0.6252612037479232,0.7950327669687804,0.37429945989274327,0.2048414027436991,0.00043933635933351544,0.00012583028752033025
420.0,4,rectifying_volume_3,tray,151.5629394425105,221.71040905474587,33.356218625905726,12.607376868850588,5314.89279097485,7959.68993179405,0.5127901470231951,0.7060280804870519,0.48622867436362205,0.29365794269139667,0.0009811786131829136,0.0003139768215513221
420.0,5,rectifying_volume_4,tray,159.60404087805244,221.75967188674883,32.7756255986,12.450658340562407,5257.043063495765,7833.742560343537,0.43203340694318176,0.6309538219036568,0.5660143592752995,0.36836594157317776,0.0019522337815188707,0.0006802365231654916
420.0,6,rectifying_volume_5,tray,165.09122219312243,221.80926644028145,32.37649721581848,12.355647636570538,5232.146796589645,7775.757526723399,0.3802180623012832,0.5771793656692743,0.6161610335471068,0.4214849609571913,0.003620904151609947,0.0013356733735342939
420.0,7,rectifying_volume_6,tray,168.59438927100237,221.8592070022433,32.16030406700254,12.296292762396657,5218.11555279856,7750.744240380064,0.34896480453282497,0.542624693762441,0.6445925976097856,0.45491329745073633,0.0064425978573895626,0.00246200878682257
420.0,8,rectifying_volume_7,tray,170.8401539192507,221.90938896495913,32.01993592217174,12.258623452482405,5203.756021792176,7736.606983870135,0.3305159855562769,0.5218078094495702,0.6583006494185072,0.47382628778380975,0.01118336502521576,0.004365902766620133
420.0,9,rectifying_volume_8,tray,172.43645211201917,221.95965135092067,31.86903117240702,12.233212466320452,5182.377061500912,7722.145300354025,0.31935166870056036,0.5096726926305644,0.6615385419966523,0.48276650873827304,0.019109789302787363,0.00756079863116256
420.0,10,rectifying_volume_9,tray,173.8559924563497,222.0098454299207,31.66563865810145,12.210958171579799,5147.596870520022,7700.663033335129,0.31185705563163846,0.502637212187843,0.6558749011633389,0.4844722778386159,0.032268043205022696,0.012890509973541145
420.0,11,rectifying_volume_10,tray,175.50694207620978,222.0598655815443,31.393315701383976,12.181741757873217,5091.108776432973,7665.776181481262,0.30560642744329886,0.49841937377972484,0.6405542463375246,0.4798759116382519,0.05383932621917659,0.02170471458202332
420.0,12,feed_tray,tray,177.82104090912554,222.13480735604062,45.88018172976287,10.962071248584747,12236.483299966232,7609.1797039150315,0.2987788696183598,0.49560698870248154,0.6128034209149142,0.468327353409783,0.08841770946672592,0.03606565788773546
420.0,13,stripping_volume_1,tray,181.28278468952203,222.21043721552581,45.68921887926322,10.90909292242564,12257.141663121403,7611.473121087862,0.2704565058667094,0.458532155906256,0.6397791270054939,0.5035489603180541,0.08976436712779666,0.03791888377569003
420.0,14,stripping_volume_2,tray,185.44088566515723,222.2871029829634,45.51332599167625,10.84429591853012,12293.945861081294,7632.011744472118,0.23720622733965022,0.4125852842871045,0.6714518214473567,0.5471911214751206,0.0913419512129931,0.040223594237774885
420.0,15,stripping_volume_3,tray,190.16966086193844,222.36502858448853,45.307007781168316,10.775584940535401,12350.578322566053,7668.68796813817,0.2004100425702702,0.35856290840895894,0.7063987865467721,0.598440998447458,0.09319117088295766,0.04299609314358292
420.0,16,stripping_volume_4,tray,195.23820955700174,222.43455681849156,53.478068273839156,12.154323396211336,12425.855384539911,7725.189510902208,0.16219767567237206,0.2988067766054216,0.742225923943729,0.6548803556720587,0.09557640038389904,0.04631286772251969
420.0,17,stripping_volume_5,tray,200.39388368116457,222.50545921166287,53.17875615975978,12.08099324924104,12511.894417780712,7800.316664257782,0.12497884952298624,0.2369412348078423,0.7756020046518394,0.7124865968188095,0.09941914582517436,0.050572168373348284
420.0,18,stripping_volume_6,tray,205.49244835625265,222.57834497912322,53.21020141157788,11.98301379224656,12590.164490029727,7886.209890577888,0.09084658718045642,0.1770389641055822,0.801819198555023,0.7657935848173415,0.10733421426452044,0.057167451077076235
420.0,19,stripping_volume_7,tray,210.72839293465674,222.6525839128889,52.77454672788075,11.914899404893202,12626.417058553694,7964.337803645069,0.06114603332061787,0.12254338666392563,0.8128475034271667,0.8073535147529939,0.12600646325221546,0.07010309858308057
420.0,20,combined_reboiler_sump,reboiler_sump,217.00596753952075,222.67786071793097,757.7195134228759,77.46378027874779,,8000.4516513107055,0.036396663340309436,0.07551058783314293,0.7923908889986058,0.8247401610865087,0.17121244766108473,0.09974925108034825
450.0,1,reflux_drum,reflux_drum,120.79964524587756,221.55888904736628,1687.6486577942853,117.26331597881368,,,0.8803928349893648,0.9463653719269361,0.11956580295135326,0.05362509738052828,4.1362059281930874e-05,9.530692535566976e-06
450.0,2,rectifying_volume_1,tray,130.21304990651703,221.60640399875618,38.01711530028457,49.555472829326874,5661.168757436045,8472.928927861994,0.7568778778435131,0.8804854357402857,0.24295891173694562,0.11947302762401785,0.00016321041954130096,4.15366356964466e-05
450.0,3,rectifying_volume_2,tray,141.2274508893983,221.65553893680843,34.287275492831455,12.825837926073634,5440.515580377175,8181.311553488039,0.625165933863579,0.7949660897458113,0.37439417888583354,0.2049079131000645,0.0004398872505876123,0.0001259971541243505
450.0,4,rectifying_volume_3,tray,151.570255962982,221.70452132569739,33.355438658659025,12.60682556066931,5314.747258574025,7960.492553680313,0.5126893507843671,0.7059430498576752,0.4863283154832124,0.2937425764455105,0.0009823337324204615,0.00031437369681429204
450.0,5,rectifying_volume_4,tray,159.61044213655808,221.75379117795285,32.774967312247846,12.450147287979696,5256.921446529416,7834.559168164616,0.43194792735728665,0.6308715552189533,0.5660977889379445,0.36844744175712674,0.001954283704768918,0.0006810030239199525
450.0,6,rectifying_volume_5,tray,165.09591234755155,221.80339265791292,32.37595013512658,12.35518214107768,5232.02984905277,7776.58822752173,0.3801524940016947,0.5771111727762057,0.6162232929730597,0.421551855500159,0.0036242130252455676,0.001336971723635203
450.0,7,rectifying_volume_6,tray,168.5975298358177,221.8533398971104,32.15981647179128,12.295863104419519,5217.988338081944,7751.570813659827,0.3489156796614207,0.5425717508684161,0.6446367097251342,0.4549642226914194,0.006447610613445231,0.0024640264401645175
450.0,8,rectifying_volume_7,tray,170.84222543610952,221.90352821964188,32.01945926125383,12.258217821577006,5203.61053816102,7737.415340684809,0.3304780844790404,0.5217666885855463,0.6583313656964521,0.4738644743415303,0.011190549824507515,0.004368837072923546
450.0,9,rectifying_volume_8,tray,172.43791084284462,221.9537966395098,31.86853228361788,12.232821608445782,5182.210098944178,7722.928100395289,0.3193205829235731,0.5096392934215831,0.661559978745536,0.4827959199554668,0.019119438330890994,0.007564786622950122
450.0,10,rectifying_volume_9,tray,173.85714414389312,222.00399644391337,31.66510421731111,12.210576612731852,5147.409338209371,7701.417582415654,0.31182978381044896,0.5026082705702455,0.6558904246938246,0.4844962838501097,0.032279791495726275,0.01289544557964484
450.0,11,rectifying_volume_10,tray,175.50788307760084,222.05402204426184,31.392759667223682,12.1813686558218,5090.907451214531,7666.503795808631,0.3055813581375883,0.4983927114401183,0.6405674739417637,0.4798974327330658,0.053851167920647904,0.021709855826815835
450.0,12,feed_tray,tray,177.82157468835956,222.12896907136923,45.879563305797234,10.961755667750813,12236.167106813757,7609.8874522237165,0.29875575979174857,0.49558136148600357,0.6128199325684349,0.46834974886662617,0.08842430763981649,0.036068889647370164
450.0,13,stripping_volume_1,tray,181.28467490594394,222.2046036309465,45.68851040457494,10.908760577092336,12256.822339157754,7612.056244639404,0.27042292252109146,0.4584908903576194,0.6398054935790725,0.5035860813408524,0.08977158389983611,0.03792302830152804
450.0,14,stripping_volume_2,tray,185.4438633938243,222.281274299157,45.51255820975519,10.843953175809073,12293.630090312965,7632.581624618606,0.23716496415500687,0.4125302492580582,0.6714853759230515,0.5472411600529156,0.09134965992194168,0.04022859068902612
450.0,15,stripping_volume_3,tray,190.17322795668042,222.3592049837012,45.30621619483643,10.775241155298415,12350.267036223975,7669.251037467225,0.20036552605122984,0.35849886069884196,0.7064352367601765,0.5984993693789763,0.09319923718859364,0.04300176992218182
450.0,16,stripping_volume_4,tray,195.24171601869955,222.42873701432327,53.47715003757036,12.153943846283148,12425.536680335024,7725.746629099973,0.16215512423051703,0.2987410694070933,0.7422600917257496,0.6549399375796328,0.09558478404373341,0.04631899301327403
450.0,17,stripping_volume_5,tray,200.39671551052163,222.4996430462526,53.17785296681181,12.080634271235938,12511.552034019978,7800.854954334117,0.12494280898578713,0.2368819259453587,0.7756291911396918,0.7125394966399394,0.09942799987452113,0.050578577414701925
450.0,18,stripping_volume_6,tray,205.4941459189466,222.5725320708183,53.20930292860414,11.98268232003488,12589.778633360786,7886.7134286831715,0.09082019746478928,0.17699313672719152,0.8018359352363665,0.765832747604479,0.10734386729884418,0.05717411566832948
450.0,19,stripping_volume_7,tray,210.72870981002325,222.64677366991555,52.77365033082095,11.914595717292519,12625.972467012085,7964.7872257509225,0.06113066303058286,0.12251558926217608,0.8128523002665007,0.8073744637114222,0.12601703670291653,0.07010994702640172
450.0,20,combined_reboiler_sump,reboiler_sump,217.00477506467806,222.6720537464729,757.7215979989338,77.46141033902356,,8000.83198202903,0.03639210798668375,0.07550245622043787,0.7923853636233001,0.8247423445393531,0.1712225283900161,0.099755199240209
480.0,1,reflux_drum,reflux_drum,120.79676874056538,221.55153208032155,1687.2569500208908,117.28885076929025,,,0.8803948477485203,0.9463670970417535,0.11956378165569877,0.05362337055018636,4.137059578101083e-05,9.53240806018769e-06
480.0,2,rectifying_volume_1,tray,130.21496439097626,221.59905462318827,38.016644282775566,49.55321026803201,5661.030736546129,8473.92543079374,0.7568184264536089,0.8804522426833727,0.24301817275649412,0.11950617111963488,0.00016340078989699025,4.158619699234408e-05
480.0,3,rectifying_volume_2,tray,141.23332644145415,221.64819657040755,34.286500945097906,12.825186034404322,5440.345588129704,8182.126957044143,0.6250660860426203,0.7948965640573957,0.3744934665802123,0.20497726925810766,0.000440447377167466,0.00012616668449667122
480.0,4,rectifying_volume_3,tray,151.57744410362696,221.69718598963334,33.354671471820886,12.606174688799092,5314.604337557482,7961.2655283643335,0.5125838121905962,0.7058544637569089,0.4864326840670341,0.29383076059129426,0.0009835037423697702,0.000314775651796887
480.0,5,rectifying_volume_4,tray,159.61669006291717,221.74646296277874,32.774327960972116,12.449538675659552,5256.8043865404015,7835.349242927782,0.43185816679618955,0.6307856529625849,0.5661854799144772,0.3685325700117324,0.001956353289333229,0.0006817770256827572
480.0,6,rectifying_volume_5,tray,165.1003922366608,221.79607148268752,32.375428225150344,12.354620994119825,5231.918751097308,7777.395119219479,0.3800833100529237,0.5770397035053195,0.6162891470540148,0.421622018053916,0.003627542893061573,0.0013382784407645226
480.0,7,rectifying_volume_6,tray,168.60039937101976,221.84602551963596,32.15935933137568,12.295339332232578,5217.867802036322,7752.375552106601,0.3488635602306762,0.5425160389943244,0.6446838006387395,0.45501791114616885,0.006452639130584315,0.002466049859506714
480.0,8,rectifying_volume_7,tray,170.84397339146133,221.89622032667145,32.01901732248669,12.257719231358214,5203.4723360335765,7738.203314914524,0.3304376885002497,0.5217232815215119,0.6583645762808512,0.47390494950148837,0.011197735218899111,0.004371768976999708
480.0,9,rectifying_volume_8,tray,172.439003602521,221.94649490860655,31.868071560848353,12.232338664281679,5182.050930519788,7723.691721966233,0.31928738481630253,0.5096040092554135,0.6615835534523155,0.48282723383379866,0.01912906173138193,0.0075687569107878334
480.0,10,rectifying_volume_9,tray,173.85789591936907,221.99670057020327,31.66461068935355,12.210103682499252,5147.230054091833,7702.1540709445635,0.31180069310014114,0.5025777648226715,0.6559078212256161,0.48452189248482974,0.03229148567424281,0.012900342692498656
480.0,11,rectifying_volume_10,tray,175.50839775913352,222.04673175478277,31.39224637187428,12.180904834820511,5090.714680138474,7667.214425286227,0.3055546993080691,0.4983647449458624,0.6405823388997212,0.4799203108081547,0.053862961792209715,0.021714944245982793
480.0,12,feed_tray,tray,177.82166655727576,222.12168410691143,45.87894299414188,10.961363531069857,12235.834411388212,7610.579154038452,0.29873123481535546,0.4955546490634136,0.6128377655644814,0.4683732524925278,0.08843099962016321,0.036072098444058585
480.0,13,stripping_volume_1,tray,181.28617780231312,222.197323284169,45.68779791846854,10.908351093341784,12256.487209450135,7612.598956400233,0.27038750345294227,0.4584478738933289,0.6398335709671887,0.5036249396956112,0.08977892557986904,0.03792718641105991
480.0,14,stripping_volume_2,tray,185.44650716180493,222.27399879311562,45.511784900556606,10.843532883169184,12293.29944763144,7633.112542593299,0.23712148308311873,0.41247275007469836,0.6715209950458262,0.5472936103791259,0.0913575218710551,0.040233639546175794
480.0,15,stripping_volume_3,tray,190.1765021301532,222.3519345239155,45.30541867030459,10.774819692859667,12349.941919084813,7669.776871791736,0.20031853466133684,0.35843171230379783,0.706473985774427,0.5985607529417406,0.09320747956423617,0.04300753475446156
480.0,16,stripping_volume_4,tray,195.2449486600432,222.42147033773202,53.47622846396368,12.153476330754271,12425.205045311328,7726.268360643654,0.16211002888933634,0.29867183783355566,0.7422966090368053,0.655002927997868,0.09559336207385845,0.04632523416857646
480.0,17,stripping_volume_5,tray,200.39926382186542,222.49238000693225,53.17694844653135,12.080188039399044,12511.197080878233,7801.359669560465,0.12490437688603574,0.23681901045315698,0.7756585583546927,0.7125958710088018,0.09943706475927165,0.0505851185380412
480.0,18,stripping_volume_6,tray,205.49552615533918,222.5652722911826,53.20840534655597,11.982264854442475,12589.379817971067,7887.184642610355,0.0907917442493055,0.17694396447320943,0.8018544883409306,0.7658751077452743,0.10735376740976389,0.05718092778151608
480.0,19,stripping_volume_7,tray,210.72866477772084,222.63951655398614,52.772756066975205,11.91420710597856,12625.513658001999,7965.204802008907,0.06111365462858397,0.12248496251711381,0.8128583596886283,0.8073980363323487,0.1260279856827876,0.0701170011505374
480.0,20,combined_reboiler_sump,reboiler_sump,217.00318987381493,222.66479990529757,757.7253018452948,77.45839071729408,,8001.180055019761,0.03638635724528486,0.07549212602522322,0.7923802125647549,0.8247462759498934,0.17123343018996023,0.0997615980248834
510.0,1,reflux_drum,reflux_drum,120.79352183125523,221.54278248876116,1686.6455591403828,117.32979051020371,,,0.8803948513033528,0.9463679855428766,0.11956376760330643,0.05362247991211178,4.1381093340871716e-05,9.53454501158273e-06
510.0,2,rectifying_volume_1,tray,130.21660360626117,221.59031261542887,38.01619139710167,49.550579942148815,5660.892493954896,8474.883587016766,0.7567557343277747,0.8804174420224726,0.24308067061967173,0.119540921297968,0.00016359505255354934,4.163667955940453e-05
510.0,3,rectifying_volume_2,tray,141.23901090596186,221.63946159087394,34.28573961659309,12.824437783180686,5440.176766117872,8182.906057667032,0.6249621640601182,0.7948245339762896,0.3745968215240383,0.2050491278489381,0.00044101441584360433,0.00012633817477216222
510.0,4,rectifying_volume_3,tray,151.58447591889635,221.68845808074482,33.35392029529722,12.605428643330157,5314.464678255745,7962.004555925938,0.5124740533679114,0.7057627514275857,0.4865412628267852,0.2939220675513019,0.0009846838053031686,0.00031518102111229484
510.0,5,rectifying_volume_4,tray,159.6227619711789,221.73774223472068,32.77371011764679,12.448836660177461,5256.692405991378,7836.10840744106,0.43176456459034745,0.6306965257328179,0.5662770014486872,0.3686209189467362,0.0019584339609652343,0.000682555320445853
510.0,6,rectifying_volume_5,tray,165.10464813623585,221.78735786785558,32.37493347410144,12.3539681057989,5231.813996986587,7778.17375395357,0.3800108468902564,0.5769652956232957,0.6163582732499729,0.4216951162894882,0.0036308798597707195,0.0013395880872161378
510.0,7,rectifying_volume_6,tray,168.6029921123898,221.83731878405297,32.158934317104226,12.29472516571501,5217.754486277368,7753.154030909696,0.34880869903950973,0.5424578189336978,0.6447336387816959,0.45507411050893,0.0064576621787943945,0.002468070557372187
510.0,8,rectifying_volume_7,tray,170.8453974645998,221.8875201628343,32.01861170812192,12.257131274786728,5203.342044406577,7738.966575741941,0.33039499398554706,0.5216777902313071,0.658400115602901,0.4739475237272381,0.011204890411551973,0.004374686041454836
510.0,9,rectifying_volume_8,tray,172.43973316310144,221.93780099917223,31.867650708608668,12.231767148545707,5181.9002889695,7724.431965013923,0.31925223696858135,0.5095670043174025,0.6616091455052346,0.4828603032558512,0.019138617526183975,0.007572692426746367
510.0,10,rectifying_volume_9,tray,173.85825205392496,221.9880126154732,31.6641599578812,12.209542846091175,5147.059851732777,7702.868443744816,0.31176992772287454,0.5025458379353469,0.6559269985715104,0.4845489820962065,0.03230307370561513,0.012905179968446628
510.0,11,rectifying_volume_10,tray,175.5084913089825,222.03804948691865,31.391777828148008,12.180353715686389,5090.531367783071,7667.904155083691,0.3055265852559648,0.49833560714220654,0.6405987606590209,0.4799444354458636,0.05387465408501419,0.02171995741192979
510.0,12,feed_tray,tray,177.8213234265756,222.1130072058129,45.87832390067863,10.960897731152714,12235.487143441624,7611.251003862596,0.29870542080929097,0.49552698047064675,0.6128568257539567,0.46839774927553995,0.0884377534367523,0.03607527025381343
510.0,13,stripping_volume_1,tray,181.28729347246673,222.18865089344288,45.687084974684396,10.90786744341759,12256.138218393526,7613.098532374304,0.2703504276072816,0.4584033149956917,0.6398632149375019,0.503665345324709,0.08978635745521657,0.037931339679599385
510.0,14,stripping_volume_2,tray,185.44881152952019,222.26533115716293,45.51100991321094,10.843038060389969,12292.955857821633,7633.60184794982,0.23707600237428214,0.4124130663442202,0.6715584973552082,0.5473482153657717,0.09136550027050974,0.04023871829000798
510.0,15,stripping_volume_3,tray,190.1794748419303,222.34327187055524,45.30461917349221,10.774323574263985,12349.604870248526,7670.262861719285,0.20026930416821812,0.3583617913517317,0.7065148359571648,0.5986248467521398,0.09321585987461711,0.04301336189612861
510.0,16,stripping_volume_4,tray,195.24789908427152,222.41281143412752,53.47530806472052,12.152924222714836,12424.86241057368,7726.752131642869,0.16206261675056502,0.2985994224967679,0.7423352879248574,0.6550690140582195,0.09560209532457771,0.04633156344501272
510.0,17,stripping_volume_5,tray,200.40152348229964,222.48372471979332,53.17604702265462,12.079657818597218,12510.831602657583,7801.828335385418,0.124863748448181,0.23675280113756159,0.7756899518699364,0.7126554359266055,0.0994462996818825,0.05059176293583293
510.0,18,stripping_volume_6,tray,205.4965896317557,222.5566202488215,53.2075130496162,11.9817645104729,12588.970302462016,7887.621236466217,0.09076137419140339,0.17689169562966756,0.801874755146423,0.7659204464727326,0.10736387066217357,0.057187857897599864
510.0,19,stripping_volume_7,tray,210.72826551803414,222.63086715915207,52.771868289161844,11.913736536747791,12625.043185223938,7965.588513984375,0.061095098172077464,0.12245166520711998,0.8128656393435159,0.8074241034531902,0.12603926248440667,0.0701242313396898
510.0,20,combined_reboiler_sump,reboiler_sump,217.00122755901882,222.65615377026546,757.7305925801393,77.45474347113505,,8001.494208393795,0.0363794444974223,0.07547965581087045,0.7923754478356777,0.824751921064904,0.17124510766689996,0.09976842312422565
540.0,1,reflux_drum,reflux_drum,120.78992538208057,221.5327029890671,1685.820006018927,117.38575600137408,,,0.8803928780409629,0.9463680468884758,0.11956572845733307,0.053622416017990636,4.1393501704195144e-05,9.537093533622937e-06
540.0,2,rectifying_volume_1,tray,130.21796470524225,221.58024064811514,38.01575847129601,49.547599877477545,5660.7546947701485,8475.79813286091,0.756690138446029,0.8803812173866807,0.24314606917761045,0.11957709474513219,0.00016379237636063806,4.168786818705056e-05
540.0,3,rectifying_volume_2,tray,141.24448230367287,221.62939662998602,34.28499482904159,12.82359814169156,5440.009913688611,8183.644487043758,0.6248546993116602,0.7947503612553298,0.37470371473115305,0.20512312784911757,0.00044158595718677893,0.00012651089555260208
540.0,4,rectifying_volume_3,tray,151.59132372947258,221.678400189824,33.35318833917938,12.604592341210832,5314.328927228218,7962.7054629832055,0.5123606252328191,0.7056683643487035,0.4866535058446245,0.294016047567222,0.0009858689225565843,0.00031558808407463864
540.0,5,rectifying_volume_4,tray,159.62863561877285,221.72769154311302,32.773116299195685,12.448045912820719,5256.586013066081,7836.8323938628355,0.43166758573669306,0.6306046065365565,0.5663718973708798,0.36871205885866287,0.0019605168924270726,0.0006833346047806467
540.0,6,rectifying_volume_5,tray,165.10866714027748,221.7773143216882,32.374467778645986,12.353227889076393,5231.716060542862,7778.9197783277705,0.3799354622662307,0.5768883067091007,0.6164303280587776,0.42177079820526775,0.0036342096749916544,0.0013408950856314747
540.0,7,rectifying_volume_6,tray,168.60530349351313,221.8272821587756,32.158542980909864,12.29402481817439,5217.648908891455,7753.901909700073,0.3487513662938449,0.5423973679625798,0.6447859756351493,0.4551325521712696,0.006462658071005752,0.002470079866150671
540.0,8,rectifying_volume_7,tray,170.8464988424523,221.87749015825483,32.01824388090386,12.256458031358738,5203.220267196637,7739.700870114064,0.3303502116934831,0.5216304301910345,0.6584378042426725,0.47399199418645915,0.011211984063844441,0.004377575622506343
540.0,9,rectifying_volume_8,tray,172.44010403888507,221.92777730466224,31.867271277689266,12.231111057467265,5181.758881026527,7725.144702152433,0.31921531416467497,0.5095284539541136,0.6616366226846947,0.4828949701475417,0.019148063150630317,0.00757657589834462
540.0,10,rectifying_volume_9,tray,173.858218739087,221.97799493805346,31.66375374258851,12.20889804622253,5146.899537982173,7703.55671371977,0.3117376424860247,0.5025126422866613,0.6559478545415646,0.484577421812538,0.03231450297241065,0.012909935900800725
540.0,11,rectifying_volume_10,tray,175.50817097581088,222.02803756527686,31.391355878019983,12.179719192986912,5090.358391612423,7668.569133882298,0.3054971596375839,0.4983054388874746,0.6406166499114537,0.479969688312021,0.05388619045096236,0.021724872800504388
540.0,12,feed_tray,tray,177.82055437062243,222.10300066148176,45.877709184698155,10.960361560281292,12235.127337596305,7611.8992553032795,0.29867845227127454,0.49549849161963677,0.6128770115548186,0.468423117440319,0.08844453617390696,0.03607839094004409
540.0,13,stripping_volume_1,tray,181.28802382557012,222.17864872755166,45.6863751966786,10.907313003009023,12255.777412352247,7613.55243565049,0.2703118849773361,0.4583574332199596,0.6398942713601121,0.5037070974537351,0.0897938436625518,0.03793546932630534
540.0,14,stripping_volume_2,tray,185.45077255375583,222.25533363430458,45.51023717784126,10.842472133121275,12292.601343324706,7634.047070073878,0.23702875358667658,0.4123514929860018,0.6715976894107859,0.5474047032145662,0.09137355700253756,0.04024380379943186
540.0,15,stripping_volume_3,tray,190.18213882594014,222.33327923975088,45.303821755010695,10.773756226806256,12349.257881809563,7670.706568797234,0.20021808498530796,0.35828944477488656,0.7065575764923077,0.5986913304372347,0.09322433852238421,0.04301922478787887
540.0,16,stripping_volume_4,tray,195.250560096184,222.40282249958656,53.47439343193763,12.15229135440781,12424.510797194365,7727.195529834123,0.1620131296597173,0.29852418477342885,0.7423759272554654,0.6551378630957487,0.09561094308481721,0.046337952130822466
540.0,17,stripping_volume_5,tray,200.40349066498717,222.47373936151183,53.175153189060715,12.07904732781991,12510.457734270807,7802.258630569436,0.12482113240338226,0.23668363137688836,0.7757232053928038,0.7127178878655158,0.09945566220381392,0.050598480757595675
540.0,18,stripping_volume_6,tray,205.49733846691151,222.5466381028513,53.206630481317774,11.981184849160956,12588.55244131025,7888.021063105412,0.09072924522046129,0.1768365968253631,0.8018966234534676,0.7659685277645758,0.10737413132607117,0.057194875410061144
540.0,19,stripping_volume_7,tray,210.7275215746721,222.62088762996083,52.77099140258833,11.913187414337111,12624.563708060947,7965.936492116262,0.06107509225908713,0.12241587082511335,0.8128740906581301,0.807452522477077,0.12605081708278287,0.07013160669780977
540.0,20,combined_reboiler_sump,reboiler_sump,216.99890582951826,222.64617746762335,757.7374308964672,77.45049390795357,,8001.77293386704,0.03637140892289429,0.0754651146950417,0.792371079795504,0.824759237283173,0.17125751128160163,0.09977564802178533
570.0,1,reflux_drum,reflux_drum,120.78600232401938,221.52136360273656,1684.7870230931712,117.45628223367264,,,0.8803889691273004,0.9463672940731128,0.11956962310991064,0.05362316588475239,4.1407762788990946e-05,9.540042134841411e-06
570.0,2,rectifying_volume_1,tray,130.21904616910575,221.56890869890785,38.015347263109966,49.54429003981157,5660.618012292257,8476.663988936425,0.7566219941618967,0.8803437616781118,0.24321401393906972,0.11961449878186599,0.0001639918990337063,4.17395400222331e-05
570.0,3,rectifying_volume_2,tray,141.24971934757008,221.61807162433374,34.28426987456147,12.822672590752031,5439.845832792628,8184.338057225281,0.6247442479471467,0.7946744233714038,0.37481359253514035,0.20519889253298176,0.00044215951771296567,0.00012668409561451813
570.0,4,rectifying_volume_3,tray,151.59796030290045,221.6670822121467,33.352478770307336,12.6036712051681,5314.197721953718,7963.364245113128,0.5122441045523463,0.7055717738282908,0.48676884148725397,0.2941122310980679,0.0009870539603997722,0.0003159950736412311
570.0,5,rectifying_volume_4,tray,159.63428935155522,221.7163807413384,32.77254894674647,12.447171599986623,5256.4856968894355,7837.517085890104,0.43156771848850484,0.6305103485465443,0.5664696884611048,0.36880553995605403,0.001962593050390452,0.0006841114974016835
570.0,6,rectifying_volume_5,tray,165.11243725032278,221.76601065600514,32.37403292709329,12.352405241715472,5231.6253902920425,7779.628975421451,0.3798575334727338,0.5768091123758528,0.6165049487158895,0.42184869387462237,0.0036375178113765634,0.0013421937495248846
570.0,7,rectifying_volume_6,tray,168.60733018746717,221.815985415235,32.15818673977054,12.293242979469596,5217.551559039779,7754.614973847568,0.34869184832788525,0.5423349785269969,0.6448405468857206,0.45519295248576064,0.006467604786394196,0.0024720689872424597
570.0,8,rectifying_volume_7,tray,170.84728023037675,221.86620004552563,32.01791514820109,12.255704051004662,5203.107577056947,7740.402062905231,0.3303035658201161,0.5215814294058656,0.658477449699061,0.47403814564951113,0.011218984480822937,0.0043804249446231895
570.0,9,rectifying_volume_8,tray,172.44012248173053,221.916493520437,31.86693464786076,12.230374853145857,5181.627380345226,7725.825917464996,0.3191768026062762,0.5094885439014213,0.6616658416776724,0.48293106614355036,0.01915735571605139,0.007580389955028354
570.0,10,rectifying_volume_9,tray,173.85780407721882,221.96671719760016,31.663393579995002,12.208173687735016,5146.749885047005,7704.214999186829,0.3117040020840927,0.502478338964081,0.6559702773035133,0.48460707207768255,0.032325720612394006,0.012914588958236365
570.0,11,rectifying_volume_10,tray,175.50744605832597,222.01676561519358,31.390982171894,12.17900561987893,5090.196593418659,7669.205609781748,0.3054665747893795,0.4982743883927639,0.6406359089099325,0.47999594366631887,0.05389751630068809,0.02172966794091739
570.0,12,feed_tray,tray,177.81937060977907,222.09173406776588,45.877102035284665,10.959758697579801,12234.75711979264,7612.520255762338,0.2986504714145812,0.49546932461199245,0.6128982144135823,0.46844922904398356,0.0884513141718365,0.03608144634402413
570.0,13,stripping_volume_1,tray,181.28837260477047,222.16738635620564,45.68567225126443,10.906691538022725,12255.406925815776,7613.9583453637815,0.27027207565778905,0.4583104580850968,0.6399265769463935,0.5037499855895435,0.08980134739581734,0.037939556325359745
570.0,14,stripping_volume_2,tray,185.4523878343978,222.24407576883806,45.50947067740462,10.841838919443774,12292.238010308198,7634.445946067311,0.2369799804376333,0.41228833876039767,0.6716383667298349,0.5474627887589256,0.09138165283253188,0.04024887248067689
570.0,15,stripping_volume_3,tray,190.18448815162958,222.32202614916758,45.30303052122879,10.773121470637442,12348.903024880728,7671.105752498132,0.20016514094213042,0.358215036606088,0.7066019843994439,0.5987598671965644,0.09323287465842581,0.04302509619734758
570.0,16,stripping_volume_4,tray,195.2529257601024,222.3915730318385,53.47348920499784,12.151582002390173,12424.152301825286,7727.596330678993,0.16196182303726644,0.2984465050650398,0.74241831367254,0.6552091242412266,0.09561986329019367,0.04634437069373357
570.0,17,stripping_volume_5,tray,200.40516288834894,222.46249341048332,53.17427147680655,12.078360725981497,12510.077685993067,7802.648411952222,0.12477674999836359,0.23661185354806938,0.7757581415439271,0.7127829051916311,0.09946510845770921,0.05060524126029964
570.0,18,stripping_volume_6,tray,205.49777633966482,222.53539531416982,53.20576211127179,11.980529864243604,12588.128668172905,7888.382147143608,0.09069552581212866,0.1767789518173016,0.8019199720848127,0.7660190994055849,0.10738450210305867,0.057201948777113536
570.0,19,stripping_volume_7,tray,210.72644432228117,222.60964741284195,52.77012983137411,11.912563569983025,12624.077972974173,7966.24703639738,0.0610537436159007,0.12237776686535821,0.8128836590132226,0.8074831379410767,0.12606259737087674,0.07013909519356501
570.0,20,combined_reboiler_sump,reboiler_sump,216.99624442959356,222.6349404255362,757.7457706563854,77.44567049096649,,8002.014894672722,0.03636229541152145,0.07544858221685505,0.7923671170829171,0.8247681737173597,0.17127058750556143,0.09978324406578518
600.0,1,reflux_drum,reflux_drum,120.78177753403358,221.50884132521597,1683.554523886162,117.54082062109482,,,0.8803831745027291,0.946365743657506,0.1195754016866135,0.05362471296482162,4.142381065742581e-05,9.543377672422548e-06
600.0,2,rectifying_volume_1,tray,130.21984784226072,221.5563937197119,38.0149594456256,49.54067223739084,5660.483123050584,8477.476313215848,0.75655167319046,0.8803052759702187,0.2432841340778962,0.11965293256403818,0.00016419273164374235,4.179146574315184e-05
600.0,3,rectifying_volume_2,tray,141.25470159979452,221.60556348489516,34.28356799079768,12.821667095607566,5439.685321728131,8184.982806137358,0.6246313876085235,0.7945971113048828,0.3749258798378867,0.20527603168902664,0.00044273255358965756,0.00012685700609054
600.0,4,rectifying_volume_3,tray,151.60435904175895,221.65458101740026,33.351794687778444,12.602671137017804,5314.071685284922,7963.9771102460345,0.512125090602264,0.7054734682731145,0.48688667571869515,0.2942101315404425,0.0009882336790410086,0.0003164001864430133
600.0,5,rectifying_volume_4,tray,159.6397022520847,221.70388665710556,32.77201040526408,12.446219358167099,5256.391922623004,7838.158562067323,0.43146547160671894,0.63041422255204,0.5665698751455603,0.3689008948892046,0.0019646532477206945,0.0006848825587553488
600.0,6,rectifying_volume_5,tray,165.11594746133315,221.75352365679433,32.37363058252285,12.35150552299731,5231.5424045199925,7780.2973080308375,0.3797774552990911,0.576728104239748,0.6165817551496591,0.421928417443124,0.003640789551249712,0.0013434783171280005
600.0,7,rectifying_volume_6,tray,168.60907013931205,221.80350529882958,32.15786686038319,12.292384794047374,5217.462891460509,7755.289177035575,0.3486304461208497,0.5422709567323238,0.6448970737727092,0.4552550142224473,0.006472480106440944,0.0024740290452288827
600.0,8,rectifying_volume_7,tray,170.84774584983128,221.8537265309745,32.017626646456435,12.254874332993596,5203.004509052405,7741.066178363155,0.33025529287889843,0.5215310272799591,0.6585188473062427,0.4740857515377141,0.01122585981485891,0.004383221182326689
600.0,9,rectifying_volume_8,tray,172.43979646094752,221.90402631533124,31.866642010874813,12.229563442973326,5181.506420237089,7726.471746579642,0.31913689899478553,0.5094474693820855,0.6616966487084266,0.482968413373728,0.01916645229678796,0.0075841172441866375
600.0,10,rectifying_volume_9,tray,173.85701805531903,221.95425602695272,31.663080804441808,12.207374617323337,5146.611622313502,7704.839562484345,0.3116691802734662,0.5024430969697116,0.6559941458404571,0.4846377852955739,0.032336673886076694,0.012919117734714602
600.0,11,rectifying_volume_10,tray,175.50632787734702,222.00431023486652,31.390658148007,12.178217788092217,5090.046770470545,7669.809967442511,0.30543499093401216,0.49824261045460855,0.6406564318732958,0.4800230689680176,0.05390857719269208,0.021734320577373966
600.0,12,feed_tray,tray,177.8177854741169,222.0792839913469,45.876505645786246,10.959093192085,12234.378692043123,7613.110482358392,0.2986216273939443,0.49543962695076404,0.6129203193561387,0.46847595066621417,0.08845805324991697,0.036084422383021786
600.0,13,stripping_volume_1,tray,181.28834539261183,222.15494032266096,45.68497982001129,10.906007187194751,12255.028965863366,7614.314185524425,0.2702312087447039,0.45826262779884014,0.639959960115585,0.5037937906725837,0.08980883113971112,0.037943581528576215
600.0,14,stripping_volume_2,tray,185.45365655238214,222.2316340791996,45.50871441707188,10.841142612238073,12291.86803306845,7634.796448538907,0.23692993747029018,0.41222392457312385,0.6716803148818409,0.5475221750154529,0.09138974764786885,0.040253900411423314
600.0,15,stripping_volume_3,tray,190.18651827893365,222.30958909108196,45.30224960279076,10.772423501182633,12348.542433976296,7671.458397161848,0.200110747855377,0.35813894600857565,0.7066478257233754,0.5988301056126819,0.09324142642124757,0.043030948378742453
600.0,16,stripping_volume_4,tray,195.2549914517439,222.3791395035083,53.472600034674855,12.150800867985149,12423.78908065466,7727.952523507188,0.16190896451604092,0.2983667807767395,0.7424622227230618,0.6552824302751324,0.09562881276089731,0.046350788948128094
600.0,17,stripping_volume_5,tray,200.40653904675767,222.45006332022484,53.17340641845745,12.077602593103112,12509.693726477713,7802.995739292298,0.12473083383443716,0.23653783718906934,0.7757945727754499,0.7128501498322485,0.09947459339011289,0.050612012978682064
600.0,18,stripping_volume_6,tray,205.49790848391183,222.5229683190021,53.2049123992487,11.979803964336352,12587.701477303235,7888.702708002526,0.09066039412989352,0.17671906005761498,0.8019446714852935,0.7660718942486,0.10739493438481303,0.05720904569378502
600.0,19,stripping_volume_7,tray,210.72504691569736,222.5972229297737,52.76928798247238,11.911869244604985,12623.588792795326,7966.518636986091,0.06103116659526729,0.12233755395643314,0.8128942839748765,0.8075157822186472,0.12607454942985621,0.07014666382491969
600.0,20,combined_reboiler_sump,reboiler_sump,216.99326503265843,222.6225190479098,757.7555588441428,77.44030473038683,,8002.218943244706,0.03635215442796535,0.07543014812197305,0.7923635665555333,0.8247786713188751,0.17128427901650128,0.09979118055915177
630.0,1,reflux_drum,reflux_drum,120.7772776899996,221.4952197166314,1682.1315605937307,117.63874208287872,,,0.8803755528132217,0.9463634157747839,0.1195830056152387,0.053627037139869174,4.1441571539699315e-05,9.54708534692298e-06
630.0,2,rectifying_volume_1,tray,130.2203709581014,221.54277922780855,38.01459659272684,49.53677000214683,5660.350701528996,8478.230554277385,0.7564795613372284,0.880265968269679,0.2433560446991083,0.11969218831944675,0.00016439396366336735,4.184341087426961e-05
630.0,3,rectifying_volume_2,tray,141.25940963123173,221.59195568854034,34.2828923350908,12.820588073172484,5439.5291685791735,8185.575043027098,0.6245167137903587,0.7945188270673577,0.37503998373376596,0.2053541440875277,0.0004433024758753995,0.00012702884511464182
630.0,4,rectifying_volume_3,tray,151.6104941776615,221.64098004155477,33.35113909769889,12.601598485387704,5313.951419748513,7964.540522059436,0.5120042014410675,0.7053739501492925,0.4870063957942395,0.2943092482568311,0.00098940276469298,0.00031680159387638364
630.0,5,rectifying_volume_4,tray,159.6448542898871,221.69029268468697,32.77150290294696,12.44519526352686,5256.305126524279,7838.753139313203,0.4313613712844079,0.6303167141135103,0.5666719405146139,0.36899764157391884,0.001966688200978196,0.000685644312570876
630.0,6,rectifying_volume_5,tray,165.11918784346676,221.73993667681108,32.3732622661339,12.350534525202399,5231.467486342052,7780.920962308178,0.37969563773195303,0.5766456876415516,0.6166603521866443,0.4220095693700309,0.0036440100814027284,0.0013447429884175484
630.0,7,rectifying_volume_6,tray,168.6105225890968,221.78992512187278,32.15758444434637,12.291455833872485,5217.383320984146,7755.920684331203,0.3485674736108489,0.5422056206358683,0.6449552646261121,0.45531842821733665,0.006477261763038994,0.0024759511467949955
630.0,8,rectifying_volume_7,tray,170.8479014228193,221.84015288794632,32.017379326272504,12.253974299817623,5202.911554321296,7741.689442095164,0.33020564041539224,0.5214794733283796,0.6585617812984211,0.4741345751229846,0.011232578286186665,0.004385951548635794
630.0,9,rectifying_volume_8,tray,172.4391356276832,221.8904589252552,31.866394354116885,12.22868215409148,5181.396586355115,7727.078517292032,0.31909580947182187,0.5094054340709228,0.6617288802888008,0.4830068253732598,0.01917531023937739,0.0075877405558173894
630.0,10,rectifying_volume_9,tray,173.8558725019817,221.94069462604,31.66281652970492,12.206506098335902,5146.485428079846,7705.426849119876,0.3116333589195099,0.5024070923091384,0.6560193305097085,0.48466940658127966,0.03234731057078161,0.012923501109582004
630.0,11,rectifying_volume_10,tray,175.50482973004202,221.99075458955303,31.39038501241479,12.177360903026594,5089.9096665420275,7670.378765799515,0.3054025752680633,0.49821026558067005,0.640678105482238,0.4800509255785394,0.05391931924969866,0.02173880884079056
630.0,12,feed_tray,tray,177.81581434809482,222.06573356621342,45.875923186721444,10.958369441690511,12233.994315672866,7613.666578454175,0.29859207542131666,0.49540955065237496,0.6129432056278642,0.4685031441924028,0.08846471895081909,0.036087305155222155
630.0,13,stripping_volume_1,tray,181.28794960267237,222.14139373842286,45.68430156878044,10.905264440518833,12254.645795128035,7614.618153096289,0.2701895010851262,0.4582141878205734,0.6399942419877775,0.503838286380838,0.0898162569270963,0.03794752579858856
630.0,14,stripping_volume_2,tray,185.4545794982715,222.2180916529014,45.507972391542154,10.840387757336416,12291.493636966674,7635.096812703616,0.23687888853912042,0.41215858155949087,0.6717233107378165,0.5475825549414218,0.09139780072306315,0.04025886349908724
630.0,15,stripping_volume_3,tray,190.1882261064737,222.29605112755758,45.30148312099163,10.771666867343553,12348.178289961206,7671.762738353241,0.200055191904227,0.3580615650438103,0.7066948568914829,0.5989016817067163,0.0932499512042902,0.043036753249473314
630.0,16,stripping_volume_4,tray,195.2567539034936,222.3656049574651,53.471730544924355,12.149953052991098,12423.423331927324,7728.26233714871,0.16185483238770515,0.2982854240186653,0.7425074201437661,0.6553573997403581,0.0956377474685287,0.04635717624097658
630.0,17,stripping_volume_5,tray,200.40761943230183,222.43653211488862,53.17256251020728,12.076777906833808,12509.308164272104,7803.298899662195,0.12468362653886636,0.23646196690004076,0.77583230242718,0.712919269184998,0.09948407103395349,0.05061876391496123
630.0,18,stripping_volume_6,tray,205.49774167030878,222.5094401245636,53.204085757134486,11.97901195056976,12587.273403330519,7888.981182499503,0.09062403703511883,0.1766572350434959,0.8019705844222419,0.7661266316731979,0.10740537854263932,0.05721613328330606
630.0,19,stripping_volume_7,tray,210.72334422081448,222.58369717407228,52.76847020753296,11.91110906756117,12623.099024191,7966.749994300557,0.06100748258487638,0.12229544483952227,0.8129058995818911,0.8075502763576303,0.12608661783323255,0.07015427880284751
630.0,20,combined_reboiler_sump,reboiler_sump,216.98999111180007,222.60899631034295,757.7667354179382,77.43443105625174,,8002.384138238767,0.0363410418276697,0.07540991206110925,0.7923604332377446,0.8247906630692993,0.1712985249345858,0.09979942486959131
660.0,1,reflux_drum,reflux_drum,120.77253110226503,221.4805884159081,1680.5282697595894,117.74934097065214,,,0.8803661712726074,0.9463603341108935,0.11959236776347418,0.05363011474039753,4.1460963918483084e-05,9.551148709033445e-06
660.0,2,rectifying_volume_1,tray,130.22061815481078,221.52815482038488,38.014260164635054,49.53260845025436,5660.221414644611,8478.9225036405,0.7564060559846851,0.8802260521512496,0.24342934934676544,0.11973205271151328,0.0001645946685494623,4.189513723709566e-05
660.0,3,rectifying_volume_2,tray,141.26382518178218,221.5773377929411,34.282245958034366,12.819442353749709,5439.378144445199,8186.111392859972,0.6244008358521912,0.794439980997354,0.37515529748058934,0.20543282017973807,0.0004438666672194108,0.0001271988229079109
660.0,4,rectifying_volume_3,tray,151.61634096899093,221.62636880215084,33.35051488752222,12.600460007994123,5313.837501783919,7965.05124242231,0.5118820698275918,0.7052737326563376,0.4871273743078748,0.2944090698894652,0.0009905558645334834,0.0003171974541971533
660.0,5,rectifying_volume_4,tray,159.6497264722231,221.6756883005852,32.77102853069912,12.44410579619459,5256.225711064379,7839.297415703293,0.4312559577645617,0.630218320439687,0.5667753536426331,0.3690952862910646,0.001968688592805285,0.0006863932692484812
660.0,6,rectifying_volume_5,tray,165.12214961898945,221.72533915161625,32.37292934109929,12.34949843995674,5231.400978885424,7781.496390824275,0.37961250340913005,0.5765622791323127,0.61674033199545,0.4220917389026023,0.003647164595420002,0.0013459819650849607
660.0,7,rectifying_volume_6,tray,168.6116880851939,221.77533427999185,32.157340414129905,12.290462066336781,5217.313217172807,7756.505914792039,0.34850325581239483,0.5421392983487535,0.6450148165900941,0.45538287520728365,0.0064819275975110235,0.0024778264439628815
660.0,8,rectifying_volume_7,tray,170.84775414322635,221.8255684735477,32.01717393843968,12.253009766131482,5202.829153851972,7742.268322653909,0.330154865560236,0.5214270257337672,0.6586060260213943,0.4741843708768414,0.011239108418369781,0.004388603389391311
660.0,9,rectifying_volume_8,tray,172.43815126398508,221.87588067027013,31.866192445268926,12.227736702955378,5181.2984094767,7727.642789840595,0.3190537484203161,0.5093626489290073,0.6617623640888912,0.4830461081163856,0.019183887490792625,0.007591242954607148
660.0,10,rectifying_volume_9,tray,173.85438102759468,221.92612227927236,31.662601631634924,12.205573780718964,5146.371921367785,7705.97352661077,0.3115967269186096,0.5023705069651989,0.6560456937046036,0.4847017746187321,0.032357579376786766,0.01292771841606899
660.0,11,rectifying_volume_10,tray,175.50296682625552,221.9761879292652,31.390163720015092,12.176440554031162,5089.785963004415,7670.908775498876,0.30536950093508763,0.49817751901138607,0.6407008094677111,0.4800793695600846,0.053929689597201264,0.02174311142852925
660.0,12,feed_tray,tray,177.81347459607568,222.05117201163952,45.875357777538696,10.95759216802368,12233.606293271881,7614.18538995243,0.2985619757763592,0.4953792512636515,0.6129667474207469,0.4685306676860752,0.08847127680289414,0.036090081050273205
660.0,13,stripping_volume_1,tray,181.28719445702578,222.12683580145452,45.68364111584375,10.90446811355026,12254.259713495305,7614.86874454925,0.27014717588351833,0.45816538927025957,0.6400292374985826,0.5038832405783646,0.0898235866178991,0.03795137015137575
660.0,14,stripping_volume_2,tray,185.45515909087862,222.20353766497675,45.507248550760636,10.839579227517248,12291.117080138743,7635.345562058715,0.2368271051228375,0.41209264895909714,0.6717671238681305,0.5476436133889218,0.09140577100903212,0.04026373765198106
660.0,15,stripping_volume_3,tray,190.18961001234288,222.28150140913172,45.30073515249548,10.770856445543094,12347.812801815777,7672.017287888345,0.19999876781871298,0.35798329618902325,0.7067428262320822,0.5989742212284486,0.09325840594920497,0.043042482582528165
660.0,16,stripping_volume_4,tray,195.25821124253048,222.3510585256849,53.470885292907006,12.149044030707778,12423.057277283811,7728.524264357406,0.16179971386629877,0.2982028590411752,0.7425536633035386,0.6554336393034443,0.09564662283016269,0.04636350165538051
660.0,17,stripping_volume_5,tray,200.4084057472345,222.42198890829363,53.17174417234129,12.075892014366111,12508.923328100975,7803.5564307003815,0.12463537927510751,0.23638463999304477,0.775871125915758,0.7129898982601262,0.09949349480913443,0.05062546174682904
660.0,18,stripping_volume_6,tray,205.49728417467662,222.49489982824431,53.20328650934095,11.978158989731789,12586.84699969545,7889.216246345287,0.09058664897000432,0.17659380245712597,0.8019975667837086,0.7661830192362282,0.10741578424628716,0.05722317830664595
660.0,19,stripping_volume_7,tray,210.72135272727232,222.56915922970325,52.76768076331469,11.910288031011715,12622.611543622677,7966.9400379764875,0.06098281932788108,0.12225166319462889,0.8129184346890638,0.8075864310522218,0.12609874598305512,0.07016190575314922
660.0,20,combined_reboiler_sump,reboiler_sump,216.98644778757225,222.59446127960496,757.7792331051971,77.42808666946654,,8002.509760370161,0.0363290186224559,0.07538798319859501,0.7923577202777352,0.8248040742410275,0.17131326109980885,0.09980794256037738
690.0,1,reflux_drum,reflux_drum,120.76756752324935,221.46504258149986,1678.7558063024687,117.87183981804392,,,0.8803551054521915,0.9463565258570912,0.11960341264912962,0.05363391859322914,4.148189867894936e-05,9.555549679624415e-06
690.0,2,rectifying_volume_1,tray,130.22059348047398,221.51261561567344,38.01395149376875,49.528214122985155,5660.095916067195,8479.548345973184,0.7563315633606352,0.8801857452788914,0.243503642729539,0.11977230831658182,0.00016479390982573045,4.19464045268994e-05
690.0,3,rectifying_volume_2,tray,141.2679313190491,221.5618048780929,34.28163177680696,12.81823713751032,5439.232996564547,8186.588838623287,0.6242843727226401,0.7943609888512373,0.37527120477746057,0.20551164500149616,0.00044442249989925896,0.00012736614726656685
690.0,4,rectifying_volume_3,tray,151.62187589993232,221.61084234020223,33.34992480037023,12.599262828739437,5313.730476024704,7965.506371900705,0.5117593388210082,0.7051733361460563,0.48724897355469826,0.2945090779284213,0.0009916876242935253,0.0003175859255224988
690.0,5,rectifying_volume_4,tray,159.65430099365503,221.66016850581823,32.77058922200972,12.44295779950903,5256.154040201446,7839.788311561059,0.4311497816803307,0.6301195470136564,0.5668795731809807,0.3691933270354505,0.001970645138688658,0.0006871259508930502
690.0,6,rectifying_volume_5,tray,165.12482523354146,221.70982604223934,32.372632997219526,12.348403819660012,5231.343180688238,7782.020354140227,0.3795284848464535,0.5764783037418076,0.6168212767509283,0.4221745067650988,0.0036502384026182557,0.0013471894930935982
690.0,7,rectifying_volume_6,tray,168.61256848788756,221.75982769515693,32.15713550013722,12.28940981734519,5217.25289920683,7757.041582691506,0.34843812674939467,0.5420723259584778,0.6450754175216465,0.4554480278405046,0.006486455728958596,0.0024796462010177704
690.0,8,rectifying_volume_7,tray,170.847312635351,221.8100681720276,32.01701102124114,12.251986902934355,5202.75769251786,7742.799571833309,0.3301032334280508,0.5213739497546005,0.6586513472858531,0.4742348859629631,0.011245419286096282,0.0043911642824364305
690.0,9,rectifying_volume_8,tray,172.43685621696457,221.86038639830574,31.86603681835097,12.226733160183475,5181.212358544287,7728.1613959668475,0.31901093713219153,0.5093193309117666,0.6617969199260724,0.48308606117039155,0.019192142941736177,0.007594607917841692
690.0,10,rectifying_volume_9,tray,173.85255894812664,221.91063379958155,31.662436732241535,12.204583666283291,5146.271653990535,7706.476522192102,0.31155947900120323,0.5023335277615144,0.6560730906187638,0.48473472262251016,0.03236743038003287,0.012931749615975452
690.0,11,rectifying_volume_10,tray,175.50075620713184,221.96070503311913,31.389994957068918,12.175462680042939,5089.676270173407,7671.397015289015,0.30533594589099766,0.498144539643643,0.640724417290946,0.48010825256672524,0.05393963681805636,0.02174720778963179
690.0,12,feed_tray,tray,177.81078546888995,222.03569407682085,45.874812457689934,10.95676638740502,12233.21694962067,7614.664000630038,0.2985314927196781,0.4953488867920154,0.6129908146828087,0.4685583763439737,0.08847769259751313,0.036092736864010974
690.0,13,stripping_volume_1,tray,181.2860909492752,222.1113612410395,45.68300199908746,10.903623317741204,12253.87303880354,7615.0647802852955,0.2701044611765826,0.45811648719666404,0.6400647566271492,0.503928416896857,0.08983078219626814,0.03795509590647896
690.0,14,stripping_volume_2,tray,185.45539938537837,222.18806682307675,45.5065467645738,10.838722192498315,12290.740634256861,7635.541532037525,0.23677486447850762,0.41202647179831536,0.6718115180781029,0.5477050292401101,0.09141361744338933,0.04026849896157447
690.0,15,stripping_volume_3,tray,190.19066988680268,222.26603462015285,45.30000969294063,10.769997409765736,12347.448187497874,7672.220856990537,0.19994177689565226,0.35790454962413426,0.7067914756421241,0.5990473421630947,0.09326674746222362,0.043048108212770976
690.0,16,stripping_volume_4,tray,195.2593630212129,222.3355948747647,53.47006872788778,12.148079612447622,12422.693142220625,7728.737084500225,0.161743903182313,0.2981195194234491,0.7426007027907102,0.6555107463466219,0.09565539402697679,0.04636973422992893
690.0,17,stripping_volume_5,tray,200.4089011067587,222.4065283496093,53.1709557086975,12.074950599903278,12508.541546239776,7803.767142296844,0.12458635010314499,0.23630626390761958,0.7759108320482362,0.7130616620404231,0.0995028178486188,0.0506320740519572
690.0,18,stripping_volume_6,tray,205.4965457331389,222.47944206344542,53.20251885233671,11.977250583061545,12586.424816084664,7889.406834142859,0.09054843072138935,0.17652909810836437,0.8020254684693598,0.7662407545032135,0.10742610080925073,0.05723014738842212
690.0,19,stripping_volume_7,tray,210.71909044355155,222.55370371724567,52.76692377131885,11.909411460022874,12622.12922217294,7967.087944367211,0.06095731015932411,0.12220644232091982,0.8129318133652675,0.8076240477442842,0.12611087647540836,0.07016950993479588
690.0,20,combined_reboiler_sump,reboiler_sump,216.98266165439904,222.57900855976752,757.7929771878175,77.42131136807278,,8002.595326757225,0.03631615069512799,0.07536447972903171,0.7923554289146935,0.8248188227287906,0.17132842039017857,0.09981669754217783
720.0,1,reflux_drum,reflux_drum,120.76241793704793,221.4486822636271,1676.8262664081267,118.00539487244549,,,0.8803424389951336,0.946352021632795,0.11961605672553766,0.053638418098620785,4.150427932871896e-05,9.560268584201154e-06
720.0,2,rectifying_volume_1,tray,130.22030238691502,221.49626162559295,38.013671771163025,49.52361480931884,5659.9748404614875,8480.104706124133,0.7562564956186276,0.8801452678297713,0.24357851363375954,0.11981273519822729,0.00016499074761283433,4.1996972001467164e-05
720.0,3,rectifying_volume_2,tray,141.27171259301292,221.5454569193321,34.281052548709354,12.816979946134422,5439.09444144788,8187.00476058564,0.6241679483444088,0.794282268722735,0.3753870843005622,0.20559020124786484,0.0004449673550289727,0.0001275300294001374
720.0,4,rectifying_volume_3,tray,151.6270768780973,221.5945005935904,33.349371409747896,12.598014390021318,5313.630849727858,7965.903387395934,0.5116366571115442,0.7050732843256244,0.487370550160345,0.2946087504947617,0.0009927927281108875,0.0003179651796139478
720.0,5,rectifying_volume_4,tray,159.65856138253707,221.64383319969465,32.77018673360057,12.441758434579725,5256.090434914183,7840.223107909838,0.43104340015503795,0.6300209040021654,0.5669840511875405,0.3692912570800952,0.0019725486574216876,0.0006878389177394123
720.0,6,rectifying_volume_5,tray,165.1272084209792,221.69349720932976,32.37237423669849,12.347257534324758,5231.294341429611,7782.489959932875,0.37944402146318623,0.5763941920544654,0.6169027614943946,0.42225744803816834,0.003653217042419165,0.0013483599073662628
720.0,7,rectifying_volume_6,tray,168.613166963266,221.7435051901973,32.15697022915319,12.28830572988805,5217.2026311393965,7757.524736481087,0.3483724272204741,0.5420050452885157,0.6451367480495589,0.4555135528471317,0.00649082472996705,0.0024814018643527056
720.0,8,rectifying_volume_7,tray,170.84658690016488,221.79375176964473,32.016890889341035,12.250912197290496,5202.697493506805,7743.280262817708,0.3300510153741499,0.521320515996071,0.658697503853706,0.47428586186352084,0.011251480772143994,0.004393622140408209
720.0,9,rectifying_volume_8,tray,172.435264818747,221.84407586036394,31.86592776150145,12.225677910984123,5181.138834124347,7728.631475931729,0.31896760235234345,0.5092757015594997,0.6618323608673996,0.4831264789632311,0.019200036780256974,0.0075978194772691335
720.0,10,rectifying_volume_9,tray,173.85042319314707,221.89432890394738,31.662322185638676,12.203542069579044,5146.185103058395,7706.933058584415,0.3115218144252017,0.5022963451238706,0.6561013701097778,0.4847680793981405,0.03237681546502043,0.012935575477988941
720.0,11,rectifying_volume_10,tray,175.49821664656213,221.94440558517215,31.389879125683112,12.174433530868047,5089.581119108917,7671.840786573614,0.305302091671873,0.4981114988655423,0.6407487969119834,0.4801374228217519,0.05394911141614358,0.02175107831270591
720.0,12,feed_tray,tray,177.80776799198574,222.0193994169969,45.874290157521415,10.955897378131356,12232.8286118847,7615.099765748401,0.2985007933196697,0.4953186165596186,0.6130152740028614,0.4685861235246948,0.08848393267746883,0.03609525991568659
720.0,13,stripping_volume_1,tray,181.28465179312266,222.0950696941219,45.682387642867496,10.902735427051795,12253.488086859026,7615.20542620679,0.2700615881920214,0.45806773872262946,0.6401006057259159,0.5039735764344481,0.08983780608206268,0.03795868484292242
720.0,14,stripping_volume_2,tray,185.45530607044302,222.17177874403671,45.505870786915075,10.837822085176308,12290.366564655258,7635.683890972189,0.2367224476554969,0.4119603984038944,0.6718562530665868,0.5477664777024734,0.09142129927791631,0.04027312389363212
720.0,15,stripping_volume_3,tray,190.19140715622257,222.2497503555826,45.29931062004352,10.76909519783941,12347.086654220457,7672.372576912358,0.19988452486181754,0.35782574031473807,0.7068405423882637,0.5991206574304613,0.09327493274991873,0.04305360225480085
720.0,16,stripping_volume_4,tray,195.26021023915945,222.31931358289762,53.46928514968792,12.14706590980435,12422.333135992258,7728.899883879743,0.16168769952568623,0.2980358450422489,0.7426482841303682,0.6555883117662364,0.09566401634394571,0.0463758431915146
720.0,17,stripping_volume_5,tray,200.40911003191152,222.3902500004973,53.1702012658103,12.073959647938983,12508.165125318099,7803.930136023787,0.12453680220532751,0.23622725341608825,0.7759512044481252,0.71313417803723,0.09951199334654727,0.0506385685466817
720.0,18,stripping_volume_6,tray,205.49553748426908,222.46316637687173,53.20178681401803,11.97629253093788,12586.009375244186,7889.552157237464,0.0905095880764643,0.17646346569821822,0.8020541343666439,0.7662995270449288,0.10743627755689182,0.05723700725685309
720.0,19,stripping_volume_7,tray,210.7165767754315,222.5374301713087,52.76620317739139,11.908484978638018,12621.654899664147,7967.193151949115,0.060931093164311736,0.12216002368084485,0.8129459553441132,0.8076629198464372,0.12612295149157496,0.07017705647271802
720.0,20,combined_reboiler_sump,reboiler_sump,216.97866058748212,222.56273766978578,757.8078853228736,77.41414734641509,,8002.640603199955,0.036302508463323224,0.07533952830157789,0.7923535584571981,0.8248348194525821,0.17134393307947865,0.09982565224583996
750.0,1,reflux_drum,reflux_drum,120.75711433149282,221.43161171450583,1674.7526000435093,118.14910235138863,,,0.880328263254195,0.9463468553775168,0.11963020874351388,0.05364357933828037,4.152800229117166e-05,9.565284202729099e-06
750.0,2,rectifying_volume_1,tray,130.2197517117643,221.47919706636358,38.01342203371877,49.518839352204445,5659.85879775053,8480.588691646315,0.756181267767209,0.8801048408412441,0.24365354798725386,0.11985311255849224,0.00016518424553724388,4.2046600263777544e-05
750.0,3,rectifying_volume_2,tray,141.27515518404368,221.52839809831448,34.28051084536351,12.815678570133125,5438.963158142809,8187.356971379883,0.6240521869189486,0.7942042378311405,0.3755023144383293,0.2056680724788064,0.0004454986427221366,0.0001276896900531392
750.0,4,rectifying_volume_3,tray,151.63192342774408,221.57744770840804,33.348857095086245,12.596722400761255,5313.539087457046,7966.240175857386,0.5115146741398918,0.704974100292146,0.4874914599199172,0.29470756629157296,0.0009938659401909071,0.00031833341628105446
750.0,5,rectifying_volume_4,tray,159.6624926423643,221.6267864915268,32.7698226271882,12.440515130635848,5256.035169089639,7840.599481255556,0.4309373727073994,0.6299229024899843,0.5670882371481759,0.36938856871436293,0.0019743901444246254,0.0006885287956528432
750.0,6,rectifying_volume_5,tray,165.12929426093663,221.67645672523705,32.37215386131731,12.34606672426847,5231.254658084144,7782.902698671472,0.37935955643790314,0.5763103771239227,0.6169843571593855,0.422340135198035,0.0036560864027113246,0.0013494876780423815
750.0,7,rectifying_volume_6,tray,168.61348796754024,221.72647080123798,32.15684491445575,12.28715671851511,5217.162617635664,7757.952794438919,0.34830650241864825,0.5419378015165285,0.6451984837740561,0.4555791133491712,0.0064950138072957676,0.0024830851343002193
750.0,8,rectifying_volume_7,tray,170.84558824997802,221.77672326744704,32.016813624561685,12.249792407988418,5202.648813283636,7743.707825170989,0.3299984871251483,0.521266998558792,0.6587442490450485,0.47433703612553585,0.011257263829803214,0.004395965315672069
750.0,9,rectifying_volume_8,tray,172.43339279310405,221.82705302362797,31.86586530683615,12.224577611550247,5181.078162441156,7729.050512514363,0.31892397471225986,0.5092319854823771,0.6618684944375063,0.48316715215487605,0.01920753085023387,0.0076008623627468385
750.0,10,rectifying_volume_9,tray,173.8479921989482,221.87731152682312,31.662258066245105,12.202455574766928,5146.112664099809,7707.340686868704,0.3114839355725528,0.5022591517508137,0.6561303756567883,0.48480167049245415,0.0323856887706589,0.012939177756732144
750.0,11,rectifying_volume_10,tray,175.49536853621942,221.9273934881524,31.389816330697144,12.173359624490304,5089.500954062115,7672.237705212894,0.3052681220774858,0.49807856931440714,0.6407738116412695,0.4801667261723354,0.05395806628124457,0.021754704513257547
750.0,12,feed_tray,tray,177.8044448360055,222.0023919074578,45.87379366951793,10.954990644407594,12232.443589401128,7615.490343042683,0.29847004620683315,0.4952885999951909,0.6130399895612003,0.4686137618390233,0.08848996423196655,0.036097638165785775
750.0,13,stripping_volume_1,tray,181.28289135655552,222.07806501951595,45.6818013250959,10.901810041171807,12253.107151087392,7615.29021175376,0.2700187896109313,0.4580194010899027,0.6401365889369762,0.504018479551585,0.0898446214520924,0.03796211935851232
750.0,14,stripping_volume_2,tray,185.45488645392803,222.1547772683003,45.50522422014877,10.836884564449617,12289.997110151602,7635.772157657269,0.23667013739296258,0.41189477777755024,0.671901086188423,0.547827632736895,0.09142877641861441,0.04027758948555461
750.0,15,stripping_volume_3,tray,190.19182479753513,222.23275243564407,45.29864165684624,10.768155474293367,12346.730378479939,7672.471916341468,0.19982731960947195,0.3577472849254915,0.7068897610206611,0.5991937777450177,0.093282919369867,0.043058937329490794
750.0,16,stripping_volume_4,tray,195.26075535639802,222.3023184546873,53.468538667442616,12.146009293049053,12421.979431310121,7729.012073008177,0.16163140486139252,0.2979522788556012,0.7426961496123519,0.6556659229457393,0.09567244552625559,0.04638179819865945
750.0,17,stripping_volume_5,tray,200.4090384323196,222.3732576500869,53.16948479248783,12.072925402705486,12507.796328929107,7804.044821733602,0.12448700199764454,0.2361480276498108,0.775992023078313,0.7132070590142737,0.09952097492404251,0.050644913335915476
750.0,18,stripping_volume_6,tray,205.4942718986709,222.44617654365103,53.20109421366578,11.97529089380167,12585.603149571118,7889.651718879492,0.09047033038487558,0.17639725442690707,0.8020834054022989,0.7663590205782732,0.10744626421282544,0.057243724994819736
750.0,19,stripping_volume_7,tray,210.71383238908115,222.5204423557689,52.765522712038106,11.907514472235833,12621.191358506068,7967.255374148296,0.06090431026595611,0.12211265532152099,0.8129607765237481,0.8077028340760818,0.1261349132102958,0.07018451060239725
750.0,20,combined_reboiler_sump,reboiler_sump,216.97447353257525,222.5457523588938,757.8238674414351,77.4066389656724,,8002.645613970524,0.03628816649384779,0.0753132633532035,0.7923521062736795,0.8248519688311934,0.17135972723247278,0.09983476781560315
780.0,1,reflux_drum,reflux_drum,120.75168945560435,221.4139386445856,1672.548514082571,118.30200534979657,,,0.8803126768527949,0.9463410642110812,0.11964577018993053,0.0536493652150831,4.155295727447821e-05,9.570573835583666e-06
780.0,2,rectifying_volume_1,tray,130.2189496484649,221.46152961510697,38.01320315254635,49.51391744077812,5659.748367502026,8480.997929889169,0.7561062944896285,0.8800646845034762,0.24372833203243605,0.11989322044340711,0.00016537347793547355,4.209505311680318e-05
780.0,3,rectifying_volume_2,tray,141.2782470415728,221.5107360599569,34.28000902802007,12.814341012484181,5438.839781744899,8187.643746087732,0.6239377080166072,0.7941273092230533,0.3756162781604385,0.20574484641111535,0.00044601382295412947,0.00012784436583143305
780.0,4,rectifying_volume_3,tray,151.6363968754855,221.55979129624728,33.34838401855532,12.595394780769684,5313.455606126963,7966.515063258742,0.5113940350706957,0.7048763024521162,0.48761106278157057,0.2948050086696668,0.0009949021477338106,0.0003186888782170431
780.0,5,rectifying_volume_4,tray,159.66608138584496,221.60913595827142,32.76949825272,12.439235531742705,5255.988465862895,7840.915533876803,0.43083225701402844,0.6298260505872642,0.567191582139032,0.36948475710840034,0.0019761608469396493,0.0006891923043355321
780.0,6,rectifying_volume_5,tray,165.1310792283157,221.6588121320016,32.37197246131075,12.344838749200541,5231.224271607105,7783.256474999942,0.3792755334323315,0.5762272912628084,0.6170656337271291,0.42242214127953215,0.0036588328405393676,0.0013505674576593503
780.0,7,rectifying_volume_6,tray,168.61353722203924,221.708832036032,32.15675964785721,12.285969920229228,5217.133000308846,7758.323576231733,0.348240699431897,0.5418709406773163,0.6452602975832273,0.4556443712847873,0.006499002984875572,0.0024846880378963645
780.0,8,rectifying_volume_7,tray,170.84432923239297,221.75909013993308,32.01677906882021,12.248634517640669,5202.611837213986,7744.0800759009135,0.3299459268034611,0.5212136730845056,0.6587913324499015,0.47438814420972586,0.011262740746637473,0.00439818270576848
780.0,9,rectifying_volume_8,tray,172.4312571499037,221.8094253304399,31.865849222703673,12.223439141914866,5181.0305901373495,7729.416361243776,0.3188802870701363,0.5091884087555327,0.6619051239210809,0.48320786909916064,0.01921458900878281,0.007603722145306643
780.0,10,rectifying_volume_9,tray,173.84528578792452,221.85968907941754,31.662244159608807,12.20133098897349,5146.054644969639,7707.69731577322,0.3114460464648316,0.5022221412078809,0.656159946403838,0.4848353194226837,0.032394007131330255,0.01294253936943549
780.0,11,rectifying_volume_10,tray,175.49223375528712,221.90977612303493,31.38980636937848,12.172247700890834,5089.436125754912,7672.585729912943,0.30523422178655213,0.49804592357285493,0.640799321066586,0.4801960072100409,0.053966457146861956,0.021758069217104183
780.0,12,feed_tray,tray,177.8008401709862,221.98477890338395,45.873325620445065,10.954051877337143,12232.064153398078,7615.833720458984,0.2984394202717903,0.49525899537964546,0.6130648241348705,0.46864114428795955,0.08849575559333918,0.03609986033239503
780.0,13,stripping_volume_1,tray,181.28082558198847,222.06045455793094,45.681246145182,10.900852945770374,12252.73248217607,7615.319043889163,0.26997629775682414,0.457971729629733,0.6401725096771805,0.5040628877403294,0.08985119256599523,0.03796538262993762
780.0,14,stripping_volume_2,tray,185.45414943678477,222.13716972014166,45.50461048022978,10.835915475047159,12289.634462916923,7635.806215091028,0.23661821592853036,0.4118299568662803,0.6719457742983201,0.5478881695868122,0.09143600977314947,0.04028187354690743
780.0,15,stripping_volume_3,tray,190.1919273425612,222.21514816625327,45.298006335783,10.767184090212947,12346.381486189597,7672.518695173528,0.19977046883364738,0.3576695986040402,0.706938865375293,0.5992663146000665,0.09329066579105957,0.04306408679589317
780.0,16,stripping_volume_4,tray,195.26100229703272,222.28471678173548,53.46783315941633,12.144916346123173,12421.634144197149,7729.073400459974,0.16157532164537355,0.2978692635422275,0.7427440402072334,0.6557431668658352,0.09568063814739308,0.046387569591937176
780.0,17,stripping_volume_5,tray,200.408693578747,222.35565857571368,53.16881000058024,12.071854324243251,12507.437356428869,7804.110930922889,0.12443721714989117,0.2360690069831399,0.7760330658424663,0.7132799158459814,0.09952971700764247,0.05065107717087867
780.0,18,stripping_volume_6,tray,205.4927626966777,222.4285798282092,53.20044462326818,11.974251949741674,12585.208537911327,7889.705326373133,0.09043086904435685,0.17633081647477983,0.8021131196573332,0.7664189152265419,0.10745601129831009,0.0572502682986782
780.0,19,stripping_volume_7,tray,210.71087906043277,222.5028475247559,52.76488585224294,11.906506046583612,12620.741297748971,7967.274609335407,0.060877106252845786,0.122064590189887,0.8129761895112556,0.807743571886867,0.1261467042358986,0.07019183792324613
780.0,20,combined_reboiler_sump,reboiler_sump,216.97013028145017,222.5281598677391,757.8408257627336,77.39883249523785,,8002.610648926618,0.03627320306972059,0.07528582635399916,0.7923510677957297,0.82487016932424,0.17137572913454976,0.09984400432176092
810.0,1,reflux_drum,reflux_drum,120.7461765657401,221.3957734340833,1670.228367244393,118.46310130980743,,,0.8802957851707481,0.9463346882618973,0.11966263580153447,0.053655735624716656,4.157902771747072e-05,9.576113386122837e-06
810.0,2,rectifying_volume_1,tray,130.21790570406415,221.4433696217108,38.01301582265442,49.50887939118789,5659.644093536524,8481.33059872169,0.7560319868999954,0.8800250164227473,0.2438024555627477,0.1199328414777875,0.00016555753725689353,4.214209946520134e-05
810.0,3,rectifying_volume_2,tray,141.2809780106974,221.49258112461646,34.27954922446359,12.812975429302906,5438.724897286814,8187.863846547967,0.6238251216242943,0.7940518884368041,0.3757283679488756,0.20582011824755286,0.00044651042683015684,0.00012799331564312572
810.0,4,rectifying_volume_3,tray,151.64048052525249,221.54164164669882,33.34795410359192,12.594039602156395,5313.380770513178,7966.726838094041,0.5112753756920924,0.7047804003847477,0.48772872790339467,0.29490056974920065,0.0009958964045129156,0.000319029866051717
810.0,5,rectifying_volume_4,tray,159.66931595948319,221.5909918573575,32.7692147334237,12.437927440555914,5255.95049449567,7841.1698188572755,0.4307286045871069,0.6297308494633681,0.5672935430729008,0.3695793242508095,0.0019778523399922084,0.0006898262858224504
810.0,6,rectifying_volume_5,tray,165.1325612338838,221.64067365451004,32.37183040619286,12.343581134337782,5231.203264231645,7783.549634060598,0.37919239322549425,0.5761453627492333,0.6171461634712357,0.4225030431222289,0.003661443303269931,0.001351594128537742
810.0,7,rectifying_volume_6,tray,168.61332167919306,221.69069908743467,32.15671429389533,12.284752642404678,5217.113854749287,7758.635329581706,0.348175364655361,0.5418048070808885,0.645321862058469,0.4557089899176954,0.006502773286170041,0.0024862030014160164
810.0,8,rectifying_volume_7,tray,170.8428235445308,221.7409625488345,32.01678681946271,12.247445681811664,5202.586675966146,7744.395245806164,0.32989361286928287,0.5211608147216004,0.6588385017255959,0.47443892142079874,0.011267885405121155,0.0044002638576009865
810.0,9,rectifying_volume_8,tray,172.42887606866682,221.7913029123801,31.865879008606605,12.222269555845386,5180.996279896155,7729.72727610075,0.31883677277744005,0.5091451972429378,0.6619420497463159,0.483248417379952,0.019221177476244133,0.007606385377110236
810.0,10,rectifying_volume_9,tray,173.84232503554625,221.84157166406044,31.662279956175922,12.200175292702953,5146.011260700842,7708.001236610879,0.3114083512165268,0.502185506462722,0.6561899182784618,0.48486884897031646,0.032401730505011335,0.012945644566961569
810.0,11,rectifying_volume_10,tray,175.4888355261895,221.89166356368324,31.389848724297657,12.171104672945669,5089.386885667208,7672.883186431894,0.30520057492227837,0.49801373282030814,0.6408251820453916,0.4802251104433434,0.05397424303233001,0.021761156736348496
810.0,12,feed_tray,tray,177.79697950564363,221.96667045473308,45.87288844493115,10.953086913450399,12231.69251699378,7616.128239876328,0.2984090833254469,0.49522995856363755,0.613089640144241,0.4686681254324087,0.08850127653031191,0.03610191600395369
810.0,13,stripping_volume_1,tray,181.2784718928328,222.04234834701955,45.68072499343164,10.89987007026479,12252.366268056372,7615.2922164783,0.2699343427373264,0.45792497568895263,0.6402081721714127,0.5041065655401549,0.08985748509126085,0.03796845877089256
810.0,14,stripping_volume_2,tray,185.45310547492664,222.1190661228893,45.504032763334756,10.834920804858752,12289.280748746212,7635.786319771854,0.23656696274957298,0.41176627776801933,0.6719900756504273,0.5479477673721532,0.09144296159999961,0.04028595485982744
810.0,15,stripping_volume_3,tray,190.19172087154988,222.1970475544319,45.2974079642393,10.766187040585201,12346.042033270582,7672.513094051791,0.19971427760462115,0.35759309168137654,0.7069875906370353,0.5993378833337906,0.09329813175834357,0.04306902498483288
810.0,16,stripping_volume_4,tray,195.26095644287994,222.2666185581968,53.467172234646796,12.143793818778015,12421.299314365311,7729.083962672129,0.16151975047255765,0.2977872380436028,0.742791697544195,0.6558196333087458,0.09568855198324722,0.04639312864765136
810.0,17,stripping_volume_5,tray,200.40808406539858,222.3375627586127,53.16818032768687,12.0707530416257,12507.090322307004,7804.128526281282,0.12438771454160172,0.23599060981742617,0.7760741102437272,0.7133523604717976,0.09953817521467115,0.050657029710776194
810.0,18,stripping_volume_6,tray,205.4910247549812,222.41048620008695,53.199841330954996,11.973182149255004,12584.827842977636,7889.713099555584,0.09039141592968816,0.176264504388905,0.8021431135315878,0.7664788898700834,0.10746547053872389,0.05725660574101158
810.0,19,stripping_volume_7,tray,210.70773951271718,222.48475563856806,52.76429578553619,11.905465984073354,12620.30730780456,7967.251147345151,0.060849627757621934,0.12201608436138867,0.8129921042060306,0.8077849109812962,0.12615826803634736,0.07019900465731509
810.0,20,combined_reboiler_sump,reboiler_sump,216.96566123623077,222.51007014443383,757.8586549546269,77.39077582540928,,8002.536267332073,0.03625769971318392,0.07525736496953869,0.7923504365348986,0.8248893140391451,0.17139186375191753,0.09985332099131618
840.0,1,reflux_drum,reflux_drum,120.74060916410669,221.37722831013122,1667.8070582278306,118.6313499522974,,,0.8802776997575226,0.9463277704636178,0.1196806941511654,0.05366264765892207,4.160609131208133e-05,9.581877460099643e-06
840.0,2,rectifying_volume_1,tray,130.2166306448609,221.42482928628243,38.012860554202284,49.50375591894768,5659.546478849535,8481.58545228585,0.755958749284185,0.879986049881609,0.24387551517425674,0.11997176260315474,0.0001657355415582395,4.2187515236147246e-05
840.0,3,rectifying_volume_2,tray,141.2833399441307,221.4740454658341,34.279133307927935,12.811590068346517,5438.619034107952,8188.016540748936,0.6237150232057805,0.7939783701808252,0.375837990716281,0.20589349399201898,0.000446986077938462,0.00012813582715577173
840.0,4,rectifying_volume_3,tray,151.64415981936676,221.5231109053919,33.347569015532244,12.592665028570272,5313.314889311343,7966.874770005151,0.5111593173167339,0.7046868907110033,0.48784383870883125,0.2949937545356078,0.000996843974434961,0.00031935475338881774
840.0,5,rectifying_volume_4,tray,159.67218655650947,221.5724663050299,32.768972952966614,12.436598759857574,5255.921367864165,7841.361360271735,0.4306269564287594,0.6296377893640547,0.5673935869693175,0.3696717829031279,0.0019794566019231932,0.0006904277328175154
840.0,6,rectifying_volume_5,tray,165.13373965523067,221.62215337914293,32.37172783776404,12.342301514253677,5231.191657454751,7783.780982990994,0.37911057030405293,0.5760650124949963,0.6172255242476877,0.42258242465540236,0.003663905448259282,0.0013525628496011684
840.0,7,rectifying_volume_6,tray,168.612849479911,221.67218401234808,32.156708486371954,12.28351230840779,5217.10518833424,7758.8867521686925,0.34811084114908813,0.5417397406793282,0.645382851938109,0.4557726363992168,0.006506306912803071,0.0024876229214549606
840.0,8,rectifying_volume_7,tray,170.8410859386585,221.72245252234677,32.01683622718798,12.24623317583395,5202.573362791563,7744.652001146679,0.32984182200651235,0.5211086960362474,0.658885504457955,0.474489104895224,0.011272673535532527,0.004402199068528666
840.0,9,rectifying_volume_8,tray,172.42626877268592,221.77279776977358,31.865953893014503,12.221076028427076,5180.975307046012,7729.981930645676,0.3187936638945178,0.5091025748715536,0.6619790709331935,0.4832885854027316,0.019227265172288757,0.0076088397257147635
840.0,10,rectifying_volume_9,tray,173.8391321264848,221.82307125397458,31.662364648266895,12.198995587950387,5145.9826294359145,7708.251143778113,0.3113710524469797,0.5021494383807129,0.6562201251727263,0.48490208252338396,0.032408822380293995,0.012948479095903225
840.0,11,rectifying_volume_10,tray,175.48519825791027,221.87316775687898,31.389942559668047,12.1699375750411,5089.353381477861,7673.128787523575,0.30516736358862434,0.49798216545917307,0.6408512497506964,0.4802538815063764,0.05398138666067916,0.021763953034450483
840.0,12,feed_tray,tray,177.7928895135024,221.94817848649413,45.87248436100873,10.9521016913122,12231.33081582045,7616.372616723787,0.2983792007412244,0.49520164167667574,0.6131143007262337,0.46869456257710773,0.08850649853254185,0.036103795746216555
840.0,13,stripping_volume_1,tray,181.2758490872102,222.02385830176965,45.680240522500945,10.898867443660551,12252.01061457676,7615.210415125743,0.26989315056656177,0.45787938454340377,0.6402433830117614,0.504149282471244,0.0898634664216768,0.03797133298535226
840.0,14,stripping_volume_2,tray,185.45176652893977,222.1005783794708,45.50349401460342,10.83390664032573,12288.938008079043,7635.713106652303,0.23651665232085445,0.4117040749151642,0.6720337518258243,0.548006111709015,0.09144959585332123,0.04028981337582077
840.0,15,stripping_volume_3,tray,190.19121299541803,222.17856248901907,45.296849592267975,10.765170419691872,12345.71398705258,7672.45565975558,0.1996590459116396,0.35751816633809536,0.707035675433565,0.5994081062316379,0.0933052786547953,0.043073727430266856
840.0,16,stripping_volume_4,tray,195.26062461663204,222.24813566161845,53.46655919716188,12.142648576483403,12420.97688647378,7729.044209855745,0.1614649876912546,0.2977066340593604,0.7428388659226225,0.6558949181099989,0.09569614638612296,0.04639844783064074
840.0,17,stripping_volume_5,tray,200.40721976210187,222.3190820648843,53.16759890255694,12.06962830394186,12506.757236519172,7804.098007631099,0.12433875818286513,0.2359132493110026,0.7761149350777531,0.7134240089047258,0.09954630673938177,0.05066274178427165
840.0,18,stripping_volume_6,tray,205.48907400323364,222.39200751501855,53.19928730729924,11.972088067759696,12584.463249818584,7889.675476043357,0.09035218178647458,0.1761986684110133,0.8021732229427263,0.7665386245557192,0.10747459527079915,0.05726270703326739
840.0,19,stripping_volume_7,tray,210.70443724435054,222.46627854484115,52.76375537706458,11.904400697693793,12619.891846313427,7967.185573087618,0.060822022199445804,0.12196739520409225,0.8130084284156266,0.8078266268862183,0.12616954938492764,0.07020597790968948
840.0,20,combined_reboiler_sump,reboiler_sump,216.96109716602228,222.4915950258478,757.8772424629626,77.3825181530083,,8002.423299162161,0.03624174066889402,0.0752280321470545,0.7923502041133882,0.8249092913982362,0.17140805521771785,0.09986267645470934
870.0,1,reflux_drum,reflux_drum,120.73502073316475,221.358416501555,1665.2999085710883,118.80568156061301,,,0.8802585376772722,0.9463203563214142,0.11969982830212701,0.05367005583910404,4.1634020600615616e-05,9.58783948175795e-06
870.0,2,rectifying_volume_1,tray,130.2151364301682,221.40602181410273,38.012737665635434,49.49857790615841,5659.455980986355,8481.761825220976,0.7558869758790532,0.8799479921249047,0.24394711747897707,0.12000977678980715,0.00016590664196991145,4.22310852882667e-05
870.0,3,rectifying_volume_2,tray,141.28532679688604,221.4552422654763,34.278762878501674,12.810193206254159,5438.522660833748,8188.101605514239,0.6236079888568219,0.7939071350820451,0.3759445726297442,0.20596459369479347,0.00044743851343413644,0.00012827122316138573
870.0,4,rectifying_volume_3,tray,151.6474224824928,221.50431222934145,33.3472301448014,12.591279253149615,5313.258211852347,7966.958613588663,0.511046461766548,0.7045962530358691,0.48795579785910353,0.29508408496255845,0.0009977403743482327,0.0003196620015723123
870.0,5,rectifying_volume_4,tray,159.6746853159866,221.55367243191884,32.76877354505781,12.435257432710623,5255.901140640778,7841.489659977848,0.43052783872930067,0.6295473456741937,0.5674911951825085,0.3697616605094251,0.001980966088190996,0.0006909938163811724
870.0,6,rectifying_volume_5,tray,165.13461535740274,221.60336440957326,32.37166466552054,12.341007575255839,5231.189410785213,7783.949800234704,0.3790304894592404,0.5759866507249743,0.6173033027818636,0.42265988017322415,0.0036662077588959685,0.001353469101801539
870.0,7,rectifying_volume_6,tray,168.61212990288024,221.65339988774844,32.15674162740642,12.282256401683245,5217.106938896051,7759.077002396314,0.3480474659789869,0.5416760744199042,0.6454429466048607,0.4558349843468426,0.0065095874161524014,0.002488941233253199
870.0,8,rectifying_volume_7,tray,170.83913212050086,221.70367311138114,32.01692639672882,12.245004340055793,5202.571851777632,7744.849455091893,0.329790826982245,0.5210575848981652,0.6589320900615293,0.4745384356194115,0.011277082956225688,0.0044039794824231844
870.0,9,rectifying_volume_8,tray,172.4234553953711,221.75402292816153,31.866072834257373,12.219865802065993,5180.967657256752,7730.179429729654,0.3187511893804546,0.5090607618798064,0.6620159865881691,0.4833281640202449,0.019232824031376185,0.007611074099948714
870.0,10,rectifying_volume_9,tray,173.83573020166682,221.80430084996263,31.66249713049426,12.197799044738282,5145.968769567881,7708.446146520944,0.31133434967420487,0.5021141242028402,0.6562504001720361,0.4849348454488294,0.03241525015375905,0.01295103034833051
870.0,11,rectifying_volume_10,tray,175.48134737871112,221.85440167921894,31.39008672142271,12.168753510121174,5089.335653804111,7673.321644710601,0.30513476639981907,0.4979513857369836,0.6408773787569351,0.4802821683862663,0.0539878548432458,0.021766445876749994
870.0,12,feed_tray,tray,177.78859784785766,221.9294159557625,45.87211534813258,10.951102206812218,12230.981089623778,7616.565951867393,0.29834993410145455,0.4951741918495893,0.6131386708175693,0.46872031694922484,0.08851139508097623,0.03610549120118606
870.0,13,stripping_volume_1,tray,181.27297721964163,222.00509737166948,45.679795121489185,10.89785114907867,12251.66752721655,7615.074714265814,0.2698529412992261,0.4578351933341286,0.6402779527174729,0.5041908149528649,0.08986910598330108,0.03797399171300649
870.0,14,stripping_volume_2,tray,185.45014600156819,222.0818194296847,45.50299689962166,10.83287912051372,12288.608178115082,7635.587586639362,0.2364675518258564,0.4116436722831559,0.6720765696568647,0.5480628973115671,0.09145587851727889,0.04029343040527684
870.0,15,stripping_volume_3,tray,190.19041282612724,222.15980589806523,45.29633398309434,10.764140375171403,12345.399208816089,7672.347303315625,0.1996050662176644,0.35744521329133744,0.7070828639267359,0.5994766156144352,0.09331206985559981,0.04307817109422726
870.0,16,stripping_volume_4,tray,195.2600150540885,222.22938101042715,53.46599701348263,12.141487548798153,12420.668692609539,7728.954944617565,0.16141132302181477,0.2976278725523306,0.742885294326027,0.6559686264059044,0.09570338265215818,0.04640350104176498
870.0,17,stripping_volume_5,tray,200.40611175648283,222.30032940307086,53.16706851386798,12.068486929710335,12506.43998613646,7804.020110523499,0.12429060713234884,0.23583733010638958,0.7761553221344237,0.7134944842473886,0.0995540707332274,0.05066818564622197
870.0,18,stripping_volume_6,tray,205.4869273117005,222.3732566725845,53.19878517515925,11.9709763565064,12584.116805725613,7889.5932089253565,0.09031337461395651,0.17613365378726606,0.8022032845424196,0.7665978029289726,0.10748334084362386,0.05726854328376122
870.0,19,stripping_volume_7,tray,210.70099634943884,222.44752913625226,52.76326714032477,11.903316683358833,12619.497215593492,7967.078762382527,0.06079443670517562,0.12191877950386476,0.8130250684965186,0.807868494569842,0.1261804947983057,0.07021272592629324
870.0,20,combined_reboiler_sump,reboiler_sump,216.95646895977583,222.47284739538912,757.8964690260887,77.37410964229701,,8002.272838219829,0.03622541235252359,0.07519798513421291,0.7923503603089925,0.82492998585942,0.17142422733848392,0.09987202900636712
900.0,1,reflux_drum,reflux_drum,120.72944447079037,221.33945138081967,1662.722541887455,118.98500549584588,,,0.8802384207915669,0.9463124936487708,0.11971991652478854,0.05367791237940297,4.166268364448068e-05,9.593971826292442e-06
900.0,2,rectifying_volume_1,tray,130.21343613465652,221.38706055791488,38.01264727857811,49.49337616636679,5659.373007828575,8481.859663342195,0.7558170477311302,0.879911042693847,0.24401688223884468,0.12004668470087246,0.00016607003002505573,4.227260528056458e-05
900.0,3,rectifying_volume_2,tray,141.28693470196944,221.43628485632428,34.278439247245494,12.808793085286117,5438.43618101061,8188.11934658886,0.623504570619057,0.7938385465479969,0.3760475637764122,0.20603305458425192,0.0004478656045307209,0.0001283988677511504
900.0,4,rectifying_volume_3,tray,151.65025864606213,221.48535892983375,33.34693859282412,12.58989043595454,5313.210925481982,7966.978626114178,0.5109373865084202,0.7045089460191671,0.4880640320761524,0.2951711038068837,0.000998581415427292,0.0003199501739490877
900.0,5,rectifying_volume_4,tray,159.67680640634148,221.53472352622163,32.76861688557059,12.433911381983371,5255.88980815967,7841.554715356352,0.4304317586669445,0.6294599750794986,0.5675858675307959,0.3698485030079766,0.0019823738022596285,0.0006915219125247821
900.0,6,rectifying_volume_5,tray,165.13519070259707,221.58442001023803,32.37164056449216,12.339706997020253,5231.196421248101,7784.055853335992,0.3789525624356537,0.5759106737123864,0.6173790979092388,0.42273501755621085,0.0036683396551076145,0.0013543087314027043
900.0,7,rectifying_volume_6,tray,168.61117330617142,221.63445995443473,32.156812889002666,12.280992409017863,5217.118974254305,7759.205716641909,0.34798556757630134,0.5416141316198438,0.6455018325646918,0.45589571640505117,0.006512599859006907,0.002490151975104961
900.0,8,rectifying_volume_7,tray,170.83697864128462,221.68473753357725,32.0170561902844,12.243766524222389,5202.58201709005,7744.9871840648775,0.32974089450863775,0.5210077423696433,0.6589780116942332,0.4745866604513303,0.011281093797129101,0.0044055971790264836
900.0,9,rectifying_volume_8,tray,172.42045684022492,221.73509158256508,31.866234524510922,12.218646131610251,5180.973225358502,7730.319324861924,0.3187095732823441,0.5090199730650099,0.6620525974255843,0.48336694816980286,0.019237829292071608,0.007613078765187204
900.0,10,rectifying_volume_9,tray,173.83214319786458,221.7853736249104,31.662676003647302,12.196592846773655,5145.969598130908,7708.5857834315075,0.31129843771377796,0.5020797460283711,0.6562805768149155,0.4849669664750319,0.03242098547130651,0.012953287496597028
900.0,11,rectifying_volume_10,tray,175.47730916007615,221.83547848184944,31.39027974106697,12.167559595860284,5089.3336342901575,7673.461282128597,0.3051029570246048,0.49792155238525837,0.6409034241504092,0.4803098226507484,0.05399361882498599,0.02176862496399327
900.0,12,feed_tray,tray,177.78413294778244,221.91049599666843,45.8717831280097,10.9500944677245,12230.645265097373,7616.707745136688,0.29832143986669324,0.4951477499682996,0.6131626182339408,0.46874525485550655,0.088515941899366,0.03610699517619382
900.0,13,stripping_volume_1,tray,181.2698774719269,221.98617868573942,45.679390893092595,10.896827277570457,12251.33889411217,7614.886575460369,0.2698139272027543,0.4577926290558706,0.6403116972747698,0.5042309481799204,0.08987437552247605,0.03797642276420884
900.0,14,stripping_volume_2,tray,185.4482586633764,222.06290239535235,45.502543779127556,10.831844390476604,12288.293076303366,7635.411145308411,0.23641991895407113,0.4115853806644188,0.6721183031219905,0.5481178305392044,0.09146177792393825,0.04029678879637685
900.0,15,stripping_volume_3,tray,190.18933093519587,222.14089089412116,45.2958635869418,10.763103061358276,12345.099437771281,7672.189299636432,0.19955262106001326,0.3573746085500663,0.7071289078726808,0.5995430568684037,0.09331847106730598,0.04308233458152998
900.0,16,stripping_volume_4,tray,195.25913736546784,222.21046770932915,53.4654882840081,12.14031767688851,12420.376436290424,7728.81732275821,0.16135903721317493,0.29755136031281765,0.7429307384108758,0.6560403758311958,0.09571022437594932,0.046408263855986495
900.0,17,stripping_volume_5,tray,200.40477228673683,222.2814178696716,53.166591582965395,12.06733575539695,12506.140318632672,7803.895908007761,0.12424351344098084,0.23576324509950916,0.7761950578858909,0.7135634196748618,0.09956142867312827,0.05067333522562904
900.0,18,stripping_volume_6,tray,205.4846023715503,222.35434676183556,53.19833718363901,11.9698536925397,12583.790401939652,7889.4673689579295,0.09027519805762593,0.17606979809418494,0.8022331369347895,0.766656114658435,0.10749166500758456,0.057274087247380145
900.0,19,stripping_volume_7,tray,210.69744133365467,222.42862049624028,52.76283321212544,11.902220471223497,12619.125542074653,7966.931883891565,0.060767017021745515,0.12187049157190452,0.8130419300123725,0.8079102900818237,0.12619105296588198,0.07021921834627183
900.0,20,combined_reboiler_sump,reboiler_sump,216.95180737835233,222.45394032885488,757.9162093753202,77.36560106544606,,8002.086243361451,0.03620880277056793,0.07516738444008712,0.7923508931139918,0.8249512786838797,0.1714403041154403,0.09988133687603315
930.0,1,reflux_drum,reflux_drum,120.72391302863568,221.32044560905436,1660.090761166271,119.16821882762365,,,0.8802174749865196,0.946304232278196,0.11974083306872069,0.05368616747583631,4.1691944759666886e-05,9.600245967654298e-06
930.0,2,rectifying_volume_1,tray,130.21154385999168,221.36805816294589,38.012589315120614,49.488181211292115,5659.29791407579,8481.87949896934,0.7557493296996018,0.8798753918430965,0.24408444535568832,0.1200822962734386,0.00016622494470978086,4.231188346485324e-05
930.0,3,rectifying_volume_2,tray,141.28816202443065,221.41728586713387,34.27816342358777,12.80739785068751,5438.359929557669,8188.070577622938,0.6234052920497061,0.7937729478087641,0.37614644257430246,0.20609853401906086,0.00044826537599136434,0.00012851817217500845
930.0,4,rectifying_volume_3,tray,151.65266094993976,221.46636361755276,33.346695161216985,12.588506641958505,5313.173153754851,7966.935549559151,0.5108326400353993,0.7044254036525505,0.48816799672229627,0.2952543783981103,0.0009993632423043548,0.000320217949339229
930.0,5,rectifying_volume_4,tray,159.67854609130362,221.5157321789206,32.76850308761148,12.432568450255191,5255.887306091304,7841.557005667816,0.4303392003855418,0.6293761118980976,0.567677126252332,0.36993187847473424,0.0019836733621260714,0.0006920096271680619
930.0,6,rectifying_volume_5,tray,165.13546954850958,221.56543275166237,32.371654975797234,12.33840739443618,5231.2125237522605,7784.09938894639,0.3788771846896448,0.5758374606265402,0.617452523714347,0.42280746138324377,0.0036702915960080953,0.0013550779902160865
930.0,7,rectifying_volume_6,tray,168.60999106203334,221.61547676246713,32.15692121734319,12.27972776389266,5217.141092715716,7759.273001791245,0.34792546315914136,0.5415542234060905,0.64555920587711,0.4559545267464545,0.006515330963748593,0.0024912498474550415
930.0,8,rectifying_volume_7,tray,170.83464278522533,221.66575831885854,32.01722423388664,12.242527031872116,5202.603653313198,7745.065221976119,0.3296922831414472,0.5209594206314669,0.6590230281572252,0.4746335341139673,0.011284688701327462,0.004407045254565769
930.0,9,rectifying_volume_8,tray,172.41729463661105,221.71611624316014,31.866437397060476,12.217424229449136,5180.991815402396,7730.40160963575,0.31866903295272603,0.5089804160572016,0.6620887072941467,0.483404738497593,0.019242259753127242,0.007614845445205463
930.0,10,rectifying_volume_9,tray,173.82839568216397,221.76640206958282,31.66289958225941,12.195384137069631,5145.984930574007,7708.670018787416,0.3112635051085014,0.5020464793261799,0.6563104903672285,0.4849982790642621,0.03242600452427005,0.012955241609558193
930.0,11,rectifying_volume_10,tray,175.47311053420347,221.81651063638452,31.390519843539135,12.166362910793545,5089.347145183087,7673.547633649324,0.3050721027701091,0.49789281729826346,0.640929242649717,0.48033670065700745,0.05399865458017401,0.021770482044729155
930.0,12,feed_tray,tray,177.7795238374715,221.89153106638622,45.871489148772454,10.949084448238468,12230.32514032013,7616.797893192967,0.29829386809438835,0.49512244948543843,0.613186014724018,0.4687692487936477,0.08852011718159354,0.03610830172091386
930.0,13,stripping_volume_1,tray,181.26657201419698,221.9672146985445,45.67902963438605,10.895801881933316,12251.026470740015,7614.64783087854,0.26977631100391775,0.4577519066398455,0.6403444396258088,0.5042694779186767,0.08987924937027347,0.03797861544147784
930.0,14,stripping_volume_2,tray,185.44612056654304,222.0439397263514,45.50213668752188,10.830808554629549,12287.994385523029,7635.185527249753,0.236373999777369,0.4115294950626587,0.6721587351740973,0.5481706318377422,0.09146726504853377,0.04029987309959899
930.0,15,stripping_volume_3,tray,190.18797929971225,222.1219299203089,45.29544051873392,10.762064592615072,12344.816276759668,7671.983272798124,0.19950198074261563,0.3573067103021881,0.7071735686115433,0.5996070913580269,0.09332445064584101,0.04308619833978501
930.0,16,stripping_volume_4,tray,195.2580024852785,222.19150819541244,53.46503521889611,12.1391458609883,12420.101678279234,7728.632839341989,0.16130839978059158,0.29747748664699536,0.7429749624339473,0.6561097996068008,0.0957166377854611,0.04641271374620376
930.0,17,stripping_volume_5,tray,200.4032146650167,222.2624598952738,53.16617014116008,12.066181583803592,12505.85982711677,7803.726796932323,0.12419772015880445,0.23569137231096143,0.7762339351308216,0.7136304613293377,0.099568344710374,0.05067816635970093
930.0,18,stripping_volume_6,tray,205.48211756870714,222.33539020744035,53.19794518674872,11.968726728444489,12583.485757492197,7889.299330218403,0.09023784984080951,0.1760074286301172,0.8022626218763133,0.7667132578083997,0.10749952828287716,0.057279313561483025
930.0,19,stripping_volume_7,tray,210.6937969275474,222.40966504514637,52.76245533235843,11.901118576690333,12618.778758102626,7966.746383139557,0.06073990643884089,0.12182278136831638,0.813058918400756,0.8079517921888407,0.12620117516040313,0.07022542644284288
930.0,20,combined_reboiler_sump,reboiler_sump,216.94714281083347,222.43498624057722,757.9363331262989,77.35704342585508,,8001.8651200171535,0.036192000918276256,0.07513639275073336,0.7923517888082797,0.8249730487409287,0.17145621027344407,0.09989055850833797
960.0,1,reflux_drum,reflux_drum,120.71845825901447,221.30151029224612,1657.4204258832476,119.3542149531936,,,0.8801958293530221,0.9462956237475503,0.11976244898166552,0.05369476961980894,4.1721665312389615e-05,9.606632640744032e-06
960.0,2,rectifying_volume_1,tray,130.20947463659243,221.34912572326738,38.012563497100565,49.48302302182519,5659.2309982768,8481.822453929453,0.7556841676344852,0.8798412190573505,0.2441494616863822,0.12011643220027392,0.00016637067913250603,4.2348742375592066e-05
960.0,3,rectifying_volume_2,tray,141.2890093930837,221.39835637915087,34.2779361059784,12.806015489347077,5438.294170007959,8187.956617994026,0.6233106440944676,0.7937106591711588,0.37624071988120905,0.20616071222854424,0.00044863602432332935,0.000128628600296995
960.0,4,rectifying_volume_3,tray,151.65462461980877,221.44743735925655,33.34650034418937,12.587135780296789,5313.1449553745915,7966.8306079832755,0.510732737547462,0.7043460317873982,0.4882671800832046,0.2953335040780995,0.001000082369333426,0.0003204641345023248
960.0,5,rectifying_volume_4,tray,159.6799027769946,221.4968094406282,32.76843199940558,12.43123634080114,5255.893510842064,7841.497490704612,0.4302506211999606,0.6292961646283187,0.5677645197386183,0.3700113805526221,0.0019848590614211623,0.0006924548190591444
960.0,6,rectifying_volume_5,tray,165.135457234869,221.5465136674751,32.37170710975077,12.33711626035199,5231.237492240913,7784.081132615997,0.37880473229862016,0.5757673705341457,0.6175232125283677,0.4228768558937234,0.0036720551730120778,0.0013557735721309344
960.0,7,rectifying_volume_6,tray,168.6085954851963,221.5965613283485,32.15706533961147,12.278469790609575,5217.173024464524,7759.279435539372,0.3478674562499105,0.5414966462543478,0.6456147745054744,0.456011123479951,0.0065177692446150804,0.002492230265701164
960.0,8,rectifying_volume_7,tray,170.83214245335301,221.64684646677497,32.01742892649336,12.241293065432526,5202.636476820184,7745.084060624248,0.32964524124389494,0.5209128609747643,0.6590669057547015,0.47467882113295523,0.011287853001403683,0.004408317892280397
960.0,9,rectifying_volume_8,tray,172.41399079256112,221.69720789277517,31.86667963663743,12.216207211277773,5181.023141901827,7730.426720095206,0.31862977732079945,0.5089422896451022,0.6621241246869496,0.48344134294594737,0.019246097992251097,0.00761636740895043
960.0,10,rectifying_volume_9,tray,173.82451268280178,221.74749715027244,31.663165905649805,12.194179964222572,5146.014481860658,7708.699242907611,0.3112297326126479,0.5020144914986281,0.6563399790911285,0.48502862275285447,0.032430288296223644,0.012956885748517485
960.0,11,rectifying_volume_10,tray,175.46877890691277,221.79760909270146,31.390804958867978,12.16517044109359,5089.375900346361,7673.581043336158,0.30504236322665623,0.4978653242730049,0.640954693717613,0.4803626647215445,0.05400294305573087,0.02177201100545061
960.0,12,feed_tray,tray,177.77479992144038,221.8726321030421,45.87123457262265,10.948078044043566,12230.022370951558,7616.836690253192,0.29826736122252595,0.49509841530405435,0.6132087369865655,0.46879217850503163,0.08852390179090838,0.03610940619091395
960.0,13,stripping_volume_1,tray,181.26308385777034,221.94831634812624,45.678712821458134,10.894780931124075,12250.731866433565,7614.360669585315,0.2697402842324183,0.45771322715546536,0.6403760110891554,0.5043062121992392,0.08988370467842627,0.03798056064529546
960.0,14,stripping_volume_2,tray,185.44374894766068,222.02504235858999,45.50177731548401,10.829777630738375,12287.7136411498,7634.9128232067105,0.23633002674372283,0.4114762922424693,0.6721976594794802,0.5482210380425866,0.09147231377679699,0.040302669714943964
960.0,15,stripping_volume_3,tray,190.18637123633314,222.10303390835526,45.29506654002421,10.761030997267898,12344.55117988995,7671.731184382497,0.19945340115086407,0.35724185597564406,0.7072166189613553,0.5996683991829874,0.09332997988778063,0.043089744841368634
960.0,16,stripping_volume_4,tray,195.25662261117708,222.17261339623394,53.46463961883156,12.13797890849488,12419.845824421982,7728.403318356859,0.1612596668551746,0.2974066202345505,0.743017741093238,0.656176549476267,0.09572259205158735,0.046416830289182524
960.0,17,stripping_volume_5,tray,200.40145319244493,222.2435664026984,53.165805811946,12.065031133013989,12505.599937734372,7803.514488766602,0.12415345943080995,0.23562207189993142,0.7762717545745343,0.7136952710896196,0.09957478599465582,0.050682657010449064
960.0,18,stripping_volume_6,tray,205.47949185326712,222.3164979278856,53.197610627093134,11.967602042548627,12583.20440543021,7889.090761521046,0.09020152025369213,0.1759468599026614,0.8022915854434318,0.766768941132239,0.10750689430287612,0.05728419896509957
960.0,19,stripping_volume_7,tray,210.6900879004558,222.39077369845825,52.762134828846136,11.900017451765468,12618.45858638183,7966.523973873005,0.06071324473282922,0.12177589266028732,0.8130759396402075,0.8079927839885194,0.12621081562696324,0.0702313233511934
960.0,20,combined_reboiler_sump,reboiler_sump,216.942505037454,222.4160960417309,757.9567058418875,77.34848757065245,,8001.611310977033,0.036175096162773084,0.07510517381142276,0.7923530320457891,0.8249951733419152,0.17147187179143777,0.09989965284666205
990.0,1,reflux_drum,reflux_drum,120.71311097311933,221.28275416268838,1654.7273306139032,119.54189208856732,,,0.8801736153291109,0.9462867209659808,0.11978463296632197,0.053703665932002785,4.175170456718512e-05,9.613102016375515e-06
990.0,2,rectifying_volume_1,tray,130.20724431666576,221.3303719632616,38.012569347722504,49.47793082704023,5659.172500584143,8481.690219358894,0.7556218857816411,0.8798086916950598,0.24421160763167193,0.12014892528455522,0.0001665065866868998,4.238302038504048e-05
990.0,3,rectifying_volume_2,tray,141.2894797084554,221.37960510760962,34.27775767615233,12.804653770745263,5438.23909264238,8187.779272361464,0.6232210813402965,0.7936519755372428,0.37632994272538345,0.20621929478921894,0.0004489759343200464,0.0001287296735383147
990.0,4,rectifying_volume_3,tray,151.65614751831274,221.42868885932526,33.346354324464954,12.585785545733952,5313.126323958378,7966.6654884798,0.5106381570075113,0.7042712049756954,0.4883611072792171,0.2954081073489526,0.0010007357132715343,0.00032068767535205764
990.0,5,rectifying_volume_4,tray,159.68087703898394,221.4780640031999,32.7684032051863,12.429922560573337,5255.908240725785,7841.377594318746,0.4301664480924437,0.6292205127712637,0.5678476259836993,0.37008663160853955,0.0019859259238568776,0.000692855620196734
990.0,6,rectifying_volume_5,tray,165.13516055809626,221.52777143609478,32.37179595159659,12.335840910100572,5231.27104164957,7784.002274532549,0.3787355590711772,0.5757007396032375,0.6175908177373262,0.42294286775157397,0.003673623191496788,0.0013563926451884767
990.0,7,rectifying_volume_6,tray,168.6069997555826,221.57782231678712,32.15724377336422,12.277225650038753,5217.214433869013,7759.226053617338,0.34781183432807283,0.5414416796669058,0.6456682605507059,0.45606523092751355,0.006519905121221309,0.002493089405580685
990.0,8,rectifying_volume_7,tray,170.82949604523128,221.62811062834209,32.01766845179953,12.240071672840477,5202.680128199086,7745.044637915915,0.3296000050480257,0.5208682918907158,0.6591094200853443,0.4747222976879866,0.011290574866629835,0.004409410421297648
990.0,9,rectifying_volume_8,tray,172.41056764660843,221.67847516880747,31.8669591928092,12.215002043334737,5181.066832285402,7730.395523705362,0.31859200524463355,0.5089057821807187,0.6621586642129018,0.48347657827908663,0.01924933054246466,0.007617639540194633
990.0,10,rectifying_volume_9,tray,173.82051951865114,221.72876749079353,31.663472752423647,12.192987230137387,5146.057868932301,7708.674261790643,0.31119729175451616,0.5019839405204976,0.6563688854912779,0.48505784443908934,0.032433822754205914,0.012958215040412974
990.0,11,rectifying_volume_10,tray,175.46434196839922,221.77888246101455,31.39113273761282,12.163989028775546,5089.4195077514705,7673.5622557710585,0.30501388899526927,0.49783920783075675,0.6409796406496503,0.48038758423355826,0.054006470355080445,0.02177320793568496
990.0,12,feed_tray,tray,177.76999077800255,221.85390770783428,45.87102026724694,10.947081028628045,12229.738458431413,7616.824819148767,0.2982420529408854,0.49507576275588705,0.6132306676317063,0.4688139319478104,0.08852727942740843,0.03611030529630255
990.0,13,stripping_volume_1,tray,181.25943670118104,221.9295922380851,45.67844159822674,10.893770265940521,12250.456532959823,7614.027614977452,0.269706025691919,0.45767677616581465,0.6404062526855459,0.5043409728721588,0.08988772162253522,0.037982250962026634
990.0,14,stripping_volume_2,tray,185.44116212004155,222.0063188960689,45.501466997027826,10.828757505200642,12287.4522202086,7634.59544859406,0.23628821682440493,0.4114260284800126,0.6722348820362626,0.5482688045011206,0.09147690113933264,0.040305167018866786
990.0,15,stripping_volume_3,tray,190.18452132324737,222.0843114606513,45.294743045480786,10.76000817281819,12344.305442287312,7671.43531331648,0.19940712172764427,0.35718035952689864,0.7072578449831035,0.5997266817294413,0.09333503328925226,0.0430929587436601
990.0,16,stripping_volume_4,tray,195.2550111318439,222.1538919118853,53.46430286103998,12.136823483451055,12419.61011569117,7728.130893891895,0.1612130791819208,0.29733910621046733,0.7430588612516931,0.6562402984400312,0.09572805956638608,0.04642059534950135
990.0,17,stripping_volume_5,tray,200.39950306621603,222.22484598907587,53.165499798480674,12.063890986626875,12505.361899432835,7803.260991873839,0.12411095071375348,0.23555568337194954,0.7763083263193088,0.7137575291685205,0.09958072296693775,0.05068678745952997
990.0,18,stripping_volume_6,tray,205.47674460569004,222.29777851755748,53.19733452492375,11.966486090285516,12582.94768164624,7888.843609201413,0.09016639072501649,0.17588839125478403,0.802319879149634,0.7668228862483577,0.10751373012534958,0.057288722496858215
990.0,19,stripping_volume_7,tray,210.68633887709962,222.37205504888598,52.761872607627744,11.89892343744179,12618.166527327743,7966.266620681902,0.06068716714931814,0.12173006124560548,0.8130929009089977,0.8080330544762678,0.12621993194168415,0.07023688427812672
990.0,20,combined_reboiler_sump,reboiler_sump,216.9379230033323,222.39737832241275,757.977190252025,77.33998379737844,,8001.326878290171,0.03615817761903013,0.0750738912894495,0.792354605953805,0.8250175290924211,0.1714872164271648,0.09990857961812938
1020.0,1,reflux_drum,reflux_drum,120.70790071418043,221.26428279581035,1652.0270867903362,119.73016151675311,,,0.8801509658147303,0.946277577863088,0.11980725226469147,0.053712802513024814,4.178192057824381e-05,9.619623887220935e-06
1020.0,2,rectifying_volume_1,tray,130.20486945969535,221.31190245443088,38.012606195415,49.47293289400213,5659.122601220894,8481.485030571796,0.7555627844491999,0.8797779637776223,0.24427058346419506,0.1201796216492803,0.00016663208660512024,4.241457309745847e-05
1020.0,3,rectifying_volume_2,tray,141.28957812654136,221.36113761853846,34.27762819703871,12.80332019094475,5438.194813516763,8187.540805772558,0.6231370186986684,0.7935971642216175,0.3764136976076701,0.20627401480316132,0.0004492836936614628,0.00012882097522121683
1020.0,4,rectifying_volume_3,tray,151.65723016881435,221.41022367657834,33.34625697275527,12.584463363104787,5313.117188608458,7966.442317695338,0.5105493356274049,0.7042012636690795,0.48844934375080296,0.29547784866420296,0.0010013206217920649,0.0003208876667174788
1020.0,5,rectifying_volume_4,tray,159.68147162847418,221.45960141657824,32.76841602906985,12.428634365917233,5255.931257877245,7841.199183312613,0.430087074549179,0.6291495039740527,0.5679260557007931,0.3701572855725657,0.001986869750027848,0.0006932104533815088
1020.0,6,rectifying_volume_5,tray,165.13458773398656,221.50931159760924,32.37192026979392,12.334588428524722,5231.312830638203,7783.864450489841,0.37866999389904016,0.5756378785502931,0.6176550163614641,0.42300518857110264,0.0036749897394958084,0.0013569328786040623
1020.0,7,rectifying_volume_6,tray,168.60521783602758,221.55936525761518,32.15745483830771,12.276002287697413,5217.264922654774,7759.11433222848,0.34775886665187167,0.5413895840232387,0.645719402336929,0.4561165917364798,0.00652173101119924,0.002493824240281584
1020.0,8,rectifying_volume_7,tray,170.82672233972517,221.6096563230015,32.017940792575544,12.238869696389507,5202.734175679672,7744.948321348096,0.3295567968418346,0.5208259272867205,0.6591503577399742,0.47476375335056037,0.011292845418191193,0.004410319362718946
1020.0,9,rectifying_volume_8,tray,172.40704772018145,221.66002358022723,31.867273796198695,12.213815491812058,5181.122430499901,7730.309303691817,0.3185559039690599,0.5088710700872603,0.6621921480082765,0.48351027152403653,0.019251948022663595,0.007618658388703293
1020.0,10,rectifying_volume_9,tray,173.81644162916012,221.7103185895319,31.663817658183042,12.191812639898998,5146.114614469238,7708.59628226989,0.31116634349954686,0.5019549736750079,0.6563970575196056,0.48508579959816367,0.03243659898084747,0.012959226726828504
1020.0,11,rectifying_volume_10,tray,175.4598275039199,221.76043622897242,31.39150056981624,12.162825322023401,5089.477473378472,7673.49240203827,0.3049868205178561,0.4978145921397719,0.6410039516224085,0.4804113366932905,0.05400922785973534,0.021774071166937626
1020.0,12,feed_tray,tray,177.76512595354671,221.835463362147,45.870846801082585,10.946099011375505,12229.474740311458,7616.763338149225,0.2982180671662235,0.49505459668949364,0.6132516960730601,0.4688344061760908,0.08853023676071647,0.03611099713441552
1020.0,13,stripping_volume_1,tray,181.25565477103618,221.91114785463037,45.67821676956844,10.89277555656619,12250.201755282666,7613.651498760459,0.26967370008146013,0.4576427222623835,0.640435016349729,0.5043735970054092,0.08989128356881079,0.037983680732207266
1020.0,14,stripping_volume_2,tray,185.43837935645303,221.9878748278848,45.50120670117385,10.827753890221297,12287.211332738349,7634.236118700849,0.23624876984278873,0.41137893754994637,0.67227022264836,0.54831370698151,0.09148100750885121,0.04030735546854361
1020.0,15,stripping_volume_3,tray,190.18244531060742,222.06586806722572,45.294471054114844,10.759001843036375,12344.08019207744,7671.0982325004625,0.19936336364108403,0.3571225089987701,0.7072970475910063,0.5997816639765801,0.09333958876790951,0.04309582702464985
1020.0,16,stripping_volume_4,tray,195.25318254433165,222.1354492319539,53.46402589074333,12.135686058097138,12419.395620550198,7727.817988214374,0.1611688602962624,0.2972752635156391,0.7430981235186737,0.6563007432461399,0.09573301618506386,0.04642399323822102
1020.0,17,stripping_volume_5,tray,200.39738027968124,222.20640414280004,53.165252876495614,12.062767545949825,12505.146776210468,7802.968590933205,0.12407039913989004,0.23549252302175716,0.7763434712440663,0.7138169365003139,0.09958612961604361,0.050690540477928876
1020.0,18,stripping_volume_6,tray,205.47389550143765,222.27933746368726,53.197117472682166,11.965385157374271,12582.716716446848,7888.560077357513,0.09013263249615039,0.17583230466267935,0.8023473609973426,0.7668748296688621,0.10752000650650698,0.05729286566845856
1020.0,19,stripping_volume_7,tray,210.68257415944825,222.35361458329186,52.76166914874826,11.897842717754433,12617.903849469496,7965.976519463351,0.0606618034372259,0.12168551326402936,0.8131097112271923,0.8080724000450804,0.12622848533558184,0.07024208669089013
1020.0,20,combined_reboiler_sump,reboiler_sump,216.9334246059095,222.37893856855996,757.9976476034458,77.33158146118056,,8001.014083433709,0.036141333526529165,0.07504270763162416,0.7923564922441935,0.8250399927524682,0.17150217422927747,0.09991729961590749
1050.0,1,reflux_drum,reflux_drum,120.70285554852441,221.2461978726074,1649.3350091329992,119.9179554874743,,,0.8801280142696406,0.9462682490255377,0.11983017355924575,0.05372212480659975,4.181217111368379e-05,9.62616786262147e-06
1050.0,2,rectifying_volume_1,tray,130.20236721180623,221.29381887775492,38.01267317988065,49.46805633110511,5659.081419678787,8481.209634870218,0.7555071379667843,0.8797491749405607,0.2443261153644087,0.12020838178488077,0.00016674666880697774,4.244327455850271e-05
1050.0,3,rectifying_volume_2,tray,141.28931201837398,221.34305559106377,34.277547414347055,12.802021920354438,5438.161374391134,8187.243912683983,0.6230588285646251,0.7935464630980636,0.3764916133300616,0.20632463474770021,0.0004495581053134127,0.00012890215423605423
1050.0,4,rectifying_volume_3,tray,151.65787575120513,221.39214348654212,33.346207850753345,12.58317633545636,5313.117415261411,7966.163632502724,0.5104666668320211,0.70413651181547,0.48853149827066483,0.29554242482405624,0.0010018348973140447,0.00032106336047378023
1050.0,5,rectifying_volume_4,tray,159.68169145725918,221.44152335103823,32.768469541803285,12.427378711736047,5255.962270851423,7840.964540434023,0.4300128577806287,0.6290834515341145,0.5679994550636663,0.3702230304193121,0.0019876871557049686,0.0006935180465733997
1050.0,6,rectifying_volume_5,tray,165.13374834859104,221.4912358160086,32.372078626674494,12.333365620200734,5231.362465023131,7783.669716920118,0.3786083383877806,0.5755790703670791,0.6177155113700836,0.4230635371686907,0.003676150242135688,0.001357392464230087
1050.0,7,rectifying_volume_6,tray,168.60326438575154,221.54129180801561,32.15769667027687,12.274806384842591,5217.324033875315,7758.946164605369,0.34770880228010836,0.541340598634859,0.6457679563197095,0.45616496879657586,0.006523241400182015,0.0024944325685651333
1050.0,8,rectifying_volume_7,tray,170.8238403760098,221.59158520084466,32.01824374730955,12.237693724476868,5202.79811949191,7744.796885758342,0.32951582330863194,0.5207859648557942,0.6591895178811632,0.47480299268219645,0.011294658810204807,0.004411042462009242
1050.0,9,rectifying_volume_8,tray,172.403453572105,221.64195476980203,31.867620977302426,12.212654075101291,5181.189401698893,7730.169737819875,0.31852164771220526,0.5088383164933774,0.66222440706796,0.4835422613047377,0.01925394521983476,0.007619422201884771
1050.0,10,rectifying_volume_9,tray,173.81230440660673,221.6922520816739,31.664197936200573,12.190662654445596,5146.184151884625,7708.466891782335,0.31113703703404405,0.5019277264066733,0.6564243497210995,0.4851123534055081,0.03243861324485645,0.01295992018781872
1050.0,11,rectifying_volume_10,tray,175.45526320658203,221.74237202389634,31.39190560720002,12.161685728286646,5089.549206458127,7673.372980503138,0.3049612870275174,0.4977915900560366,0.6410275006861629,0.4804338086593273,0.05401121228631963,0.021774601284636062
1050.0,12,feed_tray,tray,177.7602347600213,221.8174006897676,45.87071444246285,10.94513739800796,12229.232382816424,7616.6536627249425,0.29819551713668746,0.49503501068271555,0.6132717193375066,0.4688535081113934,0.08853276352580591,0.03611148120589109
1050.0,13,stripping_volume_1,tray,181.2517626593814,221.89308482870035,45.678038798816786,10.891802262536672,12249.968644599105,7613.2354308014965,0.26964345678797424,0.4576112158020795,0.64046216601042,0.504403938100004,0.0898943772016057,0.03798484609791663
1050.0,14,stripping_volume_2,tray,185.43542076332005,221.96981179027063,45.50099702830744,10.826772283447278,12286.992015442078,7633.837819854254,0.23621186700983812,0.4113352289798968,0.6723035162332954,0.5483555433385569,0.0914846167568664,0.04030922768154636
1050.0,15,stripping_volume_3,tray,190.18016002007516,222.04780536772128,45.294251205330696,10.758017517502157,12343.876384669353,7670.722781458878,0.1993223281713015,0.3570685643850755,0.7073340439846202,0.5998330965234704,0.0933436278440783,0.04309833909145413
1050.0,16,stripping_volume_4,tray,195.25115236147417,222.11738699746192,53.463809218136554,12.134572867129094,12419.203229700055,7727.467285958335,0.16112721490579995,0.2972153825560584,0.7431353436667513,0.656357606600494,0.09573744142744878,0.046427010843447525
1050.0,17,stripping_volume_5,tray,200.39510151633743,222.18834250543634,53.16506539268889,12.061666984779537,12504.955441913382,7802.639822602296,0.12403199405096271,0.23543288164854245,0.7763770222545198,0.7138732168839351,0.09959098369451755,0.05069390146752238
1050.0,18,stripping_volume_6,tray,205.47096437556684,222.26127640822955,53.196959635062235,11.964305315428547,12582.51242893516,7888.242604555779,0.09010040541585897,0.17577886273630786,0.802373896450822,0.7669245246529166,0.10752569813331898,0.05729661261077556
1050.0,19,stripping_volume_7,tray,210.67881755605836,222.33555394453447,52.76152450757361,11.896781276104116,12617.671583004008,7965.656074710625,0.060637276947268406,0.1216424636193004,0.8131262820741266,0.8081106258984938,0.12623644097860498,0.07024691048220574
1050.0,20,combined_reboiler_sump,reboiler_sump,216.92903649890602,222.360878423759,758.0179391080819,77.32332858873386,,8000.675364763023,0.036124650634452936,0.07501178293083752,0.7923586713354523,0.8250624420940246,0.17151667803009477,0.09992577497513795
1080.0,1,reflux_drum,reflux_drum,120.69800187707018,221.22859649661703,1646.6660081494956,120.1042346731453,,,0.8801048938055908,0.9462587893256005,0.11985326387980764,0.05373157797082965,4.1842314601528e-05,9.632703569908114e-06
1080.0,2,rectifying_volume_1,tray,130.19975518048201,221.27621834054452,38.0127692602563,49.463326907315476,5659.049014653245,8480.867253066926,0.7554551929623112,0.8797224495595592,0.2443779571397238,0.12023508142218102,0.00016684989796502344,4.246901825973769e-05
1080.0,3,rectifying_volume_2,tray,141.28869090586485,221.32545613416494,34.27751476173638,12.800765755902667,5438.138743529974,8186.891680700051,0.6229868384863586,0.793500079098873,0.37656336331613005,0.20637094797315925,0.0004497981975114223,0.00012897292796774817
1080.0,4,rectifying_volume_3,tray,151.65809006970503,221.3745453981222,33.34620621757415,12.581931196521838,5313.126808780456,7965.8323456108465,0.510390497739197,0.7040772148842422,0.4886072254450768,0.29560157094385914,0.0010022768157263,0.0003212141718986158
1080.0,5,rectifying_volume_4,tray,159.68154356142017,221.42392691379237,32.76856257029284,12.426162204722823,5256.000937866851,7840.676332238672,0.42994411636127056,0.6290226322975823,0.568067508037797,0.3702835902586213,0.0019883756009325968,0.0006937774437965491
1080.0,6,rectifying_volume_5,tray,165.13265329761197,221.47364119573302,32.3722693913387,12.332178963468571,5231.419501859301,7783.420520752543,0.3785508647976717,0.5755245683582115,0.6177720337015049,0.42311766150972063,0.0036771015008234824,0.001357770132067772
1080.0,7,rectifying_volume_6,tray,168.60115467029993,221.52369906901924,32.15796723721205,12.273644313180116,5217.391256609909,7758.723832456943,0.3476618683209568,0.5412949400317546,0.6458136987911935,0.4562101469348661,0.006524432887849652,0.0024949130333792903
1080.0,8,rectifying_volume_7,tray,170.82086933591265,221.57399435906578,32.01857494889606,12.236550046846856,5202.8713970722065,7744.592486067541,0.3294772740419466,0.5207485846229238,0.6592267136830005,0.4748398366699926,0.011296012275052999,0.004411578707083578
1080.0,9,rectifying_volume_8,tray,172.3998076566412,221.624365830511,31.86799808758685,12.211524019469216,5181.267137914315,7729.978872333965,0.31848939640083185,0.5088076700140587,0.6622552824776948,0.4835723990496099,0.019255321121473393,0.007619930936331316
1080.0,10,rectifying_volume_9,tray,173.80813303241382,221.6746650555877,31.664610700692556,12.189543446633209,5146.26583143738,7708.288033478848,0.31110950868694814,0.5019023213083514,0.6564506243043216,0.4851373817515373,0.03243986700873022,0.012960296940111232
1080.0,11,rectifying_volume_10,tray,175.4506764942865,221.72478692913418,31.392344788208536,12.160576370730828,5089.634025934776,7673.205833103787,0.304937405633819,0.49777030229647323,0.6410501686878424,0.48045489659064694,0.05401242567833864,0.02177480111287978
1080.0,12,feed_tray,tray,177.75534607794344,221.79981677318548,45.870623162570446,10.944201353866111,12229.01237567291,7616.497542939759,0.2981745046378991,0.49501708639098657,0.6132906427814139,0.4688711551951872,0.08853485258068701,0.036111758413826134
1080.0,13,stripping_volume_1,tray,181.24778515930922,221.87550025213653,45.67790780958952,10.89085559562478,12249.758133683916,7612.782765705058,0.2696154288666897,0.45758238786492916,0.6404875785234654,0.5044318671066669,0.08989699260984486,0.03798574502840403
1080.0,14,stripping_volume_2,tray,185.43230714759994,221.95222688266009,45.500838211202435,10.825817930563414,12286.795127649559,7633.403777407312,0.23617766968670942,0.4112950865978111,0.6723346139458953,0.5483941349126289,0.09148771636739522,0.04031077848955995
1080.0,15,stripping_volume_3,tray,190.17768323433185,222.03022046736584,45.2940837597777,10.757060454096191,12343.694799353427,7670.312035898244,0.19928419533848277,0.3570187558326683,0.7073686688833866,0.5998807573074418,0.09334713577813067,0.043100486859889854
1080.0,16,stripping_volume_4,tray,195.24893701013508,222.09980231677827,53.46365292082886,12.133489865234484,12419.033653210514,7727.081705272184,0.16108832749931581,0.29715972320348805,0.743170353865071,0.6564106390659332,0.09574131863561314,0.046429637730578725
1080.0,17,stripping_volume_5,tray,200.39268403873777,222.17075818758246,53.164937268527474,12.060595207332593,12504.788577584064,7802.277448271403,0.1239959077220297,0.2353770225748013,0.7764088253877952,0.713926118853042,0.09959526689017505,0.05069685857215671
1080.0,18,stripping_volume_6,tray,205.46797108877547,222.24369246367453,53.196860754486465,11.963252380546471,12582.335524215212,7887.893837848782,0.09006985687139306,0.1757283069490261,0.8023993593181592,0.7669717428607118,0.10753078381044774,0.05729995019026213
1080.0,19,stripping_volume_7,tray,210.67509222088867,222.31797024723227,52.76143832148142,11.895744854394234,12617.470516507172,7965.30787440586,0.06061370380620982,0.12160111453192331,0.8131425279739312,0.8081475473589298,0.12624376821985894,0.07025133810914683
1080.0,20,combined_reboiler_sump,reboiler_sump,216.92478391514237,222.34329500495363,758.037927454938,77.31527150511741,,8000.313312890072,0.03610821360309743,0.07498127381596588,0.7923611224843224,0.8250847567451817,0.1715306639125802,0.0999339694388524
1110.0,1,reflux_drum,reflux_drum,120.69336426931856,221.21157057307698,1644.0344899247639,120.28799509821994,,,0.8800817362839986,0.9462492535462769,0.11987639150491604,0.05374110725286345,4.187221108546728e-05,9.639200859685564e-06
1110.0,2,rectifying_volume_1,tray,130.19705130621261,221.25919275543228,38.01289322521618,49.4587688893139,5659.025384687959,8480.46153565191,0.7554071669737208,0.8796978960601387,0.24442589160955697,0.12025961222193883,0.0001669414167222489,4.249171792256514e-05
1110.0,3,rectifying_volume_2,tray,141.2877263749134,221.30843116552364,34.277529369494786,12.799558078143086,5438.126817364379,8186.487549859401,0.6229213293682302,0.793458187081968,0.3766286674006024,0.20641277983359774,0.0004500032311672894,0.0001290330844342562
1110.0,4,rectifying_volume_3,tray,151.65788149315537,221.35752133232813,33.346251039511706,12.580734268053796,5313.145115746326,7965.45170686545,0.5103211271819994,0.7040235983415009,0.4886762276783057,0.29565506197435065,0.0010026451396950725,0.0003213396841483729
1110.0,5,rectifying_volume_4,tray,159.68103704415645,221.40690402760447,32.76869370970406,12.424991061187923,5256.046870614119,7840.337572514511,0.42988112831512565,0.6289672849761337,0.5681299382754331,0.37033872701145704,0.001988933409441286,0.0006939880124093259
1110.0,6,rectifying_volume_5,tray,165.1313147148108,221.45661966018682,32.37249075452553,12.331034568793779,5231.483454073145,7783.119664728019,0.3784978143193196,0.5754745945137316,0.6178243439641524,0.4231673403267019,0.0036778417165280386,0.0013580651595665777
1110.0,7,rectifying_volume_6,tray,168.59890446867823,221.50667896392795,32.15826435684491,12.272522093709336,5217.466031283381,7758.449972873774,0.34761826843001953,0.5412528005030065,0.6458564273607018,0.45625193436634237,0.006525304209278701,0.0024952651306511036
1110.0,8,rectifying_volume_7,tray,170.8178284285897,221.55697572030132,32.018931885044914,12.235444613845623,5202.953389003366,7744.337625594706,0.32944132025553413,0.5207139476884087,0.659261773612124,0.47487412397979106,0.011296906132341971,0.004411928331800153
1110.0,9,rectifying_volume_8,tray,172.39613218635657,221.60734868380766,31.868402322519113,12.21043121867215,5181.354964596352,7729.739091580395,0.31845929457151645,0.5087792636955585,0.6622846265306337,0.48360055005534036,0.01925607889784981,0.007620186249101107
1110.0,10,rectifying_volume_9,tray,173.80395231912533,221.65764943101678,31.665052892313795,12.188460861195432,5146.358927342438,7708.061977151226,0.311083881004112,0.5018788672569872,0.656475752121916,0.485160772133195,0.0324403668739721,0.012960360609817775
1110.0,11,rectifying_volume_10,tray,175.4460943327404,221.70777286219172,31.392814865489132,12.159503048540563,5089.731168021457,7672.993117565604,0.30491528055495304,0.4977508167562018,0.6410718441115872,0.4804745075713963,0.054012875333459796,0.021774675672401825
1110.0,12,feed_tray,tray,177.75048816708795,221.78280353163507,45.87057264204482,10.943295770448279,12228.815529193776,7616.297036861972,0.2981551193700786,0.4950008930398432,0.6133083807043527,0.4688872759140538,0.08853649992556865,0.03611183104610304
1110.0,13,stripping_volume_1,tray,181.24374710054107,221.85848605557496,45.67782359178816,10.88994048607265,12249.570974514389,7612.297066592884,0.26958973222190413,0.4575563494458331,0.6405111444466798,0.5044572732305255,0.08989912333141602,0.0379863773236414
1110.0,14,stripping_volume_2,tray,185.4290598776487,221.93521204544206,45.5007301205574,10.824895791282549,12286.621349552104,7632.937420963495,0.23614631838967476,0.41125866739079603,0.6723633841041273,0.5484293276438402,0.09149029750619804,0.040312004965363794
1110.0,15,stripping_volume_3,tray,190.17503357758923,222.01320531460368,45.293968604850825,10.756135624877594,12343.536038164297,7669.869274492419,0.19924912278913975,0.3569732822038021,0.7074007755487239,0.5999244529922833,0.09335010166213632,0.04310226480391459
1110.0,16,stripping_volume_4,tray,195.2465537212257,222.08278714316944,53.463556651584966,12.132442688396482,12418.887419988156,7726.664366202419,0.16105236120008157,0.29710851316291803,0.7432030037146552,0.6564596206263914,0.09574463508526332,0.04643186621069063
1110.0,17,stripping_volume_5,tray,200.39014557341324,222.15374314634693,53.16486800926077,12.059557809813503,12504.646671303404,7801.884424152222,0.12396229429043185,0.2353251799932825,0.7764387407588085,0.7139754172501648,0.09959896495075973,0.050699402756552735
1110.0,18,stripping_volume_6,tray,205.46493539629265,222.22667759046018,53.19682016176297,11.9622318753623,12582.186493355768,7887.516604319969,0.09004112086849596,0.17568085611765455,0.8024236325323808,0.7670162757883793,0.10753524659912324,0.057302868093966175
1110.0,19,stripping_volume_7,tray,210.6714205033466,222.30095545511185,52.761409821686904,11.894738915454491,12617.301196749579,7964.934662732202,0.060591192176535295,0.121561654239948,0.8131583670425042,0.8081829910560082,0.12625044078096048,0.07025535470404363
1110.0,20,combined_reboiler_sump,reboiler_sump,216.92069051010478,222.3262802797174,758.0574783476096,77.3074544796331,,7999.930644273582,0.0360921044288706,0.0749513323789674,0.7923638239255423,0.8251068190106664,0.17154407164558713,0.09994184861036624
1140.0,1,reflux_drum,reflux_drum,120.6889653213639,221.1952062564551,1641.4542642377141,120.46827447275716,,,0.8800586714302175,0.946239696007734,0.11989942684660443,0.05375065836225359,4.1901723178079836e-05,9.645630012398653e-06
1140.0,2,rectifying_volume_1,tray,130.19427373268442,221.24282828769458,38.0130437048621,49.454404898116266,5659.010469508218,8479.996514509807,0.755363247405532,0.8796756064156773,0.2444697316464503,0.12028188227627185,0.00016702094801781796,4.2511308050748504e-05
1140.0,3,rectifying_volume_2,tray,141.28643196720742,221.29206685866703,34.277590076438436,12.798404813715022,5438.125422929078,8186.0352683286865,0.6228625342187114,0.7934209290730486,0.3766872930766969,0.20644998844334486,0.0004501727045916688,0.00012908248360650278
1140.0,4,rectifying_volume_3,tray,151.65726086890146,221.3411574692534,33.346341002850096,12.5795914224369,5313.172027862717,7965.025261130946,0.5102588042877987,0.7039758465869251,0.48873825658583947,0.2957027137622847,0.0010029391263617678,0.000321439650790185
1140.0,5,rectifying_volume_4,tray,159.68018299852534,221.3905408776208,32.768861337910316,12.423871069901441,5256.099638554161,7839.951582145378,0.4298241296641717,0.6289176088979058,0.5681865105577328,0.3703882416554595,0.0019893597780954323,0.0006941494466347598
1140.0,6,rectifying_volume_5,tray,165.12974589010207,221.4402573984316,32.37274074522577,12.329938141880993,5231.553795564301,7782.770269056884,0.3784493957017904,0.5754293382341391,0.6178722338013689,0.4232123843912773,0.0036783704968406305,0.0013582773745836904
1140.0,7,rectifying_volume_6,tray,168.596529978411,221.49031768487964,32.15858571581407,12.271445360124675,5217.547755507979,7758.127541579803,0.34757818157464143,0.5412143469088914,0.6458959621939787,0.4562901638829483,0.006525856231379632,0.0024954892081603583
1140.0,8,rectifying_volume_7,tray,170.8147367784261,221.54061547907529,32.01931192008752,12.23438300010737,5203.043425574121,7744.035120768008,0.329408113704022,0.5206821951842215,0.6592945425343764,0.47490571201088794,0.011297343761601625,0.004412092804890557
1140.0,9,rectifying_volume_8,tray,172.39244900096145,221.59098952595465,31.868830746141523,12.20938119792802,5181.452147884897,7729.453084141452,0.31843147045113096,0.5087532141382134,0.6623123037139644,0.48362659439274,0.019256225834904706,0.007620191469046685
1140.0,10,rectifying_volume_9,tray,173.79978655949517,221.64129140531276,31.665521305423134,12.18742037901434,5146.462645723666,7707.7912867909145,0.31106026198618303,0.5018574587093226,0.6564996135483151,0.48518242441031406,0.03244012446550197,0.012960116880363342
1140.0,11,rectifying_volume_10,tray,175.44154306630668,221.69141602087188,31.39331243530811,12.158471201487703,5089.839794678418,7672.737276385077,0.30489500250528156,0.4977332079781088,0.6410924238261633,0.4804925599091257,0.05401257366855518,0.021774232112765513
1140.0,12,feed_tray,tray,177.74568848682836,221.76644716711866,45.87056228100974,10.942425235553635,12228.642473557185,7616.054480814761,0.2981374384624325,0.49498648706678816,0.6133248568536165,0.4689018101918753,0.08853770468395097,0.03611170274133638
1140.0,13,stripping_volume_1,tray,181.23967318672013,221.84212845429604,45.67778561154096,10.88906155251981,12249.407738106987,7611.782066997537,0.26956646499597514,0.4575331908883237,0.6405327686484878,0.5044800645157048,0.08990076635553708,0.03798674459597147
1140.0,14,stripping_volume_2,tray,185.4257007395464,221.9188535056507,45.50067227481704,10.824010509082132,12286.47118263273,7632.442347754438,0.23611793204705867,0.41122610068694376,0.6723897129078503,0.548460992890147,0.0914923550450911,0.04031290642290918
1140.0,15,stripping_volume_3,tray,190.17223038834376,221.99684614663883,45.293905264612285,10.755247685701976,12343.400526923631,7669.397943822992,0.19921724495152768,0.35693231001353976,0.7074302365835898,0.5999640200120364,0.09335251846488242,0.04310366997442381
1140.0,16,stripping_volume_4,tray,195.24402041260808,222.06642772024446,53.463519651068175,12.131436619371398,12418.764879474265,7726.218557230083,0.16101945687489325,0.29706194672369385,0.743233161075513,0.65650436190005,0.09574738204959367,0.046433691376256095
1140.0,17,stripping_volume_5,tray,200.38750419296008,222.13738363070544,53.16485671783605,12.05856004602327,12504.530020415566,7801.463869577078,0.12393128890060218,0.2352775576590887,0.7764666433392371,0.7140209144888451,0.09960206776016078,0.0507015278520663
1140.0,18,stripping_volume_6,tray,205.4618768209537,222.21031804224666,53.19683679159155,11.96124899495897,12582.065615998927,7887.113880974049,0.09001431726953614,0.17563670514865048,0.8024466088240894,0.7670579359691718,0.10753907390637453,0.05730535888217769
1140.0,19,stripping_volume_7,tray,210.66782381104372,222.2845958262068,52.76143784983125,11.893768609150559,12617.163931485942,7964.539311388451,0.06056984160933785,0.12152425586176416,0.813173721490163,0.8082167959820289,0.12625643690049912,0.0702589481562071
1140.0,20,combined_reboiler_sump,reboiler_sump,216.91677822763154,222.3099205113608,758.0764620284305,77.29991939618931,,7999.5301737227155,0.03607640189974087,0.07492210515223986,0.7923667530182172,0.8251285146588739,0.17155684508204194,0.09994938018888605
1170.0,1,reflux_drum,reflux_drum,120.68482553892831,221.17958347100947,1638.9384618353436,120.64415787564046,,,0.8800358259750939,0.9462301701997413,0.11992224330790716,0.05376017783831522,4.193071699905188e-05,9.651961943430723e-06
1170.0,2,rectifying_volume_1,tray,130.19144067710943,221.2272048755721,38.01321918416355,49.45025578632631,5659.00415198794,8479.476551727994,0.7553235908332281,0.8796556558346996,0.2445093208702774,0.12030181642105489,0.0001670882964944743,4.252774424544144e-05
1170.0,3,rectifying_volume_2,tray,141.28482305254695,221.2764431630787,34.27769544484105,12.797311403450257,5438.134321038802,8185.538845814373,0.6228106374438177,0.793388413882367,0.3767390562006996,0.2064824650597363,0.0004503063554827092,0.00012912105789665668
1170.0,4,rectifying_volume_3,tray,151.6562414117785,221.32553376799208,33.34647452949557,12.578508050880435,5313.2071859138105,7964.556803894212,0.5102037276179787,0.7039341023548654,0.4887931138526678,0.29574438364876904,0.0010031585293535674,0.00032151399636568424
1170.0,5,rectifying_volume_4,tray,159.67899441120727,221.3749174311045,32.76906363201455,12.422807560262042,5256.158773616559,7839.521946481208,0.42977331344745306,0.6288737631993819,0.5682370317762416,0.37043197503329234,0.0019896547763051825,0.0006942617673258332
1170.0,6,rectifying_volume_5,tray,165.12796117814472,221.42463438475036,32.37301724873393,12.328894951858269,5231.629966667939,7782.375730390031,0.3784057842438951,0.5753889554182522,0.6179155269092617,0.42325263742973784,0.00367868884684314,0.0013584071520099362
1170.0,7,rectifying_volume_6,tray,168.59404771922888,221.4746952122518,32.158928889886326,12.270419327095828,5217.6357903284315,7757.759773428568,0.34754176107614554,0.5411797197764128,0.6459321469991248,0.4563246937689822,0.006526091924729489,0.0024955864546049623
1170.0,8,rectifying_volume_7,tray,170.81161331695017,221.52499362105303,32.019712317811944,12.23337037299457,5203.14079382284,7743.6880631110125,0.3293777858253348,0.5206534474550243,0.6593248826350627,0.4749344777403125,0.011297331539602443,0.004412074804663224
1170.0,9,rectifying_volume_8,tray,172.38877944310707,221.57536834713716,31.869280316780415,12.208379082566672,5181.557902465783,7729.123806298909,0.3184060352263091,0.5087296208073049,0.6623381915541217,0.4836504276437894,0.01925577321956927,0.007619951548905748
1170.0,10,rectifying_volume_9,tray,173.79565938395393,221.62567097241796,31.666012616666006,12.186427086020116,5146.576133250737,7707.478785540186,0.31103874449766855,0.5018381751654066,0.6565220992441467,0.4852022514177522,0.03243915625818474,0.01295957341684122
1170.0,11,rectifying_volume_10,tray,175.43704825826185,221.6757964021364,31.393833968407826,12.157485879078214,5089.959002846384,7672.441003241614,0.3048766482434979,0.4977175367797715,0.6411118137305419,0.48050898359991384,0.05401153802596013,0.02177347962031472
1170.0,12,feed_tray,tray,177.74097352786603,221.75082768312578,45.87059121222278,10.941594007294754,12228.493660175158,7615.772457078448,0.29812152613784265,0.49497391191443524,0.6133400048152192,0.4689147096463132,0.0885384690469382,0.03611137843925152
1170.0,13,stripping_volume_1,tray,181.2355878360787,221.82650746675344,45.67779302477659,10.888223075893801,12249.268816450594,7611.241631531839,0.2695457071700437,0.4575129815632459,0.6405523707459435,0.5045001682062672,0.08990192208401283,0.037986850230486834
1170.0,14,stripping_volume_2,tray,185.4222517904031,221.9032312953144,45.50066385395432,10.823166384956561,12286.34495216391,7631.922284769141,0.2360926075125471,0.41119748766480846,0.672413504945602,0.5484890279442886,0.09149388754185096,0.040313484390903015
1170.0,15,stripping_volume_3,tray,190.16929358574,221.98122300761574,45.29389291379943,10.754400949851751,12343.288518322835,7668.901622013151,0.19918867246553493,0.3568959727490068,0.7074569445041021,0.599999325263438,0.09335438303036303,0.04310470198755517
1170.0,16,stripping_volume_4,tray,195.2413555661092,222.0508041000214,53.463540765201614,12.130476557649633,12418.666205427437,7725.7477004452085,0.16098973250494086,0.29702018390320567,0.7432607126797417,0.6565447049927161,0.09574955481531748,0.046435111104078206
1170.0,17,stripping_volume_5,tray,200.38477819648213,222.12175969946233,53.164902113307676,12.057606797320739,12504.438735974778,7801.019033936402,0.1239030070709234,0.2352343279368161,0.7764924235633697,0.7140624414941447,0.09960456936570695,0.05070323056903915
1170.0,18,stripping_volume_6,tray,205.45881453162713,222.19469388378272,53.19690920247031,11.960308576955914,12581.972965432258,7886.688763386124,0.08998955119579527,0.17559602406068625,0.8024681912801558,0.7670965579309406,0.10754225752404904,0.057307418008373315
1170.0,19,stripping_volume_7,tray,210.66432248640538,222.26897143063815,52.76152087886759,11.892838742495755,12617.05879502564,7964.12478987924,0.06054974249632897,0.12148907643167266,0.8131885180751679,0.8082488144045268,0.12626173942850316,0.07026210916380059
1170.0,20,combined_reboiler_sump,reboiler_sump,216.91306718859576,222.2942957766043,758.094754750937,77.29270545326742,,7999.1147861564505,0.03606118108737531,0.07489373214831033,0.7923698863972017,0.8251497336663517,0.17156893251542288,0.09995653418533805
1200.0,1,reflux_drum,reflux_drum,120.68096324589565,221.16477550753734,1636.4994614844313,120.81478274787014,,,0.8800133228338869,0.9462207284246454,0.11994471810302706,0.053769613406950606,4.195906308610405e-05,9.658168403980705e-06
1200.0,2,rectifying_volume_1,tray,130.18857030227227,221.21239582674866,38.01341801771919,49.446340536746156,5659.006260698995,8478.90628575176,0.7552883226512543,0.8796381026344379,0.24454453399976467,0.12031935636228047,0.00016714334898099845,4.2541003281733925e-05
1200.0,3,rectifying_volume_2,tray,141.28291668385936,221.26163340043937,34.27784377802812,12.79628277631165,5438.15321010552,8185.00250506452,0.6227657746754341,0.7933607170880868,0.3767838211643769,0.20651013410009392,0.0004504041601888248,0.0001291488118193334
1200.0,4,rectifying_volume_3,tray,151.65483857021044,221.31072356265577,33.3466497950965,12.577489037378227,5313.250184183232,7964.050335066079,0.5101560448607557,0.7038984665728146,0.48884065154409395,0.2957799706121808,0.0010033035951502972,0.000321562815004584
1200.0,5,rectifying_volume_4,tray,159.6774860487464,221.36010703324078,32.769298586645576,12.421805375991942,5256.223775207778,7839.052470737641,0.42972882920951017,0.6288358664564653,0.5682813514549478,0.3704698082255155,0.0019898193355420415,0.0006943253180190439
1200.0,6,rectifying_volume_5,tray,165.12597589839427,221.40982397425162,32.37331802585161,12.327909804742966,5231.711379880186,7781.939678695908,0.378367121152148,0.5753535679171222,0.6179540797037023,0.4232879766786771,0.0036787991441497945,0.0013584554042007384
1200.0,7,rectifying_volume_6,tray,168.5914744360975,221.45988491007682,32.15929136496182,12.269448763645464,5217.72946675278,7757.350140783113,0.3475091339360592,0.5411490326844577,0.6459648497523192,0.45635540843636835,0.006526016311621682,0.0024955588791739417
1200.0,8,rectifying_volume_7,tray,170.80847667943675,221.5101835182784,32.02013026496166,12.23241146601446,5203.2447449305455,7743.29977913015,0.32935044711154665,0.5206278034708925,0.6593526741445496,0.4749603183489948,0.011296878743903673,0.004411878180112632
1200.0,9,rectifying_volume_8,tray,172.38514424196907,221.56055852653319,31.86974791346635,12.207429571581226,5181.671399856657,7728.754443458835,0.31838308250765646,0.5087085655381932,0.662362181312046,0.483671961462536,0.019254736180297573,0.007619472999270824
1200.0,10,rectifying_volume_9,tray,173.79159362755203,221.61086151777982,31.66652341438649,12.185485646939993,5146.698486284783,7707.127518679133,0.31101940585116983,0.5018210808041921,0.6565431107992362,0.48522017942731754,0.03243748334959378,0.012958739768490456
1200.0,11,rectifying_volume_10,tray,175.43263454182963,221.660987396874,31.394375841767868,12.156551714496663,5090.087834244438,7672.107207523201,0.30486028028322565,0.49770385003941997,0.6411299292911479,0.4805237206566769,0.05400979042562646,0.021772429303903072
1200.0,12,feed_tray,tray,177.73636865684745,221.73601847923808,45.87065831698999,10.940805992162309,12228.369365007035,7615.45375974494,0.29810743352771296,0.4949631979736549,0.6133537682894956,0.46892593770973673,0.0885387981827914,0.03611086431660839
1200.0,13,stripping_volume_1,tray,181.23151502707577,221.81169650897442,45.677844694045994,10.887428977446167,12249.154426380095,7610.679716063443,0.2695275203754215,0.45749576978993384,0.6405698853714146,0.5045175308848399,0.08990259425316405,0.037986699325226206
1200.0,14,stripping_volume_2,tray,185.41873521024485,221.88841884566133,45.50070371682115,10.822367355368796,12286.242811610802,7631.381050359325,0.2360704193337704,0.4111729011881561,0.6724346834890533,0.5485133562509669,0.09149489717717627,0.04031374256087701
1200.0,15,stripping_volume_3,tray,190.1662435310506,221.96640934263988,45.293930395519475,10.753599365864885,12343.200096875235,7668.383981787386,0.19916349188653748,0.35686437056912995,0.7074808120826053,0.6000302664475597,0.09335569603085714,0.043105362983310316
1200.0,16,stripping_volume_4,tray,195.23857809999797,222.03598973682028,53.46361846667389,12.129566994116145,12418.59140160482,7725.2553160952875,0.1609632828190833,0.2969833499836629,0.7432855645292891,0.6565805239903022,0.09575115265162774,0.04643612602603504
1200.0,17,stripping_volume_5,tray,200.38198598958675,222.10694481502674,53.16500255325269,12.05670254715675,12504.372749213715,7800.553263009283,0.12387754428420504,0.23519563120516232,0.7765159877587129,0.7140998583186503,0.09960646795708204,0.05070451047618733
1200.0,18,stripping_volume_6,tray,205.45576722807016,222.17987858457622,53.19703560050302,11.95941507599506,12581.908415913993,7886.244433831742,0.08996691259652427,0.17555895728818297,0.8024882937853669,0.7671319989049983,0.1075447936181089,0.05730904380681873
1200.0,19,stripping_volume_7,tray,210.66093569800103,222.25415574419026,52.761657037732775,11.891953753992738,12616.985636356707,7963.694135472713,0.060530975624823576,0.12145625611539186,0.8132026885043183,0.8082789126287925,0.12626633587085812,0.0702648312558156
1200.0,20,combined_reboiler_sump,reboiler_sump,216.90957560295809,222.2794795590366,758.1122401640448,77.28584889782908,,7998.687408326765,0.036046512881453184,0.07486634597264127,0.7923732001278382,0.8251703709115472,0.17158028699070849,0.09996328311581137
1230.0,1,reflux_drum,reflux_drum,120.67739451830563,221.1508486978888,1634.1488272094514,120.97934317114341,,,0.8799912803318126,0.9462114214551797,0.11996673303092056,0.05377891432264529,4.198663726677346e-05,9.664222175023804e-06
1230.0,2,rectifying_volume_1,tray,130.1856805917997,221.19846749257573,38.01363844558061,49.44267618263595,5659.016572976863,8478.290576747666,0.7552575370539337,0.8796229882941424,0.24457527687200425,0.12033446062290705,0.00016718607406192298,4.255108295057827e-05
1230.0,3,rectifying_volume_2,tray,141.28073143739834,221.24770393859419,34.278033140283654,12.795323329226205,5438.18173051158,8184.4306329835645,0.6227280331141295,0.7933378813713053,0.37682150055556124,0.20653295280784742,0.00045046633030913465,0.00012916582084723257
1230.0,4,rectifying_volume_3,tray,151.65306987180995,221.29679323609665,33.346864749295115,12.576538738507304,5313.300575242793,7963.510012369555,0.510115853059259,0.7038689986617644,0.48888077188677487,0.2958094149710894,0.0010033750539660577,0.0003215863671460619
1230.0,5,rectifying_volume_4,tray,159.675674328008,221.34617608062624,32.769564033705606,12.420868854446741,5256.294115435049,7838.547134721723,0.42969078294790897,0.6288039967446521,0.5683193618227925,0.3705016624979426,0.001989855229298518,0.0006943407574051917
1230.0,6,rectifying_volume_5,tray,165.1238062277097,221.3958925761362,32.37364073291901,12.326987022294468,5231.797425737383,7781.465933236932,0.3783335132619489,0.5753232633502513,0.6179877816392426,0.4233183130842725,0.003678705098808378,0.0013584235654762857
1230.0,7,rectifying_volume_6,tray,168.5888270022762,221.4459531990975,32.159670558532525,12.268537971739583,5217.828092448428,7756.902310857833,0.3474804004469762,0.5411223719392434,0.6459939631613941,0.45638221877862306,0.006525636391629772,0.0024954092821333498
1230.0,8,rectifying_volume_7,tray,170.80534510676932,221.49625160202973,32.02056289503533,12.231510557331903,5203.35450182685,7742.87378913442,0.32932618671031766,0.5206053404742897,0.6593778158647723,0.4749831516263766,0.011295997424910062,0.004411507899333626
1230.0,9,rectifying_volume_8,tray,172.3815634052827,221.54662650498165,31.870230362650187,12.206536916201713,5181.7917769673195,7728.348370504739,0.3183626879905652,0.508690112238049,0.6623841785229742,0.4836911239560471,0.019253133486460666,0.007618763805904004
1230.0,10,rectifying_volume_9,tray,173.7876112072675,221.5969294908426,31.66705022839414,12.184600284017614,5146.828760358571,7706.740715545644,0.311002307567219,0.5018062242919873,0.656562561248641,0.48523614845660706,0.032435131184139966,0.012957627251405578
1230.0,11,rectifying_volume_10,tray,175.42832548314703,221.64705546222692,31.394934370745315,12.155672903467677,5090.2252855438355,7671.738977770603,0.30484594676453713,0.49769218063931675,0.6411466959666172,0.4805367252998443,0.054007357268845646,0.021771094060839005
1230.0,12,feed_tray,tray,177.7318979751044,221.72208602327512,45.87076224345097,10.940064727241735,12228.269693644068,7615.101359453882,0.2980951986338047,0.49495436267237436,0.6133661012517818,0.4689354696175524,0.08853870011441349,0.03611016771007323
1230.0,13,stripping_volume_1,tray,181.2274781505098,221.79776206649174,45.67793920816718,10.886682801031093,12249.064615207748,7610.100328118005,0.26951194791035216,0.45748158299256825,0.6405852622706671,0.5045321183947554,0.08990278981898059,0.037986298612676335
1230.0,14,stripping_volume_2,tray,185.41517315409905,221.87448265884507,45.500790421618106,10.821616974499108,12286.164748746933,7630.822516019239,0.23605141976991864,0.41115238595702164,0.6724531905790545,0.5485339273317439,0.09149538965102691,0.04031368671123452
1230.0,15,stripping_volume_3,tray,190.1631008858763,221.95247166930503,45.294016242175346,10.752846499661965,12343.135185539559,7667.848753589609,0.19914176565721908,0.3568375703758183,0.7075017724661612,0.6000567720682721,0.09335646187661982,0.04310565755590962
1230.0,16,stripping_volume_4,tray,195.23570723836113,222.022051158653,53.46375088005616,12.128711990528508,12418.540309131313,7724.7449870732735,0.1609401791848615,0.2969515354345755,0.7433076420813272,0.6566117250965361,0.09575217873381146,0.04643673946888841
1230.0,17,stripping_volume_5,tray,200.3791459651546,222.0930055146754,53.16515605964852,12.055851360306372,12504.33181980616,7800.069965180253,0.12385497579890166,0.23516157561426831,0.7765372584026821,0.7141330544375801,0.09960776579841635,0.05070536994815149
1230.0,18,stripping_volume_6,tray,205.45275303313332,222.16593869004157,53.197213866525,11.958572542759848,12581.871651991147,7885.784129338901,0.08994647598404933,0.17552562326467644,0.8025068413462331,0.7671641392864771,0.1075466826697176,0.05731023744884663
1230.0,19,stripping_volume_7,tray,210.65768134712303,222.2402153193585,52.761844139184014,11.891117692351392,12616.944089525132,7963.2504232273095,0.06051361183754859,0.1214259176091506,0.8132161697778348,0.8083069716061685,0.12627021838461663,0.07026711078468097
1230.0,20,combined_reboiler_sump,reboiler_sump,216.90631970508872,222.26553842003406,758.1288105745349,77.27938279670177,,7998.250980737419,0.03603246357079357,0.07484007101887441,0.7923766698623903,0.8251903268107261,0.17159086656681619,0.09996960217039942
1260.0,1,reflux_drum,reflux_drum,120.67413314331255,221.13786216741354,1631.897255919478,121.13709342125654,,,0.8799698114844665,0.9462022982110619,0.11998817519405362,0.05378803169168624,4.2013321479913225e-05,9.670097251789205e-06
1260.0,2,rectifying_volume_1,tray,130.18278923004993,221.1854790202151,38.01387860987146,49.439277749524805,5659.034818430758,8477.63445184072,0.7552312973331499,0.879610337678682,0.2446014861460859,0.12034710431964353,0.0001672165207642548,4.255800167445318e-05
1260.0,3,rectifying_volume_2,tray,141.27828724073504,221.23471394342343,34.27826137869643,12.794436912770271,5438.219469449039,8183.827732006111,0.6226974523576554,0.7933199171821179,0.3768520543355986,0.20655091058838396,0.0004504933067461471,0.00012917222949807104
1260.0,4,rectifying_volume_3,tray,151.65095475113904,221.2838019715177,33.34711713771916,12.57566096903182,5313.357875012651,7962.940104937954,0.5100831993482294,0.7038457172556103,0.48891342654636194,0.2958326976699277,0.0010033741054087059,0.0003215850744620119
1260.0,5,rectifying_volume_4,tray,159.67357717280845,221.33318377262728,32.769857663204014,12.420001811528783,5256.369244440732,7838.010047534521,0.4296592375019006,0.6287781921108307,0.5683509974540859,0.37052749884075487,0.001989765044013394,0.000694309048414491
1260.0,6,rectifying_volume_5,tray,165.1214690866881,221.3828994048148,32.37398294234954,12.326130426260605,5231.887478742012,7780.958458334662,0.37830503311225444,0.5752980952740231,0.618016555188717,0.4233435911549116,0.0036784116990284488,0.0013583135710653056
1260.0,7,rectifying_volume_6,tray,168.58612232307738,221.43295930765547,32.16006384126398,12.26769077010973,5217.930958482476,7756.420102767178,0.3474556340835558,0.5410997965354565,0.6460194048700528,0.45640506224744887,0.006524961046391392,0.002495141217094745
1260.0,8,rectifying_volume_7,tray,170.80223635303955,221.48325711349204,32.02100731202103,12.23067145340445,5203.46926686969,7742.41376571515,0.32930507225477296,0.520586113859357,0.6594002254959554,0.4750029161542759,0.01129470224927156,0.004410969986367068
1260.0,9,rectifying_volume_8,tray,172.37805612035,221.53363153545047,31.870724464803835,12.205704903519022,5181.918144778937,7727.909111795883,0.3183449093107427,0.508674306782692,0.6624041033783126,0.48370785988516296,0.019250987310944816,0.007617833332145057
1260.0,10,rectifying_volume_9,tray,173.783733010398,221.58393415532294,31.66758955962362,12.183774760729447,5146.965979819825,7706.321751093727,0.3109874953067794,0.5017936387611398,0.6565803754587624,0.4852501124249611,0.03243212923445842,0.012956248813899127
1260.0,11,rectifying_volume_10,tray,175.42414345708224,221.63405987168517,31.395505841084816,12.154853188061747,5090.370318730746,7671.339544761395,0.30483368148188816,0.4976825475619249,0.6411620495182048,0.4805479640123108,0.0540042689999071,0.0217694884257643
1260.0,12,feed_tray,tray,177.72758419247657,221.70908960119553,45.87090142681771,10.939373366602997,12228.194587970189,7614.718367743707,0.2980848464312588,0.4949474107030982,0.6133769680007556,0.4689432922692589,0.08853818556798553,0.0361092970276428
1260.0,13,stripping_volume_1,tray,181.2234998694603,221.78476344402694,45.67807490422699,10.885987699644739,12248.999267903386,7609.507488242721,0.26949901495316086,0.4574704280801286,0.6405984662381285,0.5045439155554735,0.08990251880871054,0.03798565636439778
1260.0,14,stripping_volume_2,tray,185.4115876058853,221.86148205741512,45.50092224899366,10.820918400807665,12286.110593268259,7630.250569024089,0.2360356390476663,0.41113595896034016,0.6724689869109065,0.5485507164304433,0.09149537404142723,0.04031332460921647
1260.0,15,stripping_volume_3,tray,190.15988646871583,221.9394693269572,45.294148699111254,10.752145520991558,12343.093553787352,7667.299689461594,0.1991235323365226,0.3568156062407687,0.7075197790784199,0.6000788011014018,0.09335668858505757,0.043105592657829456
1260.0,16,stripping_volume_4,tray,195.23276237885494,222.0090477163424,53.463935809939784,12.127915163842397,12418.512615316371,7724.220324071918,0.16092046974796492,0.2969247962065799,0.7433268902279233,0.6566382464284158,0.09575264002411189,0.046436957365004236
1260.0,17,stripping_volume_5,tray,200.37627638604403,222.08000115953755,53.16536034761146,12.055056866837859,12504.315545663221,7799.572578237739,0.12383535667430395,0.235132237184786,0.7765561742096948,0.7141619487322857,0.09960846911600124,0.050705814082928236
1260.0,18,stripping_volume_6,tray,205.44978939306537,222.15293357036498,53.19744158593751,11.957784607575707,12581.862179531014,7885.311110349613,0.08992830033139035,0.17549611428014644,0.8025237702981273,0.7671928828504772,0.10754792937048234,0.057311002869376355
1260.0,19,stripping_volume_7,tray,210.65457598986106,222.22720953411007,52.76207971020693,11.890334199640403,12616.933585974888,7962.796736710584,0.06049771179730979,0.12139816572284595,0.8132289044767886,0.8083328873866472,0.12627338372590166,0.07026894689050678
1260.0,20,combined_reboiler_sump,reboiler_sump,216.90331371182697,222.25253174738853,758.144368058928,77.27333684810179,,7997.80843051157,0.03601909447503446,0.07481502275423017,0.7923802709965342,0.8252095078900802,0.17160063452843152,0.09997546935568956
1290.0,1,reflux_drum,reflux_drum,120.67119060217497,221.12586766412883,1629.7545354326833,121.28735079922699,,,0.8799490233402469,0.9461934054579318,0.12000893765521632,0.053796918773051754,4.203900453672392e-05,9.675769016367023e-06
1290.0,2,rectifying_volume_1,tray,130.17991348788718,221.173482181494,38.014136571916694,49.436158218103145,5659.060682815704,8476.943051131713,0.7552096364715004,0.8796001594202213,0.24462312871209227,0.12035727878186929,0.0001672348164073797,4.256179790931278e-05
1290.0,3,rectifying_volume_2,tray,141.27560519133687,221.22271520741614,34.2785261465343,12.79362682256358,5438.265966124787,8183.198372552796,0.6226740256786074,0.7933068037107142,0.37687548857001996,0.20656402804058174,0.00045048575137276705,0.00012916824870405497
1290.0,4,rectifying_volume_3,tray,151.64851436252363,221.27180158077522,33.347404525373854,12.574858993173274,5313.421568020527,7962.344947934867,0.5100580821647444,0.7038286013101288,0.48893861543597955,0.2958498391767619,0.0010033023992761236,0.00032155951310924353
1290.0,5,rectifying_volume_4,tray,159.67121385885403,221.32118193941955,32.77017704489986,12.419207532087697,5256.448595781544,7837.445403049128,0.42963421335711904,0.6287584514325721,0.5683762345012323,0.37054731712325323,0.001989552141648484,0.0006942314441746507
1290.0,6,rectifying_volume_5,tray,165.11898202100747,221.37089630769327,32.374342163390324,12.325343327925284,5231.980903249752,7780.421319678338,0.3782817193579801,0.5752780836862194,0.6180403554980588,0.4233637884828123,0.003677925143961109,0.001358127830968371
1290.0,7,rectifying_volume_6,tray,168.58337724099115,221.42095509923496,32.16046855840028,12.26691048323152,5218.037345998569,7755.907444983908,0.34743488166419784,0.5410813383933389,0.6460411174101125,0.4564239026608759,0.006524000925689851,0.0024947589457851383
1290.0,8,rectifying_volume_7,tray,170.7991675992592,221.47125193107158,32.02146061372489,12.22989747767353,5203.588229468742,7741.923492576101,0.3292871499155098,0.5205701572773415,0.6594198397665315,0.4750195712748546,0.011293010317958659,0.004410271447804048
1290.0,9,rectifying_volume_8,tray,172.37464066439065,221.52162551013467,31.87122702050453,12.204936845097123,5182.049596987432,7727.440301486106,0.3183297860889499,0.5086611771033629,0.6624218909501342,0.48372213068822245,0.019248322960915963,0.007616692208414723
1290.0,10,rectifying_volume_9,tray,173.77997879454898,221.57192741610393,31.668137909225322,12.183012370438023,5147.109147461908,7705.874107753432,0.31097499897030434,0.50178334195313,0.6565964903830528,0.48526203915964555,0.032428510646642886,0.01295461888722449
1290.0,11,rectifying_volume_10,tray,175.42010953660636,221.62205254178792,31.39608654030129,12.15409584538384,5090.521871472387,7670.912244847994,0.3048235040611189,0.4976749561314405,0.6411759362061409,0.48055741546309455,0.054000559732740226,0.021767628405465072
1290.0,12,feed_tray,tray,177.72344851690693,221.69708114359653,45.87107411111502,10.938734671811645,12228.143834175195,7614.308001603338,0.2980763891044031,0.49494233437958224,0.6133863430991573,0.46894940396999724,0.0885372677964397,0.036108261650420595
1290.0,13,stripping_volume_1,tray,181.21960198828577,221.7727525917701,45.67824989146047,10.885346426165833,12248.958115603038,7608.905192837828,0.26948872895928566,0.4574622920343205,0.6406094768980866,0.5045529256848079,0.08990179414262786,0.03798478228087151
1290.0,14,stripping_volume_2,tray,185.40800023568792,221.84946901038066,45.501097227258086,10.820274387849988,12286.080025675743,7629.669076457517,0.2360230858403839,0.41112361020993554,0.6724820515301655,0.5485637238969551,0.09149486262945067,0.04031266589310945
1290.0,15,stripping_volume_3,tray,190.15662111158196,221.92745430254686,45.29432575046082,10.751499194134334,12343.074826885973,7666.740528168274,0.19910880707030093,0.35679848016563226,0.7075348053167336,0.6000963423544246,0.09335638761296544,0.04310517747994319
1290.0,16,stripping_volume_4,tray,195.22976296034787,221.99703140922549,53.46417077149317,12.127179675323609,12418.507863677341,7723.684931840497,0.1609041798064011,0.29690315437548287,0.7433432730803722,0.6566600574881561,0.09575254711322675,0.046436788136361075
1290.0,17,stripping_volume_5,tray,200.37339527087977,222.0679837601596,53.16561285638878,12.054322250768612,12504.32337400148,7799.06453720109,0.12381872199907983,0.23510766023145094,0.7765726900560261,0.7141864891770829,0.09960858794489404,0.050705850591466074
1290.0,18,stripping_volume_6,tray,205.44689298654686,222.14091524594448,53.197716080621774,11.95705446855633,12581.879338170973,7884.82863037429,0.08991242912587274,0.17547049660133235,0.8025390283990443,0.767218156732862,0.1075485424750829,0.05731134666580559
1290.0,19,stripping_volume_7,tray,210.6516347746336,222.21519041721876,52.76236102433578,11.889606498852906,12616.953368507562,7962.33613980025,0.06048332585462412,0.12137308714429924,0.8132408409923321,0.8083565714171895,0.12627583315304383,0.07027034143851119
1290.0,20,combined_reboiler_sump,reboiler_sump,216.90056980234547,222.24051158050494,758.1588254008055,77.26773723503857,,7997.362645396732,0.036006461629648,0.07479130710105518,0.7923839788243204,0.8252278272893333,0.17160955954603158,0.0999808656096115
1320.0,1,reflux_drum,reflux_drum,120.6685760759841,221.1149094621726,1627.7295127288014,121.42949775515534,,,0.8799290163906681,0.9461847875316918,0.12002892002651962,0.05380553125391185,4.206358281229189e-05,9.681214396292994e-06
1320.0,2,rectifying_volume_1,tray,130.17707011547594,221.16252127604338,38.01441032963638,49.433328507390264,5659.093812196602,8476.22157558517,0.7551925580055731,0.8795924464435856,0.24464020083075005,0.12036499102706533,0.00016724116367679978,4.256252934904822e-05
1320.0,3,rectifying_volume_2,tray,141.27270736857537,221.21175205252447,34.278824927737226,12.79289579613916,5438.320717233507,8182.547147444322,0.6226577017086281,0.7932984901333404,0.37689185375485545,0.2065723557141321,0.00045044453651640155,0.00012915415252731424
1320.0,4,rectifying_volume_3,tray,151.64577138098574,221.26083640695728,33.34772432098608,12.574135521326646,5313.491112748874,7961.728899024347,0.5100404528914736,0.7038175915662518,0.4889563850965947,0.2958608980282817,0.001003162011931761,0.0003215104054664567
1320.0,5,rectifying_volume_4,tray,159.6686048492675,221.3102149442964,32.7705196503617,12.418488765613855,5256.531591744598,7836.857436991579,0.42961568983509546,0.6287447356349367,0.5683950895501623,0.37056115489391034,0.0019892206147423615,0.0006941094711530448
1320.0,6,rectifying_volume_5,tray,165.11636307908458,221.359927667221,32.37471586279307,12.324628522785021,5232.077059218182,7779.858642038218,0.3782635774993091,0.575263215845374,0.6180591697357308,0.4233789149553289,0.003677252764960045,0.001357869199297061
1320.0,7,rectifying_volume_6,tray,168.5806084428031,221.40998497426247,32.16088205070684,12.266199935301568,5218.14653272773,7755.368334048418,0.3474181637697004,0.5410670028576399,0.6460590679131114,0.45643872975611044,0.006522768317188172,0.002494267386249645
1320.0,8,rectifying_volume_7,tray,170.79615537348897,221.4602804719596,32.02191991440358,12.22919146416163,5203.71057354161,7741.40682451039,0.3292724446648221,0.5205574829582105,0.6594366143724878,0.4750330968511712,0.011290940962690134,0.0044094201906183265
1320.0,9,rectifying_volume_8,tray,172.3713343244692,221.51065286179667,31.871734855677087,12.204235570427509,5182.185218485523,7726.945644915904,0.3183173401563176,0.5086507334550268,0.6624374912615842,0.48373391433399965,0.019245168582098113,0.007615352210973545
1320.0,10,rectifying_volume_9,tray,173.77636709957545,221.5609537203642,31.668691806703148,12.182315929837051,5147.257253995748,7705.40133828774,0.3109648329544291,0.5017753365173959,0.65661085518928,0.48527191025808464,0.03242431185629085,0.012952753224519444
1320.0,11,rectifying_volume_10,tray,175.41624339619923,221.6110779330525,31.396672787991772,12.153403681004212,5090.6788673180245,7670.460484232197,0.30481542027569936,0.497669398390742,0.6411883128744109,0.48056507030652273,0.05399626684988977,0.021765531302735196
1320.0,12,feed_tray,tray,177.71951056024426,221.68610512643664,45.87127837199527,10.938151006439663,12228.117071902543,7613.873548876539,0.29806982640497576,0.49493911411121744,0.6133942112132782,0.4689538140621394,0.0885359623817461,0.0361070718266431
1320.0,13,stripping_volume_1,tray,181.2158053317461,221.76177400588665,45.67846207650013,10.884761328171965,12248.940745204032,7608.297379094659,0.26948108022680517,0.4574571426865244,0.6406182883430174,0.5045591699445887,0.08990063143017749,0.03798368736888703
1320.0,14,stripping_volume_2,tray,185.40443226191434,221.8384880335028,45.5013131591828,10.819687279215895,12286.072587187764,7629.08185120358,0.23601374795219773,0.41111530373126787,0.6724923813531806,0.5485729743314104,0.0914938706946218,0.040311721937321764
1320.0,15,stripping_volume_3,tray,190.15332551833777,221.9164711307089,45.2945451466444,10.75090987273916,12343.078496147475,7666.174962151954,0.19909758228449048,0.35678616314804473,0.7075468440595106,0.6001094135413839,0.09335557365599875,0.04310442331057135
1320.0,16,stripping_volume_4,tray,195.2267283319474,221.9860467850828,53.46445302279896,12.12650822431125,12418.525464906672,7723.142377131658,0.1608913124020158,0.2968865991099558,0.7433567735715189,0.6566771583353804,0.09575191402646537,0.04643624255466381
1320.0,17,stripping_volume_5,tray,200.37052028399705,222.05699787629405,53.16591078197053,12.053650243284567,12504.35461340331,7798.549243702206,0.1238050873094643,0.2350878580889315,0.7765867767521794,0.7142066522489146,0.09960813593835637,0.05070548966215404
1320.0,18,stripping_volume_6,tray,205.44407964290804,222.12992828705427,53.1980344422979,11.956384884186738,12581.922314882027,7884.3399071563645,0.08989889056989961,0.175448810840125,0.8025525748149211,0.7672399111880471,0.1075485346151793,0.057311277971827786
1320.0,19,stripping_volume_7,tray,210.6488713948828,222.2042025478233,52.762685135257456,11.888937385792765,12617.002506527133,7961.8716500084465,0.06047049401485588,0.12135075037887577,0.8132519336969366,0.8083779506895685,0.1262775722882075,0.07027129893155563
1320.0,20,combined_reboiler_sump,reboiler_sump,216.89809811855872,222.22952250982254,758.1721068355795,77.26260652140682,,7996.916449410315,0.03599461552612037,0.07476901991875781,0.7923877686900976,0.82524520519339,0.17161761578378193,0.09998577488785243
1350.0,1,reflux_drum,reflux_drum,120.66629647253238,221.10502433606862,1625.8300721010066,121.56298333056958,,,0.879909884053142,0.9461764860908082,0.12004802898599802,0.05381382749718457,4.2086960859947085e-05,9.686412007237038e-06
1350.0,2,rectifying_volume_1,tray,130.174275243052,221.1526331052517,38.01469783493658,49.43079747710166,5659.133817321413,8475.47523732813,0.7551800371308963,0.87958717661932,0.24465272703210936,0.1203702631087284,0.00016723583699431707,4.2560271951698444e-05
1350.0,3,rectifying_volume_2,tray,141.26961664198845,221.20186130383436,34.27915506208925,12.792246014984812,5438.3831825884,8181.878628804179,0.6226483864819582,0.7932948970998471,0.3769012427855452,0.20657597262585828,0.0004503707324964776,0.0001291302742946709
1350.0,4,rectifying_volume_3,tray,151.64274979440214,221.25094329777843,33.34807380189115,12.573492711925603,5313.565946975217,7961.096297215791,0.5100302178861368,0.7038125923283775,0.4889668266950956,0.29586596906108836,0.0010029554187676044,0.0003214386105341184
1350.0,5,rectifying_volume_4,tray,159.6657716230398,221.30031965679206,32.770882875114786,12.417847726952932,5256.617648518644,7836.250386132667,0.4296036066316232,0.6287369692303345,0.5684076181335015,0.3705690858598308,0.0019887752348753235,0.0006939449098347548
1350.0,6,rectifying_volume_5,tray,165.11363068740474,221.35003037375049,32.375101485102206,12.32398829010834,5232.175307727556,7779.274568859996,0.37825058090276403,0.5752534473793383,0.6180730161603216,0.4233890116809526,0.003676402936914149,0.0013575409397092557
1350.0,7,rectifying_volume_6,tray,168.57783236932264,221.40008584271433,32.161301674670185,12.265561448984611,5218.257799232869,7754.806795030921,0.3474054754014407,0.5410567694403725,0.6460732475961773,0.4564495585041235,0.006521277002381949,0.002493672055504111
1350.0,8,rectifying_volume_7,tray,170.79321547759872,221.4503796645008,32.02238236638954,12.228555755758574,5203.835484682024,7740.867649045363,0.3292609607399083,0.5205480822350278,0.6594505237354528,0.47504349283217334,0.011288515524638987,0.00440842493279888
1350.0,9,rectifying_volume_8,tray,172.3681533271262,221.50075053590828,31.87224484564715,12.203603425013068,5182.324093546544,7726.428881590159,0.3183075759487243,0.5086429688547864,0.6624508692091192,0.4837432050130143,0.01924155484215648,0.007613826132199182
1350.0,10,rectifying_volume_9,tray,173.77291517165025,221.55105002950506,31.6692478367236,12.181687776977274,5147.409287215924,7704.907030164371,0.3109569965550097,0.5017696104547557,0.6566234312624907,0.48527972081433846,0.032419572182499655,0.012950668730906006
1350.0,11,rectifying_volume_10,tray,175.4125632295502,221.60117302169846,31.397260964683426,12.15277902692019,5090.840225583158,7669.987704673732,0.30480942249047593,0.4976658536018795,0.6411991469282678,0.4805709308656815,0.05399143058125621,0.02176321553243906
1350.0,12,feed_tray,tray,177.71578826041306,221.67619854255284,45.87151214019703,10.937624334398535,12228.11380430298,7613.418335025994,0.2980651461207484,0.4949377189820551,0.6134005668590914,0.46895654245803636,0.0885342870201603,0.036105738559908514
1350.0,13,stripping_volume_1,tray,181.2121296351268,221.7518646998246,45.67870918953747,10.88423434664319,12248.946609827966,7607.687892414082,0.2694760426130374,0.4574549296626017,0.6406249086420606,0.5045626865285099,0.08989904874490194,0.03798238380888845
1350.0,14,stripping_volume_2,tray,185.40090431974005,221.82857616039146,45.50156764987846,10.819159007400739,12286.087690452207,7628.492620319432,0.23600759318583292,0.41111097878304,0.6724999905288537,0.5485785155138093,0.09149241628531339,0.040310505703150715
1350.0,15,stripping_volume_3,tray,190.15002012634844,221.90655686465013,45.29480443300128,10.750379498601621,12343.103929914938,7665.606606713845,0.19908982857878993,0.35677859652207433,0.7075559070012429,0.6001180601014199,0.09335426441996711,0.04310334337650566
1350.0,16,stripping_volume_4,tray,195.22367762486738,221.9761309108763,53.46477959837864,12.125903046424785,12418.564708543607,7722.5961587185875,0.16088184910915312,0.2968750879319775,0.7433673928917615,0.6566895784873251,0.09575075799908539,0.046435333580697374
1350.0,17,stripping_volume_5,tray,200.36766863054135,222.04708058749776,53.1662511107194,12.053043120329654,12504.408446603558,7798.030037324844,0.12379444918086849,0.23507281411367312,0.7765984206745287,0.7142224420830362,0.09960713014460283,0.05070474380329068
1350.0,18,stripping_volume_6,tray,205.44136426984795,222.12000978431846,53.19839356670696,11.955778170168069,12581.990158342222,7883.8480957443535,0.08988769791804943,0.1754310725517025,0.8025643800029237,0.7672581191392235,0.10754792207902679,0.05731080830907392
1350.0,19,stripping_volume_7,tray,210.64629805642804,222.19428302579811,52.763048911079665,11.888329225122723,12617.07991223037,7961.406213695667,0.06045924599998838,0.1213312058562102,0.8132621430587007,0.808396967743744,0.126278610941311,0.07027182640004573
1350.0,20,combined_reboiler_sump,reboiler_sump,216.89590678455065,222.21960164704984,758.1841485910526,77.25796359065336,,7996.472580402274,0.035983600908189896,0.07474824658862578,0.7923916161360045,0.8252615691898645,0.17162478295580558,0.09999018422150972
1380.0,1,reflux_drum,reflux_drum,120.66435647247283,221.09624160138213,1624.0631227417018,121.68732395407771,,,0.879891712229479,0.9461685398985672,0.12006617871857875,0.05382176875915455,4.210905194221572e-05,9.691342278234072e-06
1380.0,2,rectifying_volume_1,tray,130.17154429042927,221.14384701261682,38.01499701083521,49.42857194789174,5659.1802781163,8474.709213155167,0.7551720220183048,0.879584313527542,0.24466075880342872,0.12037313135364903,0.00016721917826659742,4.2555118808956015e-05
1380.0,3,rectifying_volume_2,tray,141.26635647843366,221.19307232964098,34.2795137708001,12.791679111376443,5438.45279086478,8181.197328075733,0.6226459457891356,0.7932959184282541,0.37690378861738955,0.2065749845695141,0.0004502655934751315,0.00012909700223187509
1380.0,4,rectifying_volume_3,tray,151.63947468993044,221.242151645384,33.34845013924977,12.57293217808106,5313.645493090841,7960.451424655107,0.5100272408477362,0.7038134735158899,0.4889700736889526,0.2958651813709186,0.0010026854633112022,0.00032134511319162324
1380.0,5,rectifying_volume_4,tray,159.66273649873062,221.29152549221752,32.77126406068068,12.417286101696007,5256.706181194476,7835.628450218363,0.4295978656643794,0.6287350421436204,0.5684139129400587,0.3705712180830609,0.0019882213955617714,0.0006937397733186606
1380.0,6,rectifying_volume_5,tray,165.11080352487417,221.3412338648122,32.37549647237647,12.32342439706055,5232.275016229896,7778.673224384507,0.3782426720853007,0.5752487036538204,0.6180819429333394,0.42339414965857214,0.0036753849813600443,0.0013571466876072967
1380.0,7,rectifying_volume_6,tray,168.57506512830386,221.3912871631415,32.16172482174571,12.264996848634702,5218.370434815494,7754.226844340644,0.3473967868583278,0.5410505927859538,0.6460836710401842,0.45645642820632915,0.006519542101488087,0.002492979007717181
1380.0,8,rectifying_volume_7,tray,170.79036292082802,221.44157898697975,32.02284518047689,12.227992206912047,5203.962156950506,7740.309850297832,0.32925268228903426,0.5205419262547452,0.6594615605914597,0.47505077863683054,0.011285757119506067,0.004407295108424302
1380.0,9,rectifying_volume_8,tray,172.36511277771123,221.49194802921127,31.87275393772619,12.203042272804023,5182.465313598573,7725.893750270162,0.3183004810563361,0.5086378596765226,0.6624620043447343,0.4837500126787677,0.019237514598929563,0.00761212764470973
1380.0,10,rectifying_volume_9,tray,173.76963889948217,221.54224585749753,31.669802664260576,12.18112977359908,5147.56424072801,7704.394771956169,0.31095147450311633,0.5017661376921346,0.6566341920898165,0.48528547902013786,0.03241433340706705,0.012948383287727377
1380.0,11,rectifying_volume_10,tray,175.40908568161987,221.592367337791,31.397847538848108,12.152223743778842,5091.004870770623,7669.497351125775,0.3048054902194115,0.49766428885646313,0.6412084162104826,0.48057501071059067,0.05398609357010595,0.02176070043294619
1380.0,12,feed_tray,tray,177.71229781989632,221.66739093959998,45.871773225235515,10.937156221863782,12228.133408767515,7612.945691709757,0.2980623246411723,0.49493810742014777,0.6134054140641444,0.4689576190862728,0.08853226129468336,0.03610427349357946
1380.0,13,stripping_volume_1,tray,181.20859344608527,221.7430542420534,45.67898881091173,10.883767018314952,12248.975039910698,7607.080456724896,0.269473574382771,0.45745558547203913,0.6406293592344625,0.5045635297131635,0.0898970663827666,0.03798088481479733
1380.0,14,stripping_volume_2,tray,185.39743633712584,221.81976298004173,45.50185813524146,10.818691096366193,12286.124630822758,7627.904996147656,0.2360045703708279,0.41111055127479,0.6725049096602108,0.5485804171469995,0.0914905199689613,0.040309031578210454
1380.0,15,stripping_volume_3,tray,190.14672497299196,221.89774111348197,45.29510097902696,10.749909604143609,12343.150385045717,7665.038971774773,0.19908549579621712,0.35677569353799377,0.7075620238349135,0.6001223537927126,0.0933524803688694,0.04310195266929371
1380.0,16,stripping_volume_4,tray,195.2206296285224,221.96731340993554,53.46514734329865,12.125365915949295,12418.624775101416,7722.049679831499,0.16087575099771306,0.29686854823530207,0.7433751497765722,0.6566973755783722,0.09574909922571473,0.04643407618632579
1380.0,17,stripping_volume_5,tray,200.36485695761928,222.0382615301809,53.166630653430616,12.052502704312849,12504.483943740512,7797.510169191216,0.12378678597445229,0.23506248293180793,0.7766076232697926,0.7142338894012987,0.09960559075575504,0.05070362766689328
1380.0,18,stripping_volume_6,tray,205.4387607908326,222.1111893856389,53.198790188038835,11.955236200287938,12582.081793834059,7883.356263669701,0.08987884993787369,0.17541727304099272,0.8025744255004534,0.7672727755392367,0.10754672456167286,0.05730995141977077
1380.0,19,stripping_volume_7,tray,210.64392545875614,222.18546150858091,52.76344906868192,11.887783950358038,12617.184357414877,7960.942683366334,0.06044960139882907,0.12131448619336703,0.8132714357006031,0.8084135805348646,0.12627896290056792,0.07027193327176835
1380.0,20,combined_reboiler_sump,reboiler_sump,216.89400194325586,222.21077866186005,758.1948992182452,77.25382362604273,,7996.033669674801,0.03597345662411892,0.0747290617022842,0.7923954970437539,0.8252768545515783,0.17163104633212725,0.09999408374613754
1410.0,1,reflux_drum,reflux_drum,120.66275859276023,221.08858321670382,1622.4345951841428,121.80210363255205,,,0.879874578942046,0.9461609846367245,0.12008329127948035,0.053829319375717236,4.212977847368631e-05,9.695987558231727e-06
1410.0,2,rectifying_volume_1,tray,130.1688918858941,221.1361849854389,38.0153057681615,49.426656737974966,5659.232748256585,8473.928601693924,0.7551684353093262,0.879583807314556,0.24466437309857186,0.12037364550656157,0.00016719159210194855,4.254717888249239e-05
1410.0,3,rectifying_volume_2,tray,141.26295075087788,221.1854071428755,34.2798981819105,12.791196179598835,5438.528945285953,8180.50765955037,0.6226502077875119,0.7933014229688928,0.37689966167058403,0.2065695222564226,0.0004501305419041967,0.00012905477468445846
1410.0,4,rectifying_volume_3,tray,151.63597203782624,221.23448348751361,33.348850422978416,12.572454998601726,5313.729163219678,7959.798471786225,0.5100313454664509,0.7038200729429925,0.4889662992099747,0.29585869604448733,0.0010023553235742736,0.0003212310125200981
1410.0,5,rectifying_volume_4,tray,159.65952245578927,221.28385451256293,32.77166051605882,12.41680505587378,5256.796608465043,7834.995757022541,0.4295983331873325,0.6287388117817926,0.5684141017620266,0.370567691933973,0.0019875650506409655,0.0006934962842345019
1410.0,6,rectifying_volume_5,tray,165.10790039753007,221.33356022576163,32.37589828303586,12.322938107042605,5232.375563430705,7778.05867869721,0.3782397642302685,0.5752488813692,0.6180860267065905,0.4233944282210106,0.003674209063140926,0.0013566904097894077
1410.0,7,rectifying_volume_6,tray,168.57232241112047,221.38361104307177,32.16214893644255,12.264507467651532,5218.483743012411,7753.632455319166,0.34739204480959,0.5410484038349449,0.646090375280386,0.45645940139603686,0.006517579910023839,0.002492194769018268
1410.0,8,rectifying_volume_7,tray,170.78761186023922,221.43390056779074,32.0233056448848,12.227502190392535,5204.089799217267,7739.737275509462,0.32924757418257317,0.5205389668568395,0.6594697354243939,0.4750549923743444,0.011282690393032873,0.004406040768815986
1410.0,9,rectifying_volume_8,tray,172.3622266093434,221.48426748966608,31.873259172137185,12.202553502659805,5182.607984512648,7725.343956641392,0.31829602691262093,0.5086353663859061,0.6624708905282538,0.4837543624524811,0.01923308255912529,0.007610271161612656
1410.0,10,rectifying_volume_9,tray,173.76655276257915,221.53456337062082,31.670353057853685,12.180643311449337,5147.721122147581,7703.868122186663,0.31094823761919876,0.5017648787738072,0.6566431230349304,0.48528920565239997,0.032408639345870745,0.012945915573792818
1410.0,11,rectifying_volume_10,tray,175.40582579494873,221.5846830647799,31.398429091819796,12.151739227042713,5091.171741422188,7668.992841710027,0.30480359078279323,0.4976646597812402,0.6412161087837162,0.4805773341428061,0.05398030043349064,0.02175800607595363
1410.0,12,feed_tray,tray,177.70905366025065,221.6597045193918,45.87205933895041,10.936747842523808,12228.175148127519,7612.458927603759,0.2980613276059655,0.49494022794223635,0.6134087659551274,0.46895708326448915,0.08852990643890708,0.03610268879327447
1410.0,13,stripping_volume_1,tray,181.20521403875097,221.7353648552168,45.67929839770073,10.883360481403384,12249.02525470679,7606.478647991345,0.2694736191679133,0.45745902671719774,0.6406316742236161,0.5045617687939994,0.08989470660847064,0.037979204488802876
1410.0,14,stripping_volume_2,tray,185.39404741955443,221.81207073579466,45.50218191050476,10.818284667508241,12286.182597985118,7627.322450500855,0.23600461052766936,0.41111391535033553,0.6725071849053452,0.5485787694421465,0.0914882045669854,0.040307315207518034
1410.0,15,stripping_volume_3,tray,190.14345956844846,221.89004614098673,45.295432007739784,10.749501318312856,12343.21701867903,7664.475436562136,0.1990845142427253,0.35677734114464815,0.7075652413025698,0.6001223910952165,0.09335024445470481,0.04310026776013541
1410.0,16,stripping_volume_4,tray,195.2176026721485,221.95961656058375,53.46555294731054,12.12489815208841,12418.70474842731,7721.506223376133,0.16087295974653926,0.29686687902521913,0.7433800796645109,0.6567006338121293,0.09574696058894987,0.04643248716265151
1410.0,17,stripping_volume_5,tray,200.36210126232362,222.03056299610117,53.16704607927415,12.05203036963659,12504.580075825887,7796.992778204804,0.12378205871895301,0.2350567919011882,0.776614400446926,0.7142410502414449,0.09960354083412092,0.05070215785736694
1410.0,18,stripping_volume_6,tray,205.43628209222678,222.10348939457305,53.19922091305846,11.954760411039507,12582.196038388813,7882.867368717995,0.08987233148071784,0.17540738035423434,0.8025827036284541,0.767283896562027,0.10754496489082814,0.057308723083738675
1410.0,19,stripping_volume_7,tray,210.64176278942665,222.17776030945618,52.76388220762548,11.88730306754431,12617.314490602323,7960.483797480351,0.06044156989854905,0.12130060660214187,0.8132797844072374,0.808427762173459,0.1262786456942136,0.07027163122439913
1410.0,20,combined_reboiler_sump,reboiler_sump,216.89238780852872,222.20307588004928,758.2043197133632,77.25019813076266,,7995.602224150722,0.03596421553414118,0.07471152885295032,0.7923993877695678,0.8252910044442677,0.171636396696291,0.09999746670278183
1440.0,1,reflux_drum,reflux_drum,120.66150326523352,221.08206394126267,1620.949445931656,121.90697358579632,,,0.8798585540482258,0.9461538527514224,0.12009929687940157,0.05383644691637453,4.2149072372703986e-05,9.700332203080847e-06
1440.0,2,rectifying_volume_1,tray,130.16633179485137,221.12966181215765,38.01562202155625,49.42505471448639,5659.29075971057,8473.138384605349,0.7551691757589558,0.8795855956247554,0.24466367070045583,0.12037186779961331,0.000167153540588406,4.2536575631332755e-05
1440.0,3,rectifying_volume_2,tray,141.25942355102217,221.1788805581895,34.28030535543901,12.79079779108218,5438.611029272854,8179.813907700207,0.6226609658184596,0.7933112566031378,0.37688906702968666,0.20655973932184982,0.0004499671518538405,0.0001290040750123822
1440.0,4,rectifying_volume_3,tray,151.63226847541466,221.22795366433508,33.34927168635986,12.572061732926073,5313.816364189787,7959.141506139883,0.5100423183052386,0.7038321987830483,0.4889557132185122,0.2958467037075505,0.00100196847624903,0.0003210975094012324
1440.0,5,rectifying_volume_4,tray,159.65615295567852,221.27732158307995,32.77206953857785,12.416405249516325,5256.888357046531,7834.356330820763,0.42960484212852484,0.6287481053069333,0.568408345222219,0.37055867784267654,0.001986812649256293,0.0006932168503901667
1440.0,6,rectifying_volume_5,tray,165.10494011490078,221.3270243461158,32.376304409719054,12.3225301918364,5232.476343786819,7777.434915991437,0.3782417429021506,0.5752538503519722,0.6180853710154453,0.4233899732857725,0.003672886082403956,0.0013561763622553628
1440.0,7,rectifying_volume_6,tray,168.5696194137063,221.37707239510985,32.162571533076644,12.264094159588709,5218.597046626238,7753.027526895704,0.34739117353837634,0.5410501111604493,0.6460934187317751,0.45645856256951384,0.006515407729848698,0.002491326270036895
1440.0,8,rectifying_volume_7,tray,170.78497554811426,221.42735934131224,32.02376114258363,12.22708660776333,5204.217640972721,7739.153704487999,0.3292455829689602,0.5205391375992431,0.6594750757600387,0.4750561899193554,0.011279341271001112,0.004404672481401387
1440.0,9,rectifying_volume_8,tray,172.3595075413202,221.47772387211234,31.873757701034947,12.202138038475143,5182.751233303192,7724.783143744268,0.3182941696055909,0.5086354343983259,0.6624775354614238,0.4837562939065574,0.019228294932985217,0.00760827169511657
1440.0,10,rectifying_volume_9,tray,173.76366979130685,221.52801754291926,31.670895910720724,12.180229322223171,5147.878960663226,7703.330580852722,0.3109472435694112,0.5017657816530968,0.6566502210114283,0.4852909334605022,0.03240253541916052,0.012943284886400867
1440.0,11,rectifying_volume_10,tray,175.4027969699109,221.5781351947631,31.399002340369943,12.151326416741076,5091.33979829761,7668.477540241837,0.3048036800485221,0.497666911323315,0.6412222226276102,0.4805779355991281,0.05397409732386776,0.021755153077556977
1440.0,12,feed_tray,tray,177.70606839216615,221.65315429297408,45.872368118572346,10.93639998584916,12228.2381821211,7611.96130164987,0.2980621106220641,0.4949440199584693,0.6134106442816535,0.46895498301225663,0.0885272450962824,0.03610099702927393
1440.0,13,stripping_volume_1,tray,181.20200734041003,221.72881157103154,45.67963530992396,10.883015484388999,12249.09637400755,7605.885871021742,0.2694761070176766,0.45746515539775306,0.6406318995880691,0.5045574869287043,0.08989199339425429,0.037977357673542725
1440.0,14,stripping_volume_2,tray,185.39075574445144,221.80551448005625,45.50253615846362,10.817940448713811,12286.260687731554,7626.748291986707,0.23600762814257764,0.4111209451040099,0.672506876978149,0.5485736815767825,0.09148549487927334,0.0403053733192075
1440.0,15,stripping_volume_3,tray,190.1402427760325,221.88348702015256,45.29579462473356,10.749155375584506,12343.302900086523,7663.919227277864,0.19908679603010204,0.3567834019364656,0.7075656221357708,0.6001182914567791,0.09334758183412717,0.043098306606755205
1440.0,16,stripping_volume_4,tray,195.21461451310336,221.95305545053833,53.46599297851829,12.124500628731905,12418.803628087615,7720.968929958993,0.16087339888205873,0.29686995284139284,0.7433822337456326,0.6566994622407,0.09574436737230867,0.04643058491790724
1440.0,17,stripping_volume_5,tray,200.35941680728658,222.02400008663813,53.167493949124356,12.051627051707799,12504.695728208817,7796.480869906562,0.12378021210708455,0.23505564275402774,0.7766187818718677,0.7142440045173589,0.09960100602104786,0.05070035272861331
1440.0,18,stripping_volume_6,tray,205.43393998007184,222.09692492449753,53.19968225444092,11.954351809667623,12582.331615926267,7882.384239145462,0.08986811414796712,0.17540134043083094,0.8025892171183789,0.7672915186460144,0.107542668733654,0.05730714092315468
1440.0,19,stripping_volume_7,tray,210.63981773057174,222.1711945516294,52.76434484312654,11.886887662318626,12617.468854180292,7960.032162603599,0.0604351515896548,0.12128956542673762,0.8132871680821541,0.8084395005497388,0.1262776803281912,0.0702709340235235
1440.0,20,combined_reboiler_sump,reboiler_sump,216.89106673058618,222.19650843749133,758.2123834376478,77.24709498536419,,7995.1806107515395,0.03595590447144383,0.07469570052712576,0.7924032652712966,0.8253039700608941,0.1716408302572596,0.10000032941198025
1470.0,1,reflux_drum,reflux_drum,120.66058892815968,221.0766915422089,1619.611669541616,122.00165137671449,,,0.8798436990326312,0.9461471733317061,0.12011413409204848,0.0538431223056515,4.2166875320377896e-05,9.704362642446824e-06
1470.0,2,rectifying_volume_1,tray,130.16387685850876,221.1242852893793,38.01594370466467,49.423766857869424,5659.3538272222695,8472.343392143293,0.7551741199935532,0.8795896045900419,0.2446587744687177,0.12036787196440299,0.00016710553772904637,4.252344555518026e-05
1470.0,3,rectifying_volume_2,tray,141.25579900808185,221.1735003987449,34.280732307762435,12.790484012992891,5438.698411908823,8179.120198552014,0.6226779813787667,0.7933252443400451,0.37687224148971543,0.2065458102337062,0.00044977713151791917,0.00012894542624859335
1470.0,4,rectifying_volume_3,tray,151.62839109397856,221.22257002499745,33.349710929832774,12.571752439513693,5313.906502218811,7958.484444970015,0.5100599118599859,0.7038496321726249,0.4889385594806462,0.2958294219337695,0.0010015286593678793,0.0003209458936056684
1470.0,5,rectifying_volume_4,tray,159.65265176495987,221.27193457859752,32.772488433776196,12.416086853643375,5256.980865732049,7833.714064540143,0.4296171946072001,0.6287627220703706,0.5683968343242887,0.3705443738900713,0.0019859710685113294,0.0006929040395579942
1470.0,6,rectifying_volume_5,tray,165.10194136923647,221.3216341256356,32.376712395955124,12.322200947139471,5232.576771568873,7776.805806344703,0.37824846792638794,0.5752634555065644,0.6180801045099179,0.42338093544658106,0.003671427563694203,0.0013556090468546244
1470.0,7,rectifying_volume_6,tray,168.56697076224984,221.37167914279462,32.1629902110908,12.263757312608604,5218.709692261177,7752.415855583052,0.3473940763303606,0.5410556024503609,0.6460928799722983,0.4564540167723985,0.0065130436973411835,0.0024903807772407452
1470.0,8,rectifying_volume_7,tray,170.78246628630666,221.42196325354968,32.02420916692329,12.226745903158614,5204.344937584001,7738.562822280611,0.3292466379547843,0.5205423549100664,0.6594776253376579,0.47505444386209655,0.011275736707557868,0.0044032012278371075
1470.0,9,rectifying_volume_8,tray,172.35696704674572,221.47232514370754,31.87424680554644,12.201796352579805,5182.894214208902,7724.214865538907,0.31829485079328085,0.5086379950413543,0.6624819601166547,0.48375586024304357,0.019223189090064367,0.0076061447156020555
1470.0,10,rectifying_volume_9,tray,173.7610015384066,221.52261636144763,31.671428259610686,12.179888290745899,5148.0368139138345,7702.785563916335,0.3109484377075895,0.5017687825678542,0.6566554940654186,0.48529070646743816,0.03239606822699185,0.012940510964707535
1470.0,11,rectifying_volume_10,tray,175.40001093849787,221.57273173354636,31.399564156780773,12.150985810428963,5091.508031810694,7667.954731613648,0.3048057032418892,0.4976709785992181,0.6412267652599074,0.48057685898756675,0.05396753149820334,0.02175216241321515
1470.0,12,feed_tray,tray,177.7033528004517,221.64774828550583,45.872697148999876,10.936113068063877,12228.321578938085,7611.455999059277,0.29806462003433265,0.49494941462189385,0.6134110788870406,0.4689513743175576,0.08852430107862667,0.03609921106054857
1470.0,13,stripping_volume_1,tray,181.19898787097105,221.72340243500966,45.67999683599189,10.882732397531186,12249.187429881056,7605.305339771146,0.2694809555185132,0.4574738602856258,0.6406300923259814,0.5045507799103798,0.08988895215550542,0.03797535980399443
1470.0,14,stripping_volume_2,tray,185.3875784661089,221.80010227885418,45.502917976985806,10.817658786172816,12286.357913699001,7626.185646721865,0.23601352252777047,0.41113149639680746,0.6725040600693162,0.5485652800554598,0.09148241740291337,0.040303223547732796
1470.0,15,stripping_volume_3,tray,190.13709270120853,221.8780718375598,45.29618584651534,10.748872127731687,12343.407022425003,7663.373398010704,0.19909223651536812,0.35679371622711054,0.7075632439077378,0.6001101954173513,0.0933445195768942,0.04309608835553813
1470.0,16,stripping_volume_4,tray,195.21168223290334,221.94763818117247,53.466463916120404,12.124173787366688,12418.920341593363,7720.440779017207,0.16087697511693694,0.2968776178253272,0.7433816779204131,0.6566939929060727,0.09574134696264996,0.046428389268600094
1470.0,17,stripping_volume_5,tray,200.35681804435927,222.01858091693705,53.1679707478453,12.051293259072423,12504.829713839816,7795.9772983115045,0.12378117558554219,0.2350589133861549,0.7766208101809087,0.7142428544407035,0.09959801423354915,0.05069823217314152
1470.0,18,stripping_volume_6,tray,205.43174514635862,222.09150410264888,53.20017066289143,11.954010985301984,12582.487172167388,7881.909556765445,0.08986615703773707,0.1753990783899781,0.8025939786725759,0.7672956974115297,0.10753986428968705,0.057305224198492245
1470.0,19,stripping_volume_7,tray,210.63809647647176,222.16577237218607,52.76483343769947,11.886538410028978,12617.64590131932,7959.590238335483,0.06043033733593456,0.12128134479698834,0.8132935716594034,0.8084487978539036,0.12627609100466197,0.07026985734910807
1470.0,20,combined_reboiler_sump,reboiler_sump,216.8900392728384,222.19108448398728,758.2190758469903,77.24451853949978,,7994.771043494747,0.03594854425436031,0.07468161809300651,0.7924071072268767,0.8253157106848859,0.17164434851876306,0.10000267122210763
1500.0,1,reflux_drum,reflux_drum,120.660012128556,221.0724670453249,1618.4243173879647,122.08591959147809,,,0.8798300668754032,0.9461409720204549,0.12012774998566987,0.0538493199121187,4.218313892693677e-05,9.708067426472315e-06
1500.0,2,rectifying_volume_1,tray,130.1615389426701,221.12005647235037,38.01626878435429,49.422792337524186,5659.421452666517,8471.548273067663,0.7551831243532234,0.8795957498599524,0.24464982750314687,0.12036174220336941,0.00016704814362958855,4.25079366782655e-05
1500.0,3,rectifying_volume_2,tray,141.2521011155291,221.16926774646936,34.2811760350591,12.790254429787193,5438.790453196139,8178.430475106598,0.622700987197886,0.7933431924773264,0.3768494504969324,0.20652792813706528,0.000449562305181619,0.0001288793856081653
1500.0,4,rectifying_volume_3,tray,151.6243672309847,221.21833367766692,33.35016514382402,12.571526697204968,5313.998987315953,7957.831031795809,0.5100838477474734,0.7038721299125956,0.48891511241850083,0.2958070925568263,0.0010010398340256385,0.0003207775305779826
1500.0,5,rectifying_volume_4,tray,159.64904278228676,221.26769463333505,32.772914534186924,12.41584957021958,5257.073589071943,7833.072695639009,0.42963516458697815,0.6287824361668651,0.5683797878681606,0.37052500327933785,0.0019850475448611824,0.0006925605537970529
1500.0,6,rectifying_volume_5,tray,165.098922618767,221.31739072391917,32.3771198515263,12.321950211048593,5232.676284465418,7776.175081072606,0.3782597754003011,0.5752775188929807,0.6180703790558532,0.423367487939576,0.003669845543845743,0.0013549931674432048
1500.0,7,rectifying_volume_6,tray,168.56439044407267,221.36743246998122,32.16340266881191,12.263496866863099,5218.821054322416,7751.801110939667,0.3474006369808483,0.5410647461079029,0.6460888564078826,0.4564458880680009,0.0065105066112692315,0.0024893658240962907
1500.0,8,rectifying_volume_7,tray,170.78009538750567,221.4177135113158,32.02464733542797,12.226480079960572,5204.470974943365,7737.968195156158,0.32925065238749945,0.5205485193428033,0.6594774431770112,0.47504984235433956,0.011271904435489238,0.004401638302857114
1500.0,9,rectifying_volume_8,tray,172.3546153290737,221.46807253291553,31.87472391070356,12.20152848200794,5183.03611409826,7723.64256363739,0.31829799870496633,0.5086429666028307,0.6624841980741388,0.48375312738407344,0.019217803220894877,0.007603906013095849
1500.0,10,rectifying_volume_9,tray,173.75855806152504,221.518361075076,31.67194730127578,12.179620270994105,5148.193774124127,7702.236380874753,0.31095175398610214,0.5017738069827582,0.6566589608784426,0.4852885791994728,0.0323892851354554,0.012937613817769103
1500.0,11,rectifying_volume_10,tray,175.39747775104826,221.56847394927385,31.400111586316005,12.15071747895554,5091.675468672342,7667.42760011361,0.30480959580825373,0.49767678779206304,0.6412297532916209,0.4805741569689905,0.053960650900125376,0.021749055238946356
1500.0,12,feed_tray,tray,177.70091584313633,221.64348778472288,45.873043984044195,10.935887145482218,12228.424326685139,7610.946110130422,0.2980687937357772,0.49495633570795633,0.6134101071368684,0.4689463203700983,0.08852109912735437,0.03609734392194532
1500.0,13,stripping_volume_1,tray,181.19616869518686,221.71913875477975,45.68038021711709,10.882511226766958,12249.297378279405,7604.740061106659,0.2694880709635737,0.4574850183465344,0.6406263195492516,0.5045417548922592,0.08988560948717464,0.037973226761206264
1500.0,14,stripping_volume_2,tray,185.3845316317357,221.7958354600095,45.5033244054811,10.817439658592843,12286.473218915593,7625.637442348142,0.23602217924265442,0.4111454087405201,0.6724988207077345,0.5485537070022205,0.09147900004961118,0.04030088425725939
1500.0,15,stripping_volume_3,tray,190.13402659022137,221.87380194139607,45.296602627782995,10.748651558013501,12343.528314233521,7662.840814821469,0.19910071581046257,0.3568081042127721,0.7075581978186968,0.6000982626451706,0.09334108637084057,0.043093633142057226
1500.0,16,stripping_volume_4,tray,195.20882214185838,221.94336611541465,53.46696218182822,12.123917652739745,12419.05375630252,7719.924572989288,0.1608835797639202,0.2968896998946855,0.7433784916890864,0.6566843788780199,0.09573792854699328,0.04642592122729463
1500.0,17,stripping_volume_5,tray,200.35431854683083,222.01430686369918,53.168472915135936,12.051029088296104,12504.98078615037,7795.484750607368,0.12378486451785894,0.2350664597592621,0.7766205401283702,0.7142377228341089,0.0995945953537709,0.05069581740662909
1500.0,18,stripping_volume_6,tray,205.42970714449507,222.08722831781859,53.20068255767899,11.95373812281516,12582.66128912004,7881.4458427329655,0.08986640755703235,0.17540049992657636,0.802597010467994,0.7672965064744826,0.10753658197497357,0.05730299359894112
1500.0,19,stripping_volume_7,tray,210.63660376106327,222.16149516971228,52.76534443110708,11.886255588567035,12617.844012432637,7959.160324793617,0.060427109200697,0.12127591138188912,0.8132989859732187,0.8084556700048477,0.1262739048260843,0.07026841861326312
1500.0,20,combined_reboiler_sump,reboiler_sump,216.88930429809196,222.18680543078514,758.2243940480537,77.24246973437994,,7994.37557305239,0.035942149746862516,0.07466931188071882,0.7924108921434879,0.8253261936855688,0.17164695810964958,0.10000449443371238
1530.0,1,reflux_drum,reflux_drum,120.65976763315217,221.06938502291928,1617.3895223046359,122.15962412526494,,,0.8798177019939261,0.9461352709570672,0.120140100181267,0.053855017605680594,4.219782480691105e-05,9.711437252350447e-06
1530.0,2,rectifying_volume_1,tray,130.1593288965666,221.11696996263868,38.01659527384746,49.422128596965855,5659.4931292306555,8470.75746919455,0.7551960267893524,0.8796039376565046,0.24463699125211671,0.1203535721364979,0.0001669819585309395,4.249020699758594e-05
1530.0,3,rectifying_volume_2,tray,141.2483535674782,221.16617722953805,34.28163353557315,12.790108167245275,5438.886509048842,8177.74847694572,0.6227296903744188,0.7933648907943045,0.37682098503065237,0.20650630266676345,0.00044932459492873537,0.00012880653893202913
1530.0,4,rectifying_volume_3,tray,151.62022426985155,221.21523927680695,33.35063133036744,12.571383629074106,5314.093237349244,7957.184816914932,0.5101138199724572,0.7038994272254336,0.4888856738818024,0.2957799789264494,0.001000506145740441,0.0003205938481169781
1530.0,5,rectifying_volume_4,tray,159.64534987110764,221.26459642797724,32.773345216856605,12.415692654616606,5257.166000654481,7832.435785805754,0.4296585006231841,0.6288069990689692,0.5683574497715684,0.3705008117273414,0.00198404960524752,0.0006921892036893648
1530.0,6,rectifying_volume_5,tray,165.09590197603322,221.3142888472739,32.377524466432675,12.321777385052583,5232.774346717286,7775.546311743922,0.3782754798018161,0.5752958418964611,0.6180563677379141,0.42334982451736214,0.0036681524602700166,0.0013543335861766227
1530.0,7,rectifying_volume_6,tray,168.56189174409135,221.36432710751654,32.163806715607706,12.263312334373616,5218.930538474736,7751.186814525241,0.34741072139412693,0.5410773929431238,0.646081462843145,0.45643431791387246,0.006507815762727995,0.0024882891430035863
1530.0,8,rectifying_volume_7,tray,170.7778731433517,221.41460486871847,32.025073401735234,12.22628871995865,5204.595073500928,7737.373249976193,0.3292575247192786,0.5205575169126777,0.6594746025589664,0.47504248787213316,0.011267872721755024,0.004399995215189215
1530.0,9,rectifying_volume_8,tray,172.35246130722766,221.46496081581523,31.87518659823158,12.201334047227657,5183.1761571805755,7723.069547288403,0.31830352920962524,0.5086502554455562,0.6624842947815391,0.4837481729915373,0.019212176008835666,0.007601571562906553
1530.0,10,rectifying_volume_9,tray,173.75634791624705,221.51524648062852,31.672450406513505,12.17942490455126,5148.348973471254,7701.686215426663,0.31095711591900743,0.5017807705816103,0.6566606502022523,0.4852846158590525,0.03238223387874029,0.01293461355933717
1530.0,11,rectifying_volume_10,tray,175.39520577527108,221.56535665840386,31.400641862028706,12.150521084643245,5091.841177705385,7666.899210730031,0.3048152843134899,0.49768425708147257,0.6412312119264238,0.48056989019769286,0.053953503760086105,0.021745852720834517
1530.0,12,feed_tray,tray,177.69876466380862,221.6403676267599,45.87340616642107,10.9357219298738,12228.545344621594,7610.43461194786,0.29807456200351234,0.494964700509887,0.6134077733159006,0.46893989077421205,0.08851766468058697,0.03609540871590087
1530.0,13,stripping_volume_1,tray,181.19356138749333,221.7160153857842,45.68078267042184,10.882351629648017,12249.42511036506,7604.1928219895135,0.26949734955231364,0.45749849618538924,0.6406206575430353,0.504530529084802,0.08988199290465095,0.037970974729808794
1530.0,14,stripping_volume_2,tray,185.3816301090739,221.79270889869977,45.50375245004407,10.817282693466078,12286.605487015038,7625.106395367615,0.23603347155241725,0.4111625072193462,0.6724912565817139,0.5485391184129348,0.09147527186586893,0.04029837436771905
1530.0,15,stripping_volume_3,tray,190.13106073911652,221.87067222687864,45.2970418873614,10.748493297427771,12343.665650547955,7662.324143014266,0.1991121003370289,0.3568263681895166,0.7075505874351907,0.6000826699175776,0.0933373122277804,0.043090961892905864
1530.0,16,stripping_volume_4,tray,195.20604969304094,221.94023416306572,53.46748416965007,12.123731850878144,12419.20269087274,7719.422924523005,0.16089309020086273,0.2969060049879653,0.7433727669907483,0.6566707922218047,0.09573414280838892,0.04642320279022998
1530.0,17,stripping_volume_5,tray,200.35193095051915,222.01117285039882,53.16899687465073,12.050834241206282,12505.14765141758,7795.005734746265,0.12379118139989288,0.2350781178833837,0.7766180376840126,0.7142287513654076,0.09959078091609454,0.050693130751208695
1530.0,18,stripping_volume_6,tray,205.4278343736462,222.08409250548377,53.20121435529894,11.953533019037632,12582.852498979704,7880.9954460867275,0.08986880228454329,0.17540549279113862,0.8025983436131722,0.7672940361783644,0.10753285410228447,0.057300471030497034
1530.0,19,stripping_volume_7,tray,210.63534289426286,222.15835788935863,52.765874268351034,11.88603909356167,12618.061510995369,7958.744552702129,0.060425440920386674,0.12127321722767928,0.8133034075900482,0.8084601460001715,0.12627115148956508,0.07026663677214932
1530.0,20,combined_reboiler_sump,reboiler_sump,216.8888590622054,222.18366623555337,758.2283462010015,77.24094625207492,,7993.996078744454,0.03593672996394133,0.07465880134845661,0.7924145994568845,0.8253353944497432,0.171648670579174,0.10000580420180018
1560.0,1,reflux_drum,reflux_drum,120.65984854594524,221.06743391270447,1616.5085283093276,122.22267212892015,,,0.879806640254427,0.946130088750819,0.12015114884100705,0.05386019678420968,4.2210904565969374e-05,9.714464971282855e-06
1560.0,2,rectifying_volume_1,tray,130.15725652151457,221.11501422681883,38.01692124468441,49.421771446764915,5659.568345383799,8469.975194209514,0.7552126487901847,0.8796140658390319,0.24462044359304055,0.12034346373805004,0.0001669076167748466,4.2470422918173014e-05
1560.0,3,rectifying_volume_2,tray,141.244579606029,221.1642173408798,34.28210183049666,12.790043918515345,5438.985935973552,8177.07772372676,0.622763775529215,0.793390114747433,0.37678715846843613,0.20648115775742318,0.00044906600234881475,0.0001287274951437328
1560.0,4,rectifying_volume_3,tray,151.6159894491496,221.2132753415016,33.35110652335218,12.571321928303563,5314.188681760217,7956.5491416657605,0.5101494982286827,0.7039312405308816,0.48885056988532516,0.29574836314598185,0.0009999318859920635,0.000320396323136475
1560.0,5,rectifying_volume_4,tray,159.64159669964982,221.2626285078101,32.77377791948896,12.415614940127496,5257.257595979299,7831.806704304495,0.429686928664775,0.6288361423040174,0.568330086336311,0.3704720648131418,0.0019829849989141312,0.0006917928828408394
1560.0,6,rectifying_volume_5,tray,165.09289710222083,221.31231706666566,32.37792402339554,12.321681457097583,5232.8704517791,7774.9228927397035,0.37829537616400083,0.575318207456659,0.6180382627948859,0.4233281572628246,0.003666361041113442,0.001353635280516348
1560.0,7,rectifying_volume_6,tray,168.55948718718125,221.36235165100794,32.16420028240741,12.263202820988038,5219.037584554905,7750.57632230847,0.34742417924943236,0.5410933779286647,0.6460708299812691,0.4564194634724656,0.0065049907692985055,0.0024871585988697287
1560.0,8,rectifying_volume_7,tray,170.77580879929326,221.4126259447569,32.025485265660585,12.226171004577726,5204.716591673925,7736.781256879262,0.3292671399309388,0.5205692204921798,0.6594691899378254,0.47503249591608154,0.011263670131235897,0.004398283591738758
1560.0,9,rectifying_volume_8,tray,172.3505126088945,221.46297863353286,31.875632617190274,12.201212272922877,5183.313609015389,7722.498976568517,0.31831134693360746,0.508659757170011,0.6624823067505357,0.4837410854330338,0.019206346315856933,0.007599157396955309
1560.0,10,rectifying_volume_9,tray,173.75437815903632,221.51326124015839,31.672935131776192,12.179301441094948,5148.501588671537,7701.138109228957,0.3109644375814842,0.5017895802933191,0.6566606002371961,0.48527888945550496,0.0323749621813197,0.012931530251176021
1560.0,11,rectifying_volume_10,tray,175.39320170678786,221.56336854283322,31.401152416908584,12.150395901478934,5092.004274818678,7666.372493408545,0.3048226873677373,0.49769329759167646,0.6412311744146089,0.48056412653375863,0.05394613821765382,0.021742575874564816
1560.0,12,feed_tray,tray,177.6969046161869,221.63837651313574,45.8737812463283,10.93561680552117,12228.683494045246,7609.9243529347905,0.29808184834768253,0.4949744207369426,0.6134041280034236,0.4689321607532058,0.08851402364889402,0.03609341850985172
1560.0,13,stripping_volume_1,tray,181.19117600914814,221.71402104815613,45.68120141053912,10.882252932971747,12249.569463436204,7603.666179952778,0.2695086786022403,0.45751415149450936,0.640613190805399,0.504517228444474,0.08987813059236056,0.0379686200610166
1560.0,14,stripping_volume_2,tray,185.37888752584038,221.7907113342193,45.504199107039646,10.817187185037758,12286.753553003207,7624.595001656495,0.23604726190213615,0.41118260442072974,0.6724814753382468,0.5485216823935126,0.09147126275961713,0.04029571318575763
1560.0,15,stripping_volume_3,tray,190.12821041370754,221.86867145288912,45.29750053254523,10.748396642679301,12343.817863513743,7661.825837481099,0.19912624440276008,0.3568482947916043,0.7075405274028743,0.6000636090769071,0.09333322819436563,0.04308809613148868
1560.0,16,stripping_volume_4,tray,195.20337940611935,221.9382310973396,53.46802627375435,12.123615629074735,12419.365926143371,7718.938246661587,0.16090537136439395,0.2969263213453439,0.7433646070104842,0.6566534219269573,0.09573002162512174,0.04642025672769882
1560.0,17,stripping_volume_5,tray,200.3496669039006,222.00916766373456,53.16953906112017,12.050708044115435,12505.328980481867,7794.542569866392,0.12380001710885183,0.23509370584871656,0.7766133790948152,0.7142160987307803,0.09958660379633287,0.05069019542050317
1560.0,18,stripping_volume_6,tray,205.42613407150014,222.0820854641807,53.20176249602296,11.953395100962856,12583.059297304359,7880.560534981338,0.08987326786998559,0.17541392832966746,0.8025980175681122,0.7672883922656909,0.10752871456190224,0.05729767940464158
1560.0,19,stripping_volume_7,tray,210.63431580595017,222.15634933915535,52.76641942548041,11.885888455579448,12618.29667856286,7958.344876057706,0.0604252984168997,0.1212732006651474,0.813306838607273,0.808462267200206,0.12626786297582726,0.07026453213464673
1560.0,20,combined_reboiler_sump,reboiler_sump,216.88869931334386,222.18165571861596,758.230950792126,77.2399426875117,,7993.634263029624,0.03593228821809096,0.07465009532781228,0.7924182096205634,0.8253432962540087,0.17164950216134567,0.1000066084181789
1590.0,1,reflux_drum,reflux_drum,120.66024643042326,221.0665963616753,1615.781724620908,122.27502967057362,,,0.8797969090491903,0.9461254404834344,0.12016086859110629,0.05386484237098895,4.222235970343404e-05,9.717145576577433e-06
1590.0,2,rectifying_volume_1,tray,130.15533054906822,221.1141719401839,38.017244837462925,49.42171516361885,5659.646588603408,8469.205417053045,0.7552327973097192,0.8796260249656679,0.24460037690949615,0.12033152627663574,0.00016682578078485997,4.244875769640907e-05
1590.0,3,rectifying_volume_2,tray,141.24080188062413,221.16337078173115,34.282577983342335,12.790059971714426,5439.0880954146205,8176.421502762998,0.6228029079364402,0.7934186276417695,0.37674830347307603,0.20645272947743928,0.00044878859048387077,0.00012864288079122603
1590.0,4,rectifying_volume_3,tray,151.61168968283562,221.21242459884755,33.35158780726097,12.571339885630916,5314.284764908375,7955.9271265755015,0.510190531192389,0.7039672702054084,0.4888101473531792,0.2957125433259157,0.000999321454431883,0.0003201864686760214
1590.0,5,rectifying_volume_4,tray,159.63780658955918,221.26177362594507,32.77421015512801,12.415614864097833,5257.347894921818,7831.188615086323,0.42972015487405457,0.6288695801388731,0.5682979834951895,0.370439045318161,0.001981861630756062,0.0006913745429659398
1590.0,6,rectifying_volume_5,tray,165.08992510832005,221.31145816077552,32.37831640886322,12.321661026304477,5232.964124513151,7774.308027474596,0.3783192422852021,0.575344382325722,0.6180162735161892,0.42330271437280825,0.003664484198608647,0.0013529033014698746
1590.0,7,rectifying_volume_6,tray,168.55718848672586,221.36148890371737,32.16458143058915,12.263167050006093,5219.141668947356,7749.972810594857,0.34744084570909495,0.5411125219943389,0.6460571028755709,0.45640149588057244,0.006502051415334146,0.0024859821250885843
1590.0,8,rectifying_volume_7,tray,170.77391053605245,221.41175956606003,32.025880981414716,12.226125737774819,5204.834928643395,7736.1953153619215,0.32927937089570275,0.5205834912446534,0.6594613038030399,0.47501999366926245,0.011259325301257273,0.004396515086083971
1590.0,9,rectifying_volume_8,tray,172.34877557159106,221.46210883483127,31.87605989249784,12.201162010433345,5183.4477798266425,7721.933848833191,0.31832134641017173,0.5086713578071604,0.6624783007043793,0.48373196271072777,0.019200352885448954,0.007596679482111682
1590.0,10,rectifying_volume_9,tray,173.7526543594659,221.51238822339545,31.673399228389396,12.179248760525342,5148.650844794103,7700.594948799442,0.31097362463034117,0.5018001353360743,0.656658857965835,0.485271480907553,0.03236751740382388,0.012928383756372747
1590.0,11,rectifying_volume_10,tray,175.39147059037913,221.56249249220892,31.401640893422023,12.15034083693205,5092.163927147699,7665.850230349289,0.3048317165590178,0.49770381434419686,0.641229681471667,0.4805569402394087,0.05393860196931517,0.021739245416394472
1590.0,12,feed_tray,tray,177.69533929987477,221.63749735294076,45.87416679848911,10.93557084764496,12228.837588728575,7609.418040327284,0.2980905703615051,0.4949854034035551,0.6133992274365061,0.46892321035614143,0.08851020220198876,0.03609138624030339
1590.0,13,stripping_volume_1,tray,181.1890210972374,221.71313866881707,45.68163366956079,10.88221415177327,12249.72923135816,7603.162456814913,0.2695219377563268,0.4575318344855603,0.6406040110807921,0.5045019863718669,0.08987405116288122,0.037966179142572845
1590.0,14,stripping_volume_2,tray,185.37631622108236,221.7898257119765,45.50466138496134,10.817152113639164,12286.916213488212,7624.105530095633,0.23606340338632564,0.4112055023496037,0.6724695933771512,0.548501577407879,0.09146700323652313,0.04029292024251738
1590.0,15,stripping_volume_3,tray,190.1254897808819,221.86778258386204,45.297975481677966,10.748360575524675,12343.983752418202,7661.34813605045,0.19914299177762673,0.35687365722034037,0.7075281421509019,0.6000412849895402,0.09332886607147148,0.04308505779011922
1590.0,16,stripping_volume_4,tray,195.20082480145297,221.93733989666876,53.4685849142237,12.12356787745948,12419.542215369527,7718.472745907111,0.1609202772513237,0.2969504217939945,0.7433541249715695,0.6566324718261779,0.09572559777710689,0.0464171063798276
1590.0,17,stripping_volume_5,tray,200.34753702735645,222.00827429535542,53.17009594530026,12.050649468654449,12505.523419734158,7794.097379468387,0.1238112521679873,0.23511302587786206,0.7766066499249613,0.7141999388129803,0.09958209790705143,0.05068703530915774
1590.0,18,stripping_volume_6,tray,205.4246123149929,222.08119019716293,53.20232346817057,11.953323445584594,12583.280155361064,7880.143090494258,0.08987972195655669,0.17542566306060053,0.8025960795363305,0.7672796945090832,0.10752419850711291,0.05729464243031644
1590.0,19,stripping_volume_7,tray,210.63352309651177,222.15545253161963,52.76697643308124,11.885802858985139,12618.547768872495,7957.963067157892,0.06042664034005008,0.12127578727096874,0.813309286423018,0.8084620865587219,0.1262640732369318,0.07026212617030932
1590.0,20,combined_reboiler_sump,reboiler_sump,216.88881939513905,222.18075690449015,758.2322358012049,77.23945073895443,,7993.291648151891,0.035928822302818915,0.07464319234094215,0.7924217041845611,0.8253498900828881,0.17164947351261997,0.10000691757616975
1620.0,1,reflux_drum,reflux_drum,120.66095143467942,221.06684958930208,1615.2086832119471,122.31671916399857,,,0.8797885274345275,0.9461213377390976,0.12016924038403701,0.05386894278472856,4.2232181435546334e-05,9.71947617389102e-06
1620.0,2,rectifying_volume_1,tray,130.15355862824424,221.11442034979203,38.01756427131906,49.421952593993026,5659.727348834674,8468.451849056648,0.7552562666776579,0.8796396993395121,0.2445769961872044,0.12031787527057734,0.00016673713513779725,4.2425389910560525e-05
1620.0,3,rectifying_volume_2,tray,141.2370423202222,221.16361482454448,34.28305911768921,12.790154238662131,5439.192357737365,8175.782859949707,0.6228467365981338,0.7934501827548166,0.37670476893563504,0.20642126391044485,0.0004484944662312733,0.0001285533347384552
1620.0,4,rectifying_volume_3,tray,151.60735139284427,221.21266434671787,33.352072334299656,12.57143541794288,5314.380949037967,7955.32166275214,0.5102365497709318,0.704007203294376,0.4887647709068601,0.2956728308843108,0.000998679322208058,0.0003199658213131436
1620.0,5,rectifying_volume_4,tray,159.63400237434922,221.2620091059326,32.774639525322755,12.415690495260339,5257.4364437930535,7830.584467092171,0.42975786843045144,0.6289070122405525,0.5682614440725868,0.37040205058960773,0.0019806874969617873,0.0006909371698398038
1620.0,6,rectifying_volume_5,tray,165.08700246380164,221.31168947846234,32.378699622507334,12.321714328938123,5233.054922928057,7773.704717730954,0.3783468409466639,0.575374119326763,0.6179906241265525,0.4232737379397152,0.003662534926783734,0.0013521427335218602
1620.0,7,rectifying_volume_6,tray,168.5550064995737,221.3617162388771,32.1649483592492,12.263203387083387,5219.242306436108,7749.3792649990655,0.3474605431457959,0.5411346338364597,0.6460404393541814,0.4563805985009492,0.0064990175000225895,0.0024847676625912086
1620.0,8,rectifying_volume_7,tray,170.77218545754155,221.41198312906147,32.02625876400851,12.226151370222206,5204.949526551127,7735.618343315825,0.3292940797636512,0.5206001800759187,0.6594510535072935,0.4750051186319133,0.011254866729055507,0.004394701292167872
1620.0,9,rectifying_volume_8,tray,172.34725525104201,221.4623288381508,31.876466531397526,12.201181761475368,5183.5780271385875,7721.376988028386,0.318333413244622,0.5086849350245234,0.6624723526901056,0.483720911368867,0.019194234065272296,0.007594153606609581
1620.0,10,rectifying_volume_9,tray,173.75118062106267,221.5126048696584,31.673840649448177,12.179265396362439,5148.79601831732,7700.059455146351,0.3109845753314586,0.5018123282652748,0.6566554784531039,0.4852624781309123,0.032359946215437474,0.012925193603813053
1620.0,11,rectifying_volume_10,tray,175.39001585105052,221.56270596571648,31.4021051505299,12.150354455030953,5092.319356380071,7665.335045917222,0.3048422773843704,0.4977157072026958,0.6412267806712287,0.48054841117066743,0.05393094194440087,0.021735881626636682
1620.0,12,feed_tray,tray,177.6940706062029,221.6377076245149,45.87456043758676,10.935582841885363,12229.006404827795,7608.9182302011895,0.2981006405618284,0.4949975516988339,0.6133931328698913,0.46891312367684534,0.08850622656828042,0.036089324624320684
1620.0,13,stripping_volume_1,tray,181.18710366500312,221.71334574308042,45.68207671522497,10.882234009360701,12249.903174424646,7602.6837352127595,0.2695370001713093,0.45755138928818234,0.6405932163997708,0.504484942434973,0.08986978342891981,0.03796366827684478
1620.0,14,stripping_volume_2,tray,185.37392720836795,221.79002954501323,45.50513632443588,10.817176166062158,12287.092236303932,7623.640018969644,0.23608174119590125,0.411230994302999,0.6724557346553691,0.5484789905570991,0.09146252414872964,0.04029001513990193
1620.0,15,stripping_volume_3,tray,190.12291185144787,221.8679831512109,45.29846368483331,10.748383783169896,12344.162093076477,7660.893055539728,0.1991621772504541,0.3569022174361608,0.7075135646043408,0.6000159135333826,0.09332425814520515,0.043081869030456695
1620.0,16,stripping_volume_4,tray,195.19839834466157,221.9375381060582,53.469156560553905,12.123587151792261,12419.730293744055,7718.028417920342,0.16093765240881927,0.2969780660092253,0.7433414429283272,0.6566081585307106,0.09572090466285371,0.046413775460064026
1620.0,17,stripping_volume_5,tray,200.3455508814831,222.0084703031456,53.17066405662505,12.050657153858905,12505.72960130762,7793.672087096849,0.12382475801061667,0.23513586637210412,0.7765979440867923,0.7141804588386027,0.099577297902591,0.05068367478929333
1620.0,18,stripping_volume_6,tray,205.4232740284824,222.08138427362695,53.20289383000368,11.953316801019769,12583.513531573157,7879.744902850309,0.08988807411408486,0.17544054026762865,0.8025925838378395,0.7672680753207828,0.1075193420480756,0.05729138441158858
1620.0,19,stripping_volume_7,tray,210.6329640928737,222.15564504493852,52.76754189734605,11.885781162128044,12618.813020933727,7957.600713948476,0.060429418632051986,0.12128089086861074,0.8133107634814407,0.8084596678125039,0.12625981788650728,0.07025944131888533
1620.0,20,combined_reboiler_sump,reboiler_sump,216.88921235218237,222.18094738301002,758.2322377893767,77.23945941274809,,7992.969574994627,0.03592632470891676,0.07463808098177727,0.7924250658638129,0.8253551743981546,0.17164860942727037,0.1000067446200681
1650.0,1,reflux_drum,reflux_drum,120.66195241779731,221.0681657646563,1614.7881991771123,122.34781661247915,,,0.8797815063241963,0.9461177886598886,0.12017625330535832,0.05387248988417655,4.2240370445421336e-05,9.72145593483077e-06
1650.0,2,rectifying_volume_1,tray,130.15194732127648,221.11573165146925,38.01787785214189,49.42247526087062,5659.81012166558,8467.717935161012,0.7552828404712295,0.8796549680292849,0.24455051714797796,0.12030263146873967,0.0001666423807924743,4.240050197545753e-05
1650.0,3,rectifying_volume_2,tray,141.2333220187503,221.1649216898725,34.28354243323051,12.790324284350527,5439.298105834773,8175.164594283075,0.6228948972328057,0.7934845253927033,0.37665691700380255,0.2063870151042337,0.00044818576339185226,0.0001284595030629356
1650.0,4,rectifying_volume_3,tray,151.60300035500129,221.21396683052274,33.35255733985462,12.57160609762062,5314.47671686596,7954.735406664339,0.5102871702741145,0.7040507161501175,0.4887148197290948,0.29562954792077456,0.0009980099967907441,0.0003197359291079607
1650.0,5,rectifying_volume_4,tray,159.63020626855777,221.26330721839196,32.77506373175219,12.415839561885392,5257.522817008061,7829.996987875416,0.4297997442885065,0.6289481262846237,0.568220785087893,0.37036138995501544,0.0019794706236003676,0.0006904837603608157
1650.0,6,rectifying_volume_5,tray,165.08414491334807,221.31298331526017,32.37907178522862,12.321839265251137,5233.142439483677,7773.115756244235,0.37837792211224447,0.5754071595870957,0.617961551683243,0.4232414817562615,0.0036605262045125886,0.0013513586566429054
1650.0,7,rectifying_volume_6,tray,168.55295118753114,221.36300597605813,32.16529941091407,12.263309866045377,5219.339051562947,7748.798472567002,0.3474830828678847,0.5411595117200301,0.6460210084375341,0.45635696517745383,0.00649590869458107,0.002483523102516064
1650.0,8,rectifying_volume_7,tray,170.77063958501824,221.41326897624415,32.0266169939282,12.226246024415461,5205.059872128122,7735.053069103112,0.32931111934922463,0.5206191290854598,0.6594385580768599,0.47498801725064443,0.011250322573915537,0.004392853663895876
1650.0,9,rectifying_volume_8,tray,172.34595543640054,221.46361100773518,31.876850827958776,12.201269702787163,5183.70375776276,7720.831036910806,0.31834742528004983,0.5087003593299306,0.6624645471683952,0.4837080453946974,0.01918802755155504,0.007591595275371828
1650.0,10,rectifying_volume_9,tray,173.7499596100616,221.5138835638667,31.674257554501455,12.179349560059734,5148.936439460607,7699.534176216523,0.3109971815813169,0.5018260460120917,0.6566505241238042,0.48525197512323753,0.03235229429487893,0.012921978864670796
1650.0,11,rectifying_volume_10,tray,175.3888393340046,221.56398136798254,31.402543268301706,12.150435000350534,5092.469841296912,7664.829399259322,0.30485427016748395,0.4977288717989269,0.6412225258215616,0.48053862397467845,0.05392320401095452,0.021732504226394573
1650.0,12,feed_tray,tray,177.69309877302803,221.63897975125488,45.874959832039934,10.935651304547983,12229.188690200503,7608.427320101534,0.29811196721090133,0.49501076582727144,0.6133859099403337,0.46890198809373485,0.08850212284876512,0.036087246078993586
1650.0,13,stripping_volume_1,tray,181.18542921282275,221.71461471040072,45.68252786727441,10.882310958095408,12250.090028590137,7602.231857876937,0.2695537336741103,0.4575726553008297,0.6405809101358597,0.5044662411311678,0.08986535619003008,0.037961103568002585
1650.0,14,stripping_volume_2,tray,185.37173015054591,221.79129528968528,45.50562101630108,10.817257756672799,12287.280369478862,7623.200274987987,0.23610211402701228,0.41125886668530903,0.6724400295147231,0.5484541159080453,0.09145785645826458,0.04028701740664574
1650.0,15,stripping_volume_3,tray,190.12048843450776,221.86924562893054,45.29896214252082,10.748464679417758,12344.351646528654,7660.4623903430465,0.19918362814886825,0.35693372829034475,0.7074969349190209,0.5999877196357014,0.09331943693211077,0.043078552073953884
1650.0,16,stripping_volume_4,tray,195.19611140169866,221.93879821262658,53.46973775281341,12.12367169713522,12419.928887168126,7717.607045663346,0.16095733339672794,0.2970090027264003,0.743326690573403,0.6565807094052876,0.09571597602986906,0.0464102878683121
1650.0,17,stripping_volume_5,tray,200.34371694428307,222.00972818670593,53.171240003484755,12.05072942917385,12505.946152427276,7793.268414356546,0.12384039822900776,0.23516200392841327,0.7765873628741389,0.7141578575556393,0.09957223889685334,0.05068013851594748
1650.0,18,stripping_volume_6,tray,205.42212299878236,222.082640204143,53.203470229180006,11.953373608591663,12583.757882012462,7879.367569813363,0.08989822677171101,0.17545839158937457,0.8025875912710592,0.7672536783575614,0.10751418195722981,0.05728793005306406
1650.0,19,stripping_volume_7,tray,210.632636908987,222.1568993983643,52.7681125187013,11.885821918534612,12619.090671052687,7957.259219363759,0.06043357910646551,0.12128841455534053,0.8133112869977509,0.8084550846412407,0.1262551338957837,0.07025650080341875
1650.0,20,combined_reboiler_sump,reboiler_sump,216.88987003644525,222.18219968467227,758.2310009334667,77.23995523820955,,7992.66920375957,0.03592478286914627,0.07463474035325186,0.7924282785961342,0.8253591548649668,0.17164693853471966,0.10000610478178126
1680.0,1,reflux_drum,reflux_drum,120.66323707607717,221.0705123925948,1614.5183332469821,122.36844871343033,,,0.8797758487326484,0.9461147980244241,0.12018190433078527,0.05387547888954049,4.2246936566327566e-05,9.723086035304269e-06
1680.0,2,rectifying_volume_1,tray,130.15050210733537,221.1180733758913,38.01818397953564,49.42327347229389,5659.89441120906,8467.00684855082,0.755312293332237,0.879671705855661,0.24452116443822888,0.12028591986562284,0.0001665422295340936,4.237427871606714e-05
1680.0,3,rectifying_volume_2,tray,141.2296611341307,221.16725893235113,34.28402522009518,12.790567356793796,5439.404738354802,8174.569255363697,0.6229470151528489,0.7935213948616736,0.3766051202206255,0.20635024310411898,0.0004478646265255776,0.00012836203420734892
1680.0,4,rectifying_volume_3,tray,151.5986615590091,221.21629962908634,33.353040156248625,12.571849182278314,5314.571573798469,7954.170777826602,0.5103419974800636,0.7040974769727217,0.48866068453131106,0.2955830246870868,0.0009973179886252931,0.0003194983401913415
1680.0,5,rectifying_volume_4,tray,159.62643974833836,221.26563556677476,32.775480586302834,12.416059480396873,5257.606618378234,7829.428680091289,0.42984544586363116,0.628992600486549,0.5681763351276653,0.37031738221252264,0.0019782190087033595,0.0006900173009284191
1680.0,6,rectifying_volume_5,tray,165.0813674020812,221.31530729902676,32.37943114569516,12.32203342686077,5233.22630198325,7772.5437221297125,0.3784122250874023,0.575443234723161,0.6179293040078775,0.4232062091661424,0.003658470904720246,0.001350556110696541
1680.0,7,rectifying_volume_6,tray,168.55103158549997,221.36532576670598,32.16563307574093,12.263484215277678,5219.431499513958,7748.23301667405,0.3475082668235551,0.5411869452537568,0.6459989887667659,0.45633079851329994,0.006492744409679066,0.0024822562329433035
1680.0,8,rectifying_volume_7,tray,170.7692778572802,221.41558478156753,32.02695422016006,12.226407520377036,5205.1654977844755,7734.502026320116,0.3293303345057297,0.5206401730003759,0.6594239450189519,0.47496884355843333,0.011245720475318407,0.004390983441190841
1680.0,9,rectifying_volume_8,tray,172.3448786718426,221.46592303895494,31.877211265720714,12.201423711373936,5183.824429172121,7720.298451885695,0.3183632537501325,0.5087174952589038,0.6624549760931598,0.48369348512624266,0.019181770156707627,0.0075890196148536045
1680.0,10,rectifying_volume_9,tray,173.7489925913709,221.51619202176477,31.6746483121506,12.179499165913661,5149.071493829463,7699.021481847589,0.3110113299111166,0.5018411709009055,0.6566440640275084,0.48524007105759964,0.03234460606137494,0.012918758041494872
1680.0,11,rectifying_volume_10,tray,175.38794135260105,221.56628643420242,31.402953550282994,12.150580422593379,5092.614719576621,7664.33557934592,0.30486759095320365,0.4977432004301614,0.6412169763340897,0.480527667301831,0.05391543271270664,0.021729132268007545
1680.0,12,feed_tray,tray,177.69242244738444,221.64128148665995,45.87536271612704,10.935774503346073,12229.383173098746,7607.947544036407,0.29812445511136026,0.4950249438129365,0.6133776280423265,0.46888989353781707,0.08849791684631318,0.036085162649246466
1680.0,13,stripping_volume_1,tray,181.1840017491291,221.71691333937625,45.682984511976855,10.882443200644284,12250.28851404549,7601.808429359883,0.2695720018754277,0.45759546848144783,0.6405672000890835,0.5044460306995723,0.08986079803548869,0.03795850081898003
1680.0,14,stripping_volume_2,tray,185.36973334573673,221.79359073061175,45.50611261771788,10.817395048988045,12287.479349518808,7622.78787472944,0.23612435543827906,0.4112889007472219,0.6724226135448147,0.5484271528875374,0.0914530310169062,0.04028394636524056
1680.0,15,stripping_volume_3,tray,190.11823010325077,221.8715378184834,45.299467922375726,10.748601426286879,12344.55116702382,7660.057713383418,0.19920716580787245,0.35696793557594525,0.7074783992514695,0.5999569353803782,0.09331443494065805,0.04307512904367658
1680.0,16,stripping_volume_4,tray,195.193974204364,221.94108803044162,53.47032512042975,12.123819472091547,12420.136720251525,7717.210199854136,0.16097915020748899,0.2970429718817739,0.7433100040716599,0.656550360602904,0.09571084572085108,0.04640666751532218
1680.0,17,stripping_volume_5,tray,200.342042597003,222.01201577214024,53.1718204911173,12.05086433806791,12506.171703903066,7792.887881156747,0.12385802979529667,0.23519120530651028,0.7765750140083039,0.7141323434502513,0.09956695619639955,0.05067645124323842
1680.0,18,stripping_volume_6,tray,205.42116189651057,222.08492582539972,53.204049419778016,11.95349202557166,12584.01166991987,7879.012497182269,0.08991007613998153,0.17547903858866495,0.8025811684710845,0.7672366571365231,0.10750875538893391,0.05728430427481198
1680.0,19,stripping_volume_7,tray,210.63253850984447,222.1591834369304,52.76868510799831,11.885923398814295,12619.378963757186,7956.939802599798,0.06043906203449946,0.12129825174261924,0.8133108786670884,0.808448419808618,0.12625005929841218,0.07025332844876266
1680.0,20,combined_reboiler_sump,reboiler_sump,216.8907832134109,222.18448166531243,758.228576031589,77.24092248879667,,7992.391516425955,0.03592417942697114,0.07463314055239631,0.7924313275899867,0.8253618440405168,0.17164449298304213,0.10000501540708692
1710.0,1,reflux_drum,reflux_drum,120.66479206784096,221.07385270450246,1614.3964558319385,122.37878986499814,,,0.8797715500623053,0.9461123673473545,0.12018619803928936,0.053877908283065344,4.2251898405438584e-05,9.724369580136333e-06
1710.0,2,rectifying_volume_1,tray,130.149227393559,221.1214087792429,38.01848115255497,49.42433643049382,5659.979732685567,8466.321488383535,0.7553443927156857,0.8796897843361793,0.244489169885631,0.12026786875780845,0.00016643739868340453,4.234690601227806e-05
1710.0,3,rectifying_volume_2,tray,141.22607880089078,221.17058983127677,34.28450487143771,12.79088041693318,5439.511672549158,8173.99914359537,0.6230027080104037,0.7935605263413138,0.37654975879384794,0.20631121208426195,0.0004475331957482702,0.00012826157442425058
1710.0,4,rectifying_volume_3,tray,151.59435908291252,221.2196260451351,33.35351822479643,12.572161644570016,5314.66504978752,7953.629959047111,0.5104006275725144,0.7041471482346896,0.48860276464760644,0.2955335971732245,0.0009966077798792274,0.0003192545920859535
1710.0,5,rectifying_volume_4,tray,159.62272344393486,221.2689574777571,32.77588801963693,12.416347384131825,5257.68748205458,7828.8818205538655,0.4298946276233457,0.6290401060352094,0.5681284318083751,0.37027035321749213,0.001976940568279108,0.000689540747298392
1710.0,6,rectifying_volume_5,tray,165.07868400955815,221.31862478023666,32.37977608548445,12.322294124342731,5233.306174089429,7771.990978843,0.37844948061770645,0.5754820689573383,0.6178941376719203,0.42316819098016895,0.0036563817103732656,0.0013497400624926923
1710.0,7,rectifying_volume_6,tray,168.54925577626094,221.3686389843361,32.16594799430708,12.263723884382026,5219.519286577861,7747.685274406424,0.3475358892670432,0.5412167171204229,0.6459745670590575,0.45630230818955325,0.006489543673899267,0.002480974690023863
1710.0,8,rectifying_volume_7,tray,170.768104136633,221.41889394056923,32.027269161678596,12.226633401651313,5205.265982202811,7733.96755097915,0.32935156347258315,0.5206631405771526,0.6594073491393891,0.4749477578399556,0.011241087388027655,0.004389101582891927
1710.0,9,rectifying_volume_8,tray,172.34402628402495,221.46922834831906,31.87754651860834,12.2016413900525,5183.939550305685,7719.781500164297,0.3183807644069975,0.5087362025331964,0.6624437379919327,0.48367735617901636,0.019175497601069836,0.007586441287787338
1710.0,10,rectifying_volume_9,tray,173.74827947101355,221.5194936798465,31.67501150071653,12.179711856272212,5149.200623422855,7698.523560969857,0.31102690246350956,0.5018575816354394,0.6566361731001379,0.4852268693943706,0.03233692443635263,0.012915548970190113
1710.0,11,rectifying_volume_10,tray,175.3873207433641,221.56958461998127,31.403334523775573,12.15078840147253,5092.753388907328,7663.855702174258,0.30488213237065676,0.4977585829198923,0.6412101965917139,0.48051563304073514,0.05390767103762942,0.021725784039372635
1710.0,12,feed_tray,tray,177.69203875486767,221.64457630410425,45.87576690047082,10.935950478393318,12229.588570207155,7607.480969571873,0.29813800636782106,0.4950399822609367,0.6133683597211308,0.46887693179488893,0.08849363391104823,0.036083085944174254
1710.0,13,stripping_volume_1,tray,181.18282382045578,221.72020511749164,45.683444114805,10.882628711454508,12250.497343108356,7601.414819893741,0.2695916652315755,0.45761966256819453,0.6405521976041015,0.5044244619931415,0.08985613716432302,0.037955875438664084
1710.0,14,stripping_volume_2,tray,185.36794372401147,221.7968793703778,45.5066083663256,10.817585977461968,12287.687908990963,7622.404168140301,0.2361482951455594,0.4113208742348567,0.6724036264906611,0.5483983047547034,0.09144807836377952,0.04028082101044006
1710.0,15,stripping_volume_3,tray,190.1161461718313,221.87482323845305,45.299978173838205,10.74879195584833,12344.759409283073,7659.68037909446,0.19923260697498787,0.3570045799814317,0.7074581085744297,0.5999237982000748,0.09330928445058252,0.043071621818493555
1710.0,16,stripping_volume_4,tray,195.19199582599217,221.94437109013293,53.47091539860896,12.124028173322612,12420.352523536301,7716.839241398411,0.16100292763154134,0.2970797066642036,0.7432915249309359,0.6565173551762277,0.09570554743752266,0.046402938159568786
1710.0,17,stripping_volume_5,tray,200.34053411824289,222.01529660162728,53.17240233713363,12.05105966197255,12506.404897761402,7792.531807832256,0.1238775042436403,0.23522322932869666,0.7765610107054703,0.7141041330186972,0.09956148505088927,0.05067263765260615
1710.0,18,stripping_volume_6,tray,205.42039230313378,222.08820468974227,53.20462827692094,11.953669948301286,12584.27337424456,7878.680901085564,0.08992351311368145,0.17550229428664701,0.8025733872708268,0.7672171736751497,0.10750309961549169,0.057280532038203213
1710.0,19,stripping_volume_7,tray,210.63266477813002,222.16246072096814,52.76925660033329,11.886083613003548,12619.676161618258,7956.643502087064,0.06044580273235475,0.12131028719857874,0.813309564361143,0.808439764294421,0.12624463290650237,0.07024994850700031
1710.0,20,combined_reboiler_sump,reboiler_sump,216.89194166684544,222.18775689558998,758.2250195035284,77.24234340592444,,7992.137320752453,0.03592449252504622,0.07463324319523218,0.7924341993623051,0.8253632610308721,0.17164130811264863,0.10000349577389565
1740.0,1,reflux_drum,reflux_drum,120.66660313574715,221.0781460496147,1614.4192920405776,122.37905911165461,,,0.8797685984289976,0.946110494997291,0.12018914628808701,0.0538797796911934,4.2255282915542015e-05,9.725311515565616e-06
1740.0,2,rectifying_volume_1,tray,130.14812653273643,221.12569723447595,38.01876797427077,49.4256523405518,5660.065614712677,8465.664480538448,0.7553789005589056,0.8797090725830156,0.24445477083498335,0.1202486088474595,0.00016632860611094245,4.2318569524934276e-05
1740.0,3,rectifying_volume_2,tray,141.22259305618138,221.17487378179962,34.284978894304274,12.791260168316063,5439.618346743961,8173.4563129369235,0.6230615883956142,0.7936016526489684,0.3764912180118113,0.20627018858748733,0.00044719359257445513,0.00012815876354439634
1740.0,4,rectifying_volume_3,tray,151.59011598226132,221.2239054964189,33.35398910617059,12.572540201780807,5314.756700839281,7953.114899098691,0.5104626509305622,0.704199388974131,0.4885414652739467,0.29548160482403935,0.0009958837954910003,0.0003190062018296785
1740.0,5,rectifying_volume_4,tray,159.6190770443469,221.27323239228062,32.776284088266955,12.416700151963502,5257.765073136801,7828.358461689419,0.4299469375652455,0.6290903094112132,0.56807741934816,0.370220633582747,0.001975643086594539,0.0006890570060396795
1740.0,6,rectifying_volume_5,tray,165.07610789270484,221.32289522293922,32.38010512287343,12.322618414766112,5233.381755487502,7771.459674523649,0.3784894129099524,0.5755233811496789,0.6178563160523292,0.4231277034746504,0.003654271037718284,0.0013489153756706899
1740.0,7,rectifying_volume_6,tray,168.54763087186438,221.37290511541022,32.16624295906225,12.264026070826626,5219.602090206444,7747.157416276617,0.34756573837218224,0.5412486047473907,0.6459479366040253,0.45627170933887723,0.006486325023792327,0.002479685913732211
1740.0,8,rectifying_volume_7,tray,170.76712122036184,221.4231559611619,32.027560707507746,12.226920961322497,5205.360950475752,7733.451780938082,0.32937463918290394,0.5206878559582694,0.659388911382422,0.47492492533499675,0.011236449434674126,0.00438721870673394
1740.0,9,rectifying_volume_8,tray,172.34339841491303,221.47348646419533,31.877855450261766,12.201920093030273,5184.048681851982,7719.282259086041,0.318399818613812,0.508756337179748,0.6624309370569756,0.48365978840224133,0.019169244329212295,0.007583874418010562
1740.0,10,rectifying_volume_9,tray,173.74781884433628,221.5237480860021,31.675345907134094,12.179985026781022,5149.323327053473,7698.042420865596,0.311043777933434,0.5018751542449085,0.6566269314305743,0.48521247702014375,0.0323292906359917,0.012912368734947681
1740.0,11,rectifying_volume_10,tray,175.3869749271173,221.57383549190843,31.403684938224956,12.151056371636816,5092.885307469056,7663.391709944766,0.30489778445825433,0.4977749074352021,0.6412022553237834,0.48050261558273794,0.05389996021796226,0.02172247698206
1740.0,12,feed_tray,tray,177.69194337467988,221.6488237873549,45.87617028093864,10.936177063229476,12229.803594019375,7607.029496834319,0.29815252110976337,0.4950557770713095,0.6133581800881002,0.46886319584676417,0.08848929880213642,0.036081027081926384
1740.0,13,stripping_volume_1,tray,181.18189654977607,221.72444964161858,45.68390423133238,10.882865258228788,12250.715227432203,7601.052171067449,0.2696125820475439,0.4576450702226201,0.6405360167293968,0.5044016874178429,0.08985140122305937,0.037953242359537065
1740.0,14,stripping_volume_2,tray,185.3663668541707,221.80112082000775,45.507105592479036,10.817828269257863,12287.904783411175,7622.05028382359,0.23617376024556552,0.41135456293847084,0.6723832112129005,0.548367777161719,0.09144302854153398,0.04027765989981023
1740.0,15,stripping_volume_3,tray,190.11424468291654,221.87906151497987,45.30049014086136,10.749033992054192,12344.975135049626,7659.331528129905,0.19925976514226307,0.357043398933878,0.7074362175465554,0.599888549165786,0.09330401731118161,0.04306805190033597
1740.0,16,stripping_volume_4,tray,195.19018416696503,221.94860702929532,53.47150544244641,12.124295260088088,12420.57503995992,7716.495325519032,0.16102848655836804,0.2971189354631419,0.7432713989181918,0.6564819412793453,0.0957001145234402,0.04639912325751283
1740.0,17,stripping_volume_5,tray,200.33919668591696,222.01953032379186,53.17298248473887,12.051312944293704,12506.644394030607,7792.201318899117,0.12389866880459906,0.2352578286980817,0.7765454707730125,0.7140734491077549,0.09955586042238837,0.05066872219416336
1740.0,18,stripping_volume_6,tray,205.41981474311703,222.09243645551643,53.20520380908884,11.95390503544528,12584.541497222222,7878.3738117554785,0.08993842414794642,0.17552796464906825,0.8025643240708172,0.7671953971671822,0.10749725178123622,0.05727663818374953
1740.0,19,stripping_volume_7,tray,210.6330105827147,222.1666909164337,52.769824066573335,11.886300333103872,12619.980553976166,7956.371179766753,0.06045373214388608,0.12132439808230244,0.8133073738161473,0.8084292164266348,0.12623889403996674,0.07024638549106278
1740.0,20,combined_reboiler_sump,reboiler_sump,216.89333430132967,222.191985051292,758.2203924071391,77.24419842216628,,7991.907255455483,0.03592569610930598,0.07463500197358997,0.7924368817667222,0.8253634311215803,0.17163742212397193,0.10000156690482978
1770.0,1,reflux_drum,reflux_drum,120.66865522571773,221.0833482834403,1614.582967179024,122.36951706147332,,,0.8797669750197527,0.9461091763307119,0.12019076785532513,0.05388109775075683,4.225712492236565e-05,9.725918531287207e-06
1770.0,2,rectifying_volume_1,tray,130.14720184694625,221.13089461968318,38.01904315521029,49.42720851768405,5660.151601300929,8465.038180557065,0.7554155748628436,0.8797294381494586,0.24441820857156898,0.12022827239703077,0.00016621656558736422,4.2289453510746725e-05
1770.0,3,rectifying_volume_2,tray,141.21922077885944,221.1800666832464,34.28544491884821,12.791703086303523,5439.724222455956,8172.94257552115,0.623123266275464,0.7936445058877669,0.37642988581765124,0.20622743988114214,0.00044684790688469375,0.0001280542310910309
1770.0,4,rectifying_volume_3,tray,151.5859541939047,221.22909390397535,33.35445048914492,12.57298134495567,5314.846110201263,7952.627317208195,0.5105276547567962,0.704253856945379,0.488477194866535,0.2954273883976709,0.0009951503766689618,0.0003187546569501311
1770.0,5,rectifying_volume_4,tray,159.61551921424953,221.2784162537508,32.77666698022468,12.417114436541327,5257.8390879870685,7827.860434846193,0.43000201956698675,0.6291428745765423,0.5680236462620588,0.37016855650578046,0.001974334170954609,0.0006885689176772251
1770.0,6,rectifying_volume_5,tray,165.07365123773016,221.32807459288725,32.38041691537165,12.323003128925725,5233.452781736862,7770.951744213877,0.37853174156200464,0.5755668867307796,0.6178161074709302,0.42308502648569085,0.003652150967065274,0.0013480867835294515
1770.0,7,rectifying_volume_6,tray,168.54616300152162,221.37808014739554,32.16651691455671,12.264387746350183,5219.6796287220795,7746.651407782729,0.3475975977810695,0.5412823819045863,0.6459192958130977,0.45623922098704184,0.006483106405832841,0.0024783971083718625
1770.0,8,rectifying_volume_7,tray,170.76633085741233,221.4283268516255,32.02782791548454,12.227267267818231,5205.45007383476,7732.956657148976,0.3293993905209904,0.5207141399727381,0.6593687777029571,0.4749005149907585,0.011231831776052572,0.004385345036503229
1770.0,9,rectifying_volume_8,tray,172.34299405947834,221.47865341473778,31.878137111927426,12.202256951284912,5184.15143606186,7718.802617212937,0.3184202743934147,0.5087777526010372,0.6624166822558223,0.4836409148735894,0.019163043350762864,0.007581332525373469
1770.0,10,rectifying_volume_9,tray,173.7476080492739,221.52891128738264,31.6756505242545,12.180315851436017,5149.439160240384,7697.579888161254,0.31106183246610497,0.501893762983135,0.6566164235396542,0.48519700342090744,0.032321743994240704,0.012909233595957473
1770.0,11,rectifying_volume_10,tray,175.38689997535008,221.5789951153615,31.404003761903603,12.151381547411255,5093.009993844396,7662.945371923722,0.3049144354451602,0.4977920612555158,0.6411932249937603,0.4804887111215672,0.05389233956107945,0.021719227622916993
1770.0,12,feed_tray,tray,177.69213061930773,221.65398001833015,45.87657084603134,10.936451905686845,12230.026959558547,7606.594859176401,0.2981678981717132,0.4950722241019178,0.6133471662622888,0.46884877925506757,0.08848493556599808,0.03607899664301443
1770.0,13,stripping_volume_1,tray,181.18121968225844,221.72960300576776,45.684362516404306,10.88315042320849,12250.940884536087,7600.721403121348,0.26963460941605083,0.4576715240899271,0.6405187734225328,0.5043778599442689,0.08984661716141631,0.037950615965803874
1770.0,14,stripping_volume_2,tray,185.36500695992848,221.80627118670108,45.50760172962995,10.818119465810419,12288.128717445941,7621.727135908421,0.23620057636189817,0.411389742133132,0.6723615127065691,0.5483357768103363,0.09143791093153274,0.04027448105653179
1770.0,15,stripping_volume_3,tray,190.1125324053476,221.88420876947225,45.30100117270965,10.749325072361813,12345.19711894219,7659.012093670426,0.1992884517978328,0.35708412832197595,0.7074128834429517,0.5998514313831097,0.09329866475921546,0.043064440294914276
1770.0,16,stripping_volume_4,tray,195.18854594958648,221.95375198017663,53.472092238805914,12.124617978585384,12420.80303057859,7716.17940744826,0.1610556452055483,0.29716038370172504,0.7432497750277964,0.6564443704704512,0.09569457976665527,0.046395245827823714
1770.0,17,stripping_volume_5,tray,200.33803438657642,222.0246730813685,53.17355801374637,12.05162151427298,12506.88887670965,7791.897348332294,0.12392136748461521,0.23529475172387848,0.7765285157408051,0.7140405193342803,0.09955011677457981,0.05066472894184122
1770.0,18,stripping_volume_6,tray,205.41942872058218,222.09757727471234,53.205773168219615,11.95419473115622,12584.814571019666,7878.092078783583,0.08995469210152691,0.17555585001432253,0.8025540592226069,0.7671715027039522,0.10749124867586615,0.05727264728172541
1770.0,19,stripping_volume_7,tray,210.63356984828607,222.1718301825415,52.77038472272504,11.886571115594158,12620.290464612,7956.123526766091,0.06046277741363284,0.12134045496100498,0.8133043403155971,0.8084168810214529,0.12623288227077,0.07024266401754208
1770.0,20,combined_reboiler_sump,reboiler_sump,216.89494924182426,222.19712230095038,758.2147594894042,77.24646638097175,,7991.701796641111,0.035927760244686205,0.07463836323627339,0.7924393640126135,0.8253623853874098,0.17163287574270022,0.09999925137631678
1800.0,1,reflux_drum,reflux_drum,120.67093260176004,221.08941215025396,1614.8830523006698,122.35046280335419,,,0.8797666544772551,0.9461084038394045,0.12019108805612969,0.05388186996164159,4.225746661519311e-05,9.726198953726447e-06
1800.0,2,rectifying_volume_1,tray,130.14645465646606,221.13695370055675,38.019305515756194,49.428991492359486,5660.237253572669,8464.444678852542,0.7554541711794104,0.8797507478221246,0.24437972683809697,0.12020699243814377,0.0001661019824927413,4.225973973161676e-05
1800.0,3,rectifying_volume_2,tray,141.21597764111522,221.18612132154212,34.28590070593398,12.792205446600818,5439.828786158921,8172.459508156994,0.6231873512652347,0.7936888189734226,0.37636615054969613,0.20618323243382292,0.00044649818506897466,0.00012794859275438883
1800.0,4,rectifying_volume_3,tray,151.5818944541839,221.23514407450728,33.35490019776286,12.573481367357356,5314.932889243767,7952.168709325501,0.510595225533405,0.7043102106189614,0.4884103627096589,0.2953712879737176,0.0009944117569362888,0.00031850140732099676
1800.0,5,rectifying_volume_4,tray,159.61206752309303,221.28446189036214,32.7770350193789,12.417586691938293,5257.909254270077,7827.389355396682,0.4300595155969343,0.6291974650252721,0.5679674631919494,0.37011445573315743,0.001973021211116351,0.0006880792415704201
1800.0,6,rectifying_volume_5,tray,165.07132522093372,221.33411573980635,32.380710261079805,12.323444898063034,5233.519023843527,7770.4689138737085,0.37857618339032967,0.5756122995249099,0.6177737834284084,0.42304044161022647,0.003650033181262113,0.001347258864863644
1800.0,7,rectifying_volume_6,tray,168.5448573058242,221.3841169509781,32.16676895654899,12.264805682912705,5219.7516607122,7746.169012754542,0.34763124807781676,0.5413178202196511,0.6458888468318219,0.4562050645724752,0.006479905090361438,0.002477115207873583
1800.0,8,rectifying_volume_7,tray,170.76573376995407,221.43435950276577,32.028070009853295,12.22766919029471,5205.533069016557,7732.483926622033,0.3294256435210779,0.5207418113715706,0.6593470979798892,0.4748746982720897,0.011227258499032906,0.00438349035633977
1800.0,9,rectifying_volume_8,tray,172.3428111077624,221.4846821099923,31.87839073906564,12.20264889754241,5184.247476143842,7718.344277063235,0.3184419874259378,0.5088003005895407,0.6624010864687342,0.483620870939902,0.01915692610532799,0.007578828470557234
1800.0,10,rectifying_volume_9,tray,173.74764322397732,221.53493621245408,31.675924546727458,12.180701307243575,5149.547734629519,7697.137611379886,0.31108094050664203,0.5019132811750541,0.656604737677916,0.4851805598954022,0.03231432181544197,0.012906158929543774
1800.0,11,rectifying_volume_10,tray,175.38709068094425,221.58501643650897,31.40429017709397,12.151760947155353,5093.127026422576,7662.518286798184,0.30493197248520515,0.49780993148895625,0.6411831812046715,0.48047401699237857,0.05388484631012328,0.021716051518665333
1800.0,12,feed_tray,tray,177.6925935178474,221.65999795906689,45.876966682844014,10.936772488432554,12230.257390453407,7606.178625281511,0.29818403572788155,0.4950892197781255,0.6133353968414513,0.46883377559008477,0.08848056743066698,0.03607700463178977
1800.0,13,stripping_volume_1,tray,181.18079163755482,221.7356181830593,45.684816731679526,10.88348162409674,12251.173043678351,7600.423223497218,0.2696576040891027,0.45769885777299457,0.6405005848050913,0.5043531321951666,0.08984181110580604,0.03794801003183883
1800.0,14,stripping_volume_2,tray,185.36386694472603,221.81228345579672,45.50809432294632,10.818456944009782,12288.358470453682,7621.435432149665,0.23622856870915307,0.4114261879064499,0.6723386771827394,0.5483025102091279,0.09143275410810749,0.040271301884422205
1800.0,15,stripping_volume_3,tray,190.11101484127414,221.8902180005555,45.30150873294485,10.749662568983036,12345.424153642845,7658.722808920308,0.19931847759193655,0.3571265040923314,0.7073882651514045,0.5998126885016509,0.09329325725665907,0.04306080740601756
1800.0,16,stripping_volume_4,tray,195.18708672174836,221.95975895161033,53.472672916081734,12.124993385894653,12421.03527958619,7715.892249312956,0.1610842202702909,0.2972037755470365,0.7432268045070383,0.656404896123132,0.09568897522267097,0.04639132832983163
1800.0,17,stripping_volume_5,tray,200.3370502315378,222.03067789311598,53.17412614949886,12.051982510505256,12507.137058956228,7791.620645964788,0.12394544208517895,0.23533374394530257,0.7765102700323449,0.714005574591979,0.09954428788247623,0.0506606814627184
1800.0,18,stripping_volume_6,tray,205.41923275987983,222.10358017486487,53.20633365773616,11.95453628795796,12585.091163491204,7877.836377387591,0.08997219704231693,0.17558574645501532,0.8025426764299121,0.7671456700489435,0.10748512652777095,0.05726858349604112
1800.0,19,stripping_volume_7,tray,210.6343356254706,222.17783155365754,52.77093593727055,11.886893323727122,12620.604258401992,7955.901069921104,0.06047286244596249,0.12135832280243633,0.8133005003707187,0.8084028685380964,0.1262266371833189,0.07023880865946727
1800.0,20,combined_reboiler_sump,reboiler_sump,216.89677392970705,222.2031216877249,758.2081882879825,77.24912475041903,,7991.521264949835,0.03593065143875491,0.07464326658742097,0.7924416366754343,0.8253601602863279,0.17162771188581077,0.09999657312625125
