time_s,stage,volume,node_type,T_F,P_psia_hyd,ML_lbmol,MV_lbmol,L_out_used_lbmolph,V_out_lbmolph,x_n-Propane,y_n-Propane,x_n-Butane,y_n-Butane,x_n-Pentane,y_n-Pentane
0.5,1,reflux_drum,reflux_drum,120.70241394789463,221.1857390637678,1624.1291840597046,121.72236073500368,,,0.8798259004916547,0.9461274352473741,0.12013190793900017,0.05386285099513066,4.219156934522788e-05,9.713757495189648e-06
0.5,2,rectifying_volume_1,tray,130.14841794096026,221.23324002088845,38.02104413768903,49.45602075427377,5660.994144260996,8460.599500323366,0.755893519795958,0.8799875992394798,0.24394152299362634,0.1199704349232883,0.00016495721041567514,4.196583723195512e-05
0.5,3,rectifying_volume_2,tray,141.19317986261103,221.28236914762604,34.28950776828371,12.799603592751932,5440.710101063661,8169.511936649608,0.6238792152135177,0.7941572126155532,0.3756776087130535,0.20571583694725504,0.0004431760734286749,0.00012695043719171913
0.5,4,rectifying_volume_3,tray,151.55049053404397,221.3313524779682,33.35838354127069,12.580830106659668,5315.5916602640455,7949.362548797512,0.5113257730208224,0.7049069613263431,0.4876866767418982,0.2947768862700178,0.0009875502372792594,0.0003161524036390523
0.5,5,rectifying_volume_4,tray,159.58636785323782,221.38062962239,32.77963123147354,12.42464090099781,5258.360900921986,7824.375966287463,0.43069178043022655,0.6297846559084964,0.5673471527640307,0.36953172694309916,0.00196106680574273,0.0006836171484043051
0.5,6,rectifying_volume_5,tray,165.05694849238404,221.43024271652965,32.3824632462746,12.33018021115669,5233.891369391511,7767.263278374904,0.3790764237200417,0.5761110358390769,0.6172924167254652,0.42254909283651043,0.00363115955449309,0.0013398713244126379
0.5,7,rectifying_volume_6,tray,168.5411755005229,221.48020415662262,32.16798625701144,12.271288167590065,5220.142373264134,7742.898032532904,0.34801894230441,0.5417149822260702,0.6455290440975215,0.4558190685687184,0.006452013598068455,0.0024659492052115273
0.5,8,rectifying_volume_7,tray,170.7699082568598,221.53040840133522,32.0290473113466,12.233976577709383,5205.993550545701,7729.243363350265,0.32973301939024086,0.521056070026839,0.6590786662255658,0.4745761784316132,0.011188314384193387,0.004367751541547761
0.5,9,rectifying_volume_8,tray,172.35204078060215,221.58069424050646,31.879335295031122,12.20884129857326,5184.798200615986,7715.182814263318,0.3186969672961175,0.5090564355471014,0.6621970920182567,0.483385423181871,0.019105940685625766,0.007558141271027603
0.5,10,rectifying_volume_9,tray,173.75998758121182,221.63091301588926,31.67693381228651,12.186813608511764,5150.186101684139,7694.072533727559,0.31130292341161064,0.502131699714322,0.6564435979580897,0.4849868987817443,0.032253478630299634,0.012881401503933803
0.5,11,rectifying_volume_10,tray,175.40175010657873,221.6809591829515,31.405327857084472,12.157799463889562,5093.823429786962,7659.543837808102,0.3051320209657892,0.4980045360899788,0.6410445488909605,0.4803044918802245,0.053823430143250375,0.02169097202979666
0.5,12,feed_tray,tray,177.7101584865555,221.75591050582673,45.880324229188886,10.94187127541462,12232.688629956503,7603.263029066511,0.2983656927179684,0.49526819223195795,0.6131933516392555,0.46867087669222346,0.08844095564277607,0.03606093107581868
0.5,13,stripping_volume_1,tray,181.18906565087497,221.83151052306258,45.68873150371249,10.888689752142598,12253.593555102174,7599.259943167611,0.26991079409487373,0.45798661090784776,0.6402917318136664,0.5040878193226889,0.08979747409145998,0.0379255697694634
0.5,14,stripping_volume_2,tray,185.36436327487382,221.9081536228506,45.512379717442826,10.823732902028407,12290.725313535517,7620.277633712029,0.23653663624736174,0.41181430505434136,0.6720788887084403,0.5479429636660671,0.0913844750441979,0.04024273127959139
0.5,15,stripping_volume_3,tray,190.1069231615176,221.98606411670093,45.305932323817274,10.754944744919033,12347.73045932284,7657.526864852443,0.1996525565833548,0.35758602190586186,0.7071054319040065,0.5993868004120335,0.09324201151263854,0.04302717768210462
0.5,16,stripping_volume_4,tray,195.18277848582437,222.0555866610976,53.47762846080009,12.13091979346653,12423.351371262039,7714.65100354007,0.1614088858671926,0.29768656260932813,0.7429558203404181,0.655959168576193,0.09563529379238937,0.0463542688144789
0.5,17,stripping_volume_5,tray,200.3369798624002,222.12648760935477,53.17890857964106,12.057766391094647,12509.570546169396,7790.404449688105,0.12422767100941157,0.2357829570836034,0.7762844352207299,0.7135952391947376,0.0994878937698585,0.05062180372165895
0.5,18,stripping_volume_6,tray,205.42682633704064,222.1993738123134,53.2109779211536,11.96011778614128,12587.772440252782,7876.752253318648,0.09018867760889784,0.1759503866156206,0.8023867924655402,0.7668209108529901,0.1074245299255619,0.057228702531389425
0.5,19,stripping_volume_7,tray,210.65137844057185,222.27361243419176,52.775469748809144,11.892279454575851,12623.638511229834,7955.078366802813,0.06061313232155359,0.1216051749685201,0.8132272914816643,0.8081968606758065,0.12615957619678217,0.07019796435567334
0.5,20,combined_reboiler_sump,reboiler_sump,216.92353160967008,222.29888603598616,758.1060726900467,77.29171193791305,,7991.065114838919,0.035995954100116384,0.07476051715447447,0.7924517105749626,0.8252838585750029,0.171552335324921,0.09995562427052282
60.0,1,reflux_drum,reflux_drum,120.709613557817,221.2094796744323,1626.9481348559323,121.52821030426679,,,0.8798481489346276,0.9461358473911299,0.12010968359687008,0.053854443785056993,4.2167468502310234e-05,9.708823813205215e-06
60.0,2,rectifying_volume_1,tray,130.15062309267535,221.2569748732201,38.021173586472635,49.46252143018073,5661.106948191992,8460.319877489781,0.7559801627910976,0.8800333144974857,0.24385507713500693,0.11992476969826596,0.00016476007389557826,4.191580424843155e-05
60.0,3,rectifying_volume_2,tray,141.19112210916182,221.3060983564303,34.28995016959573,12.801354558152804,5440.832251927376,8169.349553156699,0.6240092785942387,0.7942434379839229,0.3755480856106195,0.20562977284757142,0.00044263579514161914,0.00012678916850568435
60.0,4,rectifying_volume_3,tray,151.54686113052836,221.3550757550711,33.35879220245095,12.582567142753106,5315.666635224217,7949.205282872241,0.5114632185324766,0.7050169438423868,0.4875503165875992,0.2946672746212595,0.0009864648799242917,0.0003157815363536668
60.0,5,rectifying_volume_4,tray,159.58366586852273,221.40434664046785,32.7798721268432,12.426323237312868,5258.392136633579,7824.167132045412,0.43081255048287237,0.6298944442605341,0.567228224667533,0.3694226268613844,0.0019592248495944905,0.0006829288780814572
60.0,6,rectifying_volume_5,tray,165.05623144913363,221.45395336222404,32.38253929915734,12.3318042767168,5233.901291000408,7767.006996346251,0.3791739332457456,0.576206042636608,0.6171977315310713,0.4224551932157398,0.0036283352231831797,0.0013387641476521178
60.0,7,rectifying_volume_6,tray,168.54241191369331,221.50390851100937,32.1679460791042,12.272865441543226,5220.14806409146,7742.617333009436,0.3480960059273983,0.541791980391017,0.6454560214579604,0.45574368672702076,0.006447972614641334,0.002464332881962487
60.0,8,rectifying_volume_7,tray,170.7726553578631,221.5541066353356,32.02893902423459,12.235520537665442,5206.00388449503,7728.955547735389,0.3297949314111204,0.5211176812961839,0.6590222060657257,0.47451675633154067,0.011182862523154032,0.004365562372275538
60.0,9,rectifying_volume_8,tray,172.3558374964496,221.6043865415673,31.879193592224514,12.2103623743783,5184.816677524206,7714.8966123270275,0.3187484683714857,0.5091066662719782,0.6621524908488536,0.4833379467919473,0.01909904077966063,0.0075553869360743585
60.0,10,rectifying_volume_9,tray,173.7644993863512,221.65459955647728,31.67677740775371,12.188317886335303,5150.212756219588,7693.791058972676,0.31134740080509343,0.5021740034621637,0.6564071349484432,0.4849477466441888,0.032245464246463434,0.012878249893647404
60.0,11,rectifying_volume_10,tray,175.40680447292044,221.70464011042338,31.405158828317678,12.159288416017331,5093.855243343024,7659.266660528736,0.30517153744215303,0.49804134779071985,0.6410131350485619,0.48027075878548714,0.0538153275092851,0.021687893423792955
60.0,12,feed_tray,tray,177.71574863923243,221.77958680831034,45.880797099908214,10.943128105466652,12233.14005834307,7602.986839109577,0.2984012107223937,0.49530101842149216,0.6131639588220343,0.46864010464253336,0.08843483045557209,0.03605887693597442
60.0,13,stripping_volume_1,tray,181.19296792609344,221.85518469004532,45.68929630096867,10.889966140325258,12254.037867924326,7599.400977320876,0.2699593134786512,0.45803938415734163,0.640250220719707,0.5040382487913314,0.08979046580164188,0.037922367051327066
60.0,14,stripping_volume_2,tray,185.36678891885558,221.93182521458928,45.51300648640434,10.825021971692026,12291.154739997266,7620.408538978118,0.23659562447398272,0.4118862872111709,0.6720276712161599,0.5478753231574252,0.09137670430985731,0.04023838963140394
60.0,15,stripping_volume_3,tray,190.10839772512438,222.0097326970853,45.30658093708071,10.756235963861466,12348.143098892759,7657.639482031341,0.19971713998628932,0.35767271913053744,0.7070492155897622,0.5993054200831103,0.09323364442394855,0.04302186078635231
60.0,16,stripping_volume_4,tray,195.18406465830935,222.07925281609178,53.47833137874819,12.132374738767083,12423.757757881438,7714.743292878869,0.16147279308974302,0.2977797986905281,0.7429007833750451,0.655871951717147,0.09562642353521184,0.0463482495923249
60.0,17,stripping_volume_5,tray,200.3389064351373,222.15015130003258,53.17957233107094,12.059196770782242,12509.989480912389,7790.486218373993,0.12428468237286128,0.23587234492610745,0.7762368449305069,0.7135122791846752,0.09947847269663167,0.05061537588921728
60.0,18,stripping_volume_6,tray,205.43004555271085,222.22303526473897,53.21160597946818,11.961511320809048,12588.227681046974,7876.842411206568,0.09023423959359983,0.17602628989973534,0.802351610617751,0.7667517605919224,0.1074141497886492,0.05722194950834228
60.0,19,stripping_volume_7,tray,210.65621183231139,222.29727213142834,52.77607513053137,11.893638540744032,12624.151635176842,7955.200725191881,0.06064504678872849,0.12166106773367104,0.8132078540033022,0.8081484504582497,0.12614709920796927,0.0701904818080792
60.0,20,combined_reboiler_sump,reboiler_sump,216.92989464749633,222.32254345679056,758.081510072322,77.30221362264312,,7991.241429864348,0.03601423552913017,0.07479385936977506,0.7924509389364262,0.8252602330161435,0.17153482553444382,0.09994590761408136
120.0,1,reflux_drum,reflux_drum,120.71687926665633,221.23388277876765,1629.979936693365,121.31883114273145,,,0.8798728568945807,0.946145389545263,0.12008500207964325,0.05384490710093891,4.214102577602547e-05,9.70335379823081e-06
120.0,2,rectifying_volume_1,tray,130.15333331511735,221.28137310791527,38.021230647814576,49.469162029368995,5661.204351788869,8460.197303220682,0.7560636432132956,0.8800770418251115,0.24377177728392516,0.11988108798754699,0.00016457950277935828,4.1870187341492766e-05
120.0,3,rectifying_volume_2,tray,141.1899190798366,221.3304917400224,34.29029168922881,12.80313576693958,5440.933947140223,8169.321464128097,0.6241326032207335,0.794324585366704,0.37542524490305496,0.2055487695117486,0.0004421518762114431,0.000126645121547365
120.0,4,rectifying_volume_3,tray,151.54418536990522,221.3794639777322,33.35909825669737,12.584333522986107,5315.721871394937,7949.175071725276,0.5115935585768565,0.7051204747177124,0.48742093738207987,0.29456407180563016,0.0009855040410636064,0.00031545347665733236
120.0,5,rectifying_volume_4,tray,159.58182427834927,221.4287293620677,32.780018784489066,12.428037896145655,5258.404368331271,7824.08394406229,0.4309276514419679,0.6299982926479335,0.5671147356268182,0.36931938107379286,0.00195761293121385,0.00068232627827359
120.0,6,rectifying_volume_5,tray,165.05622588291902,221.47833044384205,32.38252766764949,12.333464198450677,5233.891264233593,7766.875183106655,0.3792674839349624,0.5762964684313089,0.6171066196994561,0.42236572407156914,0.0036258963655816253,0.0013378074971218032
120.0,7,rectifying_volume_6,tray,168.54423959357683,221.5282799959331,32.1678193008537,12.274481228578377,5220.1315586278615,7742.458465621973,0.3481704079246876,0.5418656881269756,0.6453850556386443,0.45567135250948326,0.006444536436667907,0.00246295936354114
120.0,8,rectifying_volume_7,tray,170.7759253657736,221.5784726518585,32.02874032771073,12.237104612451589,5205.989055994888,7728.785797731503,0.32985496059191544,0.5211768752166347,0.6589667341090627,0.4744593855712191,0.011178305299021921,0.004363739212146182
120.0,9,rectifying_volume_8,tray,172.36013364717738,221.62874723441638,31.878954506448956,12.211924348907456,5184.806732127133,7714.724115173886,0.3187984561310891,0.5091549362196485,0.6621081694829352,0.4832919172762089,0.01909337438597576,0.007553146504142713
120.0,10,rectifying_volume_9,tray,173.76951424253755,221.6789550573155,31.676515820257404,12.189863378501915,5150.2078995894135,7693.618720662624,0.31139047456619334,0.5022145000396004,0.6563705469142506,0.48490974806513254,0.032238978519556157,0.012875751895267008
120.0,11,rectifying_volume_10,tray,175.41236730472687,221.72899052942722,31.404879607478154,12.16081890979438,5093.853442618017,7659.094284798883,0.30520964657887667,0.4980763205899842,0.6409815927546721,0.4802381719694538,0.05380876066645114,0.021685507440562034
120.0,12,feed_tray,tray,177.72181499328815,221.80393317040694,45.88119506386865,10.944419907393268,12233.567636431571,7602.812150780692,0.29843536226745926,0.4953318835941233,0.6131351921516119,0.4686108714703633,0.08842944558092887,0.036057244935513565
120.0,13,stripping_volume_1,tray,181.19745253380762,221.87952956173254,45.68977731399473,10.89127615248719,12254.457064050353,7599.651554060459,0.2700056508979852,0.4580890063811717,0.6402101034946239,0.5039913320983916,0.08978424560739098,0.037919661520436555
120.0,14,stripping_volume_2,tray,185.3698687051453,221.95616815612658,45.513543783102975,10.826343964816935,12291.55828573886,7620.6459063520515,0.23665193745179092,0.41195423726950897,0.6719783074600163,0.5478111539495978,0.09136975508819264,0.040234608780893064
120.0,15,stripping_volume_3,tray,190.11054737773523,222.0340732680302,45.30713760580454,10.757560285877199,12348.529001673056,7657.855920226758,0.19977898374914665,0.3577550408497067,0.7069948975924624,0.5992278110949267,0.09322611865839109,0.04301714805536669
120.0,16,stripping_volume_4,tray,195.18598853506887,222.10359142010685,53.478924611333426,12.133868540736406,12424.135146340055,7714.936649946898,0.1615343448442128,0.29786901888304923,0.7428472468741302,0.6557881275208983,0.09561840828165698,0.046342853596052516
120.0,17,stripping_volume_5,tray,200.34138778939024,222.1744878626098,53.1801262575796,12.060667966694275,12510.37572699495,7790.664696414923,0.12434004015042806,0.2359587100985638,0.7761900345172867,0.713431716917654,0.09946992533228517,0.05060957298378227
120.0,18,stripping_volume_6,tray,205.43370574060498,222.24736995718231,53.212122889728754,11.962947917889203,12588.645068371066,7877.023554669083,0.09027902973219161,0.17610064572580647,0.8023163262258569,0.7666835563230766,0.10740464404195157,0.05721579795111695
120.0,19,stripping_volume_7,tray,210.66135166066104,222.3216053663292,52.776569814725555,11.895043167187511,12624.621192980292,7955.406946768025,0.0606771094939936,0.12171713326104146,0.813187559755115,0.8080993977779395,0.12613533075089128,0.07018346896101896
120.0,20,combined_reboiler_sump,reboiler_sump,216.93639140245654,222.3468747970527,758.0564213643224,77.31300565401038,,7991.493987368145,0.036033513157909,0.07482912080403258,0.7924493034139094,0.8252348023652725,0.17151718342818165,0.09993607683069497
180.0,1,reflux_drum,reflux_drum,120.724023914398,221.25829637137636,1633.1385234752756,121.10017729005992,,,0.8798992681439168,0.9461557600787605,0.1200586187324607,0.053834542386493336,4.211312362257107e-05,9.697534746213497e-06
180.0,2,rectifying_volume_1,tray,130.15646584752025,221.30578281392414,38.0212159498438,49.47576606147266,5661.284344749857,8460.229376844847,0.756141859679446,0.8801176890735571,0.24369372053469035,0.11984048086259805,0.00016441978586355176,4.183006384485103e-05
180.0,3,rectifying_volume_2,tray,141.18957898217965,221.3548974846724,34.29052653540106,12.804900082577424,5441.0132443906305,8169.423580343334,0.6242461637450298,0.7943986841027655,0.37531210105823515,0.20547479437802146,0.00044173519673501615,0.00012652151921304522
180.0,4,rectifying_volume_3,tray,151.54250728746177,221.40386543852537,33.35929691409484,12.586082510134233,5315.756634190817,7949.268130475635,0.5117135925599683,0.7052150370305028,0.4873017186951034,0.2944697875779968,0.0009846887449282027,0.0003151753915002997
180.0,5,rectifying_volume_4,tray,159.58086877532912,221.45312619555278,32.7800703475862,12.429739386417536,5258.397984054424,7824.1240633158495,0.4310342323902299,0.630093653096236,0.5670095021919204,0.36922452468540934,0.0019562654178497257,0.0006818222183546454
180.0,6,rectifying_volume_5,tray,165.05691429165586,221.502722490168,32.38243148179971,12.33511580295916,5233.862312101328,7766.8668306948575,0.3793547346236579,0.5763800702813229,0.6170213719777262,0.42228290850384026,0.003623893398615903,0.0013370212148369324
180.0,7,rectifying_volume_6,tray,168.54659657195918,221.5526672608253,32.16761210505491,12.276092430243725,5220.094142618556,7742.421236804509,0.3482402703795189,0.5419342606054941,0.645317956131979,0.4556038833353074,0.006441773488502205,0.0024618560591984284
180.0,8,rectifying_volume_7,tray,170.77962015136984,221.60285521910376,32.028459496248324,12.238686490459092,5205.95042276459,7728.734344871442,0.3299115855463314,0.5212321638077279,0.658913684897452,0.474405519508897,0.011174729556216529,0.004362316683375222
180.0,9,rectifying_volume_8,tray,172.36480428820698,221.6531252036979,31.878627687114992,12.213485472936554,5184.769720111251,7714.665783371856,0.3188456659542459,0.5092000348901807,0.6620652896478056,0.48324850513569756,0.01908904439794838,0.007551459974121679
180.0,10,rectifying_volume_9,tray,173.77488759135377,221.70332851744737,31.676159629472355,12.191408764973188,5150.172874128744,7693.556137215091,0.3114310629568873,0.5022521836390413,0.6563348027904153,0.48487386739000415,0.03223413425269737,0.012873948970954426
180.0,11,rectifying_volume_10,tray,175.41827900482724,221.7533595518092,31.40450146709539,12.162350011233476,5093.819374099525,7659.027481607165,0.3052454011076669,0.4981085996091638,0.640950755237374,0.4802075492852288,0.05380384365495913,0.02168385110560741
180.0,12,feed_tray,tray,177.72818563680474,221.82829878893557,45.881510662349996,10.945712136267371,12233.961316249111,7602.739907672439,0.2984673050852306,0.4953600483306802,0.613107782023249,0.4685838892963074,0.08842491289152044,0.03605606237301253
180.0,13,stripping_volume_1,tray,181.20238521654005,221.90389435130737,45.69016523898661,10.892584810648836,12254.841369634636,7600.001378418772,0.2700486736601198,0.45813428958112296,0.6401723809984102,0.5039482046585921,0.08977894534146998,0.037917505760285006
180.0,14,stripping_volume_2,tray,185.37350283040172,221.98053168854813,45.51398103730799,10.82766360654458,12291.926626698114,7620.979892133995,0.23670419681889038,0.4120165166737669,0.6719320260941527,0.547752016129089,0.09136377708695699,0.04023146719714425
180.0,15,stripping_volume_3,tray,190.11329636462827,222.0584351103032,45.307591340316215,10.758882357853619,12348.879354497643,7658.166976397906,0.19983656350856846,0.3578309798291775,0.7069438379644346,0.5991558791569819,0.09321959852699696,0.0430131410138406
180.0,16,stripping_volume_4,tray,195.1884821832211,222.1279517897859,53.47939683664366,12.135361259483737,12424.475052084888,7715.222578266904,0.16159200660059858,0.29795201599535676,0.7427965681488139,0.6557097839627682,0.09561142525058758,0.04633820004187485
180.0,17,stripping_volume_5,tray,200.34434495819818,222.19884665303226,53.18056006763179,12.062140548644836,12510.720726605927,7790.931941270631,0.12439234320512346,0.23603987789215208,0.776145213327071,0.7133555963442647,0.09946244346780549,0.05060452576358318
180.0,18,stripping_volume_6,tray,205.43770171700385,222.27172728258887,53.21251936557752,11.964388959202035,12589.015434087049,7877.287886137617,0.09032188942450273,0.1761715355895197,0.8022818780129798,0.7666180738119583,0.10739623256251744,0.05721039059852194
180.0,19,stripping_volume_7,tray,210.66665947989438,222.34596156072288,52.7769450175542,11.89645545180514,12625.036855993318,7955.688835128826,0.060708460858467976,0.12177186714556751,0.8131669762230768,0.808051032362703,0.12612456291845534,0.07017710049172954
180.0,20,combined_reboiler_sump,reboiler_sump,216.9428551742672,222.37122951461905,758.0314307139344,77.3238019639027,,7991.813633799955,0.03605323184900685,0.07486527845685369,0.7924468675662621,0.8252083092679848,0.171499900584731,0.09992641227516158
240.0,1,reflux_drum,reflux_drum,120.73092804437469,221.2822847058874,1636.3610528654317,120.87661810200146,,,0.8799268008780147,0.946166720186479,0.12003111468397246,0.05382358830122579,4.2084438012770896e-05,9.691512295232786e-06
240.0,2,rectifying_volume_1,tray,130.15994983682114,221.3297682716852,38.0211326423303,49.48221700651343,5661.34625982236,8460.40880305009,0.7562136035897011,0.8801546410761315,0.24362211343897697,0.11980356298517983,0.00016428297132186292,4.179593868869225e-05
240.0,3,rectifying_volume_2,tray,141.19007446671017,221.3788799031077,34.29065494632148,12.806616664225194,5441.069716982544,8169.648406968529,0.6243483112569268,0.7944646874073144,0.37521029842161635,0.2054088928989831,0.00044139032145694516,0.00012641969370250143
240.0,4,rectifying_volume_3,tray,151.5418180368608,221.4278444889049,33.35938912968282,12.587783554762119,5315.771231968676,7949.477428727234,0.5118215779429438,0.7052992952366031,0.48719439491579797,0.2943857547159604,0.000984027141258044,0.0003149500474364974
240.0,5,rectifying_volume_4,tray,159.58078240635265,221.4771015375287,32.78002993886581,12.431397832750894,5258.373972773248,7824.2814176552965,0.43113071718443596,0.6301791520356063,0.5669140882870294,0.3691394266650965,0.0019551945285345455,0.0006814212992971669
240.0,6,rectifying_volume_5,tray,165.05825815355615,221.52669394683093,32.382256132557764,12.336729911897603,5233.815861391607,7766.976744981776,0.379434365313618,0.576455615016148,0.6169432923984659,0.42220797334118787,0.003622342287916154,0.0013364116426640771
240.0,7,rectifying_volume_6,tray,168.5494208642478,221.57663480190797,32.16733177187421,12.277670445567207,5220.037496088024,7742.501061660351,0.3483045158162804,0.5419966661610934,0.6452557820351119,0.45554230351476893,0.00643970214860765,0.00246103032413764
240.0,8,rectifying_volume_7,tray,170.78365750986802,221.62681888431288,32.028105281787184,12.240238006731179,5205.889825495613,7728.797011612532,0.3299639238993113,0.5212827069332363,0.6588639225397509,0.47435599135824214,0.01117215356093778,0.004361301708521492
240.0,9,rectifying_volume_8,tray,172.36975117191227,221.67708504781936,31.878223027091035,12.215017906996597,5184.7076075100595,7714.717745680611,0.31888936328746986,0.5092412795866933,0.6620245710870708,0.48320838867522875,0.019086065625459295,0.007550331738078074
240.0,10,rectifying_volume_9,tray,173.7805086739143,221.72728458669275,31.675719617480134,12.192926464968865,5150.109757144658,7693.599706121828,0.3114685424388099,0.5022864945774659,0.6563005166958591,0.48484066449854313,0.03223094086533098,0.012872840923990977
240.0,11,rectifying_volume_10,tray,175.42441917722397,221.77731187918928,31.40403581508441,12.163854369285684,5093.755198524965,7659.06290368264,0.3052782620179404,0.4981377211207117,0.6409211513090733,0.4801793588756866,0.05380058667298625,0.021682920003601683
240.0,12,feed_tray,tray,177.73473377996416,221.85224839832327,45.881742146400086,10.946981713166362,12234.315714004144,7602.7669889509825,0.29849656400842306,0.49538512561922554,0.6130821631390478,0.46855954488669294,0.08842127285252908,0.03605532949408152
240.0,13,stripping_volume_1,tray,181.20765865365755,221.927843779864,45.69045751774354,10.89386881687293,12255.18562284902,7600.439940542914,0.27008775614903296,0.4581746118551238,0.640137627988093,0.5039094753328396,0.0897746158628741,0.03791591281203654
240.0,14,stripping_volume_2,tray,185.377602832065,222.00448052682367,45.51431511885528,10.828957439131297,12292.25491499356,7621.400379981802,0.2367516415431419,0.41207225470015035,0.6718895276203332,0.5476987537408398,0.09135883083652502,0.04022899155900967
240.0,15,stripping_volume_3,tray,190.11657061667873,222.0823829403094,45.30793884320046,10.760178664008343,12349.189667486984,7658.563030263901,0.19988902804725434,0.3578994459103334,0.7068968191944781,0.599090675051003,0.09321415275826753,0.04300987903866368
240.0,16,stripping_volume_4,tray,195.1914780840771,222.1518986473565,53.47974524203211,12.136826268319291,12424.77328578634,7715.59200131336,0.1616449043363077,0.29802755793553926,0.7427495450294003,0.655638103405543,0.09560555063429196,0.046334338658917715
240.0,17,stripping_volume_5,tray,200.34770696451733,222.2227924029418,53.18087159573555,12.063588130437884,12511.020395286449,7791.279387712207,0.12444077228054509,0.23611459475322402,0.7761031158257512,0.7132851139397562,0.09945611189370367,0.05060029130701976
240.0,18,stripping_volume_6,tray,205.44195072341793,222.29567198276467,53.212793912857485,11.965808478163575,12589.334516217425,7877.627149283675,0.09036211602727524,0.17623780634059305,0.8022488654037498,0.7665564001461241,0.107389018568975,0.05720579351328279
240.0,19,stripping_volume_7,tray,210.67203712971633,222.36990546426307,52.77719951540771,11.897849791179413,12625.393852992496,7956.038153441104,0.06073854951419884,0.12182430730610222,0.8131464975812144,0.808004223656881,0.12611495290458682,0.0701714690370168
240.0,20,combined_reboiler_sump,reboiler_sump,216.94917707696047,222.39517236804903,758.0069243840356,77.33441339003446,,7992.191813406305,0.03607299859790687,0.07490160416951823,0.7924437046280114,0.8251812970730084,0.1714832967740817,0.09991709875747344
300.0,1,reflux_drum,reflux_drum,120.73748100431312,221.3054371912838,1639.5860304808032,120.65244155431509,,,0.8799548814705009,0.9461780324322034,0.12000306291025484,0.053812282140795545,4.205561924428789e-05,9.685427000941173e-06
300.0,2,rectifying_volume_1,tray,130.1637113971755,221.35291890196663,38.020984870626926,49.48840572710788,5661.389746459617,8460.72660526015,0.7562778263174972,0.8801873709103736,0.24355800307947295,0.11977086090318895,0.00016417060302982092,4.176818643744809e-05
300.0,3,rectifying_volume_2,tray,141.1913650602637,221.4020284343519,34.290678905354355,12.808256753247633,5441.103319147252,8169.987152621232,0.6244376597230583,0.7945217299418418,0.37512121993993786,0.2053519295251745,0.0004411203370039325,0.00012634053298366804
300.0,4,rectifying_volume_3,tray,151.5420919296609,221.45099059229764,33.359377584395325,12.589408189769326,5315.766274625683,7949.794714853747,0.5119160532542134,0.7053721479975006,0.4871004224438031,0.2943130728427773,0.0009835243019835906,0.00031477915972214133
300.0,5,rectifying_volume_4,tray,159.58153340504876,221.5002448818179,32.77990207485449,12.432985338496849,5258.333547759414,7824.548644454382,0.43121577369418945,0.6302536477955916,0.5668298192185524,0.36906522609304865,0.001954407087258301,0.0006811261113597159
300.0,6,rectifying_volume_5,tray,165.06020848894113,221.54983434194156,32.3820080836218,12.338279206453103,5233.753535464343,7767.198373589073,0.3795052486167031,0.5765220669653002,0.6168735009294964,0.4221419512614679,0.0036212504538004004,0.0013359817732317605
300.0,7,rectifying_volume_6,tray,168.55264420305744,221.59977218359575,32.1669864533967,12.279188436980808,5219.963506687832,7742.691977993336,0.3483622150659643,0.5420520303862328,0.6451994567715329,0.45548748518422827,0.006438328162502664,0.002460484429538851
300.0,8,rectifying_volume_7,tray,170.78795203950247,221.6499532492696,32.02768722385144,12.241732692797777,5205.809344156956,7728.96826186564,0.3300112097238259,0.521327788530913,0.6588182122983636,0.4743115174433691,0.011170577977810556,0.0043606940257179495
300.0,9,rectifying_volume_8,tray,172.37487484678897,221.7002164067476,31.877751203022644,12.216495464232421,5184.622639293989,7714.874810533505,0.31892890907636995,0.509278088189078,0.6619866609862184,0.4831721550797972,0.019084429937411728,0.007549756731124743
300.0,10,rectifying_volume_9,tray,173.7862667665959,221.75041294407262,31.675207380798053,12.194390520007204,5150.0209426534675,7693.74454960161,0.31150237163719663,0.5023169583261449,0.6562682477451739,0.48481062544591097,0.032229380617629526,0.01287241622794414
300.0,11,rectifying_volume_10,tray,175.43066841664094,221.8004372305779,31.403494880411355,12.16530622731549,5093.663417006908,7659.195970590651,0.3053077634421943,0.49816329670009035,0.640893263564287,0.4801540050656197,0.05379897299351881,0.021682698234289956
300.0,12,feed_tray,tray,177.7413348997998,221.8753717395325,45.881889105318535,10.948206905134949,12234.626246160722,7602.889068018261,0.2985227292314049,0.49540679725108366,0.6130587208509122,0.4685381635153256,0.08841854991768298,0.0360550392335907
300.0,13,stripping_volume_1,tray,181.2131642236591,221.95096756666584,45.690653150215795,10.895106262969971,12255.485460681899,7600.955995496454,0.2701223655392343,0.45820946148462816,0.6401063443491046,0.5038756526042829,0.08977129011166098,0.037914885911089
300.0,14,stripping_volume_2,tray,185.382075994687,222.02760437503645,45.514544602083326,10.830203422459627,12292.539083533113,7621.896527395215,0.236793624139417,0.4121207284198871,0.671851418549656,0.5476520752498099,0.09135495731092699,0.040227196330303035
300.0,15,stripping_volume_3,tray,190.1202901219027,222.1055064538678,45.308178577582964,10.761427109981856,12349.456211151744,7659.033727492662,0.19993564909639977,0.3579595225820366,0.7068545216854876,0.5990330901343779,0.09320982921811251,0.04300738728358546
300.0,16,stripping_volume_4,tray,195.19490278960694,222.17502168705434,53.47996903009537,12.13823852768085,12425.026426630484,7716.035098144546,0.1616922826219617,0.298094593061289,0.7427068787849961,0.6555741033961983,0.0956008385930423,0.04633130354251278
300.0,17,stripping_volume_5,tray,200.35139862076855,222.24591480883402,53.18106063155409,12.064985859443377,12511.271466954862,7791.697744694613,0.12448460976701559,0.23618177234357549,0.7760643981918786,0.7132213174303202,0.09945099204110576,0.05059691022610423
300.0,18,stripping_volume_6,tray,205.4463687897743,222.31879375804436,53.21294694697359,11.967181967957538,12589.598970782425,7878.032422108263,0.09039908295618555,0.17629843550946178,0.8022178369971356,0.7664995087503212,0.10738308004667879,0.05720205574021706
300.0,19,stripping_volume_7,tray,210.67738888157527,222.39302678016827,52.7773339571127,11.89920196902809,12625.688468779159,7956.446108829326,0.06076687097692396,0.12187357575358305,0.8131264987199054,0.807959774445401,0.12610663030317057,0.07016664980101604
300.0,20,combined_reboiler_sump,reboiler_sump,216.95525442273185,222.41829306325852,757.9832564000812,77.34466255817247,,7992.619562633452,0.036092439007105244,0.07493740359658206,0.7924398983342602,0.8251542920348159,0.17146766265863467,0.09990830436860186
360.0,1,reflux_drum,reflux_drum,120.74358203411406,221.32737304209655,1642.7541125714408,120.43179761255435,,,0.8799829531420065,0.9461894645013899,0.11997501957527348,0.05380085608631655,4.202728272004438e-05,9.67941229371738e-06
360.0,2,rectifying_volume_1,tray,130.1676749196097,221.37485391629147,38.020777652397506,49.49423166342093,5661.414757325822,8461.172277924274,0.7563336450790923,0.8802154423064878,0.24350227118427667,0.11974281063772473,0.00016408373663107497,4.1747055787443755e-05
360.0,3,rectifying_volume_2,tray,141.1933986501859,221.42396229426123,34.29060200309898,12.809793978397883,5441.114364797168,8170.42986106267,0.6245130900617797,0.794569129019732,0.3750459830141587,0.20530458647723732,0.00044092692406175925,0.00012628450303077431
360.0,4,rectifying_volume_3,tray,151.5432879690576,221.47292297469934,33.359266537409724,12.590930330322191,5315.742648080073,7950.210637858066,0.5119958418380838,0.7054327291926963,0.48702097576777315,0.29425260735578734,0.000983182394143057,0.00031466345151641656
360.0,5,rectifying_volume_4,tray,159.58307671337232,221.52217547006956,32.779692511078544,12.434476282877853,5258.278117187405,7824.917206324469,0.43128831773247156,0.6303162321235602,0.5667577774095761,0.36900283051849664,0.0019539048579524047,0.0006809373579431959
360.0,6,rectifying_volume_5,tray,165.06270738262447,221.57176293666893,32.38169470743603,12.33973852268287,5233.6771207569345,7767.523915996283,0.3795664537048533,0.5765785899225401,0.6168129289446269,0.42208567860211876,0.0036206173505198454,0.0013357314753410852
360.0,7,rectifying_volume_6,tray,168.5561935987691,221.62169868899255,32.16658499714603,12.280621623988845,5219.87423191697,7742.986750820906,0.3484125909421559,0.5420996381410471,0.6451497634893448,0.45544014592316,0.0064376455684992,0.0024602159357929114
360.0,8,rectifying_volume_7,tray,170.7924167712091,221.67187762067232,32.027215458143246,12.24314606867115,5205.7112557439905,7729.241299971483,0.3300527967384009,0.5213668183168884,0.6587772160137508,0.474272694922611,0.011169987247848292,0.00436048676050077
360.0,9,rectifying_volume_8,tray,172.38007637202796,221.72213861221616,31.877223468125848,12.21789390075746,5184.517292569473,7715.130559538064,0.31896376240021096,0.5093099803645534,0.6619521294498173,0.4831402983958761,0.019084108149971735,0.007549721239570405
360.0,10,rectifying_volume_9,tray,173.79205297747407,221.77233294781274,31.674635109102496,12.195776882762786,5149.909090420205,7693.984602788234,0.3115320934336651,0.50234318617782,0.6562384956654557,0.4847841607696511,0.03222941090087926,0.012872653052528882
360.0,11,rectifying_volume_10,tray,175.4369101556101,221.82235499214124,31.40289148428563,12.166681710918423,5093.546817443815,7659.420952232225,0.3053335143348017,0.4981850133908494,0.6408675245155411,0.48013182711813984,0.05379896114965725,0.02168315949101077
360.0,12,feed_tray,tray,177.74786855728084,221.89728820981077,45.881952394636265,10.949367568134685,12234.889154809971,7603.100693026139,0.2985454578459339,0.4954248135820746,0.6130377888323296,0.46852000854621084,0.08841675332173637,0.036055177871714666
360.0,13,stripping_volume_1,tray,181.21879384227523,221.9728850793967,45.69075261586623,10.896276872784819,12255.737341472972,7601.537721699454,0.27015206320931207,0.4582384366041105,0.6400789528279109,0.5038471442030158,0.08976898396277697,0.037914419192873486
360.0,14,stripping_volume_2,tray,185.38682716079427,222.0495225770998,45.51466968325413,10.831381176225664,12292.775865549644,7622.456920288296,0.23682961234894365,0.4121613628567797,0.6718182088225494,0.5476125526479977,0.09135217882850712,0.04022608449522257
360.0,15,stripping_volume_3,tray,190.12437065830687,222.12742497734405,45.308310682331935,10.762607265602123,12349.676032192789,7659.568130225705,0.1999758236459605,0.3580104683131348,0.7068175205088076,0.5989838542674624,0.0932066558452319,0.043005677419402685
360.0,16,stripping_volume_4,tray,195.1986785406426,222.19694022651612,53.480069306055974,12.139574862120512,12425.231832619247,7716.541449147885,0.16173350777895892,0.29815225328110495,0.7426691700073098,0.6555186328436574,0.09559732221373134,0.04632911387523768
360.0,17,stripping_volume_5,tray,200.35534202694274,222.26783318363564,53.1811288036691,12.06631069474766,12511.471497989985,7792.177134457283,0.12452324366224547,0.23624049262066238,0.7760296334173581,0.7131651000401902,0.09944712292039636,0.050594407339147336
360.0,18,stripping_volume_6,tray,205.45087212700548,222.34071191897144,53.21298067262804,11.968486659762624,12589.8063700758,7878.4942487598,0.09043224422114318,0.17635253817121585,0.8021892852925169,0.7664482519918194,0.10737847048633996,0.0571992098369647
360.0,19,stripping_volume_7,tray,210.68262273018672,222.41494481692865,52.77735074644067,11.900489435196084,12625.918039360557,7956.903477390029,0.06079297243973663,0.12191888674068092,0.8131073305411082,0.8079184126709895,0.1260996970191552,0.07016270058832953
360.0,20,combined_reboiler_sump,reboiler_sump,216.96099184137924,222.44021090532223,757.9607504099758,77.35438539726701,,7993.0876310621625,0.03611120201579769,0.07497202504120175,0.7924355409564767,0.8251277961212,0.17145325702772557,0.09990017883759827
420.0,1,reflux_drum,reflux_drum,120.7491412544299,221.34774549487037,1645.8088737248356,120.21864363582888,,,0.8800104837445497,0.9462007925701409,0.11994751625423064,0.05378953383709045,4.200000121967831e-05,9.67359276864666e-06
420.0,2,rectifying_volume_1,tray,130.17176431174158,221.39522653354186,38.0205167592182,49.49960391245804,5661.421534959963,8461.733913446911,0.7563803475538708,0.8802385114267418,0.24345562948790547,0.11971975589855699,0.00016402295822366854,4.173267470107446e-05
420.0,3,rectifying_volume_2,tray,141.19611294037975,221.44433469217066,34.29042930304915,12.811204630120365,5441.103507270942,8170.9655184988715,0.624573752532434,0.7946063847780505,0.37498543703347686,0.2052673635506766,0.0004408104340891834,0.00012625167127305786
420.0,4,rectifying_volume_3,tray,151.5453513910376,221.49329484132286,33.35906168209803,12.592326542763733,5315.701490598851,7950.714846581203,0.5120600536419404,0.7054804074605282,0.48695694549841384,0.29420498982430715,0.0009830008596456844,0.00031460271516452453
420.0,5,rectifying_volume_4,tray,159.58535552098493,221.54254650837387,32.779408092901136,12.435847587413315,5258.209257605659,7825.377485379614,0.4313475150293391,0.6303662299917276,0.5666988000837547,0.3689529160261923,0.001953684886906388,0.0006808539820800014
420.0,6,rectifying_volume_5,tray,165.06568951002245,221.59213294178213,32.38132412972943,12.34108511670794,5233.588537005295,7767.944413569222,0.37961724850930506,0.5766245474296183,0.6167623164425856,0.42203979484969645,0.003620435048109223,0.0013356577206852305
420.0,7,rectifying_volume_6,tray,168.5599928766007,221.64206753631936,32.166136781272385,12.281947547327137,5219.771865711196,7743.376957984036,0.34845502045219945,0.5421389340932196,0.6451073419366271,0.4554008478451275,0.006437637611173497,0.0024602180616528284
420.0,8,rectifying_volume_7,tray,170.79696474360156,221.6922452264085,32.02670053991833,12.244455905922884,5205.597996960566,7729.608151732804,0.33008816033144056,0.5213993323014705,0.6587414887436464,0.4742400007166372,0.01117035092491307,0.0043606669818922385
420.0,9,rectifying_volume_8,tray,172.38525894688445,221.7425049038082,31.876651462773456,12.219191177609774,5184.3942352577815,7715.477423870434,0.31899348219857154,0.5093365778739133,0.6619214659722434,0.48311321845158384,0.01908505182918494,0.007550203674502841
420.0,10,rectifying_volume_9,tray,173.79776193014115,221.79269785119925,31.67401538453059,12.197063677972817,5149.777081018776,7694.312685594774,0.3115573363791521,0.5023648752662465,0.6562116972264787,0.4847616045014375,0.03223096639436929,0.012873520232315904
420.0,11,rectifying_volume_10,tray,175.44303237706208,221.842718432798,31.40223883408073,12.167959088144336,5093.408427390586,7659.731036729854,0.3053551996562915,0.49820263344056553,0.6408443133716247,0.4801130984902717,0.05380048697208371,0.02168426806916274
420.0,12,feed_tray,tray,177.75422006845068,221.9176510782308,45.88193407205392,10.950445366745146,12235.101532348772,7603.395352340714,0.2985644750143561,0.4954389930413703,0.6130196471569253,0.4685052813087175,0.08841587782871854,0.0360557256499121
420.0,13,stripping_volume_1,tray,181.22444166480764,221.99324955011605,45.69075780319547,10.897362221097318,12255.93856723458,7602.172857379164,0.27017650571230356,0.4582612444899883,0.6400557972456615,0.5038242571458998,0.08976769704203488,0.03791449836411182
420.0,14,stripping_volume_2,tray,185.39176042134875,222.06988833309973,45.51469210618349,10.83247219855706,12292.962814488357,7623.06970626548,0.23685919026075117,0.41219373056507,0.6717903098142903,0.5475806211658236,0.09135049992495857,0.040225648269106365
420.0,15,stripping_volume_3,tray,190.12872542393362,222.14779168433992,45.30833689559734,10.76370058389134,12349.846970335573,7660.154847095272,0.2000090755759156,0.3580517170600836,0.7067862828520101,0.5989435345769014,0.09320464157207436,0.04300474836301491
420.0,16,stripping_volume_4,tray,195.20272479821313,222.2173074236878,53.480048975778956,12.140814210151854,12425.387652739752,7717.100162168016,0.16176807026227255,0.2981998560851765,0.7426369152662285,0.6554723692612604,0.09559501447149879,0.046327774653563074
420.0,17,stripping_volume_5,tray,200.35945799101026,222.28820067376685,53.18107947482635,12.067541658117234,12511.618873962274,7792.707213107188,0.12455617072212222,0.2362900116755259,0.7759993071908377,0.7131171959561934,0.09944452208704015,0.05059279236828068
420.0,18,stripping_volume_6,tray,205.45537844458602,222.36107960344012,53.21289897601608,11.969701773896203,12589.955204160036,7879.002753822295,0.09046113817720974,0.17639937249727475,0.8021636421224643,0.7664033550408388,0.10737521970032601,0.05719727246188645
420.0,19,stripping_volume_7,tray,210.68765161185817,222.43531270545768,52.777253936972386,11.901691557586629,12626.08095045637,7957.400712455174,0.0608164568506215,0.121959553621675,0.8130893157501762,0.8078807843976127,0.1260942273992022,0.0701596619807123
420.0,20,combined_reboiler_sump,reboiler_sump,216.96630234240408,222.4605790156835,757.9397011534372,77.36343252044463,,7993.586585856157,0.036128964003846915,0.07500486708295065,0.7924307313294451,0.8251022806181083,0.1714403046667081,0.09989285229894115
480.0,1,reflux_drum,reflux_drum,120.7540805716881,221.36624564559588,1648.6975445004903,120.0166915425694,,,0.8800369727363049,0.9462118043204771,0.11992105296518096,0.053778527596746714,4.1974298514133776e-05,9.66808277606503e-06
480.0,2,rectifying_volume_1,tray,130.1759041718885,221.41372781749757,38.020208603460624,49.504442206438796,5661.410598846622,8462.398313828347,0.7564173954739262,0.8802563281338851,0.24341861612166577,0.11970194681025463,0.0001639884044081186,4.172505586025646e-05
480.0,3,rectifying_volume_2,tray,141.19943686935665,221.46283666844514,34.29016721005698,12.81246790819918,5441.071719470228,8171.582146930966,0.6246190678019605,0.7946331795679049,0.3749401622310056,0.20524057870186974,0.0004407699670338901,0.00012624173022530408
480.0,4,rectifying_volume_3,tray,151.5482151928554,221.51179721412802,33.35877000503753,12.593576286830073,5315.6441702425755,7951.2960744812935,0.5121080854828536,0.7055147846423866,0.4869089379224176,0.29417061948442347,0.0009829765947287435,0.00031459587318982685
480.0,5,rectifying_volume_4,tray,159.588302798409,221.56104900474412,32.779056611175044,12.43707895595794,5258.128689362219,7825.918864025615,0.43139278170189543,0.6304031981340079,0.5666534784574352,0.368915928574816,0.0019537398406692472,0.000680873291176128
480.0,6,rectifying_volume_5,tray,165.0690836449431,221.61063535505215,32.38090508145493,12.342298904006691,5233.489810183186,7768.449827133954,0.37965710058608704,0.5766595018186244,0.6167222106143714,0.42200474337627514,0.0036206887995415423,0.0013357548051004201
480.0,7,rectifying_volume_6,tray,168.56396417307963,221.66056971620046,32.16565155999475,12.283146307739136,5219.658708404673,7743.853064189836,0.3484890359053204,0.5421695221839694,0.6450726864743053,0.45536999777580967,0.006438277620374297,0.0024604800402209643
480.0,8,rectifying_volume_7,tray,170.80151051200298,221.71074705268822,32.02615328048105,12.24564246584995,5205.472130866727,7730.059734604412,0.3301168987156515,0.5214249924531794,0.6587114763387316,0.4742137913146729,0.011171624945616984,0.004361216232147764
480.0,9,rectifying_volume_8,tray,172.3903294495957,221.76100626590244,31.876047040953292,12.220367698204024,5184.25628931369,7715.9067504474415,0.3190177283379824,0.5093576042487798,0.6618950766779648,0.483091220450859,0.019087194984052893,0.007551175300361054
480.0,10,rectifying_volume_9,tray,173.80329333558635,221.81119863930397,31.673360999292125,12.198231439179667,5149.6279759635345,7694.720564905256,0.3115778156235321,0.502381808154518,0.6561882233051998,0.4847432136752168,0.032233961071268184,0.012874978170265079
480.0,11,rectifying_volume_10,tray,175.448929198832,221.8612185406952,31.40155033730939,12.169119005814444,5093.251472401494,7660.118389128105,0.3053725812117947,0.49821599376833625,0.6408239533179796,0.48009802643119087,0.05380346547022567,0.021685979800472894
480.0,12,feed_tray,tray,177.76028204069442,221.93615132210002,45.881837340533934,10.951423973711897,12235.261345361021,7603.765531159728,0.29857957488686987,0.4954492214971877,0.613004520688487,0.46849412116043554,0.08841590442464323,0.036056657342376876
480.0,13,stripping_volume_1,tray,181.23000565883171,222.0117519120338,45.690671946781,10.89834593230223,12256.087305563942,7602.848821940236,0.2701954454458872,0.45827770063594053,0.6400371410674656,0.5038071980338534,0.08976741348664712,0.03791510133020603
480.0,14,stripping_volume_2,tray,185.39678068695244,222.0883925364123,45.514615095527965,10.833460064289277,12293.09832392903,7623.722713255802,0.23688205905172588,0.412217550856973,0.6717680327741571,0.5475565793735353,0.09134990817411713,0.0402258697694917
480.0,15,stripping_volume_3,tray,190.13326656179134,222.16629743312043,45.30826048610925,10.764690599576827,12349.967675745447,7660.782149116333,0.200035056804058,0.3580828782286175,0.706761165996026,0.5989125347966712,0.09320377719991596,0.04300458697471139
480.0,16,stripping_volume_4,tray,195.20695968452648,222.23581411445159,53.479912653631125,12.141937850659154,12425.492840416819,7717.699985141282,0.16179558646394232,0.298236905808874,0.7426105043800151,0.6554358167968346,0.09559390915604254,0.04632727739429145
480.0,17,stripping_volume_5,tray,200.36366737019654,222.30670809691043,53.18091764755955,12.068660061431123,12511.712818352804,7793.277278488102,0.12458299897394785,0.2363297626152421,0.775973814434915,0.713078176752059,0.09944318659113727,0.05059206063269896
480.0,18,stripping_volume_6,tray,205.45980819575655,222.37958761454166,53.21270732795778,11.970808747456907,12590.044884879944,7879.547744680159,0.09048539062687565,0.17643834423473415,0.8021412747032542,0.7663654107767996,0.10737333466987016,0.05719624498846624
480.0,19,stripping_volume_7,tray,210.69239455664416,222.4538212369512,52.77704913741397,11.90278985056083,12626.176638602657,7957.928041484258,0.06083698637281397,0.1219949946067411,0.8130727450987693,0.8078474477700507,0.12609026852841676,0.07015755762320813
480.0,20,combined_reboiler_sump,reboiler_sump,216.97110832831393,222.47908817005833,757.9203752726619,77.3716705158283,,7994.1069049699,0.036145432340407437,0.0750353851354884,0.7924255728882138,0.8250781804507101,0.17142899477137866,0.09988643441380153
540.0,1,reflux_drum,reflux_drum,120.75833450442474,221.38260593342045,1651.3717198533957,119.82935675709378,,,0.8800619574204077,0.9462223016343702,0.1198960919354291,0.05376803538035272,4.195064416305909e-05,9.662985277067876e-06
540.0,2,rectifying_volume_1,tray,130.18002090266208,221.43009016067796,38.01986012905945,49.50867779670024,5661.3827324200665,8463.151098048982,0.7564444272509896,0.8802687367841072,0.2433915929660723,0.11968953911364238,0.00016397978293820835,4.172410225050007e-05
540.0,3,rectifying_volume_2,tray,141.20329199083605,221.47920057836785,34.28982334161508,12.813566144486337,5441.020274368881,8172.266893056535,0.624648726803939,0.7946493766434176,0.374910469747964,0.20522436933583477,0.0004408034480970415,0.0001262540207475768
540.0,4,rectifying_volume_3,tray,151.55180164118315,221.5281624157282,33.358399648100225,12.594662133073411,5315.572263225252,7951.94222079998,0.5121396199847383,0.7055356932954606,0.48687727589002916,0.2941496656667989,0.0009831041252325622,0.00031464103774046716
540.0,5,rectifying_volume_4,tray,159.59184281096083,221.57741525301924,32.77864666258429,12.438153090350694,5258.038253610299,7826.5298026132095,0.4314237834526488,0.6304269225426691,0.5666221582140081,0.3688920863795272,0.0019540583333429633,0.0006809910778037257
540.0,6,rectifying_volume_5,tray,165.07281413448553,221.62700244512286,32.3804467575052,12.343362674852752,5233.383047551634,7769.029112055419,0.3796856768861095,0.5766832122687595,0.6166929655285357,0.4219807731699772,0.0036213575853545894,0.0013360145612633656
540.0,7,rectifying_volume_6,tray,168.56802937882517,221.67693747546872,32.16513931792649,12.284200781425543,5219.53713918537,7744.4044930816535,0.3485143251376723,0.5421911642667135,0.6450461450144541,0.4553478482748827,0.006439529847873759,0.0024609874584037737
540.0,8,rectifying_volume_7,tray,170.80597158184236,221.72711532774835,32.02558459455872,12.246688714773546,5205.336316336199,7730.585926276981,0.33013873340066685,0.5214435857264758,0.6586875137713949,0.47419430324572154,0.011173752827938407,0.004362111027802707
540.0,9,rectifying_volume_8,tray,172.39519988065993,221.7773749112409,31.875422109442056,12.221406523292517,5184.106397056178,7716.408866753731,0.31903626216821857,0.5093728840131145,0.6618732821786546,0.4830745150678183,0.019090455653126892,0.007552600919067222
540.0,10,rectifying_volume_9,tray,173.8085534519799,221.8275675123835,31.67268478758206,12.199263323277307,5149.464981249561,7695.199015642798,0.31159333347077117,0.5023938521188357,0.6561683764608479,0.48472916819971856,0.032238290068380804,0.012876979681445815
540.0,11,rectifying_volume_10,tray,175.45450233480423,221.87758750641038,31.40083943095168,12.170144703848017,5093.079338008867,7660.57420913446,0.30538549821277555,0.4982250052435824,0.640806709206184,0.48008675183385574,0.05380779258104049,0.021688242922561957
540.0,12,feed_tray,tray,177.7659557822987,221.9525211101308,45.88166649535355,10.952289250932933,12235.367456195356,7604.202767198888,0.29859062129692526,0.4954554515129075,0.6129925777393634,0.46848660569953754,0.08841680096371128,0.03605794278755505
540.0,13,stripping_volume_1,tray,181.23538905425437,222.02812428304136,45.69049956857445,10.899213860486363,12256.18260955466,7603.552830276663,0.27020873106372695,0.4582877276611719,0.6400231662818406,0.5037960735578588,0.0897681026544325,0.0379161987809693
540.0,14,stripping_volume_2,tray,185.40179514496958,222.10476725757707,45.51444329448917,10.834330604546967,12293.18164588799,7624.403561199766,0.23689803739819176,0.4122326887482953,0.6717515876464433,0.5475405896050572,0.09135037495536495,0.0402267216466474
540.0,15,stripping_volume_3,tray,190.13790658286732,222.18267425080174,45.30808618905785,10.76556310877763,12350.037625325018,7661.438078795907,0.20005354801477762,0.35810373618307006,0.7067424157639637,0.5988910950976783,0.09320403622125868,0.04300516871925172
540.0,16,stripping_volume_4,tray,195.21130133520631,222.25219229702367,53.47966657665926,12.142929607783433,12425.547166497387,7718.329412232185,0.16181580000943516,0.29826309424418157,0.7425902182405317,0.6554093049433412,0.09559398175003321,0.04632760081247726
540.0,17,stripping_volume_5,tray,200.3678923344357,222.32308742656895,53.18064987660692,12.06964971250214,12511.75340145059,7793.87637196166,0.12460344966257038,0.23635935761162172,0.7759534564436268,0.7130484486619869,0.09944309389380289,0.05059219372639132
540.0,18,stripping_volume_6,tray,205.46408575213852,222.39596790522182,53.21241269421996,11.971791440386017,12590.07575052198,7880.118808178162,0.09050471733812217,0.1764690102320079,0.8021224822591849,0.7663348756355085,0.10737280040269294,0.05719611413248345
540.0,19,stripping_volume_7,tray,210.69677777602678,222.47020234758557,52.77674342354587,11.903768181737526,12626.20559292142,7958.475557490502,0.06085428528689476,0.1220247375245908,0.813057874050239,0.8078188678759045,0.12608784066286619,0.0701563945995046
540.0,20,combined_reboiler_sump,reboiler_sump,216.9753425575711,222.49547028319546,757.9030113343466,77.37898316948649,,7994.639064633057,0.036160348437386206,0.07506309705529877,0.7924201717305692,0.8250558891504296,0.1714194798320445,0.09988101379427178
600.0,1,reflux_drum,reflux_drum,120.761850924942,221.39660326448586,1653.78803468001,119.65970927764867,,,0.8800850185099818,0.946232102996642,0.11987305204067804,0.05375823861242942,4.192944934009503e-05,9.658390928651182e-06
600.0,2,rectifying_volume_1,tray,130.18404376841357,221.44409040841344,38.01947870486781,49.51225424073398,5661.338969557204,8463.976817370993,0.7564612595669222,0.8802756765030004,0.24337474403938517,0.11968259388419028,0.000163996393692499,4.172961280921394e-05
600.0,3,rectifying_volume_2,tray,141.20759382530372,221.49320321635852,34.289406399237336,12.814485000142318,5440.950724967219,8173.0061240846535,0.6246626892759826,0.7946550180713594,0.37489640302100546,0.20521869437383372,0.00044090770301198113,0.0001262875548068546
600.0,4,rectifying_volume_3,tray,151.5560237641464,221.54216719372823,33.35795977115184,12.595569955063153,5315.487532257563,7952.640438131443,0.5121546231241844,0.7055431932275062,0.486862001098976,0.2941420712042254,0.000983375776839776,0.00031473556826839394
600.0,5,rectifying_volume_4,tray,159.59589261024098,221.59142195730232,32.778187512489424,12.439055881434971,5257.9398899083,7827.197923780919,0.43144043351047406,0.6304374149478196,0.5666049412470755,0.3688813833158771,0.0019546252424504622,0.0006812017363032447
600.0,6,rectifying_volume_5,tray,165.07680233245958,221.64101087602475,32.37995868012291,12.344262285783856,5233.270413754425,7769.67030037957,0.3797028424946132,0.576695631956785,0.6166747428691757,0.42196794148023,0.0036224146362111424,0.0013364265629850415
600.0,7,rectifying_volume_6,tray,168.57211151710897,221.69094744172062,32.16461013109178,12.285096812107742,5219.409589895506,7745.019706596623,0.3485307309371522,0.5422037780216878,0.6450279187969532,0.4553344993969995,0.006441350265894675,0.0024617225813127366
600.0,8,rectifying_volume_7,tray,170.8102697568333,221.7411266464124,32.02500535606053,12.247580516413118,5205.193279078718,7731.175640606096,0.33015350906017643,0.5214550225517642,0.6586698241293647,0.47418165411184915,0.01117666681045893,0.0043633233363866595
600.0,9,rectifying_volume_8,tray,172.39978870376945,221.79138740545744,31.874788476747614,12.222293563348861,5183.947589252086,7716.973152980097,0.31904894662292443,0.5093823415242112,0.6618563159682126,0.4830632189568557,0.019094737408862972,0.007554439518933072
600.0,10,rectifying_volume_9,tray,173.81345642960594,221.84158101034157,31.671999468273174,12.20014530273164,5149.29141280202,7695.73788903833,0.31160377958488417,0.502400958169461,0.6561523889561046,0.4847195710382203,0.032243831459011205,0.012879470792318755
600.0,11,rectifying_volume_10,tray,175.4596624339408,221.89160184731804,31.40011942207907,12.17102220743105,5092.895533708797,7661.088795870423,0.3053938675557751,0.4982296517798027,0.640792785611426,0.4800793493171029,0.05381334683279881,0.021690998903094498
600.0,12,feed_tray,tray,177.77115258863483,221.96653692685786,45.881426871526045,10.95302941173005,12235.419640358936,7604.697713135155,0.29859754820239326,0.4954577014595601,0.6129839290059326,0.468482751149863,0.08841852279167407,0.03605954739057706
600.0,13,stripping_volume_1,tray,181.24050167654514,222.04214309053359,45.69024641950016,10.899954250735066,12256.224433704494,7604.2720073531045,0.2702163075753479,0.4582913539887945,0.6400139726208722,0.5037908912649409,0.08976971980377989,0.037917754746264604
600.0,14,stripping_volume_2,tray,185.4067146094235,222.11878886950618,45.51418270272832,10.835072067475588,12293.2129053837,7625.09977384711,0.23690706149823137,0.4122391535444128,0.671741082314902,0.547532678770748,0.09135185618686659,0.04022816768483926
600.0,15,stripping_volume_3,tray,190.14255969373625,222.19669845892395,45.30782014217143,10.766306329750313,12350.057135648234,7662.110559272657,0.20006445891093844,0.35811424922561674,0.7067301654840302,0.5988792924736915,0.09320537560503137,0.04300645830069165
600.0,16,stripping_volume_4,tray,195.21566916755887,222.26621825777784,53.479318519953516,12.143776034218682,12425.551229337369,7718.976790021684,0.1618285825021099,0.29827830053776266,0.7425762272272688,0.6553929879838863,0.09559519027062134,0.046328711478350985
600.0,17,stripping_volume_5,tray,200.37205755452555,222.33711491809404,53.18028418278766,12.070497099299379,12511.741546781883,7794.493380299437,0.1246173586013106,0.23637858907906117,0.7759384386409752,0.7130282507355643,0.09944420275771426,0.05059316018537459
600.0,18,stripping_volume_6,tray,205.46814050748156,222.4099967044602,53.21202344740379,11.972636320053988,12590.04906821042,7880.705407440093,0.09051892596995266,0.17649108100574037,0.8021074932250669,0.7663120664002386,0.10737358080498047,0.05719685259402108
600.0,19,stripping_volume_7,tray,210.70073568180382,222.48423224478975,52.77634525098797,11.90461295740797,12626.169354351197,7959.033310416014,0.06086814235098375,0.12204842363255848,0.81304491985845,0.8077954124774774,0.1260869377905662,0.0701561638899641
600.0,20,combined_reboiler_sump,reboiler_sump,216.9789490456485,222.5095015352578,757.8878190374688,77.38527262307048,,7995.1736261150045,0.03617349035202059,0.07508758789523334,0.792414634718504,0.8250357544165918,0.17141187492947535,0.09987665768817491
660.0,1,reflux_drum,reflux_drum,120.76459169966661,221.40806173738113,1655.9087981208202,119.5104275377014,,,0.8801057850620209,0.9462410456306399,0.1198523038744299,0.05374929999199369,4.1911063549252875e-05,9.654377366345528e-06
660.0,2,rectifying_volume_1,tray,130.18790589885978,221.45555258471072,38.019072018693244,49.51512808105281,5661.280579812565,8464.859089601765,0.7564678877237568,0.8802771808329353,0.24336807512613157,0.11968107787888403,0.00016403715011146976,4.174128818068404e-05
660.0,3,rectifying_volume_2,tray,141.21225319653345,221.50466854215603,34.2889260370355,12.815213634332485,5440.864882836805,8173.785540237549,0.6246611806535497,0.7946503216412844,0.37489774081387905,0.20522333732072381,0.0004410785325712206,0.00012634103799174723
660.0,4,rectifying_volume_3,tray,151.56078683977844,221.55363544719702,33.357460412618344,12.596289093471706,5315.391904035995,7953.377236117326,0.512153340102429,0.7055375668242732,0.4868628780555336,0.2941475570476205,0.000983781842037357,0.0003148761281062854
660.0,5,rectifying_volume_4,tray,159.60036350732088,221.60289295870606,32.77768895795533,12.439776572825043,5257.835613549568,7827.910113050577,0.4314428891297245,0.6304349081154607,0.5666016888531681,0.36888359350789757,0.0019554220171075867,0.0006814983766417804
660.0,6,rectifying_volume_5,tray,165.08096798719887,221.65248443416704,32.379450564845,12.344986824699822,5233.154106972718,7770.360599451011,0.3797086582408688,0.5766969042147557,0.6166675138181769,0.42196611746122403,0.003623827940954329,0.0013369783240203103
660.0,7,rectifying_volume_6,tray,168.5761360491547,221.70242335052006,32.16407403227136,12.285823377445343,5219.278519002882,7745.686300805672,0.34853824961857266,0.5422074341124337,0.6450180630394093,0.45532990122036665,0.006443687342018149,0.0024626646671995493
660.0,8,rectifying_volume_7,tray,170.8143323914969,221.75260469746516,32.02442625938309,12.248306799148645,5205.045782834998,7731.816919824964,0.3301611927616939,0.5214593347738525,0.6586585182802978,0.474175844187354,0.011180288958008516,0.0043648210387935175
660.0,9,rectifying_volume_8,tray,172.40402207520668,221.8028673945828,31.874157708335083,12.223017746209461,5183.782953332656,7717.588130111384,0.31905574582811097,0.5093859994149622,0.661844323350514,0.48305735568039554,0.019099930821375143,0.007556644904642235
660.0,10,rectifying_volume_9,tray,173.81792553448287,221.85306274032715,31.671317494227686,12.200866333304422,5149.11066200592,7696.326196442237,0.3116091307930053,0.5024031597711157,0.6561404212191528,0.48471444870988,0.03225044798784183,0.012882391519004284
660.0,11,rectifying_volume_10,tray,175.46433029356697,221.90308513524653,31.399403335064044,12.171740494852179,5092.703656966507,7661.651627722326,0.3053976837429557,0.49822998917869143,0.6407823252668576,0.48007582757575523,0.053819990990186674,0.021694183245553285
660.0,12,feed_tray,tray,177.77579490225656,221.97802230048103,45.88112478671101,10.95363516255,12235.418596938842,7605.240213638686,0.2986003597796302,0.4954560543907786,0.612978626837312,0.4684825129965197,0.08842101338305798,0.036061432612701685
660.0,13,stripping_volume_1,tray,181.2452611658515,222.05363179974572,45.689919416028786,10.900557879758951,12256.2136429622,7604.993509908842,0.27021821599893786,0.45828871213675015,0.6400095772199974,0.5037915607227912,0.08977220678106483,0.03791972714045861
660.0,14,stripping_volume_2,tray,185.41145477000717,222.13028077630224,45.51384060889525,10.835675258195927,12293.19310837065,7625.79889728489,0.23690918454320797,0.4122370968610995,0.6717365223965005,0.5475327397437033,0.09135429306029152,0.04023016339519725
660.0,15,stripping_volume_3,tray,190.14714303617933,222.20819340272934,45.30746981631574,10.766911042791481,12350.027369605552,7662.787509901793,0.20006782782269764,0.35811454781769625,0.7067244355992746,0.5988770418898843,0.09320773657802783,0.0430084102924193
660.0,16,stripping_volume_4,tray,195.21998507049645,222.27771530084968,53.478877706794854,12.144466570833881,12425.506458963628,7719.630429947443,0.16183393356695774,0.29828259015846853,0.7425685903286323,0.6553868453678383,0.09559747610440997,0.0463305644736932
660.0,17,stripping_volume_5,tray,200.37609131677712,222.34861383857378,53.1798299619561,12.071191550603064,12511.67903186418,7795.117143605449,0.12462467681075226,0.23638742980217067,0.7759288690496572,0.7130176540348447,0.09944645413959063,0.05059491616298467
660.0,18,stripping_volume_6,tray,205.4719079067748,222.4214972473877,53.21154927392752,11.973332622552833,12589.96703055882,7881.296984361931,0.09052791733128975,0.17650442223283533,0.8020964630763224,0.7662971580376204,0.1073756195923878,0.057198419729544224
660.0,19,stripping_volume_7,tray,210.7042118253126,222.49573413753177,52.775864362342126,11.905313284901672,12626.070508545012,7959.591403523135,0.060878412593088946,0.1220658104387451,0.8130340590729028,0.8077773486433396,0.12608752833400833,0.0701568409179152
660.0,20,combined_reboiler_sump,reboiler_sump,216.98188388296404,222.52100510229985,757.8749776599393,77.3904604507174,,7995.701326348659,0.036184674963168025,0.07510851386144864,0.7924090676312905,0.8250180742459619,0.17140625740554158,0.09987341189258944
720.0,1,reflux_drum,reflux_drum,120.76653320211018,221.4168549013163,1657.7025737219026,119.38375604853944,,,0.8801239387974893,0.9462489873814323,0.11983416543038754,0.05374136160991007,4.189577212321173e-05,9.65100865766365e-06
720.0,2,rectifying_volume_1,tray,130.19154523821288,221.46435015109483,38.018647970089305,49.51726939631244,5661.209051562739,8465.780763082505,0.7564644844403151,0.8802733765822383,0.2433714149580771,0.11968486468104966,0.0001641006016078088,4.175873671206627e-05
720.0,3,rectifying_volume_2,tray,141.21717756991836,221.51346994022,34.28839272391237,12.815744839100065,5440.764794207418,8174.590313364551,0.624644686830509,0.7946356764420343,0.3749140023813218,0.2052379106656277,0.00044131078816915146,0.000126412892337979
720.0,4,rectifying_volume_3,tray,151.56598989901715,221.56244048660028,33.356912344553876,12.59681248692812,5315.287444926131,7954.138610277245,0.5121362890767424,0.7055193127881377,0.4868794001755745,0.29416562847053523,0.000984310747683139,0.0003150587413270567
720.0,5,rectifying_volume_4,tray,159.60516253661623,221.61170149579993,32.77716118828173,12.44030789262317,5257.727491729918,7828.6526446409,0.4314315462961987,0.630419849643407,0.5666120267179564,0.3688982774182791,0.001956426985844885,0.0006818729383139141
720.0,6,rectifying_volume_5,tray,165.08523058227092,221.66129628927268,32.3789321867408,12.345528745076406,5233.0363341875145,7771.086515878274,0.3797033769392219,0.576687357468208,0.61667106230756,0.4219749870353341,0.0036255607532178504,0.00133765549645786
720.0,7,rectifying_volume_6,tray,168.58003209740323,221.71123830678027,32.16354087849378,12.286372725483535,5219.146384657191,7746.391126899547,0.34853702858511687,0.5422023524316077,0.6450164886022218,0.4553338572867999,0.006446482812661203,0.0024637902815924225
720.0,8,rectifying_volume_7,tray,170.81809353591407,221.7614225254356,32.02385768380477,12.248859693951376,5204.896599481562,7732.4970514237075,0.33016187243222034,0.5214566729268338,0.6586535952983187,0.4741767586818329,0.011184532269461075,0.004366568391333209
720.0,9,rectifying_volume_8,tray,172.4078349492849,221.8116878671815,31.873540985186814,12.22357115580033,5183.6156002835605,7718.2415720502995,0.3190567241021233,0.5093839765375147,0.6618373609628027,0.48305685713305285,0.019105914935074086,0.007559166329432446
720.0,10,rectifying_volume_9,tray,173.82189423976388,221.8618856391798,31.670650904679153,12.201418493124931,5148.926159655647,7696.95221645457,0.3116094503634574,0.5024005711565575,0.6561325607971545,0.4847137521903502,0.032257988839388074,0.012885676653092374
720.0,11,rectifying_volume_10,tray,175.46843793780099,221.91191025919278,31.398703761341377,12.172291636868268,5092.5073554260525,7662.251464736016,0.30539701831023286,0.4982261436020227,0.6407754079311374,0.4800761300896907,0.053827573758629815,0.021697726308286463
720.0,12,feed_tray,tray,177.7798173375736,221.98685006595397,45.880767474443864,10.954099820592724,12235.365948883118,7605.8194042075565,0.29859913002747634,0.4954506565381552,0.6129766649347225,0.4684857869947435,0.08842420503780112,0.03606355646710131
720.0,13,stripping_volume_1,tray,181.2495940805891,222.06246317747275,45.689526565922655,10.90101817225684,12256.152011660657,7605.704661041219,0.270214592362604,0.45828003638653153,0.6400099148741213,0.5037978952935563,0.08977549276327473,0.037922068319912176
720.0,14,stripping_volume_2,tray,185.4159373444802,222.1391156775961,45.51342551156543,10.836133654365451,12293.124139745742,7626.488630753112,0.23690457539376622,0.4122268097705261,0.6717378117807538,0.5475405336011546,0.09135761282548008,0.040232656628319284
720.0,15,stripping_volume_3,tray,190.15157784543635,222.21703171610275,45.30704393422116,10.767370705710073,12349.950333412367,7663.4569736427975,0.2000638204169038,0.3581049316918265,0.7067251341327866,0.5988840985153349,0.09321104545030956,0.043010969792838666
720.0,16,stripping_volume_4,tray,195.22417452107305,222.28655601350928,53.47835470631433,12.144993678648483,12425.415111821807,7720.278732181652,0.16183197995693338,0.29827621258607234,0.7425672551613197,0.65539068333562,0.09560076488174693,0.04633310407830767
720.0,17,stripping_volume_5,tray,200.3799265641207,222.35745673259743,53.179297881772236,12.071725369275239,12511.568479556774,7795.736574141732,0.12462547025232253,0.23638603171221917,0.7759247576190254,0.713016562145265,0.09944977212865208,0.050597406142515726
720.0,18,stripping_volume_6,tray,205.4753303930734,222.4303420413867,53.21100106877904,11.973872487084192,12589.832742500763,7881.883072300175,0.09053168584013191,0.1765090549517017,0.8020894728782756,0.766290182768277,0.10737884128159238,0.057200762280021314
720.0,19,stripping_volume_7,tray,210.707159739663,222.50458050268742,52.77531168143696,11.905861108503254,12625.912667946286,7960.140098855826,0.06088501847068236,0.12207677343195923,0.8130254255045068,0.8077648403679112,0.12608955602481087,0.07015838620012957
720.0,20,combined_reboiler_sump,reboiler_sump,216.9841159399131,222.52985342293906,757.8646338542592,77.39448862420254,,7996.213175924508,0.03619375972428683,0.07512560549286017,0.7924035733830657,0.825003093631367,0.1714026668926475,0.0998713008757727
780.0,1,reflux_drum,reflux_drum,120.76766666467176,221.4229074522347,1659.1446885737917,119.28146808569907,,,0.8801392177965269,0.9462558083501333,0.11981889840904482,0.05373454331495998,4.1883794428309756e-05,9.648334906735965e-06
780.0,2,rectifying_volume_1,tray,130.1949054354428,221.4704077037139,38.01821456013316,49.51866219818916,5661.126072195813,8466.724118530163,0.756451396703258,0.8802644816650447,0.24338441833900487,0.1196937368540602,0.000164184957737293,4.178148089505559e-05
780.0,3,rectifying_volume_2,tray,141.22227240959904,221.51953191770065,34.2878175957656,12.816075133272932,5440.6527125531375,8175.405258596326,0.6246139461789021,0.7946116366910463,0.3749444553701994,0.2052618620287047,0.00044159845089854286,0.00012650128024895618
780.0,4,rectifying_volume_3,tray,151.5715272636346,221.5685067326049,33.356326918896684,12.597136762653069,5315.1763339731715,7954.910202683464,0.5121042521530017,0.7054891377984901,0.48691079861839653,0.29419558334971985,0.0009849492286018577,0.0003152788517900421
780.0,5,rectifying_volume_4,tray,159.61019392167555,221.61777190423385,32.77661464052405,12.44064614645456,5257.617617789339,7829.411339295418,0.43140703216440857,0.6303928938183094,0.5666353521615999,0.3689247898736709,0.0019576156739914193,0.0006823163080196186
780.0,6,rectifying_volume_5,tray,165.08951062959463,221.6673706947909,32.3784132450128,12.345883962983626,5232.919284755652,7771.8340116752315,0.3796874379141349,0.5766674986193694,0.6166849899724582,0.42199405930540823,0.0036275721134067236,0.0013384420752223566
780.0,7,rectifying_volume_6,tray,168.58373357743037,221.7173164859188,32.16302021890701,12.286740475042754,5219.015615913316,7747.120444070585,0.34852736262019657,0.5421888971889736,0.6450229648975303,0.4553460291897297,0.006449672482273215,0.0024650736212967414
780.0,8,rectifying_volume_7,tray,170.82149495856427,221.7675042324393,32.0233095590272,12.249234637029993,5204.748476958762,7733.2027162940585,0.33015575435585837,0.5214473026535198,0.6586549438148176,0.474184170842582,0.011189301829324134,0.00436852650389811
780.0,9,rectifying_volume_8,tray,172.41117204411887,221.81777285682602,31.87294896333902,12.223949136066352,5183.448628928925,7718.920648168512,0.3190520441656277,0.5093764852418811,0.6618353970165225,0.4830615656049957,0.019112558817849762,0.007561949153123251
780.0,10,rectifying_volume_9,tray,173.8253071695339,221.86797367648253,31.670011177830407,12.201797087263786,5148.741336859399,7697.603631556249,0.3116048865820855,0.5023933850722493,0.6561288219009264,0.48471735834204455,0.032266291516988135,0.012889256585706185
780.0,11,rectifying_volume_10,tray,175.4719295463985,221.9180011289052,31.398032708465244,12.17267090179563,5092.310285715851,7662.876479549074,0.3053920185834093,0.4982183095045032,0.6407720497869049,0.4800801363256248,0.05383593162968571,0.021701554169872128
780.0,12,feed_tray,tray,177.78316755423086,221.99294406917616,45.88036300249993,10.954419402458493,12235.26422974418,7606.423837631933,0.2985940017012706,0.49544171525072245,0.6129779786112248,0.4684924107076523,0.08842801968750455,0.03606587404162516
780.0,13,stripping_volume_1,tray,181.2534368792083,222.06856099706485,45.68907687729348,10.90133128800364,12256.042208889867,7606.393101670338,0.2702056658002678,0.4582656595410654,0.6400148390898714,0.5038096147784521,0.08977949510986077,0.037924725680482545
780.0,14,stripping_volume_2,tray,185.42009113540666,222.14521727433785,45.512947022280194,10.836443492286442,12293.008747968808,7627.156973644748,0.2368935161556479,0.41220871868887055,0.6717447541629264,0.5475556930720691,0.09136172968142563,0.04023558823906038
780.0,15,stripping_volume_3,tray,190.15579053140127,222.22313702814722,45.30655237086017,10.767681539831063,12349.82886051195,7664.107260120586,0.2000527271852398,0.35808586541291687,0.7067320582731319,0.5989000614442306,0.09321521454162818,0.04301407314285249
780.0,16,stripping_volume_4,tray,195.22816763051148,222.29266397330565,53.477761311370216,12.145352937547035,12425.280252531718,7720.910324752461,0.16182297342040017,0.2982595972769804,0.7425720591328155,0.6554041381989454,0.09560496744678423,0.04633626452407419
780.0,17,stripping_volume_5,tray,200.3835018608101,222.3635671299266,53.178699759084296,12.072093932711365,12511.413336197103,7796.340789723322,0.12461991840634858,0.2363747229202351,0.7759260166071362,0.7130247133558889,0.09945406498651507,0.050600563723876
780.0,18,stripping_volume_6,tray,205.47835826018516,222.4364545742286,53.21039081086001,11.97425105824615,12589.650194128142,7882.4534223246155,0.09053031900458518,0.17650515418028478,0.8020865286796663,0.7662910306312591,0.10738315231574849,0.05720381518845602
780.0,19,stripping_volume_7,tray,210.7095436619211,222.51069479356556,52.77469918760784,11.906251313961452,12625.700438428168,7960.669934726394,0.06088795029987411,0.12208130655708815,0.8130191087060158,0.8077579473178061,0.12609294099411014,0.07016074612510577
780.0,20,combined_reboiler_sump,reboiler_sump,216.9856274224418,222.53596990732328,757.8568989456566,77.39732032233059,,7996.7005669235805,0.036200643974427286,0.07513867004189403,0.7923982503190808,0.8249910018592926,0.17140110570649192,0.09987032809881338
840.0,1,reflux_drum,reflux_drum,120.76799833062589,221.42619625349522,1660.2176515083265,119.20483488608532,,,0.8801514195287419,0.9462614122709039,0.11980670518852002,0.05372894133709767,4.1875282738055e-05,9.646391998494652e-06
840.0,2,rectifying_volume_1,tray,130.1979366672285,221.47370199539202,38.01777977678917,49.51930464269945,5661.033504526508,8467.671114323402,0.756429140240957,0.880250801700846,0.24340657164394686,0.11970738933465223,0.0001642881150960493,4.1808964501873364e-05
840.0,3,rectifying_volume_2,tray,141.22744256884195,221.5228311277155,34.2872122946564,12.816204806967672,5440.5310668102475,8176.215043614489,0.6245699381658733,0.7945789133668022,0.3749881271169296,0.20529448250277005,0.0004419347171971656,0.0001266041304277079
840.0,4,rectifying_volume_3,tray,151.57729013822328,221.57181074054662,33.3557159020611,12.597262278598969,5315.060832540252,7955.677498916938,0.5120582629768697,0.7054479455517525,0.48695605450962204,0.29423652306168124,0.0009856825135082477,0.0003155313865662813
840.0,5,rectifying_volume_4,tray,159.6153605536161,221.6210806423816,32.776059847980605,12.440791263897381,5257.508082959064,7830.171758713762,0.4313701946814669,0.6303548910325526,0.5666708441766408,0.36896229052209556,0.001958961141892277,0.0006828184453519552
840.0,6,rectifying_volume_5,tray,165.09373091394426,221.67068401468325,32.377903224591115,12.346051909312434,5232.805101730754,7772.588697291842,0.3796614593950216,0.5766380044731118,0.6167087232003484,0.42202267491097434,0.0036298174046301293,0.001339320615913744
840.0,7,rectifying_volume_6,tray,168.58718022811337,221.72063416173165,32.162521161945534,12.286925672688175,5218.888581466185,7747.860108986771,0.34850968859303333,0.5421675705315397,0.6450371243297064,0.45536594260877067,0.006453187077260326,0.002466486859689613
840.0,8,rectifying_volume_7,tray,170.82448703121923,221.77082600707593,32.02279123073193,12.249430429973735,5204.604104232021,7733.920172715719,0.3301431594463029,0.5214316000220941,0.6586623445076133,0.474197746126656,0.011194496046083765,0.0043706538512497855
840.0,9,rectifying_volume_8,tray,172.4139886491298,221.82109847195034,31.87239163300153,12.224150352967666,5183.285086667863,7719.612100728861,0.3190419643353957,0.5093638277766201,0.661838312422329,0.483071236673788,0.01911972324227522,0.007564935549591881
840.0,10,rectifying_volume_9,tray,173.828120875689,221.87130288530793,31.669409081920165,12.202000710725427,5148.559581807557,7698.267698509931,0.31159567041385094,0.5023818697581007,0.65612914567943,0.4847250720424612,0.03227518390671894,0.012893058199438196
840.0,11,rectifying_volume_10,tray,175.4747622143127,221.92133370646437,31.397401446445148,12.172876819297976,5092.116067646766,7663.514420981747,0.3053829055551529,0.49820674683394495,0.6407722034997807,0.4800876635942389,0.05384489094506645,0.021705589571816203
840.0,12,feed_tray,tray,177.78580695762926,221.99628019945695,45.879920171755586,10.954592677875297,12235.11685359778,7607.041642112078,0.2985851843768404,0.4954294961852024,0.6129824457619152,0.4685021657464619,0.08843236986124428,0.03606833806833569
840.0,13,stripping_volume_1,tray,181.25673676892146,222.07190107189416,45.68858024563893,10.901496173611129,12255.887766989568,7607.046960796094,0.2701917554628311,0.45824600845695274,0.640024124158179,0.5038263492209651,0.08978412037899001,0.0379276423220821
840.0,14,stripping_volume_2,tray,185.423852988079,222.14856130326464,45.51241574490948,10.83660381745099,12292.850512991838,7627.7923905591215,0.23687639831970797,0.41218337958517065,0.6717570558478622,0.547577727577807,0.09136654583243002,0.040238892837022526
840.0,15,stripping_volume_3,tray,190.15971368361022,222.22648499864772,45.3060060295063,10.767842580439234,12349.666579070961,7664.72710621148,0.200034959354605,0.3580579719017479,0.7067448973756939,0.5989243793548844,0.0932201432697011,0.0430176487433678
840.0,16,stripping_volume_4,tray,195.2319001194557,222.29601478425622,53.47711038995213,12.145543104924005,12425.105719255567,7721.514219742658,0.16180728699259858,0.2982333474101221,0.7425827320226976,0.6554266817328365,0.09560998098470376,0.04633997085704146
840.0,17,stripping_volume_5,tray,200.38676227454835,222.36692058236835,53.17804841137631,12.072295753847548,12511.217832916152,7796.919263404426,0.1246083114114293,0.23635400256222497,0.7759324622389463,0.713041684913374,0.09945922634962437,0.05060431252440107
840.0,18,stripping_volume_6,tray,205.4809503954688,222.43981035156085,53.20973141246018,11.974466549846529,12589.424215574594,7882.998144544843,0.090523995719538,0.17649304561108792,0.8020875618972514,0.7662994518450736,0.10738844238321064,0.05720750254383851
840.0,19,stripping_volume_7,tray,210.71133910779645,222.51405247791374,52.774039763750935,11.906481795460136,12625.43936611623,7961.171856367048,0.06088726583361626,0.12207952123223828,0.813015153036446,0.8077566248804877,0.12609758112993774,0.07016385388727399
840.0,20,combined_reboiler_sump,reboiler_sump,216.98641423741657,222.53932997573952,757.8518459237952,77.3989405304875,,7997.155391326661,0.03620526976896008,0.07514759299794654,0.7923931906068135,0.8249819304630622,0.17140153962422647,0.09987047653899109
900.0,1,reflux_drum,reflux_drum,120.76754936604296,221.42675055876592,1660.9114587377678,119.1546029290054,,,0.8801604031520552,0.946265727610326,0.11979772652617086,0.05372462718819498,4.1870321773959525e-05,9.645201479002686e-06
900.0,2,rectifying_volume_1,tray,130.20059638112,221.47426216030576,38.01735147519735,49.51920902254449,5660.933358816128,8468.60367693582,0.7563983911937489,0.8802327251470861,0.2434372011182733,0.11972543429223427,0.0001644076879777998,4.184056067967007e-05
900.0,3,rectifying_volume_2,tray,141.23259372265395,221.52339659563717,34.28658879246693,12.816137907744036,5440.402424468897,8177.004436678148,0.6245138679266048,0.7945383632100423,0.3750438199792488,0.205334917623196,0.00044231209414644204,0.00012671916676162804
900.0,4,rectifying_volume_3,tray,151.58316827094785,221.57238142829726,33.355091295772006,12.597193108267751,5314.943250088301,7956.426062440859,0.5119995902688522,0.7053968226453255,0.48701391520143794,0.2942873665286966,0.0009864945297097633,0.00031581082597792687
900.0,5,rectifying_volume_4,tray,159.62056548990282,221.62165652077613,32.77550728044034,12.44074678979197,5257.400945317486,7830.919438050882,0.431322088846083,0.6303068742532028,0.5667174767986151,0.3690097572260517,0.0019604343553020335,0.0006833685207453203
900.0,6,rectifying_volume_5,tray,165.09781768598128,221.67126495439086,32.37741125423462,12.346035528987224,5232.695850686479,7773.3360632115,0.37962622834790477,0.5765997107841858,0.6167415226912647,0.4220600167427307,0.003632248960830333,0.0013402724730836064
900.0,7,rectifying_volume_6,tray,168.59031852838476,221.72121993882854,32.16205224168561,12.28693079826944,5218.7675556181575,7748.595803620827,0.3484845782368821,0.5421390043599483,0.6450584685808372,0.4553929951158276,0.00645695318228067,0.0024680005242241044
900.0,8,rectifying_volume_7,tray,170.82702945851042,221.77141635825566,32.02231132612697,12.249449249520913,5204.466072923771,7734.635477975276,0.33012451801267506,0.5214100454660855,0.6586754739704248,0.47421704770078676,0.011200008016900135,0.004372906833127748
900.0,9,rectifying_volume_8,tray,172.41625125380833,221.82169313099018,31.871878177118063,12.224176806755578,5183.127926195214,7720.302458931239,0.3190268344549578,0.5093463915759484,0.6618459029932883,0.48308554313935853,0.01912726255175393,0.0075680652846930666
900.0,10,rectifying_volume_9,tray,173.83030442583802,221.87190159859637,31.66885452441181,12.202031262131444,5148.384191828939,7698.931454270728,0.31158211202214436,0.5023663649473553,0.6561334013876485,0.48473662919913735,0.032284486590207065,0.012897005853507289
900.0,11,rectifying_volume_10,tray,175.47690651861907,221.92193624383083,31.396820350871803,12.172911195209295,5091.928233147311,7664.152812000023,0.3053699706679901,0.4981917772973035,0.640775759087636,0.48009846973846365,0.053854270244374,0.021709752964232786
900.0,12,feed_tray,tray,177.78771120087617,221.9968866282468,45.879448391911914,10.954621182039611,12234.928065261762,7607.660712759663,0.2985729514435099,0.49541431955569004,0.6129898887007317,0.4685147808875733,0.08843715985575834,0.03607089955673653
900.0,13,stripping_volume_1,tray,181.25945240580256,222.07251149530154,45.688047314601576,10.90151457238108,12255.69303028778,7607.655044140009,0.27017326596643093,0.4582215980405539,0.6400374684745215,0.5038476441547898,0.08978926555904762,0.03793075780465624
900.0,14,stripping_volume_2,tray,185.4271686421259,222.14917577806915,45.5118431266568,10.836616492882634,12292.6537946545,7628.3839940803555,0.23685371713186787,0.41215147009499387,0.6717743301031215,0.5476060302510274,0.09137195276501062,0.04024249965397872
900.0,15,stripping_volume_3,tray,190.16328699674267,222.22710356046585,45.30541668864254,10.767855685033618,12349.467860259778,7665.305853937843,0.20001104286332555,0.35802202343465445,0.7067632376777182,0.5989563585560613,0.09322571945895614,0.0430216180092843
900.0,16,stripping_volume_4,tray,195.235314218456,222.2966363201385,53.47641570476421,12.145566126828594,12424.896069815652,7722.079986482268,0.16178540937148245,0.29819823091264674,0.7425989002621768,0.6554576291404716,0.09561569036634071,0.04634413994688178
900.0,17,stripping_volume_5,tray,200.38966016643198,222.36754490791856,53.177357477103186,12.072332495467963,12510.986927087928,7797.461989402315,0.12459104547727104,0.23632453300411027,0.7759438178679587,0.7130668997626382,0.09946513665477019,0.05060856723325165
900.0,18,stripping_volume_6,tray,205.48307489397303,222.4404371418223,53.20903653786429,11.97452026322402,12589.160410607476,7883.5078643631205,0.09051298316539436,0.1764732000301309,0.8020924308460534,0.7663150612817782,0.1073945859885522,0.057211738688090964
900.0,19,stripping_volume_7,tray,210.7125332688928,222.5146812834922,52.773347013367655,11.906553478262952,12625.13586067901,7961.637359430529,0.060883088857808076,0.12207164368399148,0.8130135573879376,0.807760725709941,0.12610335375425447,0.07016763060606757
900.0,20,combined_reboiler_sump,reboiler_sump,216.98648612603935,222.53996130496333,757.8495063534644,77.39935636973708,,7997.570169382412,0.036207622176147036,0.0751523386640637,0.7923884787406066,0.8249759519102698,0.17140389908324655,0.09987170942566646
960.0,1,reflux_drum,reflux_drum,120.7663554938712,221.4246513177754,1661.2237653079087,119.13098085897643,,,0.8801660909923036,0.9462687083583832,0.1197920400787503,0.05372164687104046,4.186892894622562e-05,9.644770576342358e-06
960.0,2,rectifying_volume_1,tray,130.20284994279788,221.47216902193392,38.01693725295512,49.51840150832339,5660.827759981722,8469.504033710686,0.7563599746122506,0.8802107167710372,0.24347548434398736,0.11974740764771352,0.00016454104376197612,4.187558124930855e-05
960.0,3,rectifying_volume_2,tray,141.23763384410455,221.52130902905122,34.28595919826517,12.815882159803332,5440.269449291268,8177.758590396498,0.6244471462499355,0.7944909747266751,0.3751101312427951,0.205382181332307,0.00044272250726930273,0.00012684394101792416
960.0,4,rectifying_volume_3,tray,151.5890516896702,221.57029938820048,33.35446514353636,12.596936959715151,5314.825906033276,7957.141803642111,0.5119297167445761,0.705337020848455,0.487082915123021,0.29434686786928976,0.0009873681324029924,0.0003161112822552152
960.0,5,rectifying_volume_4,tray,159.62571347557935,221.61958001601545,32.77496717622293,12.440519812178778,5257.298196039467,7831.640154073959,0.43126395911625487,0.6302500420951822,0.5667740362857661,0.3690660028353836,0.001962004597978886,0.0006839550694342454
960.0,6,rectifying_volume_5,tray,165.10170179807372,221.66919387667122,32.376945961741086,12.345841219140151,5232.593486183982,7774.061748017706,0.3795826873471073,0.5765535985394173,0.6167824959101089,0.422105123395528,0.0036348167427836895,0.001341278065054612
960.0,7,rectifying_volume_6,tray,168.5931024878456,221.71915407032878,32.161621284358475,12.28676171117369,5218.654681621326,7749.31329952271,0.3484527286762008,0.5421039500212723,0.6450863770420001,0.4554264660635262,0.006460894281798913,0.0024695839152014927
960.0,8,rectifying_volume_7,tray,170.82909183451628,221.76935543466678,32.021877620634584,12.24929659920671,5204.336835730158,7735.334745800389,0.3301003627457039,0.5213832160800054,0.6586939102043133,0.4742415435243721,0.011205727049982819,0.004375240395622513
960.0,9,rectifying_volume_8,tray,172.41793797689473,221.81963688353088,31.871416830571388,12.224033786856296,5182.979958280222,7720.978287844471,0.3190070903222649,0.5093246432018735,0.6618578829264274,0.4831040802177868,0.0191350267513076,0.007571276580339586
960.0,10,rectifying_volume_9,tray,173.83183977916954,221.86984977189795,31.66835640051932,12.201893900481908,5148.218320772138,7699.58195572969,0.3115645959285886,0.502347276680324,0.6561413886198498,0.4847517008398059,0.03229401545156156,0.012901022479870143
960.0,11,rectifying_volume_10,tray,175.47834686764972,221.9198886071016,31.396298744079512,12.17277906984398,5091.750169947008,7664.779180469366,0.3053535713047808,0.4981737795062333,0.640782545754582,0.4801122568224367,0.05386388294063724,0.021713963671329984
960.0,12,feed_tray,tray,177.78887046045804,221.99484313488335,45.87895753197875,10.954509180202322,12234.702868714769,7608.26893501469,0.29855763584636286,0.49539655527501836,0.6130000770094479,0.46852993622246863,0.08844228714418916,0.036073508502512966
960.0,13,stripping_volume_1,tray,181.26155442730564,222.07047196776477,45.68748930785561,10.901390985782045,12255.463082014352,7608.207037714778,0.2701506811319809,0.458193023437077,0.6400544993118972,0.5038729675485744,0.08979481955612202,0.03793400901434847
960.0,14,stripping_volume_2,tray,185.42999346505385,222.14714031800668,45.511241277799066,10.836486158747745,12292.423659540975,7628.921741990824,0.23682606389766325,0.41211377917358183,0.6717961033106838,0.54763988727286,0.09137783279165287,0.040246333553558264
960.0,15,stripping_volume_3,tray,190.16645810884947,222.22507224960108,45.30479681668918,10.767725492870431,12349.237745360673,7665.833642599229,0.19998161008690818,0.35797892968961653,0.706786568993362,0.5989951738198621,0.09323182091972974,0.043025896490521284
960.0,16,stripping_volume_4,tray,195.23835948562325,222.29460805561857,53.4756916977096,12.145427094280372,12424.656506586794,7722.597938851727,0.16175793707419403,0.2981551683184104,0.7426200931630905,0.6554961500041371,0.0956219697627154,0.04634868167745262
960.0,17,stripping_volume_5,tray,200.39215587595896,222.36551952291086,53.17664120184811,12.072208930626688,12510.726221823425,7797.9596625315435,0.1245686163112657,0.23628712899796528,0.7759597188478654,0.7130996361485071,0.09947166484086897,0.050613234853527575
960.0,18,stripping_volume_6,tray,205.4847095232551,222.43841430932125,53.208320388235784,11.974416553095276,12588.865066612087,7883.973890981592,0.09049763211300485,0.17644622513540897,0.8021009235595475,0.7663373453470415,0.10740144432744751,0.057216429517549496
960.0,19,stripping_volume_7,tray,210.7131252025749,222.51266053194425,52.77263504402135,11.906470290232532,12624.797092509552,7962.058643586329,0.06087560667871504,0.1220580103832805,0.8130142756548033,0.8077700029613091,0.12611011766648167,0.07017198665541051
960.0,20,combined_reboiler_sump,reboiler_sump,216.98586652635717,222.53794316307773,757.8498674631247,77.39859709247962,,7997.938185107685,0.036207728975926765,0.07515294967645195,0.792384190181109,0.8249730791179515,0.1714080808429643,0.09987397120559667
1020.0,1,reflux_drum,reflux_drum,120.76446631910707,221.42002946159099,1661.1599026561835,119.13363745430125,,,0.8801684691025369,0.9462703344723884,0.11978965984210885,0.05372002043523835,4.187105535421715e-05,9.645092373188139e-06
1020.0,2,rectifying_volume_1,tray,130.20467116847874,221.46755338092538,38.016544321604954,49.51692161131762,5660.718909977074,8470.355080806856,0.7563148495252914,0.8801853093277442,0.24352046513089326,0.11977277738485165,0.0001646853438153227,4.1913287404206286e-05
1020.0,3,rectifying_volume_2,tray,141.2424747158256,221.5166991080061,34.28533554985809,12.815448809013441,5440.134853682824,8178.463354501166,0.6243713646170228,0.7944378509509608,0.37518547795995405,0.20543517317903515,0.0004431574230232474,0.00012697587000421581
1020.0,4,rectifying_volume_3,tray,151.59483250959647,221.5656951796778,33.35384932356245,12.596505021570817,5314.711087951428,7957.811277097236,0.5118503130361952,0.7052699354455297,0.48716140160083027,0.294413637966149,0.0009882853629746397,0.0003164265883212798
1020.0,5,rectifying_volume_4,tray,159.63071248154807,221.6149815657247,32.77444936733971,12.44012081981799,5257.201723384413,7832.320222953397,0.4311972176140729,0.6301857381751614,0.5668391424520883,0.36912969566066933,0.0019636399338387946,0.000684566164169305
1020.0,6,rectifying_volume_5,tray,165.10531977358247,221.66460109887691,32.376515328078206,12.34547869931295,5232.499816442132,7774.751837221031,0.3795319181821092,0.5765007771785092,0.6168306127249641,0.4221569056519355,0.0036374690929267665,0.0013423171695554094
1020.0,7,rectifying_volume_6,tray,168.59549429791014,221.7145667573767,32.16123527721424,12.286427530445803,5218.551933023342,7749.998753096258,0.3484149504400766,0.5420632656183657,0.6451201176381147,0.45546552880990343,0.006464931921808617,0.0024712055717309583
1020.0,8,rectifying_volume_7,tray,170.83065400971157,221.7647733264287,32.02149690821179,12.248981196107296,5204.218662304159,7736.00443440391,0.33007131969495895,0.521351776044358,0.6587171399418827,0.47427061523446695,0.011211540363158363,0.004377608721174952
1020.0,9,rectifying_volume_8,tray,172.41903877656495,221.81505971399747,31.87101474276813,12.22372976262952,5182.843801328927,7721.626467247843,0.31898324641140163,0.5092991207434127,0.6618738897451123,0.4831263721838072,0.019142863843486197,0.0075745070727802665
1020.0,10,rectifying_volume_9,tray,173.83272192833763,221.86527728900168,31.667922444022025,12.20159693831063,5148.064922476029,7700.206548524683,0.3115435746330663,0.502325070759013,0.6561528407691056,0.484769898443421,0.032303584597828075,0.012905030797566124
1020.0,11,rectifying_volume_10,tray,175.47908160777806,221.91532058398954,31.39584473749368,12.172488613169483,5091.5850608008095,7665.381318141725,0.3053341248281365,0.4981531828532451,0.6407923348323956,0.4801286759649436,0.053873540339467924,0.02171814118181129
1020.0,12,feed_tray,tray,177.78928945862833,221.9902794158527,45.8784577453833,10.954263578916034,12234.446932721063,7608.854435625381,0.29853962444143106,0.4953766168650011,0.6130127315164133,0.46854726845832784,0.08844764404215562,0.03607611467667106
1020.0,13,stripping_volume_1,tray,181.26302579646295,222.0659121077641,45.686917831701315,10.901132580891936,12255.203648456321,7608.693720383908,0.2701245558329806,0.45816095021540143,0.6400747792045035,0.5039017186342547,0.08980066496251582,0.03793733115034407
1020.0,14,stripping_volume_2,tray,185.43229305240123,222.14258446039557,45.51062275952983,10.836220137534148,12292.165785430578,7629.39664325332,0.23679411600182843,0.41207119402013315,0.6718218231061386,0.547678489780642,0.09138406089203285,0.04025031619922479
1020.0,15,stripping_volume_3,tray,190.16918334015108,222.22052051935512,45.304159353855724,10.767459330089537,12348.981850898766,7666.301609763569,0.19994738907715653,0.3579297225196105,0.7068142935898841,0.5990398822996418,0.09323831733295936,0.04303039518074777
1020.0,16,stripping_volume_4,tray,195.2409935294888,222.29005938164062,53.47495323866143,12.145134138325798,12424.392779377298,7723.0593316036875,0.161725564144834,0.2981052171222474,0.7426457512874329,0.6555412825354769,0.09562868456773307,0.04635350034227576
1020.0,17,stripping_volume_5,tray,200.39421828587984,222.36097375858284,53.17591418988505,12.071932842850456,12510.441862675227,7798.403866351115,0.12454161036051908,0.23624274347762123,0.7759797192732752,0.7131390403658786,0.09947867036620565,0.05061821615650033
1020.0,18,stripping_volume_6,tray,205.48584201809516,222.4338711318749,53.20759745264566,11.974162734729987,12588.54504004272,7884.38839357508,0.09047837048145588,0.17641285450022737,0.802112762015794,0.7663656714985739,0.10740886750275014,0.05722147400119871
1020.0,19,stripping_volume_7,tray,210.71312578728666,222.50811945735,52.771918217355534,11.906239076146681,12624.43086274774,7962.428771781695,0.0608650663959245,0.12203906139870688,0.8130172180164721,0.8077841153795872,0.12611771558760346,0.07017682322170596
1020.0,20,combined_reboiler_sump,reboiler_sump,216.9845921327433,222.53340472913504,757.8528696984962,77.39671368428057,,7998.25362458048,0.03620565969500054,0.07514954534857354,0.7923803901530316,0.8249732658941877,0.17141395015196786,0.0998771887572389
1080.0,1,reflux_drum,reflux_drum,120.7619443249594,221.41306309370256,1660.7327265149293,119.16171174749732,,,0.8801675867980041,0.9462706119309805,0.11979053661437097,0.053719741922872315,4.18765876248964e-05,9.646146147152743e-06
1080.0,2,rectifying_volume_1,tray,130.20604272190724,221.46059320910308,38.01617937650956,49.514821349136604,5660.609045686024,8471.140774214053,0.7562640904788701,0.8801570933980635,0.24357107193075875,0.1198009537000152,0.00016483759037127843,4.195290192145464e-05
1080.0,3,rectifying_volume_2,tray,141.24703345739448,221.50974468171816,34.28472959225172,12.814852388865988,5440.0013463886935,8179.105606579781,0.6242882651862788,0.7943801888996649,0.3752681268265278,0.20549269882279186,0.00044360798719345616,0.00012711227754330496
1080.0,4,rectifying_volume_3,tray,151.60040679566734,221.5587465286186,33.35325533097406,12.595911731195834,5314.601006929628,7958.421996600651,0.5117632064872284,0.705197079546843,0.4872475657741978,0.2944861700556909,0.0009892277385738287,0.00031675039746610487
1080.0,5,rectifying_volume_4,tray,159.63547524549156,221.6080387706404,32.77396310070708,12.439563484393174,5257.1132753159645,7832.946817662153,0.43112341797925163,0.6301154266100896,0.5669112742986478,0.36919938378194994,0.001965307722100555,0.0006851896079605001
1080.0,6,rectifying_volume_5,tray,165.10861479644367,221.6576640976957,32.37612654352262,12.3449608087673,5232.41646720216,7775.393183195479,0.37947512204053563,0.5764424645999539,0.6168847243861872,0.4222141661482019,0.00364015357327716,0.0013433692518441168
1080.0,7,rectifying_volume_6,tray,168.59746483040067,221.70763535645165,32.160900243093,12.285940443842863,5218.461074124625,7750.639022540982,0.3483721528027454,0.5420179007783821,0.6451588602014615,0.4555092654350965,0.006468986995792982,0.0024728337865213843
1080.0,8,rectifying_volume_7,tray,170.8317062542449,221.75784727486575,32.021174878996156,12.248514787749754,5204.113593830142,7736.631656116095,0.3300380970861011,0.5213164650293981,0.6587445679535064,0.4743035689826893,0.011217334960392573,0.004379965987912603
1080.0,9,rectifying_volume_8,tray,172.41955542578117,221.80813875378104,31.870677847689862,12.223276205087563,5182.721829075875,7722.234491653931,0.3189558867517099,0.509270424537011,0.6618934908426883,0.48315188059957576,0.019150622405601725,0.007577694863413284
1080.0,10,rectifying_volume_9,tray,173.83295878895794,221.85836117630936,31.667559084878313,12.20115166635265,5147.926691793372,7700.79315653912,0.3115195605766564,0.5023002647277452,0.6561674298427796,0.4847907806325042,0.03231300958056405,0.012908954639750378
1080.0,11,rectifying_volume_10,tray,175.47912286652186,221.9084091003475,31.39546508004853,12.172050952002307,5091.435819812369,7665.9475598495865,0.3053121010745716,0.4981304600301413,0.6408048439418643,0.4801473334145575,0.05388305498356406,0.021722206555301177
1080.0,12,feed_tray,tray,177.78898720914384,221.98337230335036,45.87795927178205,10.953893779871912,12234.16647400875,7609.405853513301,0.2985193508926098,0.495354954078226,0.6130275294771708,0.46856637743031476,0.08845311963021953,0.03607866849145911
1080.0,13,stripping_volume_1,tray,181.26386193713336,222.05900867208436,45.68634465042936,10.90074903969705,12254.920980793268,7609.107176755463,0.2700955058615276,0.45812610245851476,0.6400978140276601,0.5039332387091909,0.08980668011081226,0.03794065883229451
1080.0,14,stripping_volume_2,tray,185.43404367659252,222.13568488270775,45.51000034195848,10.835828280659436,12291.886343870468,7629.800964477077,0.23675862453546584,0.4120246841469595,0.6718508686031043,0.5477209484688472,0.09139050686142983,0.040254367384193315
1080.0,15,stripping_volume_3,tray,190.17142831637813,222.21362496425542,45.30351746318345,10.767067056276556,12348.706252397396,7666.702093196135,0.19990919019749712,0.3578755372976601,0.70684573734785,0.599089440681428,0.09324507245465288,0.043035022020911945
1080.0,16,stripping_volume_4,tray,195.24318262166847,222.2831668307055,53.47421534106774,12.144698259131955,12424.111066977703,7723.45655814918,0.16168906929641583,0.2980495524588457,0.7426752370565982,0.6555919512863889,0.09563569364698596,0.04635849625476542
1080.0,17,stripping_volume_5,tray,200.39582525021416,222.35408408766105,53.17519112389653,12.071514861449115,12510.140412280494,7798.7872628317,0.12451069376519204,0.236192449829831,0.7760033006747936,0.7131841428117482,0.09948600556001432,0.05062340735842073
1080.0,18,stripping_volume_6,tray,205.48647018600454,222.42698402858602,53.20688222827967,11.973768927831717,12588.207618106568,7884.744578302167,0.09045569506352052,0.1763739335394462,0.8021276078382218,0.7663993005362295,0.10741669709825764,0.057226765924324303
1080.0,19,stripping_volume_7,tray,210.7125574219495,222.50123443501485,52.77121086900297,11.90586945021767,12624.045446975922,7962.741828712489,0.060851769892497,0.12201533154741477,0.8130222530883647,0.8078026343556919,0.12612597701913825,0.07018203409689325
1080.0,20,combined_reboiler_sump,reboiler_sump,216.98271213107648,222.52652232318692,757.8584050476884,77.39377801956861,,7998.51171098958,0.03620152391857825,0.07514231872892842,0.7923771326262313,0.8249764083987742,0.1714213434551905,0.09988127287229746
1140.0,1,reflux_drum,reflux_drum,120.75886353466504,221.40397355526648,1659.9622852885875,119.21383596975787,,,0.8801635550718824,0.9462695723556479,0.11979455957744362,0.05372077974645442,4.188535067411644e-05,9.647897897627074e-06
1140.0,2,rectifying_volume_1,tray,130.20695635532653,221.45150971786128,38.015848468414354,49.512164107460826,5660.50039313056,8471.846527341582,0.7562088656478303,0.8801267054493124,0.2436261396727445,0.11983130092780087,0.00016499467942538494,4.199362288670268e-05
1140.0,3,rectifying_volume_2,tray,141.25123403792608,221.50066683990576,34.28415254757717,12.814110405740898,5439.871576653518,8179.673585949855,0.6241997059332534,0.794319255862333,0.375356228887664,0.2055534936964565,0.00044406517908265463,0.0001272504412105786
1140.0,4,rectifying_volume_3,tray,151.60567644930583,221.5496744016448,33.35269405392913,12.595174463302973,5314.497751252546,7958.962753827469,0.5116703450083523,0.7051200545191519,0.487339478419168,0.2945628691871304,0.0009901765724797573,0.00031707629371758136
1140.0,5,rectifying_volume_4,tray,159.639920791477,221.59897247182676,32.77351685975529,12.43886436553475,5257.034422000763,7833.5082912363405,0.4310442249801554,0.6300406637613192,0.5669887998359345,0.3692735230924172,0.001966975183910252,0.0006858131462636463
1140.0,6,rectifying_volume_5,tray,165.1115376042608,221.64860358928408,32.37578587002385,12.344303228849096,5232.344846155907,7775.973732825459,0.379413596299589,0.5763799639860931,0.6169435858179197,0.4222756221901169,0.003642817882491192,0.0013444138237900902
1140.0,7,rectifying_volume_6,tray,168.59899397169795,221.69858046233188,32.16062112506248,12.28531544363588,5218.383621084592,7751.221993465598,0.3483253264330765,0.5419688788631134,0.6452016924209334,0.45555668397087706,0.006472981145990131,0.0024744371660096113
1140.0,8,rectifying_volume_7,tray,170.83224920768833,221.74879775818792,32.02091600903433,12.247911896923892,5204.023398031611,7737.204496041179,0.3300014719368281,0.5212780845341011,0.658775528394713,0.47433964827465025,0.011222999668458956,0.004382267191248637
1140.0,9,rectifying_volume_8,tray,172.41950124250786,221.7990943695211,31.87041074672774,12.222687337282528,5182.616118362848,7722.7907794287985,0.31892565392094435,0.5092392061609557,0.6619161917021994,0.4831800141896136,0.019158154376856328,0.007580779649430654
1140.0,10,rectifying_volume_9,tray,173.83257082423836,221.84932169360798,31.667271319591162,12.200572107436283,5147.806005333411,7701.3305804478205,0.3114931164167633,0.5022734183458261,0.6561847727124165,0.4848138612805067,0.0323221108708202,0.012912720373667185
1140.0,11,rectifying_volume_10,tray,175.47849611661087,221.89937431333067,31.39516501915961,12.171479926959051,5091.30502817748,7666.467071736408,0.305288013293831,0.49810611818010186,0.6408197424392812,0.48016779789921826,0.053892244266887795,0.021726083920679845
1140.0,12,feed_tray,tray,177.78799646970324,221.97434186067287,45.877472220074495,10.953411474426083,12233.868119909357,7609.91261975137,0.29849728712234425,0.4953320442563013,0.6130441109684115,0.4685868338136546,0.08845860190924426,0.0360811219300442
1140.0,13,stripping_volume_1,tray,181.26407064196852,222.04998165302084,45.685781439242014,10.900252348359727,12254.621716629217,7609.4409995608685,0.2700641958397552,0.45808924880316887,0.6401230627663157,0.5039668238808013,0.08981274139392909,0.03794392731602983
1140.0,14,stripping_volume_2,tray,185.43523256547073,222.12666150165373,45.50938673722291,10.835322754619032,12291.591862966474,7630.12842642728,0.2367203995648651,0.41197528264553596,0.671882562684091,0.5477663108421621,0.09139703775104374,0.04025840651230187
1140.0,15,stripping_volume_3,tray,190.1731684577673,222.20460542108242,45.30288425582768,10.766560850553715,12348.417348923285,7667.028823713638,0.19986789018840925,0.35781759088512466,0.7068801631824855,0.5991427255265839,0.09325194662910533,0.043039683588291563
1140.0,16,stripping_volume_4,tray,195.24490218147753,222.27415017933922,53.47349285027076,12.144133086918332,12423.817839639927,7723.78334019784,0.16164930051336046,0.2979894441468612,0.7427078475812712,0.6556469882872863,0.0956428519053684,0.04636356756585244
1140.0,17,stripping_volume_5,tray,200.39696386863662,222.34507022822424,53.17448645886545,12.0709682296882,12509.828705340125,7799.103774444307,0.12447659904061574,0.23613742066865878,0.7760298826574986,0.7132338773182478,0.09949351830188564,0.05062870201309324
1140.0,18,stripping_volume_6,tray,205.48660180820997,222.4179726649785,53.20618891613999,11.973247834822958,12587.860359282846,7885.036857547687,0.0904301614229808,0.1763304024848024,0.802145069476399,0.7664374016657469,0.10742476910062028,0.05723219584945071
1140.0,19,stripping_volume_7,tray,210.71145345669484,222.49222508767804,52.77052700496255,11.905373584438134,12623.649415455726,7962.993070437905,0.06083606752639725,0.12198743931312486,0.8130292109676578,0.8078250529884816,0.12613472150594499,0.07018750769839345
1140.0,20,combined_reboiler_sump,reboiler_sump,216.9802871027461,222.5175155138258,757.8663164468314,77.38988153283174,,7998.708828933314,0.03619546883443315,0.07513153228538126,0.7923744595054052,0.8249823476973053,0.17143007166016164,0.09988612001731345
1200.0,1,reflux_drum,reflux_drum,120.75530785114536,221.3930203848315,1658.8753065594233,119.2881714448774,,,0.8801565438186871,0.9462672721627956,0.11980155906984376,0.05372307753612674,4.1897111469119615e-05,9.650301077674655e-06
1200.0,2,rectifying_volume_1,tray,130.20741297555412,221.44056232115932,38.015556880940714,49.50902320567535,5660.395119233523,8472.459596157276,0.7561504118475951,0.8800948143026981,0.2436844346932281,0.11986315105849875,0.00016515345917688862,4.203463880307672e-05
1200.0,3,rectifying_volume_2,tray,141.2550087326917,221.48972487884026,34.28361488285937,12.813242945810087,5439.748076455314,8180.157213824338,0.6241076215035191,0.7942563629100037,0.3754478585166032,0.2056162494466762,0.0004445199798776503,0.0001273876433201024
1200.0,4,rectifying_volume_3,tray,151.61055107570263,221.53873797523048,33.352175550088056,12.594313141247527,5314.403240044061,7959.423924537694,0.5115737565361693,0.705040516977911,0.48743513014220147,0.29464208511046736,0.0009911133216292608,0.00031739791162176654
1200.0,5,rectifying_volume_4,tray,159.64397589498694,221.5880417229002,32.77311819214242,12.438042540506347,5256.96651977197,7833.994490129205,0.43096138028534947,0.6299630665966564,0.5670700097013286,0.36935050870742403,0.0019686100133217317,0.0006864246959195917
1200.0,6,rectifying_volume_5,tray,165.11404726505614,221.6376785045699,32.375498514970175,12.343524131890208,5232.286109622192,7776.482847346074,0.37934870818209515,0.5763146377007491,0.617005880978969,0.4223399314704404,0.0036454108389359207,0.0013454308288103592
1200.0,7,rectifying_volume_6,tray,168.60007078277226,221.68766088638736,32.16040168624942,12.284569990380067,5218.32080556829,7751.736898002395,0.348275523504044,0.5419172767721472,0.6452476382391005,0.4556067380011366,0.006476838256855406,0.0024759852267161615
1200.0,8,rectifying_volume_7,tray,170.8322936110154,221.73788347266174,32.02072346757714,12.247189495459791,5203.949526762455,7737.7123249955575,0.3299622745641116,0.5212374822483189,0.658809298140777,0.47437804873930894,0.01122842729511139,0.004384469012372041
1200.0,9,rectifying_volume_8,tray,172.4189005718697,221.78818514703644,31.870216610433758,12.221979814348602,5182.528399438346,7723.284976738816,0.3188932362233801,0.509206155766159,0.6619414457814122,0.4832101403237264,0.019165317995207643,0.007583703910114551
1200.0,10,rectifying_volume_9,tray,173.83159040029025,221.83841732064965,31.667062601232306,12.199874700563218,5147.7048646322255,7701.80879158371,0.311464843688469,0.5022451226171029,0.656204438807617,0.4848386190034834,0.03233071750391402,0.012916258379413653
1200.0,11,rectifying_volume_10,tray,175.4772394540819,221.8884746005228,31.3949481818071,12.170791780114792,5091.19487226683,7666.9301352891,0.3052624076239845,0.4980806887693957,0.6408366581505948,0.48018960920350184,0.053900934225420756,0.021729702027102584
1200.0,12,feed_tray,tray,177.7863628938412,221.96344637368526,45.877006339347,10.952830379640469,12233.558753910265,7610.365233897643,0.29847393342397477,0.49530838254301573,0.6130620864344772,0.46860818793960635,0.0884639801415479,0.036083429517377835
1200.0,13,stripping_volume_1,tray,181.26367173922375,222.0390892716554,45.68523952208031,10.899656527345783,12254.312724797961,7609.690469539283,0.2700313253380852,0.4580511866241552,0.6401499488561448,0.5040017395834491,0.08981872580576994,0.037947073792395675
1200.0,14,stripping_volume_2,tray,185.43585799199167,222.11577246835134,45.50879431546373,10.83471776759169,12291.289074046026,7630.374379063967,0.23668029323806633,0.41192406490479233,0.6719161862043397,0.5478135808922187,0.09140352055759411,0.04026235420298916
1200.0,15,stripping_volume_3,tray,190.17438931323682,222.19371996601268,45.302272498507214,10.765954938095687,12348.121712135384,7667.27709784978,0.19982441387033464,0.35775715651215306,0.7069167865579593,0.5991985565441497,0.09325879957170592,0.043044286943697246
1200.0,16,stripping_volume_4,tray,195.24613711335635,222.2632674467097,53.47280011369536,12.143454575657431,12423.519706354582,7724.034898542197,0.1616071573067456,0.29792623038385563,0.7427428295554785,0.6557051573537428,0.09565001313777592,0.046368612262401625
1200.0,17,stripping_volume_5,tray,200.39763059173083,222.33419014375198,53.17381409939805,12.070308506622531,12509.513688041383,7799.348748479827,0.12444010964723237,0.23607890336395246,0.7760588353591049,0.713287103542136,0.09950105499366284,0.0506339930939116
1200.0,18,stripping_volume_6,tray,205.48625432641117,222.40709495435,53.20553110176439,11.972614454160052,12587.510917154781,7885.261001841,0.09040237207364699,0.17628327655092252,0.8021647107960356,0.7664790701816252,0.10743291713031757,0.057237653267452365
1200.0,19,stripping_volume_7,tray,210.70985735318973,222.4813492879581,52.76987998419776,11.904765933188884,12623.251434869659,7963.179056331917,0.06081835057179489,0.12195607361183815,0.8130378871657189,0.8078507970974594,0.12614376226248616,0.0701931292907023
1200.0,20,combined_reboiler_sump,reboiler_sump,216.97738760761635,222.50664212200272,757.8763985549145,77.3851333863873,,7998.84263006262,0.03618767598889002,0.07511751216880286,0.7923724000524186,0.8249908734526114,0.17143992395869134,0.09989161437858576
1260.0,1,reflux_drum,reflux_drum,120.75136910571749,221.38049525120158,1657.5045080302864,119.38245693646833,,,0.8801467778265636,0.9462637912202452,0.11981131058958629,0.0537265554822085,4.191158385011958e-05,9.653297546331956e-06
1260.0,2,rectifying_volume_1,tray,130.20742251998303,221.428042571619,38.01530901887194,49.50548019034239,5660.295282730708,8472.969430572279,0.7560900070058216,0.8800621063162877,0.24374468220118128,0.11989581853889908,0.00016531079299705588,4.207514481321702e-05
1260.0,3,rectifying_volume_2,tray,141.25829947435298,221.47721024049198,34.28312608373039,12.81227221025872,5439.633202910926,8180.548381118064,0.6240139806888668,0.7941928362432661,0.37554105575916213,0.2056796425315744,0.00044496355197113627,0.00012752122515960373
1260.0,4,rectifying_volume_3,tray,151.61494977624076,221.52622857792394,33.351708831231115,12.593349777505424,5314.319178749419,7959.797744468856,0.5114755049984938,0.7049601430781695,0.4875324750471399,0.2947221478588289,0.0009920199543663718,0.0003177090630017275
1260.0,5,rectifying_volume_4,tray,159.64757645237233,221.57553773537964,32.772773550141714,12.437119164536352,5256.910678307167,7834.397039962538,0.4308766651027875,0.6298842783228814,0.567153153877483,0.3694287090911301,0.0019701810197294183,0.0006870125859884631
1260.0,6,rectifying_volume_5,tray,165.11611181603695,221.62517993771314,32.37526852201039,12.34264376210319,5232.241133300807,7776.911596863843,0.3792818657702809,0.5762478787449278,0.61707025082234,0.42240572021113454,0.0036478834073791462,0.0013464010439378073
1260.0,7,rectifying_volume_6,tray,168.60069347873133,221.67516760807098,32.160244430257976,12.283723609723415,5218.2735429951645,7752.174610261206,0.3482238355967323,0.5418642026726068,0.6452956783996878,0.4556583483142405,0.006480486003579885,0.0024774490131527806
1260.0,8,rectifying_volume_7,tray,170.8318598233023,221.72539528702177,32.0205990476514,12.246366611801237,5203.8930785569055,7738.146090067254,0.32992137122328924,0.5211955346719587,0.6588451119267151,0.47441793461781095,0.011233516849995654,0.004386530710230438
1260.0,9,rectifying_volume_8,tray,172.41778802601667,221.7757018485442,31.87009710560932,12.221172337900402,5182.460011501224,7723.708240221859,0.3188593532504745,0.5091719879280818,0.6619686659527229,0.4832415979581024,0.01917198079680266,0.007586414113815603
1260.0,10,rectifying_volume_9,tray,173.8300608774175,221.82593871706948,31.66693475644307,12.199077919816355,5147.624844817232,7702.219205584144,0.3114353700407972,0.5022159875500596,0.6562259591817303,0.48486450790974495,0.03233867077747249,0.012919504540195364
1260.0,11,rectifying_volume_10,tray,175.47540259392574,221.87600052245645,31.394816483780613,12.170004777962887,5091.107087370184,7667.328412253732,0.3052358513002559,0.49805471636616694,0.6408551853220462,0.48021228783880643,0.05390896337769794,0.02173299579502665
1260.0,12,feed_tray,tray,177.78414388672346,221.95097631569539,45.87657078643567,10.95216591973492,12233.245349047447,7610.75552224417,0.2984498074441105,0.49528447116759766,0.6130810452476375,0.46862997953145474,0.08846914730825195,0.03608554930094749
1260.0,13,stripping_volume_1,tray,181.26269651110303,222.02662194444432,45.68472960399089,10.898977306432906,12254.00093849792,7609.852700327891,0.2699976135013469,0.4580127247154016,0.6401778728667108,0.5040372365528519,0.08982451363194228,0.0379500387317464
1260.0,14,stripping_volume_2,tray,185.4359291590011,222.10330813673113,45.508234813896834,10.834029240583424,12290.98474730269,7630.535943045182,0.23663918109376228,0.4118721252475279,0.6719509938138509,0.5478617407745473,0.09140982509238672,0.04026613397792484
1260.0,15,stripping_volume_3,tray,190.17508671945131,222.18125888494222,45.30169431361704,10.7652652611262,12347.825924987113,7667.443918654901,0.19977971387230575,0.35769553610629146,0.7069547927739767,0.5992557223023842,0.09326549335371757,0.04304874159132432
1260.0,16,stripping_volume_4,tray,195.24688197831912,222.2508088663916,53.47215064489621,12.142680634020852,12423.22325223645,7724.20809368304,0.16156357098838767,0.2978612886342233,0.7427793959136298,0.6557651810655546,0.09565703309798244,0.046373530300222024
1260.0,17,stripping_volume_5,tray,200.39783114454002,222.32173401629564,53.17318707245806,12.069553206852735,12509.202247543799,7799.519092827584,0.12440204275666442,0.23601819281013958,0.7760894934845715,0.7133426319707563,0.09950846375876429,0.05063917521910397
1260.0,18,stripping_volume_6,tray,205.4854543129427,222.3946410322222,53.2049214331352,11.971885732650179,12587.166853688997,7885.414264324074,0.09037296316277561,0.17623362366144965,0.8021860609250488,0.7665233474462863,0.10744097591217545,0.05724302889226396
1260.0,19,stripping_volume_7,tray,210.70782158548786,222.46889713386528,52.769282199772256,11.904062897780047,12622.860058378477,7963.297754107128,0.06079904253018916,0.12192197860897291,0.8130480473783308,0.8078792380254446,0.12615291009148,0.0701987833655825
1260.0,20,combined_reboiler_sump,reboiler_sump,216.97409247442056,222.49419219788984,757.8884001372312,77.37965814009459,,7998.9121117631585,0.036178357265725845,0.07510064106285724,0.7923709705621764,0.8250017287564229,0.1714506721720977,0.09989763018071987
1320.0,1,reflux_drum,reflux_drum,120.74714486593037,221.36671499778902,1655.8877483156407,119.49406830515423,,,0.8801345315447134,0.9462592309979992,0.11982354002085174,0.053731112183250426,4.1928434434861466e-05,9.656818750379686e-06
1320.0,2,rectifying_volume_1,tray,130.20700363289168,221.41426720792646,38.01510831244215,49.50162289679183,5660.20278612164,8473.36797119316,0.7560289408698468,0.8800292697072449,0.24380559550478745,0.11992861593312908,0.00016546362536580281,4.211435962596209e-05
1320.0,3,rectifying_volume_2,tray,141.26105904423028,221.46343956282547,34.28269444310246,12.811221989908791,5439.529083178461,8180.841185866655,0.6239207417607888,0.7941299872193219,0.37563387081473654,0.20574236413766964,0.0004453874244747717,0.0001276486430084381
1320.0,4,rectifying_volume_3,tray,151.6188028022701,221.51246274358593,33.351301664825506,12.592307954192535,5314.247018541758,7960.078537661257,0.5113776440238966,0.7048805911138919,0.4876294766477705,0.29480140501892865,0.000992879328333037,0.0003180038671795027
1320.0,5,rectifying_volume_4,tray,159.6506687081941,221.5617769349368,32.77248815087896,12.436116971970051,5256.867732880142,7834.70958644418,0.43079186068210973,0.629805932206978,0.567236480534467,0.36950650198943613,0.0019716587834234223,0.000687565803585968
1320.0,6,rectifying_volume_5,tray,165.117708742298,221.6114242053641,32.375098684791425,12.341683957975986,5232.210488995982,7777.253012348865,0.3792144871005324,0.5761810804814917,0.6171353231610855,0.4224716130315414,0.003650189738381918,0.0013473064869668353
1320.0,7,rectifying_volume_6,tray,168.60086922565748,221.66141683711336,32.160150547510916,12.282797431269007,5218.2424075056,7752.527901187489,0.3481713699158389,0.5418107721711678,0.6453447726781771,0.45571042611121415,0.006483857405984052,0.0024788017176180484
1320.0,8,rectifying_volume_7,tray,170.83097713302539,221.71164930750257,32.02054312542988,12.245463881078635,5203.854768582367,7738.498566283345,0.3298796452690265,0.5211531283730245,0.6588821789788415,0.47445845662032204,0.011238175752131974,0.004388415006653472
1320.0,9,rectifying_volume_8,tray,172.41620749686322,221.7619604804237,31.87005235392053,12.220285213317474,5182.411866302915,7724.053482405566,0.31882474015009266,0.5091374263294356,0.6619972372816043,0.4832737117689063,0.01917802256830302,0.007588861901658083
1320.0,10,rectifying_volume_9,tray,173.8280354533305,221.81220179278384,31.666887936478883,12.198201836533267,5147.56705193883,7702.554920421693,0.3114053353515956,0.5021866289320096,0.6562488367885088,0.4848909693816783,0.032345827859895565,0.012922401686312151
1320.0,11,rectifying_volume_10,tray,175.47304559853802,221.86226789555656,31.394770074875364,12.169138778033494,5091.042910547673,7667.655175544094,0.3052089199008319,0.4980287466133657,0.640874893637049,0.48023534558233405,0.05391618646211916,0.021735907804300243
1320.0,12,feed_tray,tray,177.78140718232632,221.9372474226585,45.87617390013202,10.951434860026986,12232.934795241445,7611.076863562438,0.29842543233953367,0.49526080810454326,0.6131005650661545,0.4686517480922866,0.08847400259431182,0.03608744380317028
1320.0,13,stripping_volume_1,tray,181.26118686461515,222.01289535995045,45.68426150925654,10.898231751856413,12253.693182967434,7609.9267368238825,0.26996378261624077,0.4579746649674357,0.6402062261856863,0.5040725678064122,0.08982999119807285,0.03795276722615216
1320.0,14,stripping_volume_2,tray,185.4354658673527,222.0895841419177,45.50771905099903,10.83327443045759,12290.685522659542,7630.612106533829,0.23659794209719842,0.41182055214989,0.6719862309671387,0.5479097738770845,0.09141582693566291,0.040269673973025576
1320.0,15,stripping_volume_3,tray,190.1752667665587,222.16753775363512,45.3011608843513,10.764509101717874,12347.536416332325,7667.528093772273,0.1997347489470105,0.35763403084036727,0.7069933555576768,0.5993130076703718,0.09327189549531253,0.04305296148926086
1320.0,16,stripping_volume_4,tray,195.24714098271397,222.23708996785575,53.47155679549404,12.14183070171579,12422.934872441409,7724.301525726115,0.16151948349669276,0.29779600449854365,0.742816743809764,0.6558257696941261,0.09566377269354313,0.04637822580733028
1320.0,17,stripping_volume_5,tray,200.39758026025305,222.30801732928458,53.17261720946867,12.068721386056353,12508.9010383388,7799.613373138014,0.1243632306666295,0.2359566021495609,0.7761211715574883,0.7133992508951449,0.09951559777588208,0.05064414695529417
1320.0,18,stripping_volume_6,tray,205.48423673040085,222.3809263403432,53.204371309846096,11.971080164225873,12586.835449416161,7885.495468422084,0.09034258999214222,0.17618254028897337,0.802208625120529,0.7665692426765678,0.10744878488732877,0.057248217034458794
1320.0,19,stripping_volume_7,tray,210.70540630567655,222.45518403378497,52.768744772657556,11.903282437978444,12622.483512296007,7963.348609506075,0.06077858950391616,0.12188593691777581,0.8130594330015262,0.8079097069613871,0.12616197749455765,0.07020435612083695
1320.0,20,combined_reboiler_sump,reboiler_sump,216.9704868451929,222.4804811071269,757.9020282173199,77.37359295592226,,7998.917661641117,0.036167750135623705,0.0750813496915919,0.7923701743079806,0.8250146160548559,0.17146207555639564,0.0999040342535523
1380.0,1,reflux_drum,reflux_drum,120.74273606938748,221.35201399239705,1654.067041762598,119.62008771574462,,,0.880120122685134,0.9462537122231847,0.11983793002528172,0.053736626989679764,4.19472895844138e-05,9.66078713556207e-06
1380.0,2,rectifying_volume_1,tray,130.2061831395808,221.39957050732437,38.01495714272338,49.49754333410666,5660.119330692322,8473.64987248017,0.7559684849037541,0.879996978530773,0.24386590604750238,0.11996086992660795,0.0001656090487435235,4.215154261898187e-05
1380.0,3,rectifying_volume_2,tray,141.2632520480506,221.44874703489037,34.282326874219855,12.810117094340198,5439.437564303398,8181.03210411574,0.6238298071535141,0.7940690820714701,0.37572440916764627,0.2058031504044534,0.00044578367883967176,0.00012776752407657802
1380.0,4,rectifying_volume_3,tray,151.6220530026158,221.49777456914887,33.35096040143289,12.591212258466244,5314.187921668435,7960.262881706635,0.5112821699031576,0.7048034636553094,0.48772415453105983,0.2948782594644516,0.0009936755657825895,0.00031827688023893734
1380.0,5,rectifying_volume_4,tray,159.65321029186674,221.54709332190907,32.77226586333164,12.435059732302426,5256.838223377761,7834.927975731447,0.4307087079144963,0.6297296147240528,0.5673182757840141,0.3695823110397847,0.001973016301489591,0.0006880742361625269
1380.0,6,rectifying_volume_5,tray,165.11882527479983,221.59674520994056,32.37499048890303,12.340667629457906,5232.194428986045,7777.50227925455,0.3791479682605483,0.5761156055334642,0.6171997435567427,0.42253626365256586,0.0036522881827091664,0.00134813081397002
1380.0,7,rectifying_volume_6,tray,168.60061375730328,221.64674237950808,32.160119892072196,12.281813682210133,5218.227615535116,7752.79163711872,0.34811922449640587,0.5417580836065142,0.6453938831750435,0.4557618971150832,0.006486892328550637,0.002480019278402457
1380.0,8,rectifying_volume_7,tray,170.8296828812187,221.69697924644618,32.020554653009356,12.244503050033886,5203.834908213433,7738.764554049594,0.32983797736456016,0.5211111404020395,0.6589197007001951,0.4744987706687307,0.01124232193524476,0.004390088929229765
1380.0,9,rectifying_volume_8,tray,172.41421096614627,221.747294664357,31.870080927256467,12.219339862051632,5182.384422409998,7724.315564985817,0.3187901310480781,0.5091031876987778,0.662026530824668,0.4833058071032576,0.019183338127253976,0.007591005197964543
1380.0,10,rectifying_volume_9,tray,173.82557578497008,221.79754008157894,31.666920608373196,12.197267636753718,5147.5320919510405,7702.810904430106,0.3113753771287845,0.5021576545011859,0.65627255772125,0.4849174445701427,0.03235206514996548,0.012924900928671351
1380.0,11,rectifying_volume_10,tray,175.47023736625687,221.84761016810273,31.394807326793213,12.16821475106389,5091.003045849227,7667.905492286672,0.3051821840254541,0.4980033137705344,0.6408953380719433,0.48025829657886404,0.053922477902602566,0.021738389650601552
1380.0,12,feed_tray,tray,177.77822917284757,221.92259307119963,45.875822992674976,10.950654903416861,12232.63372747436,7611.324368863253,0.2984013244949425,0.4952378754924918,0.6131202217056337,0.46867304360464196,0.08847845379942373,0.0360890809028664
1380.0,13,stripping_volume_1,tray,181.2591942653378,221.99824285812068,45.68384393735966,10.897437855875735,12253.396004691962,7609.913597360168,0.2699305411651616,0.457937783663201,0.6402344052679321,0.5041070060628801,0.08983505356690641,0.037955210273919064
1380.0,14,stripping_volume_2,tray,185.4344979616745,222.07493378089882,45.50725665879595,10.83247151525508,12290.3977428289,7630.603767940888,0.23655743806243285,0.41177040287514843,0.6720211515744418,0.5479566885157573,0.09142141036312541,0.04027290860909426
1380.0,15,stripping_volume_3,tray,190.17494555641446,222.1528898199181,45.30068217819249,10.763704666777747,12347.259298383784,7667.530281610832,0.1996904615788953,0.3575739108689485,0.707031656368844,0.599369222095392,0.09327788205226072,0.043056867035659516
1380.0,16,stripping_volume_4,tray,195.24692777142602,222.22244395983765,53.47102945010103,12.140925282802815,12422.660609726983,7724.315584554813,0.16147582544968028,0.2977317395628343,0.7428540733581238,0.6558856511587579,0.09567010119219597,0.046382609278407844
1380.0,17,stripping_volume_5,tray,200.39690122150608,222.29337325205643,53.17211485266378,12.06783318353707,12508.61631299637,7799.6318627553555,0.12432450144184412,0.23589543236100766,0.7761531799273327,0.7134557545197776,0.09952231863082306,0.05064881311921468
1380.0,18,stripping_volume_6,tray,205.4826439957457,222.3662840122702,53.203890598390146,11.97021734593912,12586.523518740974,7885.505050656844,0.09031191180715499,0.176131126124713,0.8022318963479588,0.7666157559012211,0.10745619184488629,0.057253117974065924
1380.0,19,stripping_volume_7,tray,210.70267781135658,222.4405430929121,52.76827727302201,11.902443640806178,12622.129488558701,7963.332573486757,0.06075744989138998,0.12184875162548625,0.8130717672588959,0.8079415104112069,0.12617078284971422,0.07020973796330678
1380.0,20,combined_reboiler_sump,reboiler_sump,216.96666003641528,222.4658419183672,757.916954048775,77.36708439909715,,7998.861061751677,0.036156112262872006,0.0750601071270746,0.7923700017655205,0.8250292040675541,0.1714738859716074,0.0999106888053712
1440.0,1,reflux_drum,reflux_drum,120.73824456364625,221.33673602277852,1652.0874691275947,119.75738010427968,,,0.8801039047746633,0.9462473720719498,0.11985412748198249,0.0537429628102744,4.1967743354245197e-05,9.665117775929212e-06
1440.0,2,rectifying_volume_1,tray,130.20499532424864,221.3842961834046,38.01485679261509,49.493335461041475,5660.046376626584,8473.812637317267,0.7559098624476376,0.8799658768942317,0.24392439318337417,0.11999193709526872,0.000165744368988382,4.218601049965757e-05
1440.0,3,rectifying_volume_2,tray,141.2648556244958,221.43347629678982,34.282028757119946,12.808982753857387,5439.360170371842,8181.120081906041,0.6237429791514696,0.7940113124424132,0.37581087572096766,0.20586081183736196,0.00044614512756270357,0.00012787572022483708
1440.0,4,rectifying_volume_3,tray,151.6246569986053,221.48250761684963,33.35068983648194,12.59008769087956,5314.142734620011,7960.349697977945,0.5111909754881827,0.7047302705980947,0.4878146301000561,0.294951206183625,0.0009943944117614136,0.00031852321828028374
1440.0,5,rectifying_volume_4,tray,159.65517101661334,221.53183037589804,32.772109128400764,12.433971678336487,5256.8223815507545,7835.050361935096,0.4306288674318305,0.6296568293231918,0.5673969029698659,0.36965464177625573,0.0019742295983036138,0.0006885289005524809
1440.0,6,rectifying_volume_5,tray,165.11945849021342,221.58148634661785,32.37494408648036,12.339618206363179,5232.192879433097,7777.656860139183,0.37908365155746476,0.57605275490404,0.617262206203693,0.42259838540514727,0.003654142238842167,0.0013488596908127189
1440.0,7,rectifying_volume_6,tray,168.59995081936992,221.63148754685562,32.160150992437984,12.280795151553855,5218.229019548717,7752.962909438726,0.3480684632084789,0.541707193267126,0.6454419979295534,0.45581172580212237,0.006489538861967747,0.0024810809307517483
1440.0,8,rectifying_volume_7,tray,170.8280214206887,221.68172833393362,32.02063118793945,12.243506452214515,5203.833396066095,7738.941009993235,0.3297972253753799,0.5210704184900924,0.6589568888684683,0.4745380569358084,0.011245885756151824,0.004391524574099188
1440.0,9,rectifying_volume_8,tray,172.4118571457531,221.73204755117686,31.87017988357679,12.218358304135329,5182.377672300604,7724.491427964816,0.3187562421611068,0.5090699655242726,0.6620559180389343,0.4833372252805846,0.01918783979995895,0.00759280919514271
1440.0,10,rectifying_volume_9,tray,173.82275042561952,221.7822966571102,31.667029590619023,12.19629710896978,5147.520053839968,7702.984122717331,0.3113461156879661,0.5021296499804262,0.6562966030876333,0.4849433872033184,0.032357281224400763,0.012926962816255381
1440.0,11,rectifying_volume_10,tray,175.4670539187461,221.83237033832296,31.394924868668657,12.167254273606618,5090.987644646025,7668.076347736016,0.30515619587278214,0.49797892826549023,0.6409160692950132,0.4802806686331695,0.053927734832204546,0.021740403101340396
1440.0,12,feed_tray,tray,177.77469303383901,221.90735619846888,45.87552416887499,10.949844261998786,12232.348361970993,7611.49500419222,0.29837798124654297,0.4952161282469101,0.6131395991861034,0.468693437150772,0.08848241956735359,0.036090434602317936
1440.0,13,stripping_volume_1,tray,181.2567784545094,221.98300735105067,45.68348424862499,10.896614101602236,12253.115509352461,7609.8162532223105,0.2698985669896331,0.45790281309769043,0.6402618259433976,0.5041398609545731,0.08983960706696925,0.03795732594773648
1440.0,14,stripping_volume_2,tray,185.43306455570408,222.05969993434798,45.506855846090325,10.831639154789372,12290.127295719138,7630.513718259811,0.2365184932150175,0.41172267846800464,0.6720550356644492,0.5480015413834018,0.09142647112053333,0.04027578014859339
1440.0,15,stripping_volume_3,tray,190.1741487451481,222.137657926706,45.30026670200153,10.762870648186395,12347.000214110572,7667.452979306211,0.19964775569540927,0.3575163853621314,0.7070689037361104,0.5994232276901837,0.09328334056848037,0.04306038694768484
1440.0,16,stripping_volume_4,tray,195.24626501829587,222.20721365430936,53.47057775910125,12.13998545050881,12422.406002874059,7724.252443987731,0.16143349420332542,0.297669799377129,0.7428906064863336,0.6559436009509744,0.095675899310341,0.04638659967189652
1440.0,17,stripping_volume_5,tray,200.39582521353137,222.27814456477873,53.171688600273754,12.066909335919489,12508.353764933852,7799.57653935543,0.12428665944957319,0.23583594176860193,0.776184840995948,0.7135109712441129,0.09952849955447886,0.05065308698728525
1440.0,18,stripping_volume_6,tray,205.48072487269866,222.35105679915117,53.2034873880106,11.969317504769364,12586.237238757607,7885.445053129368,0.09028157635816252,0.17608045841732914,0.802255367206274,0.766661901339558,0.10746305643556349,0.057257640243112695
1440.0,19,stripping_volume_7,tray,210.69970686316907,222.42531703971153,52.767887483277605,11.901566259684113,12621.8049523542,7963.252082295624,0.06073608371793942,0.12181122768959093,0.8130847617693003,0.8079739463587251,0.12617915451276013,0.07021482595168388
1440.0,20,combined_reboiler_sump,reboiler_sump,216.96270329219436,222.45061733064213,757.9328208279532,77.3602849252201,,7998.745449047212,0.036143715594111926,0.07503741010969896,0.7923704311163531,0.8250451355464724,0.17148585328953503,0.09991745434382844
1500.0,1,reflux_drum,reflux_drum,120.73377064036067,221.32122601060775,1649.9960217437367,119.90267422013035,,,0.880086258829405,0.9462403609549193,0.11987175180429868,0.05374996932488344,4.198936629618126e-05,9.669720197319889e-06
1500.0,2,rectifying_volume_1,tray,130.20348102633727,221.36878910172933,38.01480742695062,49.489092928627045,5659.985110052016,8473.856653157096,0.755854220257964,0.8799365640064352,0.24397991257530013,0.12002121884070482,0.00016586716673581297,4.2217152860034634e-05
1500.0,3,rectifying_volume_2,tray,141.26585984330112,221.4179721569475,34.28180382630605,12.807844014799088,5439.298069022779,8181.106540649313,0.6236619182849211,0.7939577678828732,0.3758916162365681,0.2059142607599271,0.00044646547851076796,0.0001279713571996497
1500.0,4,rectifying_volume_3,tray,151.62658602748846,221.46700663325086,33.350493113554755,12.588959066915487,5314.1119705954825,7960.340259393095,0.5111058067743696,0.7046623945455585,0.48789916966580177,0.29501886678508116,0.0009950235598287097,0.0003187386693603725
1500.0,5,rectifying_volume_4,tray,159.65653339951146,221.51633277665726,32.77201891695612,12.432876925881265,5256.82012751117,7835.077233717711,0.43055388167913594,0.6295889621672388,0.5674708400470504,0.36972211568403246,0.001975278273813688,0.0006889221487288129
1500.0,6,rectifying_volume_5,tray,165.119615200291,221.56599222612658,32.37495830639557,12.338559076600657,5232.20544370596,7777.71653777982,0.3790227949030827,0.5759937384410468,0.6173214837062762,0.4226567804370817,0.003655721390641206,0.0013494811218713978
1500.0,7,rectifying_volume_6,tray,168.59891145424473,221.61599688105326,32.16024109811546,12.279764642932948,5218.246112908968,7753.041086677387,0.3480200914428583,0.5416590914154834,0.6454881540359283,0.4558589388997532,0.0064917545212133795,0.002481969684763462
1500.0,8,rectifying_volume_7,tray,170.8260429412853,221.66624104432364,32.02076896097947,12.242496471035016,5203.849721685947,7739.027102651279,0.3297582046542029,0.5210317617291096,0.6589929837328341,0.47457553851949136,0.011248811612963157,0.004392699751399155
1500.0,9,rectifying_volume_8,tray,172.40920998817833,221.71656354920654,31.87034484493308,12.217362628237328,5182.391143766679,7724.580146276145,0.3187237552018347,0.5090384141243163,0.6620847853268284,0.4833673387128657,0.019191459471336877,0.007594247162817986
1500.0,10,rectifying_volume_9,tray,173.81963312229806,221.7668158630002,31.66721013551194,12.195312119354247,5147.530508650527,7703.073593839971,0.3113181396478126,0.5021031654869664,0.6563204611323687,0.48496827625694056,0.032361399219818565,0.012928558256093002
1500.0,11,rectifying_volume_10,tray,175.4635765357535,221.81689268621332,31.39511767270944,12.166279008087031,5090.996303027885,7668.166702172121,0.30513147622206815,0.49795606473394677,0.64093664426137,0.48030201427826213,0.05393187951656187,0.021741920987791187
1500.0,12,feed_tray,tray,177.77088669925922,221.89188103534093,45.87528218206523,10.949021218169001,12232.084347280372,7611.587648701153,0.2983558690850574,0.49519598332323983,0.6131582995859556,0.4687125310376562,0.08848583132898703,0.03609148563910389
1500.0,13,stripping_volume_1,tray,181.254005979559,221.9675330566953,45.683188290239556,10.895779017731973,12252.857215418375,7609.639542664524,0.26986849122217693,0.45787042426112756,0.6402879372416953,0.5041704953497692,0.08984357153612776,0.03795908038910313
1500.0,14,stripping_volume_2,tray,185.43121304764426,222.0442268009996,45.50652320431383,10.830796041316448,12289.879472989744,7630.346560150866,0.23648187469233367,0.41167830010522277,0.6720872063870177,0.5480434598288861,0.09143091892064865,0.04027824006589104
1500.0,15,stripping_volume_3,tray,190.1729108694649,222.12218624719307,45.29992130076796,10.762025772884293,12346.764201265532,7667.3004494942425,0.1996074753403047,0.35746257400928977,0.7071043518966488,0.5994739660420332,0.0932881727630465,0.04306345994867704
1500.0,16,stripping_volume_4,tray,195.24518381349492,222.19174320234262,53.47020892273432,12.139032340124608,12422.175952745412,7724.115996820356,0.1613933327445237,0.29761140278711673,0.7429256052067125,0.6559984708947311,0.0956810620487639,0.046390126318152175
1500.0,17,stripping_volume_5,tray,200.39439050050763,222.262675395003,53.171345103584095,12.065970678190986,12508.118390342332,7799.451025255581,0.12425046650656514,0.2357793166017884,0.776215505084763,0.7135637910790721,0.09953402840867184,0.0506568923191395
1500.0,18,stripping_volume_6,tray,205.47853322405123,222.33558880690208,53.20316779986882,11.968401010899825,12585.981999404976,7885.319062877443,0.09025220478033295,0.17603156689122507,0.8022785417964078,0.7667067303839987,0.10746925342325925,0.057261702724776334
1500.0,19,stripping_volume_7,tray,210.6965669089368,222.40984996356994,52.76758121535882,11.900670239049175,12621.515973689835,7963.110988256503,0.06071494195273033,0.12177415331183342,0.8130981233555037,0.8080063205980229,0.12618693469176606,0.07021952609014367
1500.0,20,combined_reboiler_sump,reboiler_sump,216.95870751246383,222.43515141166318,757.9492529277788,77.35334916655673,,7998.575230746766,0.03613084008765471,0.07501377165772245,0.7923714290224255,0.8250620356710242,0.17149773088991968,0.09992419267125335
