time_s,stage,volume,node_type,T_F,P_psia_hyd,ML_lbmol,MV_lbmol,L_out_used_lbmolph,V_out_lbmolph,x_n-Propane,y_n-Propane,x_n-Butane,y_n-Butane,x_n-Pentane,y_n-Pentane
0.25,1,reflux_drum,reflux_drum,120.47105214249656,220.6462452025091,1421.7168954761762,136.26098530236663,,,0.8802474693536301,0.9463869961979283,0.11971136329911765,0.053603546160855046,4.1167347252185524e-05,9.457641216639362e-06
0.25,2,rectifying_volume_1,tray,129.83944541279686,220.69376528458693,38.04691774065398,49.33399633013139,5662.785301888509,8454.38425294734,0.7571789020259952,0.8808497207889961,0.2426613090055251,0.11910974306842492,0.0001597889684797009,4.053614257888508e-05
0.25,3,rectifying_volume_2,tray,140.82773001950733,220.74292100982322,34.31550546268709,12.769455631444954,5442.593372991001,8165.84152822911,0.6256133270860925,0.7955758654995209,0.3739567451907531,0.20430138128659997,0.0004299277231542485,0.00012275321387917695
0.25,4,rectifying_volume_3,tray,151.17242967881847,220.7919289052942,33.38268692943703,12.551042541506565,5316.84571222391,7945.895334344986,0.5129887812990528,0.7065641617173801,0.4860499096558175,0.29312907927101356,0.0009613090451296841,0.0003067590116063698
0.25,5,rectifying_volume_4,tray,159.22884674475426,220.84122993155106,32.80121941318635,12.394450359790527,5259.174164329038,7820.379265908091,0.4320122857233377,0.6313350424564157,0.5660714232020484,0.3679988596639024,0.0019162910746139017,0.0006660978796819975
0.25,6,rectifying_volume_5,tray,164.7302609393135,220.89087015150528,32.40200942575706,12.299400248108604,5234.656830695902,7762.921493351686,0.38002741672510193,0.5773874684726416,0.6164109010456175,0.42130149430349373,0.0035616822292805013,0.0013110372238647483
0.25,7,rectifying_volume_6,tray,168.24173762068344,220.94086471304118,32.186522403575275,12.240021679527832,5221.131932011173,7738.603087771123,0.3486752073801491,0.5427084491456418,0.6449733343840284,0.4548690845897934,0.006351458235822462,0.0024224662645648256
0.25,8,rectifying_volume_7,tray,170.49028199884506,220.99110902335946,32.04737293989669,12.20236837237004,5207.344216264151,7725.266303510113,0.33018036044670734,0.5218217759319578,0.6587678241300964,0.4738716500155783,0.011051815423196163,0.004306574052463897
0.25,9,rectifying_volume_8,tray,172.08572263049558,221.04144177940404,31.897905716381754,12.177004562618555,5186.5564419036255,7711.659705553429,0.31900156937401974,0.5096555103951973,0.6620641146853317,0.4828666611892577,0.018934315940648518,0.007477828415544936
0.25,10,rectifying_volume_9,tray,173.5029486294223,221.0917137907746,31.695833528777744,12.154822346697593,5152.322860688114,7691.049589051227,0.3115075917116718,0.5026117229775485,0.6564307330699846,0.4846032055143891,0.03206167521834361,0.012785071508062454
0.25,11,rectifying_volume_10,tray,175.1530876720452,221.14181870572037,31.42418642940911,12.125687551621821,5096.212903024504,7656.993766999283,0.3052591490037663,0.4983980364169514,0.6410851469468724,0.48000991513393154,0.05365570404936134,0.021592048449116996
0.25,12,feed_tray,tray,177.47309966645722,221.2168068870133,45.88309843557032,10.914674976058164,12225.817412300084,7601.065559511047,0.29841925815533393,0.4955961272580229,0.613186757743533,0.4684107690631984,0.08839398410113297,0.03599310367877883
0.25,13,stripping_volume_1,tray,180.9348959315428,221.2923791233531,45.69291432483038,10.861815186933429,12246.864292450027,7587.971446334146,0.27009650447094874,0.45849198579332817,0.640163393759707,0.5036624986088726,0.08974010176934416,0.03784551559779926
0.25,14,stripping_volume_2,tray,185.09597757773508,221.3689946524759,45.51762425405016,10.79713544366146,12284.041773240106,7609.292107980596,0.23682445668006621,0.4124719832883644,0.6718581349367821,0.5473772480318694,0.09131740838315168,0.040150768679766156
0.25,15,stripping_volume_3,tray,189.82988607046707,221.44687831146845,45.31185028646909,10.728517769246821,12341.055434475262,7646.742551315329,0.19999361696764795,0.35833655876555404,0.7068407040057213,0.5987387697529047,0.09316567902663085,0.04292467148154112
0.25,16,stripping_volume_4,tray,194.90402144956417,221.51637791364138,53.487274696277595,12.100916293762918,12416.84087241518,7704.029597896873,0.16174769082997442,0.2984448841515135,0.7427041462538686,0.6553126613922952,0.095548162916157,0.04624245445619144
0.25,17,stripping_volume_5,tray,200.06309267752098,221.5872606055566,53.18898647104523,12.027681971942979,12503.377411573903,7780.11062907998,0.12451503554855765,0.236456416622393,0.7760991651495032,0.7130432811667543,0.09938579930193915,0.050500302210852596
0.25,18,stripping_volume_6,tray,205.16164505537003,221.6601354502396,53.221514735142485,11.930002506722715,12582.081454670584,7866.946446984034,0.09039676046540247,0.17647130352919033,0.8023027425999589,0.76643556236578,0.10730049693463863,0.05709313410502975
0.25,19,stripping_volume_7,tray,210.39553728983876,221.73437147996702,52.786572658957326,11.86204221437363,12618.571050611034,7945.9555525477845,0.06073718238333791,0.12194680744322034,0.813251628474292,0.8080118053488641,0.12601118914237025,0.07004138720791547
0.25,20,combined_reboiler_sump,reboiler_sump,216.67637185641337,221.75966016432193,756.6086578231839,77.25360893799369,,7982.759349289787,0.036048094977932196,0.07493439230596947,0.7925422309037502,0.8252836145079505,0.1714096741183177,0.09978199318607989
30.0,1,reflux_drum,reflux_drum,120.48317624288607,220.68608527285778,1424.7687105869745,136.06244695290718,,,0.8802845973034076,0.9464009978739805,0.11967426935859579,0.05358955128993024,4.1133337996734205e-05,9.450836089148403e-06
30.0,2,rectifying_volume_1,tray,129.85027012064467,220.73359588754843,38.0461959103456,49.34420509869308,5662.79325656501,8453.837834682583,0.7572350684664998,0.8808742356391482,0.2426051712675348,0.11908523222475549,0.00015976026596531293,4.053213609614759e-05
30.0,3,rectifying_volume_2,tray,140.83774693424266,220.78274193633402,34.314906764310045,12.772090206961286,5442.579465463215,8165.294126438263,0.6256786897768203,0.795610254617713,0.37389137967619857,0.20426698414438482,0.00042993054698119273,0.00012276123790229255
30.0,4,rectifying_volume_3,tray,151.18270899631742,220.83173995644802,33.38201401387589,12.553624443443224,5316.798898872831,7945.3272272607355,0.51304961710739,0.7066010621488588,0.48598897955772136,0.2930921333520562,0.000961403334888549,0.0003068044990850841
30.0,5,rectifying_volume_4,tray,159.24017769368956,220.8810308786045,32.80043923160747,12.396979525093725,5259.103356157302,7819.7771122046215,0.4320612525731154,0.6313661758904743,0.5660221703275272,0.36796759144788016,0.0019165770993573787,0.0006662326616455804
30.0,6,rectifying_volume_5,tray,164.742852853292,220.93066084475333,32.4011371196392,12.30188823085373,5234.573967996637,7762.291233403187,0.38006381307140114,0.5774087698254229,0.61637389316138,0.4212798881224041,0.003562293767218717,0.0013113420521729956
30.0,7,rectifying_volume_6,tray,168.25542782661438,220.98064508091687,32.18558328574709,12.242479481818837,5221.044703825765,7737.954184228154,0.3487014300642147,0.5427200662441296,0.6449460348449867,0.45485689037581717,0.006352535090798585,0.0024230433800531298
30.0,8,rectifying_volume_7,tray,170.5047828172765,221.0308790367206,32.04639197922392,12.204804932912715,5207.25669782964,7724.604664999285,0.3301994702409769,0.5218259204401329,0.6587470969496747,0.47386655321410215,0.011053432809348385,0.004307526345764998
30.0,9,rectifying_volume_8,tray,172.1007396573713,221.08120142391317,31.89690693876638,12.179426538021577,5186.471319316426,7710.988179914254,0.3190163867765499,0.5096549058056971,0.6620472691740154,0.48286587731021674,0.01893634404943473,0.00747921688408617
30.0,10,rectifying_volume_9,tray,173.51820878976554,221.13146305619145,31.6948422172065,12.157234182703402,5152.243102188097,7690.369971105439,0.3115205326852264,0.5026089437050871,0.6564159016055696,0.4846042079362043,0.03206356570920407,0.01278684835870853
30.0,11,rectifying_volume_10,tray,175.16833498609898,221.18155758787324,31.423231083678104,12.128091489446232,5096.142555091525,7656.308194093538,0.3052722680689589,0.4983953049448684,0.6410714454590848,0.4800107031183603,0.05365628647195626,0.021593991936771258
30.0,12,feed_tray,tray,177.48810013154036,221.25653713156234,45.88329671152673,10.916705031009952,12226.452390115228,7600.376906464012,0.29843425149439906,0.4955952544876522,0.6131741801986111,0.46840989213324996,0.08839156830698987,0.03599485337909782
30.0,13,stripping_volume_1,tray,180.94998067989374,221.33210543949744,45.693111252405245,10.863835159844871,12247.504360248291,7587.976876325291,0.2701107615676724,0.458491379618592,0.6401514739789085,0.5036613134097773,0.08973776445341913,0.037847306971630815
30.0,14,stripping_volume_2,tray,185.11108083714566,221.408716882235,45.51782356583637,10.799144674441603,12284.687739681196,7609.291853934162,0.23683842686805215,0.4124727368774658,0.671846476274753,0.5473747196826534,0.09131509685719487,0.04015254343988087
30.0,15,stripping_volume_3,tray,189.84489604207215,221.4865962325108,45.31205647495724,10.73051784847191,12341.707906555881,7646.737092769165,0.20000802546270482,0.3583404092426736,0.7068286645283687,0.5987332600407403,0.09316331000892647,0.04292633071658595
30.0,16,stripping_volume_4,tray,194.9188490238607,221.55609269557633,53.4873858395804,12.103181525036183,12417.499143601155,7704.018212349329,0.1617629965240679,0.2984533844076419,0.742691404528461,0.6553027376874004,0.09554559894747115,0.046243877904957625
30.0,17,stripping_volume_5,tray,200.07764129119622,221.62697195668687,53.18911948454583,12.029940688452395,12504.044460929757,7780.089509795601,0.12453165365563555,0.2364710715795533,0.7760856368593086,0.713027649840241,0.09938270948505576,0.05050127858020571
30.0,18,stripping_volume_6,tray,205.1759516036176,221.69984308958075,53.221693809340294,11.932245870267714,12582.766204635283,7866.915015100603,0.09041396790458643,0.17649139679600584,0.8022899972366461,0.7664153252600485,0.10729603485876756,0.05709327794394568
30.0,19,stripping_volume_7,tray,210.40972509842038,221.77407520667995,52.78682144804532,11.864275117550424,12619.290660137003,7945.918692626369,0.06075327555890219,0.12196923810780991,0.8132434823029293,0.8079910171535718,0.12600324213816846,0.07003974473861815
30.0,20,combined_reboiler_sump,reboiler_sump,216.6905362457157,221.79935833230323,757.3354983611875,77.20471404167893,,7982.730365073638,0.03606080270470208,0.0749543428851595,0.7925454164082502,0.8252692897855676,0.17139378088704782,0.09977636732927296
60.0,1,reflux_drum,reflux_drum,120.49516543472537,220.72557966314497,1427.9565964034284,135.8536688989253,,,0.8803217823237821,0.9464150642145371,0.11963711730986804,0.05357549152918825,4.110036634981048e-05,9.444256274458809e-06
60.0,2,rectifying_volume_1,tray,129.8606855676228,220.77308039269943,38.04551132688285,49.35435724857837,5662.804789440831,8453.222992867753,0.7572946943138612,0.8809008424666465,0.24254557299701948,0.11905862928361584,0.00015973268911930675,4.052824973781866e-05
60.0,3,rectifying_volume_2,tray,140.84718508727573,220.82221629230528,34.31434325054963,12.774714438807434,5442.566009160876,8164.676330919078,0.6257490745222674,0.7956483668517595,0.3738209911290305,0.20422886431878637,0.00042993434870189714,0.00012276882945415148
60.0,4,rectifying_volume_3,tray,151.19241802541777,220.87120391608568,33.381358906979905,12.556195789722649,5316.746238699883,7944.685153950851,0.5131149251986192,0.7066419828596332,0.4859235782697498,0.29305116920959134,0.0009614965316309922,0.0003068479307755655
60.0,5,rectifying_volume_4,tray,159.25104821586575,220.92048416105322,32.79965499791145,12.399496224985905,5259.020580775026,7819.094871465066,0.4321133086449702,0.6314005409273873,0.5659698408897132,0.36793309886458847,0.0019168504653163583,0.0006663602080242727
60.0,6,rectifying_volume_5,tray,164.7550870293644,220.9701032528483,32.40024201667888,12.304362459169099,5234.473809766597,7761.575503463164,0.38010218092165515,0.5774323745258054,0.6163349614538401,0.42125600017330966,0.0035628576245046867,0.001311625300884889
60.0,7,rectifying_volume_6,tray,168.26880490728735,221.02007649617303,32.184606942158524,12.244923574220543,5220.935215845623,7737.215638506684,0.3487291283431331,0.5427335268499216,0.6449173837903344,0.45484290610150957,0.006353487866532496,0.002423567048568783
60.0,8,rectifying_volume_7,tray,170.51895614043875,221.07029937967772,32.04536275166416,12.207228965562674,5207.142009988339,7723.849881441204,0.33022010453680545,0.5218320037648316,0.6587251018554588,0.4738596287778725,0.011054793607735633,0.004308367457295739
60.0,9,rectifying_volume_8,tray,172.11537526180336,221.1206106264283,31.895850875354522,12.181837873487227,5186.3540534325,7710.220276628819,0.3190331149167523,0.5096567201129499,0.6620289527499514,0.4828628712481923,0.018937932333296346,0.007480408638857712
60.0,10,rectifying_volume_9,tray,173.53301829182922,221.1708610523204,31.69378482231778,12.15963752218102,5152.126020745071,7689.59081512683,0.31153589765536727,0.5026092282757684,0.6563992619996712,0.4846024397269481,0.03206484034496149,0.012788331997283487
60.0,11,rectifying_volume_10,tray,175.1830732436101,221.22094431679926,31.422198416854897,12.130488848736887,5096.029162224907,7655.519789287699,0.3052882670191618,0.4983962594680535,0.6410554912891637,0.4800081509701592,0.05365624169167453,0.021595589561787237
60.0,12,feed_tray,tray,177.50257389045845,221.29591430635662,45.88342782060806,10.918730651713073,12227.031373866641,7599.58164098288,0.29845236106114104,0.49559852815432337,0.6131586704920824,0.46840511160347753,0.0883889684467764,0.03599636024219908
60.0,13,stripping_volume_1,tray,180.9642983563476,221.37147760622497,45.69324134922217,10.865855265988356,12248.079878779214,7587.863611933652,0.2701300349656868,0.45849767957074655,0.640134773464529,0.5036535877881751,0.08973519156978425,0.03784873264107832
60.0,14,stripping_volume_2,tray,185.12521543309452,221.44808374865985,45.517950768635444,10.80115776698979,12285.258882720816,7609.165465119649,0.23685889943852523,0.41248291835600587,0.6718285729189858,0.5473632360423922,0.09131252764248891,0.04015384560160182
60.0,15,stripping_volume_3,tray,189.85882154275163,221.52595743885362,45.312178633265056,10.732523965163663,12342.274449253542,7646.596632857234,0.20002966366308275,0.35835539459053795,0.7068096428882314,0.5987171557980485,0.09316069344868584,0.042927449611413517
60.0,16,stripping_volume_4,tray,194.93259590357584,221.59544956214452,53.487390489670766,12.105453807825082,12418.060046028724,7703.862447825457,0.16178530567431468,0.2984733729978056,0.7426718793344435,0.6552818802857676,0.09554281499124183,0.04624474671642691
60.0,17,stripping_volume_5,tray,200.09123735231475,221.66632410905774,53.18911947442504,12.032205151279479,12504.605046254372,7779.915003753928,0.1245541290733251,0.2364959381339272,0.7760664690769015,0.7130023340359272,0.09937940184977337,0.050501727830145636
60.0,18,stripping_volume_6,tray,205.18953058370545,221.7391901951826,53.2217101981204,11.934492873026747,12583.33843401823,7866.723946073014,0.09043522807064977,0.17651896654545562,0.8022734573533671,0.7663880875888541,0.10729131457598305,0.05709294586569029
60.0,19,stripping_volume_7,tray,210.42346553804057,221.81341705015043,52.786879850731914,11.86650898237269,12619.894074662032,7945.719385827526,0.06077133224126272,0.12199550137883931,0.8132336094849356,0.8079667525478215,0.1259950582738017,0.07003774607333915
60.0,20,combined_reboiler_sump,reboiler_sump,216.70456433878184,221.83869363818854,757.9850172831993,77.16228620062903,,7982.538821205397,0.03607347742223463,0.0749742800099237,0.7925483683727923,0.8252548642109119,0.17137815420497304,0.09977085577916442
90.0,1,reflux_drum,reflux_drum,120.50684747086571,220.76422141980603,1431.2523118572103,135.63641241404105,,,0.8803588004413272,0.9464291376792645,0.11960013090049655,0.05356142438154316,4.1068658176339046e-05,9.437939192159595e-06
90.0,2,rectifying_volume_1,tray,129.87054449288956,220.81171214525685,38.04487524189512,49.36432379350877,5662.820376297329,8452.575138686278,0.7573571867595702,0.8809292997451982,0.24248310833300774,0.1190301761545584,0.00015970490742202453,4.0524100243482095e-05
90.0,3,rectifying_volume_2,tray,140.85589795075043,220.86083774403392,34.31382759643307,12.777295029310356,5442.554767396926,8164.0259750200885,0.6258238690912861,0.7956899205232791,0.3737461966786537,0.20418730500390625,0.000429934230060333,0.00012277447281463085
90.0,4,rectifying_volume_3,tray,151.2013803619482,220.9098147844787,33.38073950707368,12.55872428189556,5316.691060536119,7944.008283680566,0.51318440870152,0.7066868653508914,0.4858540139642834,0.2930062492949747,0.0009615773341966063,0.0003068853541338909
90.0,5,rectifying_volume_4,tray,159.26124284187105,220.95908412779104,32.79888993038469,12.40196904441378,5258.930541777413,7818.37331344502,0.4321685279629804,0.6314384321653034,0.5659143810752078,0.367895095294702,0.0019170909618119111,0.0006664725399946669
90.0,6,rectifying_volume_5,tray,164.76671863783466,221.00869208810056,32.399351665973,12.30679199135669,5234.362259735649,7760.816522101093,0.38014284922470415,0.5774588703986323,0.6162938068372051,0.421229255802015,0.0035633439380907354,0.0013118737993525987
90.0,7,rectifying_volume_6,tray,168.28161059977876,221.05865404982075,32.1836243007267,12.24732311625085,5220.8105087677795,7736.4309847925715,0.34875873577155503,0.542749561851825,0.6448869843098065,0.454826419095855,0.006354279918638431,0.002424019052320089
90.0,8,rectifying_volume_7,tray,170.53254486903612,221.10886553800424,32.044318748396115,12.209609455526788,5207.008305635274,7723.04676494417,0.3302426755758409,0.5218407498371703,0.6587014613385319,0.4738501736741915,0.011055863085627128,0.0043090764886381545
90.0,9,rectifying_volume_8,tray,172.1293847756498,221.15916528411304,31.894772837821293,12.184207191241766,5186.213866820273,7709.402073595023,0.3190520531320763,0.5096615543630256,0.6620088833289438,0.48285706049977567,0.018939063538979933,0.007481385137198732
90.0,10,rectifying_volume_9,tray,173.54715277932087,221.20940410449106,31.692697843334024,12.162000512802399,5151.981843016919,7688.759432355555,0.31155381193360615,0.5026129759839795,0.6563806709102034,0.48459751173487875,0.032065517156190555,0.012789512281141599
90.0,11,rectifying_volume_10,tray,175.19710231560987,221.25947566262323,31.421125833122478,12.132847285081283,5095.883918833888,7654.677051593194,0.30530706441723654,0.49840105080905317,0.6410373123004849,0.48000211006624965,0.05365562328227861,0.021596839124697176
90.0,12,feed_tray,tray,177.5163423798733,221.33443560925505,45.883509696932606,10.920724316517054,12227.558027582021,7598.7294559987195,0.29847329957634744,0.4956058322149517,0.6131404929652725,0.4683965645020771,0.08838620745837998,0.03599760328297128
90.0,13,stripping_volume_1,tray,180.9776812179819,221.40999321159825,45.693324607282165,10.867847739225745,12248.596040324572,7587.674249238838,0.27015394868623954,0.45851062595222003,0.6401136531496757,0.5036396011192763,0.08973239816408479,0.037849772928503785
90.0,14,stripping_volume_2,tray,185.13822253847033,221.48659325767366,45.51802835712697,10.803146754511765,12285.7620988807,7608.957417025143,0.23688543092328443,0.4125021317341908,0.6718048619651066,0.5473432122658282,0.09130970711160903,0.04015465599998108
90.0,15,stripping_volume_3,tray,189.87151001632273,221.56446038537575,45.31224210110802,10.734507989084097,12342.763780805064,7646.367651816961,0.20005804787541331,0.358381000793728,0.7067841233720912,0.5986909898226641,0.0931578287524955,0.042928009383607996
90.0,16,stripping_volume_4,tray,194.9451109749709,221.63394734411673,53.48732241950698,12.107701039490138,12418.534473138448,7703.610901384494,0.16181413781372514,0.29850427030265003,0.742646051856816,0.6552506860145397,0.09553981032945896,0.04624504368281026
90.0,17,stripping_volume_5,tray,200.10372828446324,221.7048163005022,53.18902405663844,12.034443112164752,12505.072026428978,7779.638178990631,0.124582015966362,0.23653041985917703,0.7760420870109169,0.7129679365514392,0.099375897022721,0.050501643589383756
90.0,18,stripping_volume_6,tray,205.20222158498325,221.77767644232836,53.221605087928474,11.936711273994423,12583.812469657434,7866.426654107772,0.09046018961348772,0.17655351374099626,0.8022533968773303,0.7663543285632007,0.10728641350918192,0.05709215769580299
90.0,19,stripping_volume_7,tray,210.43658065497124,221.8518971481684,52.786791607482016,11.868711660975203,12620.396387222525,7945.413004236261,0.060791172241637034,0.122025359997764,0.8132220270726845,0.8079391937666813,0.1259868006856785,0.07003544623555483
90.0,20,combined_reboiler_sump,reboiler_sump,216.71824311387965,221.87716664399395,758.5341480009132,77.12814596134564,,7982.241464002998,0.03608618402696842,0.07499440732072234,0.7925508563210328,0.8252401141312599,0.1713629596519988,0.09976547854801791
120.0,1,reflux_drum,reflux_drum,120.51818323827732,220.80192072196576,1434.6529944723568,135.4108378200651,,,0.8803957317250743,0.946443266159884,0.11956323014001903,0.0535473019766238,4.103813490656517e-05,9.431863492295822e-06
120.0,2,rectifying_volume_1,tray,129.87983340432154,220.84940151440384,38.04428902505375,49.374080600351625,5662.840211415761,8451.922059021781,0.7574222839475239,0.8809594726498986,0.2424180402436136,0.11900000794725164,0.0001596758088625427,4.051940284980155e-05
120.0,3,rectifying_volume_2,tray,140.86387639132099,220.89851686892138,34.31336320474805,12.779825512229275,5442.546925319145,8163.372727447703,0.6259027750050691,0.7957347276264607,0.3736672981794101,0.20414249516807867,0.0004299268155208274,0.00012277720546063003
120.0,4,rectifying_volume_3,tray,151.20956494965912,220.94748335815447,33.38016365046002,12.561203875949365,5316.635852538515,7943.327333981075,0.5132580147054729,0.7067356967947122,0.4857803467059315,0.2929573887805766,0.0009616385885955918,0.0003069144247112618
120.0,5,rectifying_volume_4,tray,159.27070123682327,220.99674180670766,32.79815638076051,12.404392369234051,5258.836928837046,7817.644460862624,0.4322271418584877,0.6314801167761563,0.5658555710668677,0.3678533178963562,0.0019172870746446912,0.0006665653274875184
120.0,6,rectifying_volume_5,tray,164.7776673379714,221.0463386223511,32.39848209152313,12.309171375069479,5234.244107122069,7760.047499983967,0.3801862247325353,0.5774887390771357,0.6162500367010535,0.42119917948100244,0.003563738566411138,0.0013120814418617077
120.0,7,rectifying_volume_6,tray,168.29375889686884,221.09628927108167,32.18265424814689,12.249672534556904,5220.676450860511,7735.634516211338,0.34879070089644565,0.5427687271269055,0.6448543991426977,0.4548068795702703,0.006354899960856873,0.0024243933028243
120.0,8,rectifying_volume_7,tray,170.54546985952283,221.14648931278128,32.04328106533942,12.21194049600094,5206.862534462895,7722.230664863613,0.3302675675406321,0.5218526576303267,0.6586757893832158,0.4738376910720658,0.011056643076152053,0.004309651297607528
120.0,9,rectifying_volume_8,tray,172.1427048073914,221.19677748510605,31.89369560387885,12.186528112578017,5186.058777145506,7708.569971107984,0.3190734509594774,0.5096697581438775,0.6619867826357613,0.48284808790766104,0.018939766404761398,0.0074821539484613815
120.0,10,rectifying_volume_9,tray,173.56056974732314,221.24700460334617,31.69160540503215,12.164316233365838,5151.8196340756385,7687.913256961785,0.31157435196826777,0.5026203336578968,0.6563599869068811,0.48458925503676814,0.03206566112485103,0.01279041130533495
120.0,11,rectifying_volume_10,tray,175.2104013653893,221.29706433393295,31.42003891090287,12.135159347181826,5095.716967249937,7653.818436109241,0.3053285543567349,0.4984096018849696,0.6410169306650808,0.47999262543481136,0.05365451497818434,0.02159777268021896
120.0,12,feed_tray,tray,177.52940059997857,221.3720140676834,45.88356067250133,10.922679518720855,12228.042339451511,7597.85988106758,0.29849680180195903,0.4956168708953896,0.6131198998903258,0.46838453705663485,0.08838329830771519,0.03599859204797561
120.0,13,stripping_volume_1,tray,180.9901448607729,221.4475656144734,45.6933809038102,10.86980559285167,12249.06445349432,7587.448378876837,0.2701820718750485,0.4585296803797943,0.6400885338715133,0.5036198748887262,0.08972939425343822,0.03785044473147945
120.0,14,stripping_volume_2,tray,185.1501344509218,221.52415912630468,45.51807840117152,10.805104241058617,12286.21084235235,7608.709062969129,0.236917465124754,0.4125296219346814,0.6717758949116938,0.5473153809857014,0.09130663996355218,0.040154997079617255
120.0,15,stripping_volume_3,tray,189.8830034500364,221.6020191763921,45.312271758640925,10.73646223029812,12343.191335270401,7646.093435211769,0.20009255966979286,0.35841632244454175,0.7067527257467939,0.598655642174552,0.09315471458341316,0.04292803538090615
120.0,16,stripping_volume_4,tray,194.9564357929624,221.67150047625236,53.48721337944795,12.10991431480598,12418.940119899182,7703.308896930055,0.1618488950626439,0.29854513764736357,0.7426145236152595,0.6552100676677103,0.09553658132209661,0.046244794684926226
120.0,17,stripping_volume_5,tray,200.11514641666056,221.7423633222673,53.18886934760454,12.036645570203012,12505.465099448147,7779.306624895072,0.12461480774173964,0.23657367070871022,0.7760129871909897,0.712925273024595,0.09937220506727067,0.05050105626669478
120.0,18,stripping_volume_6,tray,205.2140384769893,221.8152170027535,53.22141904732948,11.938892069682742,12584.20953723952,7866.072759702429,0.09048850977663837,0.17659443795409996,0.802230110460404,0.7663146051097383,0.1072813797629577,0.057090956936161806
120.0,19,stripping_volume_7,tray,210.44905657389788,221.8894310715655,52.78660100847661,11.870874277179727,12620.819805035342,7945.05076412082,0.06081267800770913,0.12205860881822575,0.8132087611138127,0.8079084918171963,0.12597856087847817,0.07003289936457804
120.0,20,combined_reboiler_sump,reboiler_sump,216.7315163884811,221.9146932609676,758.9741213785207,77.10302853272921,,7981.89061163319,0.0360990679204901,0.07501503124584201,0.7925527201550074,0.8252247555489639,0.17134821192450245,0.09976021320519422
150.0,1,reflux_drum,reflux_drum,120.52916009847915,220.8386564589378,1438.1559608512991,135.1771314129897,,,0.8804326438286488,0.9464574845544238,0.11952634745958787,0.05353308943689945,4.1008711763355656e-05,9.426008676768091e-06
150.0,2,rectifying_volume_1,tray,129.88857281762137,220.88612754522765,38.04375099033567,49.38361961978685,5662.8642019696035,8451.287463271507,0.7574896275662614,0.8809911559312228,0.24235072771664634,0.11896833007320003,0.00015964471709217055,4.051399557711462e-05
150.0,3,rectifying_volume_2,tray,140.8711532150869,220.93523288297166,34.31294995656053,12.782303408119912,5442.543230999064,8162.7416409742145,0.6259853251125282,0.7957824573362717,0.3735847647633048,0.20409476615558053,0.00042991012416683494,0.00012277650814771084
150.0,4,rectifying_volume_3,tray,151.21698851635276,220.98418903401068,33.37963524971797,12.563632385367226,5316.582597029144,7942.66825193513,0.5133354818236399,0.7067882565063062,0.48570284194808067,0.2929048095850955,0.0009616762282794062,0.0003069339085983143
150.0,5,rectifying_volume_4,tray,159.2794133415039,221.03343678668327,32.79746257902941,12.406764410500443,5258.742874586174,7816.935477730949,0.4322891665586855,0.6315256178977519,0.5657934004885512,0.36780774561612883,0.0019174329527634612,0.0006666364861192142
150.0,6,rectifying_volume_5,tray,164.78790325136328,221.08302264751933,32.39764506473166,12.311499002168484,5234.1235173188,7759.2966955853135,0.38023250947744536,0.577522208614579,0.6162034539649638,0.42116554535016143,0.0035640365575907197,0.0013122460352595015
150.0,7,rectifying_volume_6,tray,168.30521339084257,221.1329621665177,32.18171128218544,12.251970133450186,5220.53820389357,7734.855445562962,0.3488252833512739,0.5427913308909965,0.6448193664365649,0.4547839793117218,0.006355350212161314,0.002424689797281709
150.0,8,rectifying_volume_7,tray,170.55770022617995,221.1831509377359,32.04226627556263,12.21422009440773,5206.710851505122,7721.431693474993,0.33029499319221967,0.5218679925283902,0.6586478534648719,0.4738219091667825,0.01105715334290851,0.004310098304827311
150.0,9,rectifying_volume_8,tray,172.15531842979286,221.2334277035209,31.892637336948287,12.188798213127077,5185.8959254541605,7707.754962405886,0.31909740626433714,0.5096814674508912,0.6619625030910721,0.4828357990537766,0.018940090644590804,0.0074827334953321625
150.0,10,rectifying_volume_9,tray,173.57327071043633,221.28364327689636,31.69052701377126,12.166581763944542,5151.647517653569,7687.084147355486,0.3115974663430413,0.5026312606411625,0.6563371759952632,0.4845776760013371,0.032065357661695514,0.0127910633575006
150.0,11,rectifying_volume_10,tray,175.2229903238643,221.33369132621377,31.41895871648907,12.137421639751599,5095.537467290371,7652.976665832452,0.3053525321824217,0.498421680804835,0.6409944525570841,0.4799798848749219,0.0536530152604943,0.02159843432024314
150.0,12,feed_tray,tray,177.5417804854257,221.40863094793664,45.883596957207715,10.924593184810677,12228.494436700532,7597.006572270027,0.2985225375768224,0.49563123251069174,0.6130972010392087,0.4683694196623484,0.08838026138396883,0.03599934782695983
150.0,13,stripping_volume_1,tray,181.00174760301027,221.48417637183027,45.69342750888655,10.87172518565426,12249.496804654327,7587.220726339013,0.2702138639176068,0.45855412474279794,0.6400599352688484,0.5035950945779797,0.08972620081354479,0.03785078067922243
150.0,14,stripping_volume_2,tray,185.161031104405,221.5607632276009,45.518119971765806,10.807026109370867,12286.618602999852,7608.456725274106,0.23695430062990466,0.41256439596863953,0.6717423547255478,0.5472806933163252,0.0913033446445476,0.04015491071503532
150.0,15,stripping_volume_3,tray,189.8933941491432,221.63861602821882,45.3122892423754,10.738382253954773,12343.57254127202,7645.812092451359,0.20013241919301122,0.3584601799672296,0.7067162159630382,0.5986122450959902,0.09315136484395047,0.042927574936780136
150.0,16,stripping_volume_4,tray,194.96666200000658,221.70809146982003,53.487090860551085,12.112088463928332,12419.294565604645,7702.9964304993255,0.16188882442307073,0.2985947588424959,0.7425780362558781,0.6551611928448161,0.09553313932105108,0.04624404831268797
150.0,17,stripping_volume_5,tray,200.12557051894203,221.77894800289852,53.18868720011167,12.038807347359763,12505.803696272573,7778.96236259031,0.12465187259552912,0.23662460625817755,0.7759797796639936,0.7128753769923767,0.09936834774047734,0.05050001674944566
150.0,18,stripping_volume_6,tray,205.22503601340958,221.8517950416332,53.22118849246159,11.941030172773495,12584.550431926513,7865.706007393376,0.09051976073886628,0.17664096513077127,0.8022039739906571,0.7662696328085805,0.10727626527047661,0.05708940206064825
150.0,19,stripping_volume_7,tray,210.46091483576637,221.92600233586293,52.78634841482245,11.872991958350417,12621.185983304547,7944.677655956559,0.06083568259959875,0.12209493360226578,0.8131938958168196,0.8078748998052757,0.12597042158358168,0.07003016659245834
150.0,20,combined_reboiler_sump,reboiler_sump,216.74436053394078,221.9512572947863,759.3030526969451,77.08710073060291,,7981.53201941811,0.03611224515735316,0.07503638913549411,0.7925538422372412,0.8252085677629083,0.17133391260540565,0.09975504310159751
180.0,1,reflux_drum,reflux_drum,120.5397873263339,220.8744636238934,1441.7586771647343,134.93549992997887,,,0.8804695900113213,0.9464718150921001,0.1194894296851855,0.053518764551879726,4.098030349328112e-05,9.420356020290925e-06
180.0,2,rectifying_volume_1,tray,129.8968099154466,220.92192535122433,38.04325703546046,49.39294604742593,5662.892021253429,8450.690566908008,0.757558794215971,0.8810240948579711,0.24228159444177927,0.11893539731797372,0.0001596113422497674,4.050782405529322e-05
180.0,3,rectifying_volume_2,tray,140.87779392100438,220.97102103195945,34.31258485283655,12.784729538552446,5442.544036568107,8162.152766988091,0.6260709320198271,0.7958326749036717,0.3734991845777216,0.20404455284940137,0.00042988340245129645,0.00012277224692689673
180.0,4,rectifying_volume_3,tray,151.2237060517075,221.019967198855,33.379154822228436,12.566010806135003,5316.532768197684,7942.0518152752475,0.5134163861111105,0.706844160888018,0.48562192499965423,0.2928488955775925,0.0009616888892352727,0.0003069435343894169
180.0,5,rectifying_volume_4,tray,159.28741061281477,221.0692046051941,32.79681300358184,12.409086518706333,5258.650909990573,7816.268230953193,0.4323544379006103,0.6315747548117451,0.5657280344684671,0.3677585593281983,0.001917527630922628,0.0006666858600567044
180.0,6,rectifying_volume_5,tray,164.79743903800195,221.11877986103664,32.396848341075284,12.313776412662662,5234.003953219432,7758.586943347037,0.38028172556921164,0.5775592861993182,0.6161540337437267,0.4211283451175232,0.003564240687061677,0.0013123686831587242
180.0,7,rectifying_volume_6,tray,168.31597977214398,221.1687086030821,32.18080565338432,12.254217397639206,5220.400115196984,7734.117411970412,0.34886257351281186,0.5428174619004006,0.6447817826612822,0.4547576245900012,0.006355643825905899,0.0024249135095981912
180.0,8,rectifying_volume_7,tray,170.5692458129189,221.21888645968272,32.04128650559268,12.216449482352248,5206.558481514407,7720.674218303324,0.3303250126915993,0.5218868140622012,0.6586175598955949,0.47380275529230664,0.01105742741280581,0.004310430645492041
180.0,9,rectifying_volume_8,tray,172.16724733165148,221.26915217702796,31.89161161232827,12.19101834516899,5185.731412645071,7706.982114793085,0.31912388581455453,0.5096966347517464,0.6619360133215986,0.4828202150046042,0.018940100863846863,0.007483150243649261
180.0,10,rectifying_volume_9,tray,173.58529294728712,221.31935656497336,31.689477530493658,12.168797522111904,5151.472482356261,7686.297856678023,0.3116229989260278,0.5026455622402046,0.6563122961036216,0.484562926628101,0.032064704970350535,0.012791511131694373
180.0,11,rectifying_volume_10,tray,175.23492136355796,221.36939329289112,31.417901695651835,12.13963417145839,5095.3533659874765,7652.178189527409,0.30537871951813916,0.49843693728578237,0.6409700503597752,0.47996418676268837,0.05365123012208569,0.021598875951529196
180.0,12,feed_tray,tray,177.55354249796378,221.44432312215454,45.88363228494454,10.926465131295602,12228.924090270999,7596.196751699228,0.2985501367405669,0.4956484274004042,0.6130727409624362,0.4683516720297358,0.08837712229699693,0.03599990056985988
180.0,13,stripping_volume_1,tray,181.01257992934416,221.51986259930945,45.69347876913388,10.87360571886325,12249.904305136588,7587.020338096738,0.27024871626768965,0.45858312347602215,0.6400284367779078,0.5035660516528218,0.08972284695440255,0.037850824871155965
180.0,14,stripping_volume_2,tray,185.17102773507793,221.59644294381883,45.51816881326721,10.8089110502487,12286.99828213337,7608.2308368546555,0.23699514566732938,0.41260530704572373,0.6717050041676174,0.5472402400374344,0.09129985016505322,0.040154452916841804
180.0,15,stripping_volume_3,tray,189.9028114169777,221.6742886141175,45.31231254746763,10.740266427697067,12343.92212041824,7645.555641824991,0.20017674612117423,0.3585112178407299,0.7066754484417028,0.5985620907533851,0.09314780543712296,0.04292669140588507
180.0,16,stripping_volume_4,tray,194.9759180866976,221.743758250093,53.48697762049236,12.114221537741578,12419.614497609895,7702.7071953976,0.16193307639860982,0.29865174029730734,0.7425374160292637,0.6551053899815608,0.09552950757212651,0.04624286972113189
180.0,17,stripping_volume_5,tray,200.1351137418241,221.81460853791148,53.188504542261356,12.040926559661772,12506.106150241016,7778.640818667961,0.12469250178931274,0.23668199127077316,0.7759431427455392,0.7128194182125205,0.09936435546514805,0.05049859051670633
180.0,18,stripping_volume_6,tray,205.23529974657615,221.88744903934202,53.220944812298896,11.943123864282402,12584.85465725267,7865.363212553802,0.0905534622944902,0.17669221061900528,0.8021754149760623,0.7662202281942347,0.10727112272944751,0.05708756118676005
180.0,19,stripping_volume_7,tray,210.47220467449299,221.96164971531965,52.78606917858005,11.87506326356485,12621.51514890606,7944.331392294849,0.060859985062513375,0.12213394307857738,0.8131775604147149,0.80783874498314,0.1259624545227717,0.07002731193828271
180.0,20,combined_reboiler_sump,reboiler_sump,216.7567792481761,221.98689775479244,759.5247792439195,77.08005570655291,,7981.20384756519,0.03612580207551867,0.0750586503239089,0.7925541450211682,0.8251913924440829,0.17132005290331306,0.09974995723200823
210.0,1,reflux_drum,reflux_drum,120.5500913129314,220.90942026690172,1445.4587271333953,134.68616508191568,,,0.8805066082126803,0.9464862682119328,0.11945243895833023,0.05350431689884896,4.09528289893703e-05,9.41488921818853e-06
210.0,2,rectifying_volume_1,tray,129.90461118880884,220.9568730679183,38.0428012874857,49.40207536113417,5662.923163991106,8450.145939423423,0.7576293249341886,0.8810580051673864,0.24221109934371687,0.11890149390872895,0.0001595757220947319,4.050092388459476e-05
210.0,3,rectifying_volume_2,tray,140.8838874623701,221.00595954562752,34.31226268237392,12.787107306389624,5442.5493502873305,8161.62105239191,0.626158934505078,0.7958848792171609,0.3734112185661608,0.20399235617570924,0.0004298469287611463,0.00012276460712984917
210.0,4,rectifying_volume_3,tray,151.2298010907352,221.05489618398653,33.37872008426767,12.568342611294616,5316.487352014266,7941.493525512556,0.5135001872088332,0.7069029087165769,0.48553813532440027,0.2927901474574854,0.0009616774667665559,0.0003069438259377606
210.0,5,rectifying_volume_4,tray,159.29475681460164,221.10412370308393,32.79620885556144,12.41136247101192,5258.562952096106,7815.659155712671,0.4324226487248664,0.6316271859617785,0.5656597771138373,0.3677060991680147,0.0019175741612962936,0.0006667148702068616
210.0,6,rectifying_volume_5,tray,164.8063213585545,221.1536888206845,32.39609603127687,12.31600757272418,5233.888138021293,7757.9354964351305,0.3803337440911496,0.5775997955188519,0.6161018960194327,0.4210877513579991,0.003564359889417791,0.001312453123148935
210.0,7,rectifying_volume_6,tray,168.3260976794797,221.20360726293592,32.179943663820325,12.256418267726865,5220.265659946484,7733.438312107901,0.34890251648314485,0.5428470228243429,0.6447416812681805,0.45472790393661106,0.006355802248674552,0.0024250732390460644
210.0,8,rectifying_volume_7,tray,170.5801490903204,221.2537746932229,32.04034968517672,12.218632395295154,5206.40964213077,7719.976688905312,0.3303575560615081,0.5219090081893819,0.6585849354740241,0.47378032549193716,0.011057508464467784,0.004310666318680836
210.0,9,rectifying_volume_8,tray,172.1785435424972,221.3040298613195,31.89062762834698,12.193191925535036,5185.570202988344,7706.270395052853,0.31915274823370804,0.5097150621945713,0.6619073809898232,0.48280150182441056,0.018939870776468852,0.007483435981018143
210.0,10,rectifying_volume_9,tray,173.5967010067486,221.3542235733304,31.6884673371617,12.170966560116733,5151.300262836168,7685.573857286836,0.3116507128383903,0.5026629244872777,0.6562854801210998,0.4845452733462805,0.03206380704050985,0.012791802166441863
210.0,11,rectifying_volume_10,tray,175.24627032812748,221.40424949891826,31.416879768055367,12.141799659315941,5095.1712503991685,7651.443003141205,0.30540678849174974,0.49845493838992955,0.6409439448758947,0.47994590821536376,0.05364926663235555,0.02159915339470665
210.0,12,feed_tray,tray,177.56476731652867,221.47917002077432,45.88367771089945,10.928297482929061,12229.34030666073,7595.4510205082215,0.2985792118240752,0.4956679232107812,0.6130468783731863,0.4683317908699347,0.08837390980273854,0.036000285919284045
210.0,13,stripping_volume_1,tray,181.02275421490725,221.55470392032296,45.6935459548032,10.875448690314068,12250.29723915148,7586.870148872858,0.27028599057447633,0.4586157810319117,0.6399946422313141,0.5035335901731192,0.08971936719420957,0.03785062879496918
210.0,14,stripping_volume_2,tray,185.1802629715557,221.63127811152748,45.51823719705404,10.810760045642317,12287.361684441787,7608.055480437703,0.2370391681829497,0.41265113201345904,0.671664638851766,0.5471951792223149,0.09129619296528436,0.04015368876422613
210.0,15,stripping_volume_3,tray,189.91140873851276,221.7091170047617,45.31235583491775,10.742115420358346,12344.253518401456,7645.349511179783,0.2002246153315117,0.35856799491374103,0.7066313136480501,0.5985065466383666,0.09314407102043826,0.04292545844789258
210.0,16,stripping_volume_4,tray,194.98435664383982,221.77858109242922,53.48689147052934,12.116314236564456,12419.915086546205,7702.4680419362185,0.16198075857291833,0.2987146030550304,0.7424935233415957,0.6550440622110253,0.09552571808548597,0.04624133473394439
210.0,17,stripping_volume_5,tray,200.14391196145692,221.8494254213484,53.18834301393525,12.04300403106223,12506.389034419093,7778.370254658079,0.12473595371382909,0.23674452008750388,0.7759037819027933,0.7127586278785958,0.09936026438337768,0.050496852033900315
210.0,18,stripping_volume_6,tray,205.24493618742326,221.92225971861697,53.2207138280395,11.945174188413143,12585.139744235277,7865.073683080361,0.09058911173426486,0.17674723718725252,0.8021448853224151,0.7661672556727973,0.10726600294331994,0.05708550713995011
210.0,19,stripping_volume_7,tray,210.48299530383892,221.99645416607626,52.78579292695418,11.87708955562714,12621.825411826203,7944.041845873131,0.06088536490385898,0.12217519937825425,0.8131599161575306,0.8078004019368117,0.1259547189386105,0.07002439868493404
210.0,20,combined_reboiler_sump,reboiler_sump,216.7687979686643,222.02169577554437,759.6476278663788,77.08121384444678,,7980.936130253456,0.03613979626758706,0.07508191995771764,0.7925535873920687,0.8251731302078947,0.17130661634034408,0.09974494983438772
240.0,1,reflux_drum,reflux_drum,120.56011079230166,220.9436346809896,1449.2537794181349,134.4293584000541,,,0.8805437210502812,0.9465008438636103,0.1194153527349325,0.053489746541611136,4.092621478615923e-05,9.409594778484515e-06
240.0,2,rectifying_volume_1,tray,129.91205540842697,220.9910790410373,38.04237672421138,49.41103039080188,5662.9570011683445,8449.66359720999,0.7577007517525548,0.8810925912231966,0.24213971008965915,0.11886691537504197,0.00015953815778608666,4.049340176144185e-05
240.0,3,rectifying_volume_2,tray,140.88953745079112,221.04015682812485,34.311976682376624,12.789441980476626,5442.5588961726235,8161.15649520368,0.6262486400005703,0.7959385374339466,0.3733215581959939,0.20393870854234716,0.0004298018034360136,0.00012275402370632912
240.0,4,rectifying_volume_3,tray,151.23537629113298,221.08908445780216,33.378326575721324,12.570633052114037,5316.44688528402,7941.003768138162,0.5135862724646069,0.7069639245496426,0.4854520828916964,0.29272913952363194,0.0009616446436967106,0.00030693592672543455
240.0,5,rectifying_volume_4,tray,159.30153886233418,221.138302619253,32.79564860343585,12.413597768268323,5258.480321548766,7815.119399550995,0.4324933867370061,0.6316824523100201,0.5655890345548185,0.36765082154057077,0.0019175787081754068,0.0006667261494091917
240.0,6,rectifying_volume_5,tray,164.81462221858956,221.18785814135222,32.395389074417,12.318198163803988,5233.778057167816,7757.354158852829,0.3803883160776131,0.5776434162717858,0.6160472762497934,0.4210440786734415,0.003564407672593519,0.0013125050547726424
240.0,7,rectifying_volume_6,tray,168.3356323809078,221.23776684229847,32.17912809152621,12.25857842580017,5220.137431392674,7732.830430308019,0.3489449386063439,0.5428797664290168,0.6446992087529713,0.4546950530949104,0.006355852640684699,0.002425180476072776
240.0,8,rectifying_volume_7,tray,170.59047693952266,221.28792442171164,32.03945994003555,12.22077435954747,5206.267523518977,7719.351771626984,0.33039244771490905,0.5219343219548503,0.6585501068305243,0.4737548516245299,0.011057445454566607,0.004310826420619614
240.0,9,rectifying_volume_8,tray,172.18928117386315,221.33816963320373,31.889690572959477,12.1953242269506,5185.416092313041,7705.632811767176,0.3191837679632494,0.5097364360084942,0.6618767540839413,0.48277993869184627,0.018939477952809276,0.007483625299659623
240.0,10,rectifying_volume_9,tray,173.60757840027506,221.38835327885585,31.687502668385438,12.173093861094738,5151.135293586153,7684.925490862845,0.3116803140737916,0.5026829484904197,0.6562569184058852,0.48452506586349925,0.03206276752032323,0.012791985646080974
240.0,11,rectifying_volume_10,tray,175.25712851859828,221.43836902808863,31.41590059829558,12.143922827884964,5094.996281359718,7650.7848054738015,0.3054363842038311,0.4984752020899802,0.6409163882860036,0.4799254749610565,0.05364722751016521,0.021599322948963336
240.0,12,feed_tray,tray,177.57554799576968,221.51328084137424,45.883741553619465,10.930094084737542,12229.751016600783,7594.78351548907,0.29860937780049196,0.49568917629674036,0.6130199682649192,0.4683102812240609,0.08837065393458889,0.036000542479198795
240.0,13,stripping_volume_1,tray,181.03239516242766,221.5888096744732,45.69363726029169,10.877257337203496,12250.684622365761,7586.786910998922,0.2703250519223654,0.45865119263608545,0.6399591491365203,0.5034985597786996,0.08971579894111431,0.037850247585215
240.0,14,stripping_volume_2,tray,185.18888783385955,221.665378229183,45.51833394428911,10.81257583602488,12287.719136608654,7607.948305838903,0.2370855395783494,0.4127006395939426,0.6716220464591173,0.5471466726447414,0.0912924139625333,0.04015268776131612
240.0,15,stripping_volume_3,tray,189.91935198033264,221.7432108746,45.31242943052012,10.743931682130086,12344.578479918942,7645.212434409105,0.20027510556456646,0.35862906388910243,0.7065846925364889,0.598446981328008,0.09314020189894451,0.0429239547828895
240.0,16,stripping_volume_4,tray,194.9921426185911,221.81266982717446,53.48684530444546,12.118369316714805,12420.209524282982,7702.298851706871,0.1620309824706629,0.29878186376754806,0.7424472089061785,0.6549786118042149,0.09552180862315862,0.046239524428237096
240.0,17,stripping_volume_5,tray,200.1521130111633,221.88350864930067,53.18821888323286,12.045042685128106,12506.666677738589,7778.171631252375,0.12478149233980894,0.23681088720520685,0.7758623940310597,0.7126942331410623,0.09935611362913133,0.05049487965373082
240.0,18,stripping_volume_6,tray,205.25406363915343,221.95633724702122,53.22051557138154,11.947184325982857,12585.420760672134,7864.859093321812,0.09062620992719907,0.1768051060338196,0.80211283740142,0.7661115808598223,0.10726095267138089,0.05708331310635797
240.0,19,stripping_volume_7,tray,210.49336858317056,222.03052602807236,52.78554319826539,11.879074353661617,12622.132273365612,7943.830953142524,0.060911595089767796,0.12221824559098175,0.8131411439969988,0.8077602680306174,0.12594726091323338,0.0700214863784007
240.0,20,combined_reboiler_sump,reboiler_sump,216.78045824225197,222.05576182008858,759.6831809135307,77.08962414058726,,7980.750718865008,0.03615425863927178,0.07510624498250147,0.792552160080138,0.8251537352262185,0.17129358128059022,0.09974001979128001
270.0,1,reflux_drum,reflux_drum,120.56989232040364,220.97723340648875,1453.1415561487106,134.16531659870088,,,0.8805809365842434,0.9465155330957977,0.11937816301829085,0.05347506244201594,4.090039746576916e-05,9.40446218642956e-06
270.0,2,rectifying_volume_1,tray,129.9192272238205,221.02466983422045,38.04197574464739,49.41983855681558,5662.992831892172,8449.249307224207,0.7577726203536586,0.881127561716891,0.24206788049795813,0.11883195286659387,0.00015949914838338098,4.048541651511154e-05
270.0,3,rectifying_volume_2,tray,140.89485417382735,221.0737394693511,34.31171916097706,12.7917400183452,5442.572177509701,8160.764519911193,0.6263393615418282,0.7959931153434983,0.37323088872128324,0.20388414354455428,0.0004297497368885021,0.00012274111194743488
270.0,4,rectifying_volume_3,tray,151.24054472784707,221.12265864077202,33.37796828178508,12.572888498331483,5316.41150983038,7940.588199777598,0.513673997081852,0.7070265983258678,0.48536440850077517,0.292666480248375,0.0009615944173727663,0.0003069214257571777
270.0,5,rectifying_volume_4,tray,159.30785816412222,221.1718680092798,32.79512856335914,12.415798974049666,5258.403785749444,7814.65520434664,0.4325661708614453,0.6317400188063845,0.56551627948361,0.36759325800932147,0.0019175496549445848,0.0006667231842939794
270.0,6,rectifying_volume_5,tray,164.82243063359138,221.2214145173865,32.39472577855417,12.320354915277816,5233.674995058869,7756.849665406124,0.380445103740301,0.5776897235674423,0.615990495666833,0.4209977449405854,0.0035644005928660706,0.0013125314919722494
270.0,7,rectifying_volume_6,tray,168.34466671073432,221.2713140776487,32.17835870621619,12.260704623883864,5220.017174317091,7732.30082503528,0.3489895748841247,0.5429153324305045,0.6446545996439002,0.4546594192323545,0.006355825471975047,0.0024252483371409524
270.0,8,rectifying_volume_7,tray,170.6003127301095,221.3214624274389,32.03861809336514,12.222882019701773,5206.1343193818,7718.806748495885,0.33042943162008875,0.5219623985754964,0.658513278746081,0.473726667889762,0.011057289633830247,0.0043109335347415265
270.0,9,rectifying_volume_8,tray,172.1995485647051,221.3716983248822,31.888802111958203,12.197421706263397,5185.271735468564,7705.076829242072,0.31921665901078444,0.5097603603588572,0.6618443417111949,0.4827558862647274,0.018938999278020615,0.007483753376415433
270.0,10,rectifying_volume_9,tray,173.61801984551084,221.42187256805116,31.686586075387318,12.175185668103463,5150.980729789867,7684.360397388051,0.3117114737632438,0.5027051828754958,0.6562268415895982,0.48450270745374063,0.032061684647158015,0.012792109670763425
270.0,11,rectifying_volume_10,tray,175.2675951743075,221.47187882580263,31.41496801247365,12.14600973745092,5094.832202619489,7650.211440020726,0.3054671446765895,0.49849722744204283,0.6408876484873866,0.4799033340322573,0.053645206836024084,0.021599438525699864
270.0,12,feed_tray,tray,177.58598289928958,221.54678259523791,45.8838294697924,10.931859936795192,12230.162864817834,7594.202359916307,0.29864026840672103,0.4957116583364213,0.6129923471952843,0.46828763224881986,0.08836738439799476,0.0360007094147589
270.0,13,stripping_volume_1,tray,181.04163130363128,221.62230696626875,45.693757942596314,10.879036095647798,12251.073975112371,7586.781445105568,0.2703652963460931,0.45868848692525327,0.6399225233845854,0.5034617763255007,0.08971218026932137,0.03784973674924598
270.0,14,stripping_volume_2,tray,185.19705603098382,221.6988705078094,45.51846459957975,10.814362399685862,12288.079236468006,7607.920782992332,0.23713347099627244,0.41275264756237434,0.6715779731138329,0.5470958326637386,0.09128855588989468,0.0401515197738871
270.0,15,stripping_volume_3,tray,189.92680901913835,221.77669755437944,45.312539995750726,10.745718933588481,12344.906771193018,7645.156700108151,0.20032733982518894,0.35869303782776824,0.706536418994162,0.5983847025758664,0.09313624118064905,0.04292225959636554
270.0,16,stripping_volume_4,tray,194.9994429877951,221.84615189335537,53.48684734250071,12.12039100624863,12420.5087278481,7702.212781280813,0.1620829024781893,0.29885210240547816,0.7423992775924648,0.6549103772068879,0.09551781992934588,0.046237520387633964
270.0,17,stripping_volume_5,tray,200.15986718787326,221.91698577503809,53.18814321606695,12.047046946436204,12506.950862254125,7778.058860033103,0.12482841904060311,0.23687984610357807,0.7758196380312284,0.7126274026972593,0.09935194292816843,0.050492751199162494
270.0,18,stripping_volume_6,tray,205.26280405286587,221.98980929398357,53.22036435597482,11.949158978927635,12585.710011926443,7864.733760398825,0.09066428288339476,0.17686491932240384,0.8020797040707657,0.766054031662716,0.10725601304583955,0.057081049014880085
270.0,19,stripping_volume_7,tray,210.50341236778993,222.06399308460718,52.78533740599604,11.88102269944181,12622.448331633543,7943.713030349107,0.0609384531223875,0.12226262948240213,0.8131214334377791,0.8077187419846447,0.12594011343983352,0.07001862853295311
270.0,20,combined_reboiler_sump,reboiler_sump,216.79181233160784,222.08922374338866,759.6451012946748,77.1041609998879,,7980.661643635287,0.03616919629366958,0.07513162167696885,0.792549880492471,0.8251332084231162,0.1712809232138594,0.09973516989991503
300.0,1,reflux_drum,reflux_drum,120.5794861917059,221.01035052023562,1457.1198040384384,133.89427760056444,,,0.8806182496772146,0.9465303198016112,0.11934087499772349,0.0534602807145119,4.0875325061854235e-05,9.399483877008175e-06
300.0,2,rectifying_volume_1,tray,129.92621161848783,221.057779522484,38.04159066737694,49.42852938681003,5663.029930090252,8448.905056484868,0.7578445081954573,0.8811626424477508,0.2419960324769097,0.1187968803912038,0.00015945932763297867,4.04771610454653e-05
300.0,3,rectifying_volume_2,tray,140.89994770888418,221.10684154305608,34.31148205621325,12.794008454180489,5442.588540606235,8160.446522802185,0.6264304480540879,0.7960481025063035,0.3731398590991361,0.2038291708916543,0.0004296928467758454,0.0001227266020422318
300.0,4,rectifying_volume_3,tray,151.24542223616194,221.1557528082465,33.377638221653946,12.575115843729957,5316.381037173751,7940.248310823259,0.5137627188013231,0.7070903196779869,0.48527574954961483,0.2926027781285843,0.000961531649062049,0.0003069021934289253
300.0,5,rectifying_volume_4,tray,159.31382281484875,221.20495395303615,32.79464348252584,12.417973121654972,5258.333622251666,7814.268473450486,0.4326404844697866,0.6317993121545837,0.5654420187650533,0.367533977864983,0.0019174967651600335,0.000666709980433223
300.0,6,rectifying_volume_5,tray,164.82984497558098,221.2544920351775,32.39410239425699,12.322485006746282,5233.5796003567,7756.424255504914,0.3805037103752817,0.5777382252950751,0.6159319327690351,0.4209492345369652,0.0035643568556829605,0.0013125401679596352
300.0,7,rectifying_volume_6,tray,168.35329361416302,221.30438306348262,32.177632840359585,12.26280408172228,5219.905854724249,7731.851916168201,0.349036095859964,0.542953283162445,0.644608151754985,0.45462142622735024,0.006355752385051167,0.00242529061020476
300.0,8,rectifying_volume_7,tray,170.60974902804892,221.3545228147693,32.03782223916371,12.224962533366783,5206.011301576624,7718.344123017837,0.3304681958504814,0.5219928112550027,0.6584747125840661,0.47369617841100337,0.01105709156545237,0.004311010333993907
300.0,9,rectifying_volume_8,tray,172.20944114633446,221.40475005267734,31.887960961456645,12.199491396860209,5185.138724613886,7704.604994002863,0.3192510974376097,0.5097863891811125,0.6618103953215431,0.48272975670357654,0.018938507240847207,0.007483854115311012
300.0,10,rectifying_volume_9,tray,173.62812435096754,221.4549155715405,31.685716985329464,12.17724887375703,5150.8385262947595,7683.881162187504,0.31174384827158325,0.5027291531073799,0.656195504393543,0.48447862783131057,0.0320606473348737,0.01279221906130955
300.0,11,rectifying_volume_10,tray,175.27777090768703,221.50491303953984,31.414082524427464,12.14806716946081,5094.6814161245,7649.725560481246,0.30549871773475945,0.4985205204603517,0.6408579953138646,0.47987993013084684,0.05364328695137605,0.021599549408801415
300.0,12,feed_tray,tray,177.5961696345831,221.57980945338235,45.883944643462904,10.933600675773294,12230.581098845949,7593.7103445266,0.29867154877828633,0.49573487760719137,0.6129643219580606,0.4682642979441786,0.08836412926365289,0.03600082444863011
300.0,13,stripping_volume_1,tray,181.05058781755838,221.65533001540905,45.693910576103434,10.880790100719041,12251.471207272069,7586.859153871691,0.2704061721683487,0.45872685964358373,0.6398852797817178,0.5034239909089,0.08970854804993338,0.03784914944751619
300.0,14,stripping_volume_2,tray,185.20491583300986,221.73188922556125,45.51863173085006,10.8161244673423,12288.448728851048,7607.978730297538,0.23718224153336825,0.41280606777940443,0.6715330974586621,0.5470436805660208,0.09128466100796963,0.04015025165457489
300.0,15,stripping_volume_3,tray,189.93394108864715,221.80971139008082,45.3126908434433,10.747481686894245,12345.246045342768,7645.188689763722,0.20038051681611807,0.3587586424107164,0.7064872508944527,0.5983209088714878,0.0931322322894293,0.04292044871779573
300.0,16,stripping_volume_4,tray,195.00641813989262,221.87916170098487,53.48690155470462,12.122384456581814,12420.821203157197,7702.216810488618,0.16213574612627563,0.29892401540460456,0.7423504605732262,0.6548405838412016,0.0955137933004982,0.046235400754193884
300.0,17,stripping_volume_5,tray,200.1673193085729,221.9499912750984,53.188122261705786,12.049022178886027,12507.250693872656,7778.039374886034,0.12487609721785937,0.2369502551963156,0.7757761121835071,0.7125592044581011,0.09934779059863359,0.05049054034558324
300.0,18,stripping_volume_6,tray,205.27127615481447,222.02281040125652,53.22026910424307,11.951103793598984,12586.016924244237,7864.705251773871,0.09070289840047047,0.1769258533992055,0.8020458830344441,0.765995367873764,0.10725121856508542,0.0570787787270306
300.0,19,stripping_volume_7,tray,210.51321477107646,222.0969899378343,52.78518709371289,11.88294056558928,12622.783174626036,7943.695427732907,0.06096572992754213,0.12230792275891929,0.8131009729161703,0.807676206176025,0.12593329715628748,0.07001587106505569
300.0,20,combined_reboiler_sump,reboiler_sump,216.80291828759152,222.12221617364946,759.5480663321816,77.12361228403006,,7980.675816249023,0.03618459598128231,0.07515800414439787,0.7925467872856886,0.8251115897814242,0.171268616733029,0.09973040607417813
330.0,1,reflux_drum,reflux_drum,120.58894292802533,221.04311853925606,1461.1862691795247,133.6164773129241,,,0.8806556437737734,0.9465451825027726,0.11930350526864239,0.05344542284217239,4.085095758427362e-05,9.394655054947529e-06
330.0,2,rectifying_volume_1,tray,129.93308936917413,221.09054060071506,38.04121414248544,49.43713238950922,5663.067584377809,8448.629636678701,0.7579160378197141,0.8811975859502431,0.2419245427743758,0.11876194520381164,0.0001594194059100206,4.046884594523243e-05
330.0,3,rectifying_volume_2,tray,140.90492231350922,221.13959552056988,34.31125741268136,12.796254371925965,5442.607235424197,8160.200531671237,0.6265213073951552,0.7961030316512127,0.37304905913188013,0.2037742570686223,0.00042963347296445597,0.00012271128016514554
330.0,4,rectifying_volume_3,tray,151.25012102727902,221.18849940955803,33.377328979635195,12.577321996088495,5316.3550188310965,7939.9821063222535,0.513851826160523,0.7071545060044246,0.48518671218495896,0.29253861376159207,0.0009614616545180763,0.00030688023398333216
330.0,5,rectifying_volume_4,tray,159.3195408996068,221.23769287932865,32.79418709626937,12.420127207754147,5258.269696210429,7813.95746508095,0.4327158042960235,0.631859753550561,0.5653667652735606,0.3674735556857769,0.0019174304304159725,0.0006666907636621916
330.0,6,rectifying_volume_5,tray,164.83696627074164,221.28722310355866,32.39351368833596,12.324595558718418,5233.491972457241,7756.076380215134,0.380563707703112,0.5777883959565365,0.6158719972057418,0.4208990650299157,0.003564295091146314,0.0013125390135477043
330.0,7,rectifying_volume_6,tray,168.36160956664193,221.33710618872922,32.17694598020547,12.264883972925542,5219.803757124109,7731.482210685013,0.34908413278793726,0.5429931365494314,0.6445602028246302,0.4545815425100902,0.006355664387432433,0.002425320940478422
330.0,8,rectifying_volume_7,tray,170.6188811873818,221.38723795284514,32.0370683499665,12.227023052684661,5205.8989285328835,7717.962368456331,0.33050839547842936,0.5220250943447122,0.6584347058062756,0.4736638272239387,0.011056898715295024,0.004311078431348979
330.0,9,rectifying_volume_8,tray,172.21905525932905,221.43745716629223,31.887163505988173,12.2015403852833,5185.017707507041,7704.215707417195,0.3192867417427127,0.5098140548213942,0.6617751911482141,0.48270198649012036,0.018938067109073174,0.007483958688485431
330.0,10,rectifying_volume_9,tray,173.63798934626627,221.48761462014798,31.684892316933645,12.179290491073408,5150.709563024134,7683.486112586933,0.3117770965256176,0.5027543867952242,0.6561631710401975,0.4844532594799483,0.03205973243418493,0.012792353724827548
330.0,11,rectifying_volume_10,tray,175.28775226453038,221.53760398200356,31.41324193268093,12.15010209046154,5094.545111022564,7649.325449632344,0.30553077449786564,0.49854461512929027,0.6408276889882313,0.47985568621665525,0.05364153651390319,0.02159969865405459
330.0,12,feed_tray,tray,177.60620013034514,221.61249371645616,45.88408806600582,10.935322121408115,12231.009548787142,7593.305766484636,0.29870292437002915,0.4957583947321251,0.6129361616566443,0.4682406829794352,0.08836091397332659,0.036000922288439555
330.0,13,stripping_volume_1,tray,181.05938081218068,221.68801113249057,45.694095396937705,10.882524745136106,12251.880605189073,7587.020729681919,0.27044719509270865,0.4587655981593916,0.6398478684374926,0.5033858674670765,0.08970493646979878,0.03784853437353195
330.0,14,stripping_volume_2,tray,185.21260367121448,221.76456670943273,45.518835325316346,10.817867090277309,12288.832496856618,7608.123046318302,0.23723121826420676,0.4128599387747965,0.6714880124950126,0.5469911166117373,0.09128076924078067,0.04014894461346616
330.0,15,stripping_volume_3,tray,189.94089600305978,221.84238473090232,45.31288236490435,10.749224817475357,12345.601837638522,7645.309630682623,0.20043393325828227,0.35882475361291477,0.7064378498425057,0.598256654748058,0.093128216899212,0.042918591639027226
330.0,16,stripping_volume_4,tray,195.01321512512683,221.91183162409519,53.487008220495625,12.12435525103929,12421.153053390852,7702.3125174657125,0.16218883558128658,0.2989964538892484,0.7423013958585896,0.6547703089618058,0.09550976856012384,0.04623323714894591
330.0,17,stripping_volume_5,tray,200.1746024692415,221.98265754788895,53.18815800812678,12.050974182386133,12507.572629319231,7778.114941602228,0.12492396962238721,0.23702111062376807,0.7757323383881454,0.7124905755186717,0.09934369198946746,0.05048831385756011
330.0,18,stripping_volume_6,tray,205.27958998847092,222.05547298773436,53.220233880983976,11.953024844679751,12586.34809174083,7864.77523882071,0.0907416777248471,0.17698718248269443,0.8020117256472786,0.7659362594663669,0.10724659662787427,0.05707655805093871
330.0,19,stripping_volume_7,tray,210.52285948031664,222.12964902047733,52.7850984311179,11.884834327680728,12623.143441159744,7943.77943300636,0.06099323645286178,0.12235373561968582,0.8130799419391193,0.8076330129567414,0.125926821608019,0.07001325142357281
330.0,20,combined_reboiler_sump,reboiler_sump,216.81383565744594,222.15487153120299,759.4068468683906,77.14675553967106,,7980.793981554701,0.03620042786742008,0.07518531321410374,0.7925429349657115,0.8250889502516208,0.17125663716686843,0.09972573653427551
360.0,1,reflux_drum,reflux_drum,120.59831042100076,221.07566112646452,1465.3386762328619,133.33214718583028,,,0.8806930929299802,0.9465600960716064,0.11926607980320938,0.05343051395499105,4.082726681046704e-05,9.389973402544749e-06
360.0,2,rectifying_volume_1,tray,129.939933575408,221.1230766943654,38.04083946990341,49.44567533235054,5663.105130032295,8448.419291309696,0.7579868854052909,0.88123217796842,0.2418537344753084,0.11872736134622044,0.00015938011940060915,4.046068535948641e-05
360.0,3,rectifying_volume_2,tray,140.9098721684939,221.17212498694573,34.31103776470347,12.798484475629769,5442.627470366747,8160.02192365399,0.6266114221157986,0.7961574922513155,0.37295900386763214,0.20371981181071708,0.0004295740165692286,0.0001226959379674238
360.0,4,rectifying_volume_3,tray,151.25474469009862,221.22102198979334,33.37703316085685,12.579513462967299,5316.332817584725,7939.784847125756,0.5139407599243585,0.707218623879964,0.48509785022648716,0.29247451856088674,0.0009613898491543426,0.00030685755914930434
360.0,5,rectifying_volume_4,tray,159.32511505786525,221.27020829351383,32.79375263494501,12.422267783682095,5258.211545504729,7813.717552023905,0.4327916243023817,0.6319207855828423,0.5652910146698952,0.3674125446907786,0.0019173610277230674,0.0006666697263791807
360.0,6,rectifying_volume_5,tray,164.8438926212496,221.3197311875217,32.392953488973305,12.326693222621568,5233.411761165108,7755.801480686669,0.3806246597401096,0.5778397058979956,0.6158111069241176,0.4208477583793863,0.0035642333357727156,0.0013125357226180829
360.0,7,rectifying_volume_6,tray,168.36970904503644,221.36960687685468,32.17629234417219,12.266951010675697,5219.710599925824,7731.187102992023,0.34913330017485483,0.5430343952542938,0.6445111094156802,0.4545402525719468,0.006355590409464907,0.002425352173759379
360.0,8,rectifying_volume_7,tray,170.62780199241453,221.41973122238576,32.036350883531924,12.229070304290454,5205.796976548476,7717.656752928025,0.33054967300674976,0.5220587708071239,0.6583935733529668,0.4736300716979426,0.011056753640283433,0.004311157494933459
360.0,9,rectifying_volume_8,tray,172.2284830680925,221.4699430026147,31.88640442478438,12.203575384311513,5184.908533547961,7703.904076822926,0.3193232505229393,0.5098428926412065,0.66173901448938,0.482673012875976,0.01893773498768081,0.0074840944828175205
360.0,10,rectifying_volume_9,tray,173.64770597454086,221.52009300601185,31.684107113807432,12.181317218498204,5150.593803407732,7683.170194700619,0.3118108941968253,0.5027804344194714,0.6561301026934057,0.4844270180105903,0.0320590031097691,0.012792547569938306
360.0,11,rectifying_volume_10,tray,175.29762749317712,221.57007489984127,31.412441948715806,12.152121208215481,5094.423431885385,7649.005920211348,0.3055630193852057,0.4985690893258632,0.6407969710032444,0.4798309885738975,0.053640009611549994,0.021599922100239338
360.0,12,feed_tray,tray,177.61615691149748,221.64495859084155,45.884258879731156,10.937029899686072,12231.450684967578,7592.98335313502,0.2987341463409955,0.4957818330378295,0.6129080930058438,0.468217133471312,0.08835776065316082,0.03600103349085858
360.0,13,stripping_volume_1,tray,181.0681131119293,221.7204735018881,45.69431070699332,10.884245308794934,12252.30490554873,7587.262983430745,0.2704879573351416,0.4588040971034516,0.6398106667189782,0.5033479686576514,0.08970137594588015,0.03784793423889696
360.0,14,stripping_volume_2,tray,185.2202395003514,221.79702612524665,45.51907324829351,10.819595274514272,12289.2336512387,7608.3505691257005,0.23727986842399426,0.41291344630754817,0.6714432148189138,0.5469389013509133,0.09127691675709194,0.0401476523415385
360.0,15,stripping_volume_3,tray,189.94780328706122,221.87484072676082,45.31311253140983,10.75095319897125,12345.977670973243,7645.516484799424,0.20048699747125134,0.35889042129599513,0.7063887692073273,0.5981928293213478,0.09312423332142145,0.0429167493826572
360.0,16,stripping_volume_4,tray,195.01996280525339,221.94428480441013,53.48716457774654,12.126308985107686,12421.508109529876,7702.49699834729,0.1622416006975074,0.2990684474910957,0.7422526168313816,0.654700460036959,0.09550578247111104,0.04623109247194524
360.0,17,stripping_volume_5,tray,200.1818335392003,222.01510772410901,53.188248855377516,12.052908763003481,12507.920634303264,7778.282619753559,0.1249715686882755,0.2370915663864224,0.7756887529511982,0.7124223039361902,0.09933967836052636,0.05048612967738741
360.0,18,stripping_volume_6,tray,205.2878429109422,222.0879201672929,53.22025857771998,11.954928195043292,12586.70746012471,7864.9405068011465,0.09078030245841015,0.17704829319989812,0.801977530002676,0.7658772732589618,0.10724216753891389,0.05707443354114
360.0,19,stripping_volume_7,tray,210.5324221842941,222.1620934217451,52.785072892303674,11.886710315598041,12623.533021723082,7943.96133126634,0.06102080803107818,0.12239972665995656,0.8130585050859731,0.8075894750000344,0.12592068688294875,0.07001079834000896
360.0,20,combined_reboiler_sump,reboiler_sump,216.82462193607972,222.18731286231196,759.2355540786057,77.17242049710711,,7981.01182289523,0.0362166493903047,0.07521344526949275,0.7925383887570994,0.8250653837005364,0.17124496185259602,0.09972117102997069
390.0,1,reflux_drum,reflux_drum,120.60763175867338,221.10808765195466,1469.5747123522951,133.04151253308297,,,0.88073056393981,0.9465750333113815,0.11922863182468978,0.053415581249904746,4.0804235500199424e-05,9.385438713761141e-06
390.0,2,rectifying_volume_1,tray,129.9468072505437,221.15549712561742,38.04046082381054,49.45418293908275,5663.141972670707,8448.26837819928,0.7580567849250568,0.8812662409786873,0.24178387288713002,0.11869330613590827,0.00015934218781332507,4.045288540437076e-05
390.0,3,rectifying_volume_2,tray,140.91487845576597,221.20453921245033,34.31081642210939,12.800704761707383,5442.648459200181,8159.904150551291,0.626700358372454,0.7962111385818197,0.3728701248206706,0.20366618008665074,0.00042951680687554664,0.00012268133152953684
390.0,4,rectifying_volume_3,tray,151.2593845910957,221.25342976681384,33.37674376082697,12.581696037527102,5316.31367562387,7939.6497990394755,0.5140290277779834,0.7072822038719783,0.4850096507661133,0.2924109600424576,0.0009613214559032816,0.00030683608556417884
390.0,5,rectifying_volume_4,tray,159.3306383609213,221.30260936028824,32.79333326294579,12.424400648067616,5258.158467518851,7813.54199328607,0.4328674741875502,0.6319818929707278,0.5652152274132332,0.3673514562056596,0.0019172983992164821,0.0006666508236126555
390.0,6,rectifying_volume_5,tray,164.85071483206784,221.3521253970469,32.392415178979256,12.328783873651318,5233.338271826706,7755.592781627794,0.3806861426423252,0.5778916453118642,0.61574966912227,0.42079581727689885,0.0035641882354047645,0.0013125374112368565
390.0,7,rectifying_volume_6,tray,168.3776801405375,221.40199418103256,32.17566542092877,12.269011136693697,5219.62565955139,7730.959691664883,0.34918321506547073,0.5430765712511655,0.6444612286982092,0.4544980328860093,0.006355556236320093,0.002425395862825179
390.0,8,rectifying_volume_7,tray,170.63659743273146,221.45211161751698,32.03566335742693,12.231110271871536,5205.7046829876845,7717.420181214512,0.3305916757777216,0.5220933752891871,0.6583516314596811,0.47359536008448033,0.01105669276259744,0.004311264626332481
390.0,9,rectifying_volume_8,tray,172.237808635188,221.50231649453266,31.885677292722793,12.205602407304552,5184.810415099797,7703.662783238424,0.31936029701766006,0.5098724610778719,0.661702146278009,0.48264325448743733,0.018937556704330904,0.0074842844346907885
390.0,10,rectifying_volume_9,tray,173.65735558055502,221.5524595987102,31.68335516022884,12.183335104650538,5150.490471963333,7682.925866595435,0.31184494457918155,0.5028068852425521,0.6560965472011929,0.48440028682775793,0.03205850821962552,0.012792827929690045
390.0,11,rectifying_volume_10,tray,175.30747352476388,221.602434597399,31.41167681961658,12.154130626290385,5094.31567089059,7648.759232367207,0.30559519673531915,0.49859357573470103,0.640766057475279,0.47980617633266154,0.05363874578940178,0.021600247932637498
390.0,12,feed_tray,tray,177.6261105503873,221.67731281989987,45.884454756983374,10.938729148340913,12231.905737138975,7592.735203259245,0.29876501374903036,0.4958048839425112,0.6128802985373945,0.4681939323149454,0.08835468771357523,0.03600118374254341
390.0,13,stripping_volume_1,tray,181.07687150145006,221.75282582019761,45.69455330724368,10.885956665404171,12252.745437554337,7587.579725394826,0.27052813136491577,0.4588418658800188,0.6397739762150467,0.5033107492858154,0.08969789242003745,0.037847384834165845
390.0,14,stripping_volume_2,tray,185.22792385178494,221.82937612371583,45.51934173120495,10.821313687854193,12289.653696624751,7608.654991317412,0.23732776448167897,0.41296593293631473,0.6713991005273761,0.5468876472125923,0.09127313499094505,0.0401464198510929
390.0,15,stripping_volume_3,tray,189.95477112901068,221.9071879824632,45.313377432436695,10.752671408672374,12346.375247476512,7645.802898250007,0.2005392350205263,0.3589548799415711,0.7063404496313838,0.5981301468772429,0.09312031534808986,0.042914973181186054
390.0,16,stripping_volume_4,tray,195.0267688202934,221.9766298122669,53.48736551370414,12.128250926864308,12421.88815578437,7702.763853156404,0.16229358440710012,0.299139215019886,0.7422045480042079,0.6546317654391424,0.09550186758869202,0.04622901954097162
390.0,17,stripping_volume_5,tray,200.1891103182766,222.04745033501888,53.18839035376973,12.054831385249116,12508.296442825253,7778.535794584047,0.1250185205509162,0.23716094296964713,0.7756457032684345,0.7123550212173153,0.09933577618064932,0.050484035813037446
390.0,18,stripping_volume_6,tray,205.29611699198483,222.1202604250521,53.22033968903633,11.956819540318063,12587.096615068489,7865.194035418831,0.0908185171843276,0.17710869082138644,0.8019435379209906,0.7658188671754732,0.10723794489468182,0.057072442003140295
390.0,19,stripping_volume_7,tray,210.54196809603351,222.19443157219024,52.785108053068974,11.888574452720704,12623.953366038175,7944.2335326133625,0.06104830668899171,0.1224456084580244,0.8130368078547159,0.8075458594485583,0.12591488545629237,0.07000853209341726
390.0,20,combined_reboiler_sump,reboiler_sump,216.83532980761328,222.21964853205958,759.0470629934814,77.19953704886895,,7981.321130226929,0.03623320901348631,0.07524228059913687,0.7925332199340012,0.8250409992687218,0.17123357105251247,0.09971672013214126
420.0,1,reflux_drum,reflux_drum,120.61694372203735,221.14048954775396,1473.892015848897,132.7447915559332,,,0.880768018428083,0.9465899663383396,0.1191911997157268,0.05340065260917119,4.078185619006524e-05,9.381052489181427e-06
420.0,2,rectifying_volume_1,tray,129.95376190358817,221.18789327263855,38.04007338846596,49.46267599689065,5663.177603805107,8448.170006037984,0.7581255284883001,0.8812996351161693,0.24171516523052503,0.11865991924857343,0.00015930628117489826,4.0445635257288176e-05
420.0,3,rectifying_volume_2,tray,140.92000767578824,221.23692951673812,34.31058766135475,12.802920291227379,5442.669458947068,8159.8394284560345,0.6267877687885515,0.7962636928593593,0.3727827672137728,0.20361363899054796,0.000429463997675714,0.00012266815009281137
420.0,4,rectifying_volume_3,tray,151.2641175988528,221.28581400056498,33.37645444501753,12.583874582188498,5316.296776327916,7939.568945461235,0.5141162127753891,0.7073448492239007,0.4849225259457198,0.2923483332193388,0.0009612612788909608,0.0003068175567605182
420.0,5,rectifying_volume_4,tray,159.336191469836,221.33498727837903,32.79292243893776,12.42653063806813,5258.109602407049,7813.422671235129,0.43294293259869304,0.6320426172357073,0.5651398159433476,0.3672907451442889,0.001917251457959345,0.0006666376200037199
420.0,6,rectifying_volume_5,tray,164.85751324160734,221.38449686744227,32.391892120384526,12.330872403475412,5233.270569017445,7755.442051531866,0.3807477602799741,0.5779437427771901,0.615688065250818,0.4207437068522699,0.003564174469208151,0.001312550370540098
420.0,7,rectifying_volume_6,tray,168.38560132482374,221.43435917042353,32.17505844579664,12.271069310603963,5219.547894734483,7730.79156270955,0.3492335127121761,0.5431192054408673,0.6444109034874578,0.45445533262688614,0.006355583800366111,0.0024254619322464223
420.0,8,rectifying_volume_7,tray,170.64534361729832,221.48447013830273,32.03499886663629,12.233147978889281,5205.620891263198,7717.244001885384,0.3306340700406095,0.5221284724504988,0.6583091842737732,0.4735601135637112,0.011056745685617412,0.004311413985790073
420.0,9,rectifying_volume_8,tray,172.24710514325804,221.5346685700398,31.88497512843159,12.207626542002476,5184.722092444521,7703.482912779677,0.31939758036612564,0.5099023569689722,0.6616648522061458,0.48261309631521465,0.018937567427728588,0.007484546715813079
420.0,10,rectifying_volume_9,tray,173.66700735585516,221.5848052512649,31.6826295497617,12.185349311726142,5150.39823789873,7682.743953597815,0.31187898619994964,0.5028333784581637,0.6560627312577366,0.4843734061141059,0.03205828254231383,0.01279321542773045
420.0,11,rectifying_volume_10,tray,175.31735409808198,221.63477384994454,31.41093991316682,12.156135596784965,5094.22046930625,7648.575972009596,0.3056270943070694,0.4986177680965116,0.6407351348783666,0.4797815351857246,0.05363777081456405,0.021600696717763903
420.0,12,feed_tray,tray,177.63611820946056,221.70964710435132,45.88467228802357,10.940424304661011,12232.374857415762,7592.551688701342,0.2987953730195722,0.4958273080004957,0.6128529172773158,0.46817129848120237,0.08835170970311183,0.036001393518301956
420.0,13,stripping_volume_1,tray,181.08572530144434,221.78515872374686,45.69481893193617,10.887663067095325,12253.202313197373,7587.962637587858,0.27056746903286183,0.4588785291335655,0.6397380239660443,0.5032745562575471,0.08969450700109394,0.0378469146088874
420.0,14,stripping_volume_2,tray,185.23573642171704,221.86170727555654,45.51963585758244,10.8230264413715,12290.092751601185,7609.027767491844,0.23737458311515613,0.41301689808399195,0.6713559668124824,0.5468378189530385,0.0912694500723615,0.040145282962969535
420.0,15,stripping_volume_3,tray,189.961884983654,221.93951700095784,45.31367181548544,10.754383505543304,12346.794700350458,7646.160145568259,0.20059028755584338,0.3590175482765898,0.7062932209164265,0.5980691478349704,0.09311649152773015,0.0429133038884396
420.0,16,stripping_volume_4,tray,195.03371819922404,222.00895709670993,53.48760425390137,12.13018576018892,12422.293220706508,7703.104168670623,0.16234444153502414,0.2992081637883889,0.742157506932814,0.6545647757246454,0.09549805153216194,0.04622706048696566
420.0,17,stripping_volume_5,tray,200.1965102002465,222.07977576995327,53.18857595663339,12.056746909187352,12508.699885603402,7778.865206415549,0.12506454367426478,0.23722872608542273,0.7756034495262735,0.7122892039791124,0.09933200679946172,0.050482069935464724
420.0,18,stripping_volume_6,tray,205.30447769112257,222.1525840829035,53.22047112417699,11.958703940800966,12587.515141181077,7865.526074681577,0.09085612845734152,0.1771679983898192,0.8019099352932297,0.7657613910169855,0.10723393624942879,0.05707061059319541
420.0,19,stripping_volume_7,tray,210.551550493411,222.22675371777393,52.785198445100946,11.890431985309018,12624.403862104313,7944.585690054989,0.061075621672594865,0.1224911493741086,0.8130149742327855,0.8075023854553658,0.12590940409461973,0.07000646517052557
420.0,20,combined_reboiler_sump,reboiler_sump,216.84600517124014,222.25196870610603,758.8526099235517,77.22716890210648,,7981.710952154601,0.03625004971269274,0.07527169095713397,0.7925275017513519,0.8250159144266079,0.1712224485359554,0.09971239461625818
450.0,1,reflux_drum,reflux_drum,120.62627590178974,221.17293830309174,1478.2881693266613,132.44219498003073,,,0.8808054148064546,0.9466048677309817,0.11915382506383057,0.053385755451496986,4.076012971497411e-05,9.376817521304882e-06
450.0,2,rectifying_volume_1,tray,129.96083699552432,221.220336568792,38.039673415206565,49.471170841372725,5663.211608951652,8448.116613753766,0.7581929635877445,0.8813322569581865,0.24164776341661529,0.11862730394095802,0.00015927299564030687,4.04391008553388e-05
450.0,3,rectifying_volume_2,tray,140.92531105313142,221.26936727237722,34.310346829716494,12.80513505505046,5442.689798294424,8159.819359267013,0.6268733902926562,0.7963149442563715,0.3726971922147279,0.2035623987493551,0.0004294174926159076,0.00012265699427336835
450.0,4,rectifying_volume_3,tray,151.26900499578187,221.31824600112841,33.37615974046041,12.586052902816919,5316.281297362725,7939.53362997459,0.5142019763239353,0.7074062391512765,0.48483681013422975,0.29228695735974675,0.0009612135418350776,0.00030680348897670247
450.0,5,rectifying_volume_4,tray,159.3418409739662,221.36741329335914,32.7925141927361,12.428661511375175,5258.064008749903,7813.350758929902,0.4330176354005877,0.6321025657317678,0.5650651366834585,0.367230801082427,0.0019172279159540234,0.0006666331858052038
450.0,6,rectifying_volume_5,tray,164.8643556883985,221.41691677717137,32.39137800027043,12.332962604647937,5233.207573141617,7755.340292807767,0.380809155572363,0.5779955784444343,0.6156266400452345,0.42069184164730594,0.0035642043824024115,0.001312579908259656
450.0,7,rectifying_volume_6,tray,168.39353931584924,221.46677295328357,32.17446480109976,12.273129391612223,5219.47606390488,7730.6735012031995,0.3492838585180335,0.543161882250511,0.6443604506796873,0.4544125592605949,0.0063556908022792576,0.002425558488894177
450.0,8,rectifying_volume_7,tray,170.65410477071705,221.51687781942246,32.03435052655127,12.235187363749775,5205.544189064427,7717.118740464492,0.330676551582285,0.5221636704971317,0.6582665134331949,0.47352471286593717,0.011056934984520015,0.00431161663693115
450.0,9,rectifying_volume_8,tray,172.25643319148512,221.56707018678406,31.884290869359127,12.20965181664767,5184.641992404888,7703.354711440627,0.3194348336037043,0.5099322262289218,0.6616273744972895,0.4825828790515224,0.018937791899006226,0.0074848947195557455
450.0,10,rectifying_volume_9,tray,173.67671704491937,221.61720084086662,31.68192318431141,12.18736397110606,5150.315393336894,7682.614424298109,0.31191279736732724,0.502859609879,0.6560288549564227,0.4843466659115425,0.03205834767625018,0.012793724209457473
450.0,11,rectifying_volume_10,tray,175.32731891022246,221.6671634508735,31.410224240368525,12.158140365395989,5094.136015341013,7648.445847565695,0.3056585440523456,0.4986414233269096,0.6407043579541168,0.4797572948570503,0.05363709799353757,0.02160128181604015
450.0,12,feed_tray,tray,177.64622314424903,221.74203215596538,45.88490735444733,10.942118970985756,12232.857309403997,7592.4222726081425,0.2988251152221256,0.4958489323606151,0.6128260474018853,0.4681493895763537,0.08834883737598906,0.03600167806303115
450.0,13,stripping_volume_1,tray,181.094726099196,221.81754284895828,45.69510265940383,10.889368003358607,12253.674645804462,7588.4020892342305,0.27060579698680354,0.45891382145916715,0.6397029671050937,0.5032396338455631,0.08969123590810267,0.037846544695269636
450.0,14,stripping_volume_2,tray,185.24373597925992,221.8940901390126,45.51995002051935,10.824736942532756,12290.549800176314,7609.458963640614,0.23742009926777008,0.4130659903574165,0.6713140181103415,0.5467897412961521,0.09126588262188823,0.0401442683464314
450.0,15,stripping_volume_3,tray,189.96920758743676,221.97189825856123,45.313989597405,10.756092878525061,12347.234880562983,7646.578015510554,0.20063990615591085,0.35907801986763666,0.7062473090127068,0.5980102081150837,0.09311278483138241,0.042911772017279706
450.0,16,stripping_volume_4,tray,195.04087337809761,222.0413370672482,53.487873011626164,12.132117408332098,12422.72190550893,7703.507442688473,0.1623939323135294,0.29927487972895755,0.7421117110522051,0.6544998734752225,0.0954943566342656,0.04622524679581981
450.0,17,stripping_volume_5,tray,200.20409012741953,222.11215436514095,53.188797743862885,12.058659409913414,12509.129256516548,7779.259919226428,0.12510944316158287,0.23729455744089387,0.7755621704026954,0.7122251829884128,0.09932838643572166,0.05048025957069336
450.0,18,stripping_volume_6,tray,205.31297363740012,222.18496139590874,53.22064500341093,11.960585638096996,12587.961018623897,7865.925155368631,0.09089300090005814,0.17722595013577042,0.8018768551366782,0.7657050924750454,0.10723014396326376,0.057068957389184126
450.0,19,stripping_volume_7,tray,210.5612101564155,222.25913002427302,52.78533641057215,11.892287299063378,12624.882252636278,7945.005745490829,0.06110266851190594,0.12253617221024954,0.812993105795802,0.8074592245890873,0.12590422569229207,0.07000460320066314
450.0,20,combined_reboiler_sump,reboiler_sump,216.8566859024425,222.2843434620741,758.6615515127764,77.25453388880494,,7982.16866886055,0.03626711207709542,0.07530154611212643,0.7925213060619974,0.8249902489366947,0.17121158186090712,0.09970820495117898
480.0,1,reflux_drum,reflux_drum,120.6356503599269,221.20548488370983,1482.7606968172838,132.1339261983276,,,0.8808427100172042,0.9466197114322694,0.1191165509192076,0.053370915830236725,4.073906358821313e-05,9.372737493877987e-06
480.0,2,rectifying_volume_1,tray,129.968060125296,221.2528779252236,38.03925821308534,49.47967917252055,5663.243669276777,8448.10047153421,0.7582589880250407,0.8813640366627548,0.24158176913720103,0.11859552991624092,0.00015924283775823643,4.043342100439969e-05
480.0,3,rectifying_volume_2,tray,140.93082484456298,221.30190333102638,34.31009037422253,12.807351920789525,5442.708896838071,8159.835462732603,0.6269570380696545,0.7963647446801652,0.3726135830327151,0.20351260695684342,0.00042937889763038463,0.0001226483629913362
480.0,4,rectifying_volume_3,tray,151.27409239773263,221.35077655868267,33.37585514637662,12.588233702393106,5316.26645385326,7939.5351067611,0.5142860566553975,0.7074661276670445,0.48475276155785585,0.2922270771940771,0.0009611817867465343,0.0003067951388783118
480.0,5,rectifying_volume_4,tray,159.34763876306593,221.39993813160902,32.79210332007502,12.43079590749094,5258.02072883454,7813.317294058303,0.4330912795623051,0.632161415693332,0.5649914863131578,0.3671719442690008,0.0019172341245371899,0.0006666400376672749
480.0,6,rectifying_volume_5,tray,164.8712964964416,221.44943578603568,32.39086709418381,12.335057134916362,5233.148145848613,7755.278336949051,0.3808700178308025,0.5780467922355738,0.6155656943629755,0.4206405774945786,0.0035642878062220316,0.001312630269847619
480.0,7,rectifying_volume_6,tray,168.40154794002206,221.49928611960152,32.17387833304877,12.275194100695677,5219.408830322621,7730.596105509255,0.349333956352799,0.5432042394301057,0.6443101530302779,0.4543700688101618,0.006355890616922994,0.0024256917597325475
480.0,8,rectifying_volume_7,tray,170.6629322065472,221.54938517751788,32.03371183108283,12.23723123592937,5205.473033272628,7717.034732025405,0.3307188530185617,0.5221986301294923,0.6582238705911123,0.4734894892940119,0.011057276390326208,0.004311880576495698
480.0,9,rectifying_volume_8,tray,172.2658400483406,221.59957178439143,31.883617761321947,12.211681147431296,5184.568372846628,7703.268235878276,0.3194718285886084,0.5099617701950605,0.6615899262672796,0.48255289251504174,0.01893824514411193,0.007485337289897802
480.0,10,rectifying_volume_9,tray,173.6865265754834,221.6496967264495,31.681229189049287,12.189382120755479,5150.240017106301,7682.527059203799,0.3119461979856608,0.5028853346486639,0.6559950885837399,0.48432030289712336,0.032058713430599184,0.012794362454212891
480.0,11,rectifying_volume_10,tray,175.33740363924758,221.69965367481032,31.409522898155267,12.160148098953794,5094.060227895124,7648.358376336861,0.3056894206279104,0.4986643601706909,0.6406738495106051,0.4797336297533575,0.05363672986148457,0.021602010075951576
480.0,12,feed_tray,tray,177.65645500640662,221.77451816624293,45.88515546971178,10.943815849794197,12233.351667612797,7592.336214654298,0.29885417170985484,0.49586964545375756,0.6127997503606852,0.468128306910036,0.08834607792945999,0.03600204763620639
480.0,13,stripping_volume_1,tray,181.1039084247625,221.85002830696376,45.695399280649994,10.891074127201435,12254.160778929285,7588.8878605950185,0.2706430093147925,0.4589475777272437,0.6396689000241014,0.5032061329833492,0.08968809066110596,0.03784628928940718
480.0,14,stripping_volume_2,tray,185.25196134487118,221.9265747408764,45.520278331124594,10.826447813661783,12291.022954297292,7609.9380120555425,0.23746417652495286,0.41311299399363205,0.6712733756236423,0.5467436120021276,0.09126244785140483,0.04014339400424047
480.0,15,stripping_volume_3,tray,189.97678011372017,222.00438169290183,45.31432432380567,10.757802159359693,12347.693655487208,7647.045600115644,0.20068794056459652,0.35913604688964723,0.7062028467826139,0.5979535548281865,0.09310921265278957,0.04291039828216633
480.0,16,stripping_volume_4,tray,195.04827535327797,222.07381958771714,53.4881635690326,12.134048931438985,12423.171723953878,7703.962409159979,0.162441911938867,0.2993391105695468,0.742067288146891,0.654437289560133,0.09549079991424202,0.04622359987032018
480.0,17,stripping_volume_5,tray,200.21188758819395,222.14463590394607,53.189047081486635,12.0605720728647,12509.581689194956,7779.708185857107,0.12515310187237078,0.2373582195454427,0.7755219717087556,0.7121631576943213,0.09932492641887355,0.05047862276023613
480.0,18,stripping_volume_6,tray,205.3216373070522,222.21744205934812,53.22085239792311,11.962467949691007,12588.43102792378,7866.378990200402,0.09092905117313549,0.17728238063897028,0.8018443826827151,0.7656501270549554,0.10722656614414931,0.05706749230607444
480.0,19,stripping_volume_7,tray,210.5709755527215,222.29161009146566,52.785512909921145,11.894143815617644,12625.385058438345,7945.480859112803,0.06112938696840626,0.12258055043098287,0.8129712820877537,0.8074165035149264,0.12589933094383993,0.07000294605409063
480.0,20,combined_reboiler_sump,reboiler_sump,216.86740126905107,222.31682230975082,758.4812663400639,77.28101248729355,,7982.680941113117,0.03628433694518314,0.07533171925439215,0.7925147006561365,0.8249641198476562,0.17120096239868032,0.0997041608979517
510.0,1,reflux_drum,reflux_drum,120.64508174533587,221.23816032217727,1487.307064310213,131.82018180552365,,,0.8808798610167125,0.9466344734072197,0.11907942031293561,0.05335615777616707,4.071867035193789e-05,9.368816613140594e-06
510.0,2,rectifying_volume_1,tray,129.9754477879851,221.28554832373763,38.0388260870745,49.48820814571347,5663.273558003607,8448.114091269308,0.7583235432727518,0.8813949339575872,0.24151724051096224,0.11856463733680371,0.000159216216285943,4.042870560917504e-05
510.0,3,rectifying_volume_2,tray,140.9365713498761,221.33456861911978,34.30981580872943,12.809572648205801,5442.726275863805,8159.879607303609,0.6270385967592017,0.7964130022146685,0.37253205374333387,0.20346435513730254,0.00042934949746457267,0.0001226426480289411
510.0,4,rectifying_volume_3,tray,151.27941048149253,221.38343654216848,33.375537173828214,12.59041860089253,5316.251531130481,7939.564986634662,0.5143682637977425,0.7075243389203746,0.4846705673761117,0.29216886758915417,0.0009611688261457744,0.00030679349047124893
510.0,5,rectifying_volume_4,tray,159.3536222582024,221.43259260214955,32.791685500797975,12.432935374615939,5257.978841912434,7813.3136462275015,0.4331636233474693,0.6322189140993537,0.5649191016393397,0.3671144257822618,0.0019172750131911044,0.0006666601183845205
510.0,6,rectifying_volume_5,tray,164.87837632974308,221.48208464036037,32.39035444885664,12.337157547451556,5233.091161658051,7755.247330643431,0.3809300865172804,0.5780970876208479,0.6155054814451227,0.42059020775156364,0.0035644320375968555,0.001312704627588519
510.0,7,rectifying_volume_6,tray,168.40966785397057,221.53192934983224,32.173293584020975,12.277265049305239,5219.344851463614,7730.550289384227,0.349383553509852,0.5432459734685685,0.6442602540572473,0.4543281603963444,0.006356192432900732,0.002425866135087138
510.0,8,rectifying_volume_7,tray,170.67186414018337,221.58202282368515,32.033076922624694,12.239281299278428,5205.405857162095,7716.982638140742,0.3307607479995176,0.5222330693139767,0.658181472720305,0.4734547197749422,0.01105777928017742,0.004312210911080953
510.0,9,rectifying_volume_8,tray,172.27535971315478,221.63220390094426,31.88294965748815,12.213716353878304,5184.499447702562,7703.213884832078,0.31950837817774513,0.5099907481318325,0.661552688288001,0.48252337273520796,0.0189389335342539,0.007485879132959505
510.0,10,rectifying_volume_9,tray,173.6964644519749,221.68232336938948,31.68054123634159,12.191405711483217,5150.170117695896,7682.471996384512,0.3119790490544561,0.5029103665873884,0.6559615714097768,0.4842945003269788,0.03205937953576699,0.012795133085632588
510.0,11,rectifying_volume_10,tray,175.34763066682677,221.73227490276236,31.40882942294865,12.16216088291025,5093.9909186116865,7648.303444475796,0.30571963814890935,0.4986864551200621,0.6406437017722438,0.47971066216289193,0.05363666007884686,0.02160288271704592
510.0,12,feed_tray,tray,177.66683077347653,221.80713543612038,45.885412073775754,10.945516738021036,12233.856013781075,7592.283146741811,0.2988825086606238,0.49588938971985547,0.6127740559727202,0.4681081023248673,0.08834343536665618,0.03600250795527725
510.0,13,stripping_volume_1,tray,181.11329115191896,221.88264531832033,45.69570361291582,10.892783239099405,12254.658510594689,7589.409753305732,0.27067905832999967,0.45897972037263307,0.6396358632073585,0.5031741233263901,0.08968507846264179,0.037846156300976756
510.0,14,stripping_volume_2,tray,185.2604331783771,221.95919121665392,45.52061496424899,10.828160867099553,12291.509710437673,7610.454348762165,0.23750675501836632,0.4131578112725632,0.6712340890736752,0.5466995186359005,0.09125915590795837,0.04014267009153632
510.0,15,stripping_volume_3,tray,189.9846241842585,222.0369973490026,45.31466956057756,10.759513191757705,12348.168200343707,7647.551962620585,0.20073432566981675,0.3591915192346188,0.7061598872510131,0.5978992862448781,0.09310578707917015,0.042909194520503104
510.0,16,stripping_volume_4,tray,195.05594568662798,222.10643462746154,53.48846777034202,12.135982488816262,12423.639432463106,7704.457738362699,0.16248831747958825,0.2994007442932971,0.7420242892069374,0.6543771237251722,0.09548739331347425,0.046222131981530724
510.0,17,stripping_volume_5,tray,200.21992239936043,222.1772502735346,53.18931519260838,12.062487155544439,12510.053520633923,7780.198182639081,0.12519546943245113,0.23741961651599364,0.7754828969476203,0.7121032144216488,0.09932163361992853,0.05047716906235768
510.0,18,stripping_volume_6,tray,205.33048638461653,222.25005587119944,53.221083982814655,11.964353231698853,12588.921138659785,7866.8752375787135,0.09096424055662597,0.1773372111466315,0.801812561833165,0.7655965706169294,0.107223197610209,0.05706621823643893
510.0,19,stripping_volume_7,tray,210.58086361145257,222.32422362165337,52.78571824689176,11.896003958744858,12625.907983591005,7945.998193937066,0.061155738200161965,0.12262420263782278,0.8129495620119912,0.8073743083544849,0.12589469978784681,0.07000148900769239
510.0,20,combined_reboiler_sump,reboiler_sump,216.87817190161246,222.34943486452104,758.3171758113239,77.30614645938498,,7983.234507365034,0.03630166753340202,0.0753620912122167,0.7925077473163971,0.8249376375713826,0.1711905851502009,0.09970027121640085
540.0,1,reflux_drum,reflux_drum,120.65457776591332,221.27097721292404,1491.9246830079526,131.50115241124305,,,0.8809168259748446,0.9466491320714684,0.11904247505916726,0.05334150286924839,4.069896598824608e-05,9.365059283325937e-06
540.0,2,rectifying_volume_1,tray,129.98300654812363,221.31836031368337,38.03837623779207,49.49676067793401,5663.301132828744,8448.15054283449,0.7583866069634065,0.8814249334378434,0.24145419959616066,0.11853464152647561,0.00015919344043292412,4.042503568099112e-05
540.0,3,rectifying_volume_2,tray,140.94256042773245,221.36737563679057,34.30952163360138,12.811797958564181,5442.741561839107,8159.944337286104,0.6271180099549644,0.7964596730673623,0.3724526597924131,0.20341768679769068,0.0004293302526225872,0.0001226401349470025
540.0,4,rectifying_volume_3,tray,151.2849763168425,221.4162384003914,33.37520332664559,12.59260820709592,5316.235907394979,7939.615576012545,0.5144484720427576,0.7075807600201217,0.4845903512167061,0.2921124407218611,0.0009611767405363731,0.00030679925801725363
540.0,5,rectifying_volume_4,tray,159.35981531585665,221.46538910007905,32.79125734942097,12.435080447593155,5257.937504941637,7813.331874205766,0.43323448354889255,0.6322748742108188,0.564848162340746,0.3670584309803082,0.001917354110361405,0.0006666948088730964
540.0,6,rectifying_volume_5,tray,164.8856227501266,221.514875678912,32.3898359903152,12.339264372184342,5233.035564610898,7755.2391088470495,0.3809891519306031,0.5781462316516415,0.6154462061214253,0.4205409632235892,0.003564641947971715,0.001312805124769228
540.0,7,rectifying_volume_6,tray,168.41792697046822,221.5647149234469,32.17270594422286,12.279342819714268,5219.28285085326,7730.5276677606735,0.34943244269368395,0.5432868411970805,0.64421095573404,0.45428707450866285,0.006356601572275913,0.0024260842942566458
540.0,8,rectifying_volume_7,tray,170.6809261859885,221.61480297482566,32.032440776334994,12.241338227790365,5205.341157459008,7716.953843905544,0.330802052695506,0.5222667644291012,0.6581394999170022,0.473420625428348,0.011058447387491701,0.004312610142550653
540.0,9,rectifying_volume_8,tray,172.28501362450908,221.66497868731318,31.882281228027555,12.215758227734511,5184.4334894309,7703.182806864806,0.31954433605618643,0.5100189764930072,0.6615158078743562,0.48249450215365985,0.018939856069457382,0.00748652135333301
540.0,10,rectifying_volume_9,tray,173.7065467414201,221.71509285100566,31.679853778532685,12.19343566794163,5150.103751543265,7682.440149733866,0.31201125031258264,0.5029345748455222,0.6559284121678439,0.4842693905510001,0.032060337519573365,0.012796034603477599
540.0,11,rectifying_volume_10,tray,175.35801032488146,221.76503914298354,31.408138052835056,12.164179774926748,5093.925927491274,7648.2717360592105,0.30574914568437234,0.4987076363320005,0.6406139789214291,0.47968846734992443,0.05363687539419851,0.021603896318075032
540.0,12,feed_tray,tray,177.67735613255383,221.83989590031572,45.8856727743068,10.947222569055686,12234.368119787843,7592.253514428693,0.2989101210108422,0.49590815313027103,0.6127489680463903,0.4680887860934697,0.08834091094276744,0.03600306077625927
540.0,13,stripping_volume_1,tray,181.1228794074124,221.91540574136468,45.696010751328075,10.894496318028065,12255.165301320281,7589.958077472418,0.2707139443319579,0.45901024489606335,0.639603852953804,0.5031436069184966,0.08968220271423816,0.03784614818544012
540.0,14,stripping_volume_2,tray,185.26915632334794,221.99195134331282,45.52095443427423,10.829877127033852,12292.007187174206,7610.99792310267,0.23754783796278983,0.41320044259352684,0.6711961496405425,0.5466574574454829,0.09125601239666777,0.04014209996099036
540.0,15,stripping_volume_3,tray,189.99274446266426,222.06975691682746,45.31501920879004,10.761227047283935,12348.655267702543,7648.0866729992595,0.20077906646249968,0.35924444095491725,0.7061184181705864,0.5978473941741244,0.09310251536691388,0.042908164870958464
540.0,16,stripping_volume_4,tray,195.0638890890283,222.1391938030572,53.48877791668449,12.137919355031778,12424.12133408079,7704.982599929306,0.1625331533341753,0.2994597849266147,0.7419827025349928,0.6543193675897032,0.09548414413083192,0.04622084748368199
540.0,17,stripping_volume_5,tray,200.22819902355164,222.2100090110681,53.18959362522189,12.06440600447943,12510.540624231726,7780.718600579922,0.12523655012458126,0.23747875267097368,0.7754449388639938,0.7120453465549282,0.09931851101142496,0.05047590077409822
540.0,18,stripping_volume_6,tray,205.33952559904844,222.28281428303893,53.22133058391611,11.96624289825372,12589.426863614908,7867.402114934475,0.0909985668069108,0.17739043433105559,0.8017814023777847,0.7655444333590935,0.10722003081530447,0.05706513230985091
540.0,19,stripping_volume_7,tray,210.59088092583076,222.35698197540802,52.785942686775336,11.897869178272618,12626.446283471105,7946.545542879019,0.061181701451733295,0.12266708594037765,0.8129279859604237,0.8073326901590888,0.1258903125878431,0.0700002239005336
540.0,20,combined_reboiler_sump,reboiler_sump,216.88901020784317,222.38219240688363,758.1728592625789,77.32962966277861,,7983.816817092078,0.03631905104932452,0.07539255349850371,0.7925005005466909,0.8249109030293746,0.17118044840398455,0.09969654347212152
570.0,1,reflux_drum,reflux_drum,120.66413992060704,221.3039318518599,1496.6109146252647,131.17702362759914,,,0.8809535651869417,0.9466636685156284,0.11900575484459934,0.05332697001453774,4.0679968459065826e-05,9.361469833813497e-06
570.0,2,rectifying_volume_1,tray,129.9907344814828,221.351310152765,38.03790863599461,49.5053359100924,5663.326325605632,8448.203678595726,0.758448185095964,0.881454039570596,0.2413926401807235,0.11850553796464475,0.00015917472331246701,4.042246475923291e-05
570.0,3,rectifying_volume_2,tray,140.948791333224,221.4003205999937,34.30920722179758,12.814027643538898,5442.754483871185,8160.023100091503,0.6271952689226099,0.7965047527631867,0.37237540926461876,0.20337260622779083,0.0004293218127712403,0.00012264100902247094
570.0,4,rectifying_volume_3,tray,151.29079511013148,221.44917830557046,33.374852036473094,12.594802228177812,5316.21906711455,7939.680112655026,0.5145266108247029,0.707635332240374,0.484512182263092,0.2920578548580435,0.0009612069122049837,0.0003068129015825503
570.0,5,rectifying_volume_4,tray,159.36622962242419,221.49832375166767,32.79081640891545,12.43723076257617,5257.895981154333,7813.364976573566,0.43330373050693594,0.6323291696332507,0.5647787958641662,0.36700408540142165,0.0019174736288979188,0.0006667449653277073
570.0,6,rectifying_volume_5,tray,164.89305130928508,221.54780497964754,32.389308566465054,12.341377233702703,5232.980409923833,7755.24645808139,0.38104705338647715,0.5781940519848512,0.6153880264234689,0.42049301505345327,0.003564920190053926,0.001312932961695541
570.0,7,rectifying_volume_6,tray,168.42634142738902,221.5976388674463,32.172111730610915,12.2814270823981,5219.221672017828,7730.520829439205,0.3494804615053416,0.5433266582339278,0.644162418556422,0.45424699437540855,0.0063571199382363875,0.002426347390663691
570.0,8,rectifying_volume_7,tray,170.69013237836367,221.64772160404675,32.03179930579183,12.243401779295992,5205.277560609217,7716.940738379844,0.3308426250029442,0.5222995484204226,0.6580980953454849,0.47338737305376655,0.011059279651570861,0.0043130785258109
570.0,9,rectifying_volume_8,tray,172.29481185157573,221.6978920595804,31.881608086753662,12.217806640980076,5184.368907882844,7703.167187943549,0.31957959467185976,0.5100463255978518,0.6614793995539074,0.48246641233947085,0.01894100577423281,0.007487262062677373
570.0,10,rectifying_volume_9,tray,173.71677848393017,221.74800102714875,31.679162194917847,12.19547199017574,5150.039115156639,7682.423503586815,0.3120427364989426,0.5029578785510975,0.655895690882291,0.48424505947910085,0.03206157261876645,0.012797061969801708
570.0,11,rectifying_volume_10,tray,175.36854249790466,221.79794218787438,31.40744390204587,12.166204900510458,5093.863229941869,7648.255035214698,0.3057779219638524,0.4987278762414636,0.6405847204771548,0.4796670799199303,0.053637357558992856,0.021605043838606147
570.0,12,feed_tray,tray,177.68802715594808,221.87279528667634,45.885933531718635,10.94893349066827,12234.885609865918,7592.238888108244,0.29893702620688023,0.4959259601729587,0.6127244701365856,0.46807033527199776,0.08833850365653413,0.036003704555043585
570.0,13,stripping_volume_1,tray,181.13266678887885,221.94830523455838,45.696316256934644,10.896213588510939,12255.678457862756,7590.524014897207,0.27074770506567825,0.4590392046697244,0.6395728313182537,0.5031145324498602,0.08967946361606802,0.03784626288041542
570.0,14,stripping_volume_2,tray,185.2781224761662,222.02485070494714,45.52129179950446,10.831596887502357,12292.512334644538,7611.559578599767,0.23758747778228,0.4132409656959798,0.6711595031958462,0.5466173529677396,0.09125301902187383,0.040141681336280564
570.0,15,stripping_volume_3,tray,190.00113158001335,222.1026559005991,45.31536774071652,10.762944077777474,12349.151424800717,7648.640209790999,0.20082222254609222,0.3592949057769,0.7060783768952668,0.5977977871253317,0.09309940055864105,0.04290730709776838
570.0,16,stripping_volume_4,tray,195.07209633315247,222.1720925508453,53.48908706023664,12.13985997824911,12424.613545007403,7705.52708692958,0.1625764762725668,0.2995163274312505,0.74194246813047,0.6542639283906593,0.09548105559696315,0.04621974417809032
570.0,17,stripping_volume_5,tray,200.23670919459903,222.2429074796685,53.18987461157477,12.06632911551711,12511.038700239093,7781.259091083755,0.1252763905063498,0.23753571045742955,0.7754080511910989,0.711989475275411,0.09931555830255118,0.0504748142671595
570.0,18,stripping_volume_6,tray,205.3487488440493,222.31571257958132,53.22158360942723,11.968137485255259,12589.943565965734,7867.9488598238595,0.09103205585490477,0.1774420985869339,0.8017508874480749,0.765493674231158,0.10721705669702036,0.05706422718190817
570.0,19,stripping_volume_7,tray,210.60102523575097,222.3898803547443,52.786176955107386,11.899740019008547,12626.995082874328,7947.111797180865,0.06120727053562677,0.12270918878891897,0.8129065784236095,0.8072916709903417,0.12588615104076378,0.06999914022073926
570.0,20,combined_reboiler_sump,reboiler_sump,216.8999211200176,222.41509006828264,758.0502383042259,77.35129309337486,,7984.41650010468,0.036336439809012945,0.07542301026413659,0.7924930069065824,0.8248840058028253,0.17117055328440467,0.0996929839330382
600.0,1,reflux_drum,reflux_drum,120.67376440107991,221.3370067804046,1501.3630780818978,130.84797713964542,,,0.880990041711244,0.9466780665560293,0.11896929659233373,0.05331257539166976,4.066169642229266e-05,9.358052301114924e-06
600.0,2,rectifying_volume_1,tray,129.99862275564382,221.3843803516775,38.03742388349525,49.51392977031551,5663.349130383989,8448.268273878763,0.758508304433912,0.8814822717317643,0.24133253537671637,0.11847730724684861,0.0001591601893715557,4.042102138704032e-05
600.0,3,rectifying_volume_2,tray,140.95525471600453,221.43338598581454,34.30887268435451,12.81626070011157,5442.764866581052,8160.110382804318,0.6272704012932547,0.7965482672040285,0.3723002741641302,0.20332908743107916,0.00042932454261493,0.00012264536489230013
600.0,4,rectifying_volume_3,tray,151.29686218581978,221.48223869940225,33.374482564657924,12.596999603824065,5316.200606370228,7939.752907619616,0.514602654807571,0.7076880413942978,0.4844360851060379,0.29200512395380146,0.0009612600863912197,0.0003068346519008512
600.0,5,rectifying_volume_4,tray,159.37286640910443,221.53137896126367,32.79036109946345,12.43938519509728,5257.853657443956,7813.407045112286,0.4333712816073673,0.6323817267023281,0.5647110837936722,0.3669514623230109,0.0019176345989605477,0.0006668109746610248
600.0,6,rectifying_volume_5,tray,164.90066701318298,221.58085490753552,32.3887699350576,12.343494992229436,5232.9248915273,7755.263279237448,0.3811036754705506,0.5782404316377469,0.6153310570568623,0.4204464798513662,0.0035652674725869995,0.0013130885108868673
600.0,7,rectifying_volume_6,tray,168.43491694316452,221.63068350516897,32.171508203469635,12.283516736888568,5219.16031536248,7730.523506215757,0.34952748993016386,0.5433652949579849,0.6441147635272768,0.4542080497666818,0.006357746542559214,0.0024266552753331888
600.0,8,rectifying_volume_7,tray,170.69948656156788,221.6807609905369,32.03114940015284,12.245470933541469,5205.2138689872945,7716.936888333763,0.33088236194294884,0.5223313066303463,0.6580573669213964,0.47335507890325884,0.011060271135654888,0.004313614466394787
600.0,9,rectifying_volume_8,tray,172.3047546124115,221.73092625007416,31.88092684460546,12.219860679492706,5184.304306185763,7703.160429177742,0.3196140817392911,0.5100727143846748,0.6614435471488184,0.48243918860005763,0.018942371111890427,0.007488097015267517
600.0,10,rectifying_volume_9,tray,173.72715537174275,221.78103008049303,31.678462862171216,12.197513882310574,5149.974611460637,7682.415294369363,0.3120734726815717,0.5029802401080203,0.6558634616967496,0.4842215523982782,0.03206306562167861,0.01279820749370155
600.0,11,rectifying_volume_10,tray,175.37921842844145,221.83096616763402,31.406743055868834,12.168235577308616,5093.801015315969,7648.246412208947,0.305805969712351,0.4987471834961212,0.6405559451803314,0.47964650088793453,0.05363808510731746,0.021606315615944265
600.0,12,feed_tray,tray,177.69883212500736,221.9058156713314,45.88619078934516,10.950648967617068,12235.406097719433,7592.232155036761,0.29896325812161834,0.4959428628591793,0.612700531124144,0.46805270200057736,0.08833621075423762,0.03600443514024319
600.0,13,stripping_volume_1,tray,181.1426377167382,221.98132581368117,45.696616283674565,10.897934612981533,12256.195287841083,7591.0998656390875,0.27078040546811744,0.4590666959507675,0.6395427357279008,0.5030868092707774,0.0896768588039818,0.03784649477845516
600.0,14,stripping_volume_2,tray,185.28731297882788,222.05787125226942,45.521622798348304,10.833319796306078,12293.022110464457,7612.131312416664,0.23762576260759224,0.41327951524555334,0.6711240631007143,0.5465790772251988,0.09125017429169344,0.04014140752924792
600.0,15,stripping_volume_3,tray,190.009765176819,222.135676180849,45.315710359956725,10.764663994269934,12349.653252580922,7649.20423553768,0.2008638930708913,0.35934307311207425,0.706039664745673,0.5977503129228049,0.09309644218343552,0.04290661396512093
600.0,16,stripping_volume_4,tray,195.08054728063837,222.20511269127275,53.48938920183905,12.14180406932786,12425.112217101587,7706.082508268518,0.16261838090479075,0.299570533156349,0.7419034915632599,0.6542106521161933,0.09547812753194934,0.046218814727457674
600.0,17,stripping_volume_5,tray,200.24543465462585,222.27592743518503,53.19015132135993,12.068256225689254,12511.54351675123,7781.810573715214,0.12531506744024443,0.23759062896918573,0.7753721599563679,0.7119354696834593,0.09931277260338771,0.05047390134735499
600.0,18,stripping_volume_6,tray,205.3581414169043,222.34873244793994,53.221835366151446,11.970036746344729,12590.466712574125,7868.506046949886,0.0910647537998689,0.17749229276041384,0.8017209807794007,0.7654442149577307,0.10721426542073045,0.0570634922818554
600.0,19,stripping_volume_7,tray,210.61128705806584,222.42290037486305,52.786412613836696,11.901616222163211,12627.549637227108,7947.687265335731,0.06123245032509067,0.12275052373956238,0.8128853508519139,0.8072512501774547,0.12588219882299545,0.06999822608298296
600.0,20,combined_reboiler_sump,reboiler_sump,216.91090306980254,222.4481094044944,757.9498069967889,77.37108608678015,,7985.02368200883,0.03635379189975776,0.07545337927530198,0.7924853048652082,0.8248570231821157,0.17116090323503405,0.09968959754258228
630.0,1,reflux_drum,reflux_drum,120.68344308281614,221.37017352313552,1506.1784569996025,130.514191782625,,,0.8810262217563491,0.9466923126451021,0.11893313407549799,0.05329833254463245,4.064416815283958e-05,9.35481026544022e-06
630.0,2,rectifying_volume_1,tray,130.00665724032643,221.41754241186365,38.03692307048687,49.522535589300304,5663.369590797601,8448.340093485898,0.758567005451257,0.8815096595261663,0.2412738446641137,0.11844991976152851,0.0001591498846293721,4.042071230511616e-05
630.0,3,rectifying_volume_2,tray,140.96193464451852,221.46654327035523,34.30851872620156,12.818495479390611,5442.772619646568,8160.2017697766405,0.6273434603178986,0.796590264079504,0.3722272011256388,0.20328708270181614,0.0004293385564625856,0.00012265321867983877
630.0,4,rectifying_volume_3,tray,151.30316505742184,221.5153910311321,33.37409488271138,12.599198653114213,5316.1802315294035,7939.8294054842,0.5146766138426274,0.7077389080319824,0.48436204970603575,0.2919542274265654,0.0009613364513369916,0.00030686454145214485
630.0,5,rectifying_volume_4,tray,159.37971833664858,221.5645261496053,32.789890633922006,12.441542009771121,5257.810051993784,7813.453333129544,0.433437093883437,0.6324325159060418,0.5646450690842177,0.3669005912721334,0.001917837032345179,0.0006668928218248212
630.0,6,rectifying_volume_5,tray,164.90846601141428,221.61399685314925,32.38821870867124,12.345615895818462,5232.8683569863515,7755.284662295021,0.38115894292313585,0.5782853021761968,0.6152753742009364,0.4204014263738987,0.003565682875927872,0.0013132714499044698
630.0,7,rectifying_volume_6,tray,168.44365041443882,221.66382019520228,32.17089353236045,12.28561006416366,5219.097959595775,7730.530651133409,0.34957344633497006,0.5434026706876963,0.6440680755944179,0.45417032257239137,0.00635847807061203,0.00242700673991234
630.0,8,rectifying_volume_7,tray,170.7089840057479,221.7138924588394,32.03048890469891,12.247544042673242,5205.149088780759,7716.937118381043,0.33092119572713913,0.5223619709577645,0.6580173903190919,0.47332381411219204,0.011061413953769066,0.004314214930043526
630.0,9,rectifying_volume_8,tray,172.31483397820796,221.76405254705605,31.880235101936343,12.22191879036307,5184.238515456265,7703.157228187097,0.3196477557600792,0.5100981038741008,0.6614083068969991,0.4824128758925525,0.018943937342921588,0.007489020233346832
630.0,10,rectifying_volume_9,tray,173.73766555897592,221.81415126069476,31.67775315998833,12.199559896343606,5149.9088921898665,7682.410093198844,0.31210344906636395,0.5030016577407154,0.6558317563698178,0.48419888058846267,0.03206479456381828,0.012799461670822012
630.0,11,rectifying_volume_10,tray,175.39002259428585,221.8640822909521,31.406032597035722,12.170270455958574,5093.737738650963,7648.240307877562,0.30583330996594166,0.4987655947466078,0.6405276550944564,0.47962670496053855,0.05363903493960192,0.021607700292853752
630.0,12,feed_tray,tray,177.70975338057514,221.93892822005608,45.886441553006456,10.952367898742844,12235.927296571777,7592.22760695393,0.29898886140359593,0.4959589321938189,0.6126771103770743,0.4680358213492675,0.08833402821932977,0.036005246456913505
630.0,13,stripping_volume_1,tray,181.152769774856,222.01443859437367,45.69690764991165,10.89965839965582,12256.713223182753,7591.679189389524,0.2708121281546054,0.4590928438082614,0.6395134878600036,0.5030603205111872,0.08967438398539086,0.03784683568055148
630.0,14,stripping_volume_2,tray,185.29670157000967,222.0909840465226,45.521943923845214,10.835044955343156,12293.533619827344,7612.706425228823,0.23766280374528093,0.4133162637333986,0.671089722015844,0.5465424676352999,0.09124747423887487,0.040141268631301553
630.0,15,stripping_volume_3,tray,190.01861688464527,222.16878875988562,45.316043092520346,10.766385963052551,12350.157503937447,7649.771757840296,0.2009042027634038,0.3593891456694817,0.7060021602471269,0.597704779747545,0.09309363698946939,0.042906074582973346
630.0,16,stripping_volume_4,tray,195.0892138478516,222.2382251757991,53.48967940110428,12.143750710973855,12425.613713764775,7706.6415616669465,0.1626589862212898,0.2996226069722186,0.7418656567408921,0.6541593449879307,0.09547535703781819,0.046218048039850766
630.0,17,stripping_volume_5,tray,200.2543498422009,222.3090397746064,53.190418016793544,12.070186425634775,12512.051098765904,7782.3654188115,0.1253526770548203,0.23764368401763472,0.7753371738645397,0.7118831654171093,0.09931014908064,0.05047315056525605
630.0,18,stripping_volume_6,tray,205.36768223902516,222.38184472754506,53.22207926691612,11.971939769769783,12590.992071107918,7869.06577467061,0.09109671954077926,0.17754113198924043,0.8016916334537245,0.7653959530451584,0.10721164700549632,0.057062914965601154
630.0,19,stripping_volume_7,tray,210.6216513527215,222.45601281551117,52.78664231982382,11.903496847615115,12628.105534750044,7948.263857080061,0.06125725343001313,0.12279112052537614,0.8128643045727124,0.807211410403416,0.12587844199727447,0.06999746907120782
630.0,20,combined_reboiler_sump,reboiler_sump,216.9219490953756,222.4812211477411,757.8708869932605,77.38905540118708,,7985.630161523972,0.03637107144444265,0.07548359205834866,0.7924774250792169,0.8248300199860624,0.1711515034763404,0.09968638795558894
660.0,1,reflux_drum,reflux_drum,120.69316453778445,221.4033953427092,1511.054307492918,130.17584456630237,,,0.8810620748510503,0.94670639567492,0.11889729774826856,0.05328425257834093,4.062740068107667e-05,9.351746738937582e-06
660.0,2,rectifying_volume_1,tray,130.01482006044617,221.4507595801463,38.03640763718292,49.53114472640773,5663.387787571052,8448.4158962705,0.7586243360727187,0.8815362385699852,0.24121652013862063,0.11842333990395208,0.0001591437886608002,4.04215260628173e-05
660.0,3,rectifying_volume_2,tray,140.9688105495492,221.49975568306002,34.3081465016858,12.820729839069159,5442.777725290581,8160.2939348214095,0.6274145151082733,0.7966308049884753,0.37215612113366864,0.20324653049001282,0.00042936375805813627,0.00012266452151197703
660.0,4,rectifying_volume_3,tray,151.30968546663294,221.54859851160302,33.37368954175871,12.601397224205083,5316.157752716009,7939.90617685509,0.5147485233186764,0.7077879779829629,0.4842900409517921,0.2919051195780451,0.0009614357295316127,0.0003069024389920241
660.0,5,rectifying_volume_4,tray,159.38677142258464,221.59772850762184,32.789404911017975,12.443699011743218,5257.764813792679,7813.500253014918,0.433501156259685,0.6324815429540999,0.5645807636364093,0.36685146688256115,0.0019180801039057787,0.0006669901633388765
660.0,6,rectifying_volume_5,tray,164.91643738332627,221.64719398623396,32.38765426821815,12.347737733827366,5232.810311678278,7755.306887579882,0.381212814669907,0.5783286359745045,0.6152210211453363,0.4203578831237318,0.003566164184756772,0.0013134809017636626
660.0,7,rectifying_volume_6,tray,168.45253162897038,221.69701208472398,32.17026672345916,12.287704880554724,5219.033969829798,7730.538440934652,0.3496182824573034,0.5434387466983618,0.6440224080941974,0.45413385353828556,0.006359309448499011,0.002427399763352619
660.0,8,rectifying_volume_7,tray,170.7186131243237,221.74707913197975,32.02981655728638,12.24961898403565,5205.08244194215,7716.937513108773,0.33095908894031695,0.5223915129582667,0.6579782129009137,0.4732936112000643,0.011062698158769209,0.004314875841668926
660.0,9,rectifying_volume_8,tray,172.32503564195875,221.79723404765295,31.879531392485184,12.22397893268363,5184.170610965437,7703.153580311802,0.3196806009703206,0.5101224899150607,0.6613737112581481,0.48238748549146804,0.018945687771531217,0.007490024593471334
660.0,10,rectifying_volume_9,tray,173.74829148604596,221.847327637152,31.677031424850142,12.20160808075717,5149.840879110827,7682.403806175667,0.3121326756414935,0.5030221578000638,0.655800588136052,0.48417702825455866,0.032066736222454435,0.012800813945377664
660.0,11,rectifying_volume_10,tray,175.40093454962485,221.89725359762272,31.40531057619514,12.172307667069477,5093.672148487876,7648.232533568451,0.3058599766503318,0.49878316672502515,0.6404998396773777,0.47960764763049246,0.0536401836722906,0.021609185644482352
660.0,12,feed_tray,tray,177.72076910260017,221.97209594086826,45.88668342626339,10.954088739738205,12236.447102156297,7592.220940871583,0.29901388644911053,0.49597425043619753,0.6126541623240858,0.4680196184145285,0.08833195122680357,0.03600613114927412
660.0,13,stripping_volume_1,tray,181.1630359257447,222.0476065451706,45.697187862170736,10.901383517359665,12257.229912548182,7592.25685677552,0.27084296496591487,0.4591177894752935,0.6394850014908511,0.503034934837527,0.08967203354323418,0.0378472756871793
660.0,14,stripping_volume_2,tray,185.3062569657986,222.1241520130804,45.52225244527944,10.836771029001703,12294.044220045897,7613.279577106253,0.23769872454374127,0.4133514043712333,0.6710563623367785,0.5465073430034164,0.09124491311948026,0.040141252625350336
660.0,15,stripping_volume_3,tray,190.02765311087748,222.2019565160824,45.31636281825283,10.76810871060286,12350.661221508894,7650.337192103241,0.20094328952411783,0.3594333494588499,0.7059657308090416,0.5976609748776712,0.0930909796668407,0.042905675663478776
660.0,16,stripping_volume_4,tray,195.09806277465893,222.27139284187587,53.489953811139536,12.14569847741236,12426.114739823846,7707.198403741155,0.16269842365852702,0.29967277688437405,0.7418288371559779,0.6541097925555369,0.0954727391854951,0.046217430560089034
660.0,17,stripping_volume_5,tray,200.26342440737199,222.34220729174135,53.19067012153912,12.072118282792704,12512.557866310224,7782.9175221614205,0.1253893249978615,0.23769507043272797,0.7753029934265725,0.7118323811437892,0.09930768157556591,0.05047254842348277
660.0,18,stripping_volume_6,tray,205.37734595136442,222.41501216647356,53.22230994062092,11.973845106063388,12591.515852421004,7869.621739175381,0.09112801828129662,0.17758874513105863,0.8016627898916551,0.7653487733316289,0.10720919182704823,0.05706248153731256
660.0,19,stripping_volume_7,tray,210.63209913476413,222.4891803778571,52.78685997623383,11.905380406691068,12628.658841275745,7948.835151710462,0.0612816971814343,0.12283101971113831,0.8128434336066007,0.8071721233548296,0.12587486921196495,0.06999685693403201
660.0,20,combined_reboiler_sump,reboiler_sump,216.93304799891254,222.51438796358042,757.8118899007109,77.40532364910679,,7986.229469889927,0.036388248532840735,0.07551359336921024,0.7924693909966457,0.8248030490078389,0.17114236047051343,0.09968335762295079
690.0,1,reflux_drum,reflux_drum,120.70291501390777,221.43662987178178,1515.9878658320647,129.83311160253754,,,0.8810975738331486,0.9467203067057695,0.11886181475770362,0.053270344430129776,4.061140914779228e-05,9.348864100763943e-06
690.0,2,rectifying_volume_1,tray,130.02309102644213,221.4839894800599,38.03587924578965,49.53974717324044,5663.403826751113,8448.493390737218,0.7586803463570012,0.8815620468506651,0.24116051181560116,0.11839752971254662,0.0001591418273977767,4.04234367883645e-05
690.0,3,rectifying_volume_2,tray,140.975859007473,221.53298083741018,34.30775747697304,12.822961291206683,5442.780224738699,8160.3845821406985,0.6274836421425564,0.7966699585137155,0.37208695797474567,0.2032073623127896,0.00042939988269805984,0.00012267917349494378
690.0,4,rectifying_volume_3,tray,151.31640129688546,221.58181874332328,33.37326753967553,12.60359283879271,5316.133073474553,7939.980857717054,0.5148184352935481,0.7078353136333916,0.48422000743295623,0.29185773828144007,0.0009615572734956372,0.00030694808516827936
690.0,5,rectifying_volume_4,tray,159.39400690812172,221.6309436258802,32.788904396113196,12.445853691974948,5257.717715750883,7813.545317920042,0.43356348188032057,0.632528839994806,0.5645181557818411,0.3668040576029792,0.0019183623378385042,0.0006671024022146118
690.0,6,rectifying_volume_5,tray,164.92456491432472,221.6804038845236,32.38707665570505,12.34985798374793,5232.750414258481,7755.327368788004,0.38126527745173516,0.578370438101904,0.6151680143299997,0.4203158463235232,0.0035667082182650875,0.0013137155745728346
690.0,7,rectifying_volume_6,tray,168.46154498701142,221.73021673767377,32.16962751981391,12.289798685182479,5218.967894731711,7730.544218345942,0.3496619778246292,0.5434735186428288,0.6439777877911897,0.45409864960769775,0.0063602343841809884,0.002427831749473436
690.0,8,rectifying_volume_7,tray,170.7283571882715,221.78027855897813,32.02913189293397,12.251693307190616,5205.0133649300205,7716.935357250786,0.3309960292458261,0.5224199364278449,0.6579398581982958,0.47326447111583736,0.011064112555878174,0.004315592456317649
690.0,9,rectifying_volume_8,tray,172.33534065168095,221.83042828470025,31.878815091768317,12.226038723590317,5184.099912802986,7703.146716132678,0.3197126220730303,0.5101458957084022,0.6613397730851683,0.48236300193858206,0.018947604841801382,0.007491102353015686
690.0,10,rectifying_volume_9,tray,173.7590116258983,221.88051672517204,31.676296864922676,12.203656125568637,5149.7697674096435,7682.393609297741,0.3121611769507708,0.5030417872538405,0.6557699556714865,0.4841559593730741,0.032068867377742664,0.012802253373085394
690.0,11,rectifying_volume_10,tray,175.41193064654303,221.9304375840338,31.404575939466593,12.17434496577331,5093.603294329245,7648.220204023028,0.3058860116340202,0.49879996894140494,0.6404724796308271,0.4795892717740919,0.05364150873515263,0.021610759284503164
690.0,12,feed_tray,tray,177.73185494531856,222.00527630895522,45.886914608726066,10.955809624329802,12236.96365010388,7592.2091909110895,0.29903838511711894,0.49598890437084847,0.6126316403355926,0.46800401446998435,0.0883299745472885,0.036007081159167204
690.0,13,stripping_volume_1,tray,181.17340651625673,222.08078711225357,45.69745509973685,10.903108210180998,12257.743284535782,7592.829026577492,0.2708730097766343,0.45914167945964607,0.6394571891383912,0.5030105165446395,0.08966980108497437,0.037847803995714364
690.0,14,stripping_volume_2,tray,185.31594517698127,222.15733256610142,45.52254638667339,10.838496353579652,12294.551591650965,7613.846766004311,0.23773365092197773,0.41338513642086133,0.6710238650182572,0.546473517199487,0.09124248405976514,0.0401413463796516
690.0,15,stripping_volume_3,tray,190.03683752874593,222.235136828495,45.316667253281196,10.769830630349244,12351.16181746936,7650.896343104878,0.2009812938883089,0.35947591668725265,0.705930242584268,0.5976186806684334,0.0930884635274233,0.04290540264431384
690.0,16,stripping_volume_4,tray,195.10705809909257,222.30457303762842,53.49020965160834,12.147645556492105,12426.612428391274,7707.7486349012115,0.16273682697050829,0.29972127663230075,0.741792905365293,0.6540617759438117,0.09547026766419874,0.04621694742388765
690.0,17,stripping_volume_5,tray,200.2726254642923,222.3753873019277,53.190904217677826,12.07404996704718,12513.060725205454,7783.462290275435,0.12542511820055852,0.2377449870153362,0.77526951863683,0.7117829325419842,0.09930536316261138,0.05047208044267962
690.0,18,stripping_volume_6,tray,205.3871048066416,222.4481920460943,53.222523259285666,11.975750897989176,12592.03480229711,7870.169215775714,0.09115871605016919,0.17763526407557054,0.8016343929496302,0.7653025578073104,0.10720689100020057,0.05706217811711907
690.0,19,stripping_volume_7,tray,210.6426089638072,222.5223603089433,52.78706079108017,11.90726499672327,12629.206192217232,7949.396371142457,0.06130580100844163,0.12287026712205032,0.8128227272636096,0.807133354747695,0.1258714717279488,0.06999637813025458
690.0,20,combined_reboiler_sump,reboiler_sump,216.94418548706136,222.5475670747831,757.7705724722603,77.42006827039687,,7986.816833705693,0.0364052988889114,0.07554334014694467,0.7924612196918204,0.8247761519414355,0.1711334814192682,0.09968050791161982
720.0,1,reflux_drum,reflux_drum,120.71267933969263,221.46983151709603,1520.9763556464886,129.48616890704903,,,0.8811326946952122,0.9467340386487051,0.1188267090984235,0.05325661518722204,4.059620636433492e-05,9.346164072861217e-06
720.0,2,rectifying_volume_1,tray,130.03144889644483,221.5171865151353,38.035339667027,49.548332109490865,5663.417829103302,8448.57115325156,0.7587350841912697,0.8815871217248872,0.2411057719227585,0.11837245186720748,0.00015914388597173087,4.042640790549233e-05
720.0,3,rectifying_volume_2,tray,140.9830553084504,221.5661731333391,34.30735330473774,12.825187138975787,5442.780204548691,8160.472348992217,0.6275509181907181,0.7967077943921329,0.3720196352701274,0.2031695085704818,0.00042944653915475095,0.00012269703738537817
720.0,4,rectifying_volume_3,tray,151.32328829352204,221.61500612200513,33.37283019293691,12.605782825260464,5316.106177937076,7940.052049138318,0.5148864106743423,0.7078809862088761,0.4841518891650794,0.2918120126638325,0.0009617001605782898,0.000307001127291454
720.0,5,rectifying_volume_4,tray,159.40140298622507,221.66412589523367,32.7883899979513,12.448003360419651,5257.668643087582,7813.5870415916315,0.43362410087020764,0.6325744573694911,0.5644572173409487,0.36675831387013463,0.0019186817888435254,0.000667228760374201
720.0,6,rectifying_volume_5,tray,164.93282877810017,221.71358093347476,32.38648645578657,12.35197394546864,5232.688465453221,7755.344552273361,0.3813163394362558,0.5784107382976892,0.6151163494214424,0.42027528780852386,0.003567311142301818,0.0013139738937869671
720.0,7,rectifying_volume_6,tray,168.4706711457379,221.76338853353943,32.16897628501997,12.291888794932978,5218.899455149845,7730.546389153404,0.3497045339833526,0.5435070088579151,0.6439342201551823,0.4540646913963889,0.0063612458614651,0.002428299745696035
720.0,8,rectifying_volume_7,tray,170.73819595430484,221.81344511265414,32.02843512784792,12.253764369053345,5204.941497057001,7716.9290294250495,0.3310320239632251,0.5224472699309219,0.6579023306197153,0.47323637037936295,0.011065645417059716,0.004316359689715102
720.0,9,rectifying_volume_8,tray,172.34572703053203,221.86358962353398,31.878086301811422,12.228095573292741,5184.025974241629,7703.134991384431,0.3197438390533148,0.5101683645152323,0.6613064898863086,0.48233938988150815,0.018949671060376535,0.0074922456032596365
720.0,10,rectifying_volume_9,tray,173.76980208220937,221.91367288172194,31.67554944838061,12.205701497365421,5149.695014791142,7682.377834596055,0.31218898722390626,0.5030606066901723,0.6557398469499385,0.48413562413709466,0.03207116582615534,0.012803769172733091
720.0,11,rectifying_volume_10,tray,175.42298557655036,221.9635885978497,31.403828425593467,12.176379867187594,5093.530517602927,7648.201620226295,0.3059114604013275,0.4988160772299679,0.6404455503847373,0.4795715135295424,0.0536429892139352,0.02161240924048981
720.0,12,feed_tray,tray,177.74298547686885,222.0384236603873,45.887133865194755,10.957528478200883,12237.475350209912,7592.190608668394,0.2990624072456813,0.4960029797127098,0.6126094998631166,0.46798893206241304,0.08832809289120216,0.03600808822487712
720.0,13,stripping_volume_1,tray,181.18385101760956,222.1139346125152,45.69770816902027,10.90483050630898,12258.251584601021,7593.39306521248,0.27090235266147267,0.45916465659013467,0.6394299674176813,0.5029869338257869,0.08966767992084591,0.03784840958407841
720.0,14,stripping_volume_2,tray,185.32573150230147,222.1904800009704,45.5228244722028,10.84021904210588,12295.053779464844,7614.40524580399,0.23776770368892797,0.41341765318453105,0.670992116680997,0.5464408103167213,0.09124017963007504,0.04014153649874761
720.0,15,stripping_volume_3,tray,190.04613320982645,222.2682839686917,45.31695489452839,10.77154988561428,12351.657119238875,7651.446322974054,0.20101835049000433,0.35951707180260417,0.7058955683927255,0.5975776875465785,0.09308608111727003,0.04290524065081749
720.0,16,stripping_volume_4,tray,195.11616327576948,222.33772001324954,53.490445134247786,12.149589867680671,12427.104389298873,7708.289217312752,0.1627743240377321,0.2997683315224074,0.7417577405927737,0.6540150850314599,0.09546793536949422,0.046216583446132706
720.0,17,stripping_volume_5,tray,200.28191952391265,222.4085340329166,53.191117985737776,12.075979372105497,12513.557115751577,7783.996555364602,0.125460158250232,0.2377936243412387,0.7752366551154276,0.711734643595737,0.0993031866343404,0.05047173206302442
720.0,18,stripping_volume_6,tray,205.3969303067306,222.48133857132618,53.22271629788125,11.977655005856201,12592.546248466713,7870.704967335423,0.09118887529869958,0.17768081508060932,0.8016063880532031,0.7652571935748463,0.10720473664809729,0.05706199134454429
720.0,19,stripping_volume_7,tray,210.6531582628315,222.55550679117357,52.787241259119774,11.909148430359938,12629.744838021223,7949.944278667248,0.06132958425465557,0.12290890915930512,0.8128021724362418,0.8070950686111487,0.1258682433091026,0.06999602222954614
720.0,20,combined_reboiler_sump,reboiler_sump,216.9553452418682,222.5807126498069,757.74427358759,77.43350196454126,,7987.389062925406,0.03642220334255941,0.07557280010469024,0.7924529228438162,0.824749360647684,0.17112487381362423,0.09967783924762574
750.0,1,reflux_drum,reflux_drum,120.72244172463719,221.50295356366277,1526.0169944247993,129.1351930592093,,,0.8811674163243761,0.9467475859272817,0.11879200187306507,0.053243070424988784,4.0581802558872403e-05,9.343647729586572e-06
750.0,2,rectifying_volume_1,tray,130.03987244255433,221.55030397215182,38.034790683783655,49.556888393375075,5663.429920946845,8448.648520926095,0.758788592000027,0.881611497570734,0.2410522581789977,0.11834807203363647,0.00015914982097536856,4.043039562957701e-05
750.0,3,rectifying_volume_2,tray,140.99037477670697,221.59928585947392,34.306935714739076,12.827404597871508,5442.777783496131,8160.55668291287,0.6276164147117402,0.7967443788392085,0.3719540820388256,0.203132903209429,0.0004295032494340857,0.00012271795136244287
750.0,4,rectifying_volume_3,tray,151.3303215461759,221.64811393777416,33.372379018474824,12.607964436236763,5316.077116632595,7940.1191905298965,0.514952512608009,0.7079250692293059,0.48408562410958805,0.29176786961893697,0.0009618632824028132,0.000307061151757077
750.0,5,rectifying_volume_4,tray,159.40893633512715,221.69722860697416,32.787862948251664,12.450145262968727,5257.617578541024,7813.624809931054,0.43368305378591027,0.6326184561900688,0.5643979100036507,0.36671417546435753,0.0019190362104390824,0.0006673683455736449
750.0,6,rectifying_volume_5,tray,164.9412070621546,221.74667842532304,32.38588467422996,12.354082858888704,5232.624392115406,7755.357786559224,0.3813660241192175,0.5784495834009608,0.6150660071288119,0.4202361624768814,0.0035679687519706406,0.001314254122157859
750.0,7,rectifying_volume_6,tray,168.4798885223081,221.79648076527187,32.16831387944491,12.293972462838965,5218.828526541665,7730.544288434521,0.3497459688520595,0.5435392589490403,0.6438916945756059,0.4540319404148407,0.00636233657233454,0.0024288006361190234
750.0,8,rectifying_volume_7,tray,170.7481071449653,221.84653208635308,32.02772703284175,12.255829452887374,5204.866661173412,7716.9178641425515,0.33106709480501045,0.5224735596446146,0.6578656201135689,0.47320926795492996,0.011067285081420514,0.004317172400455475
750.0,9,rectifying_volume_8,tray,172.35617122749994,221.8966713574805,31.877345722804886,12.230146804666635,5183.948560925762,7703.117744346784,0.31977428231062466,0.5101899528664303,0.6612738479536906,0.48231660049177294,0.018951869735684808,0.00749344664179658
750.0,10,rectifying_volume_9,tray,173.78063799123703,221.94674939963656,31.674789776193183,12.207741559696997,5149.616319792892,7682.355822982468,0.31221614602836784,0.5030786840710292,0.6557102428248446,0.4841159647670018,0.03207361114678757,0.01280535116196911
750.0,11,rectifying_volume_10,tray,175.4340736929663,221.99665993089442,31.403068444111014,12.178409767952852,5093.453430003648,7648.176118145248,0.3059363684308673,0.4988315682882497,0.6404190251205159,0.47955430731492965,0.05364460644861678,0.02161412439682058
750.0,12,feed_tray,tray,177.75413539228657,222.0714912837565,45.887340473222764,10.95924312150894,12237.980900673376,7592.164508428842,0.2990859979777617,0.4960165566905123,0.6125877008341888,0.4679742990175629,0.08832630118804956,0.03600914429192481
750.0,13,stripping_volume_1,tray,181.19433946814382,222.1470023241997,45.69794643623331,10.906548316870898,12258.753389301668,7593.947424139773,0.270931075429987,0.45918685304479745,0.6394032611078923,0.5029640651850975,0.08966566346212076,0.03784908177010502
750.0,14,stripping_volume_2,tray,185.33558216547843,222.22354758392976,45.523086048100254,10.841937080324644,12295.54920781855,7614.953400222597,0.23780099266700663,0.4134491327054143,0.6709610150006362,0.5464090572758724,0.09123799233235715,0.040141810018713336
750.0,15,stripping_volume_3,tray,190.05550436675247,222.30135118934732,45.317224936912446,10.77326450443197,12352.145385888873,7651.985422528263,0.20105458154184522,0.3595570207304025,0.7058615937128917,0.5975378039871426,0.09308382474526318,0.04290517528245489
750.0,16,stripping_volume_4,tray,195.12534290625678,222.37078700877876,53.49065935438346,12.151529170960577,12427.588724639958,7708.818343569496,0.16281103062258281,0.29981414753403446,0.7417232344635555,0.6539695285373852,0.09546573491386172,0.046216323928580376
750.0,17,stripping_volume_5,tray,200.29127407675284,222.4416007117409,53.19131010254621,12.077904227480188,12514.045025613881,7784.518438525902,0.1254945363701236,0.23784115543582762,0.7752043187254736,0.7116873551934414,0.09930114490440285,0.05047148937073092
750.0,18,stripping_volume_6,tray,205.4067945566045,222.5144049564625,53.22288724281434,11.979555122952831,12593.048109798183,7871.227099223356,0.09121855157186014,0.1777255121448755,0.8015787263590857,0.7652125789380276,0.10720272206905417,0.057061908917096824
750.0,19,stripping_volume_7,tray,210.66372443633202,222.58857302694597,52.78739908381956,11.911028354305083,12630.272650460249,7950.477023523594,0.06135306445106712,0.12294698905019469,0.8127817555382519,0.8070572307709502,0.12586518001068084,0.06999578017885516
750.0,20,combined_reboiler_sump,reboiler_sump,216.96650988378272,222.61377788611657,757.7301251406438,77.44585524051267,,7987.944384835377,0.036438947170339235,0.07560195009863495,0.7924445077814761,0.8247226986302514,0.17111654504818472,0.09967535127111368
780.0,1,reflux_drum,reflux_drum,120.73218643714272,221.5359499363223,1531.106999147101,128.78036171466985,,,0.8812017201707417,0.9467609441394562,0.11875771162397383,0.05322971454500973,4.05682052845032e-05,9.341315534093924e-06
780.0,2,rectifying_volume_1,tray,130.04834130867417,221.58329578170893,38.03423401316634,49.56540497576793,5663.4402265912695,8448.725468801973,0.7588409044223393,0.8816352040754801,0.2409999361059879,0.11832436057239998,0.00015915947167278018,4.043535211990987e-05
780.0,3,rectifying_volume_2,tray,140.9977938287035,221.63227295262914,34.306506422408866,12.829610898558602,5442.773100545662,8160.63770403288,0.6276801936945166,0.7967797710194713,0.37189023682059386,0.20309748724006124,0.0004295694848897569,0.0001227417404675685
780.0,4,rectifying_volume_3,tray,151.33747670938413,221.68109613355625,33.3719156292681,12.610134947924525,5316.045991905518,7940.182417447093,0.5150168011544025,0.7079676332130911,0.4840211534198799,0.2917252390738806,0.000962045425717806,0.00030712771302838886
780.0,5,rectifying_volume_4,tray,159.4165834221064,221.73020571007476,32.78732468942158,12.452276679690927,5257.564585760792,7813.658735786314,0.4337403859308937,0.6326609019296147,0.5643401908642481,0.3666715778596874,0.0019194232048581796,0.0006675202106980379
780.0,6,rectifying_volume_5,tray,164.94967709412649,221.7796503151364,32.385272619837416,12.35618200245943,5232.558228281316,7755.367174016604,0.38141436474951085,0.5784870305071106,0.6150169585336005,0.4201984150288535,0.0035686767168886537,0.0013145544640358643
780.0,7,rectifying_volume_6,tray,168.48917461091168,221.8294473940965,32.167641536580206,12.296046977394486,5218.755117329571,7730.538028286698,0.3497863114456735,0.5435703229546094,0.6438501892753686,0.45400034574068565,0.006363499278957721,0.0024293313047048072
780.0,8,rectifying_volume_7,tray,170.75806773830473,221.87949344745806,32.02700880454267,12.257885868565937,5204.788839206734,7716.901994869924,0.33110127299473413,0.5224988628019497,0.657829706570012,0.47318311157824194,0.011069020435253945,0.004318025619808301
780.0,9,rectifying_volume_8,tray,172.3666493619664,221.92962746001288,31.876594520698262,12.232189754644295,5183.867623795481,7703.095133927266,0.31980398828031914,0.5102107245021432,0.6612418261852436,0.4822945772355549,0.018954185534437125,0.007494698262301912
780.0,10,rectifying_volume_9,tray,173.79149469834599,221.97970025836196,31.674018948864237,12.209773675859523,5149.533592605522,7682.327757412237,0.312242694549175,0.5030960893886249,0.6556811202181929,0.48409692053211545,0.03207618523263205,0.01280699007925959
780.0,11,rectifying_volume_10,tray,175.4451700935979,222.02960556842726,31.40229694447997,12.180432050679487,5093.371882881698,7648.143897345277,0.30596077831370966,0.4988465152751662,0.6403928772794668,0.47953758991484946,0.053646344406823504,0.021615894809984347
780.0,12,feed_tray,tray,177.76528048610695,222.10443316804697,45.88753415614833,10.960951357260578,12238.479285716861,7592.131091617158,0.2991091958638557,0.49602970678664804,0.6125662093361609,0.4679600513799978,0.08832459479998335,0.03601024183335415
780.0,13,stripping_volume_1,tray,181.2048436080514,222.17994423354565,45.698169746199085,10.908259521924183,12259.247601823954,7594.491489372935,0.27095924847223096,0.4592083853022168,0.6393770059919878,0.5029418040535794,0.08966374553578146,0.03784981064420389
780.0,14,stripping_volume_2,tray,185.34546558760485,222.25648929745176,45.52333098979021,10.843648410903366,12296.03667447714,7615.490587326326,0.23783361254359547,0.4134797310864325,0.6709304724617419,0.5463781139695583,0.09123591499466269,0.040142154944009203
780.0,15,stripping_volume_3,tray,190.0649176993609,222.33429246828598,45.3174771729788,10.774972463211908,12352.625300449805,7652.512951356918,0.2010900922433297,0.3595959431860248,0.7058282208377373,0.5974988635934592,0.09308168691893288,0.04290519322051599
780.0,16,stripping_volume_4,tray,195.13456407488556,222.40372799706745,53.490852160835765,12.153461163101182,12428.064017402603,7709.335272119827,0.16284704598402516,0.29985890357085604,0.7416892949655189,0.6539249411452296,0.09546365905045595,0.04621615528391425
780.0,17,stripping_volume_5,tray,200.30065881882032,222.47454130649092,53.19148011063633,12.07982219745802,12514.522973612433,7785.027177893859,0.12552832992744573,0.23788772919597823,0.7751724387469742,0.7116409311545848,0.0992992313255802,0.05047133964943706
780.0,18,stripping_volume_6,tray,205.41667132571715,222.54734516561965,53.2230352641632,11.981448877407718,12593.53887497366,7871.73487824758,0.09124779119896181,0.1777694523298969,0.8015513669871637,0.7651686276989628,0.1072008418138746,0.05706191997114041
780.0,19,stripping_volume_7,tray,210.67428577353652,222.62151297762964,52.78753305557575,11.912902353771067,12630.788097493174,7950.993949439819,0.0613762560371986,0.12298454402679382,0.8127614640657616,0.8070198115243264,0.12586227989703977,0.06999564444887964
780.0,20,combined_reboiler_sump,reboiler_sump,216.9776618014037,222.6467167476702,757.725231811854,77.45736150732378,,7988.482242542297,0.03645551936315642,0.07563077439840604,0.7924359785301369,0.8246961826075949,0.17110850210670656,0.0996730429939992
810.0,1,reflux_drum,reflux_drum,120.74189835120784,221.5687766009424,1536.2435909576698,128.4218539742697,,,0.8812355898752784,0.9467741097363621,0.11872385470525969,0.05321655109624342,4.055541946197152e-05,9.33916739448906e-06
810.0,2,rectifying_volume_1,tray,130.05683665977622,221.6161179184363,38.03367124702355,49.57387123300453,5663.448862405596,8448.802480879749,0.7588920468750338,0.8816582651142086,0.24094878045513743,0.11830129365758621,0.00015917266982886543,4.044122820518603e-05
810.0,3,rectifying_volume_2,tray,141.00529077022955,221.6650903969407,34.30606705627535,12.831803369984954,5442.766304269771,8160.716062479147,0.6277423048525338,0.7968140206029306,0.3718280504497866,0.203063211170643,0.0004296446976796367,0.00012276822642642236
810.0,4,rectifying_volume_3,tray,151.34473095461553,221.7139087030979,33.371441645968176,12.612291739974111,5316.012943723041,7940.242414117464,0.5150793292400863,0.708008741634646,0.4839584254174539,0.2916840580068878,0.0009622453424599516,0.00030720035846628946
810.0,5,rectifying_volume_4,tray,159.42432156025833,221.7630132080549,32.78677677421606,12.454395003284251,5257.509792054319,7813.689507498551,0.4337961426345919,0.6327018591311266,0.5642840170144722,0.3666304574647926,0.0019198403509360523,0.0006676834040807271
810.0,6,rectifying_volume_5,tray,164.95821654434621,221.81245261647476,32.38465179488104,12.358268771632893,5232.490094753029,7755.373415546155,0.3814613994412031,0.5785231410352684,0.6149691697741564,0.4201619858126463,0.0035694307846405476,0.001314873152085302
810.0,7,rectifying_volume_6,tray,168.49850708695405,221.86224444390984,32.166960745518395,12.298109741746188,5218.679345055303,7730.528338158901,0.3498255971507786,0.5436002613043066,0.6438096757474361,0.45396984992908557,0.006364727101785313,0.0024298887666077745
810.0,8,rectifying_volume_7,tray,170.7680550424376,221.9122852304634,32.026281941108266,12.259931032931766,5204.708144780528,7716.882189531367,0.33113459492620356,0.5225232419315419,0.6577945638014739,0.47315784334005806,0.01107084127232257,0.004318914728400066
810.0,9,rectifying_volume_8,tray,172.37713824269306,221.96241397643755,31.875834198021316,12.234221856074578,5183.783268327072,7703.067970084064,0.31983299565865025,0.5102307451889282,0.6612103994767297,0.482273260847074,0.018956604864620013,0.007495993963997904
810.0,10,rectifying_volume_9,tray,173.80234869686097,222.01248151419318,31.673238434880744,12.211795292557216,5149.446921338702,7682.2944882995125,0.31226867255130647,0.5031128903032956,0.6556524548411744,0.4840784318977753,0.03207887260751915,0.012808677798929042
810.0,11,rectifying_volume_10,tray,175.4562514587659,222.06238157786998,31.40151528445959,12.182444169601984,5093.285930994356,7648.105841673698,0.3059847276031219,0.498860984469958,0.640367082538334,0.47952130362386397,0.053648189858544304,0.021617711906178096
810.0,12,feed_tray,tray,177.77639838509265,222.1372053898955,45.887715007839084,10.96265104403958,12238.969760060785,7592.091262995345,0.29913203167843183,0.4960424905610126,0.6125449986495294,0.4679461353571413,0.08832296967203894,0.03601137408184612
810.0,13,stripping_volume_1,tray,181.2153377122083,222.21271642069306,45.698378334105456,10.909962041955954,12259.73343278982,7595.025415816129,0.27098692880674896,0.4592293508772079,0.6393511505765489,0.5029200617433525,0.08966192061670206,0.03785058737943971
810.0,14,stripping_volume_2,tray,185.35535330568337,222.2892612247268,45.52355960181544,10.845351004089686,12296.515327865069,7616.016967919976,0.23786564030687407,0.41350957822899176,0.6709004186213462,0.5463478611396655,0.0912339410717797,0.040142560631342826
810.0,15,stripping_volume_3,tray,190.0743433578359,222.3670638914697,45.31771188346877,10.776671757376855,12353.095943362814,7653.029060469585,0.20112496795533594,0.35963398782155,0.7057953713600853,0.5974607295153525,0.09307966068457878,0.04290528266309762
810.0,16,stripping_volume_4,tray,195.1437973036899,222.4364990655304,53.491024015005,12.155383559107404,12428.529299185451,7709.840143859345,0.16288245019319184,0.29990274660550925,0.741655848800163,0.6538811879120715,0.09546170100664517,0.04621606548241917
810.0,17,stripping_volume_5,tray,200.31004653214814,222.50731190671164,53.19162827142877,12.081730964800306,12514.989971099618,7785.522936906337,0.1255616003341073,0.23793346632982007,0.775140959741587,0.711595261905608,0.09929743992430581,0.05047127176457201
810.0,18,stripping_volume_6,tray,205.4265368234249,222.58011529164318,53.22316036532008,11.983333918192486,12594.017557872536,7872.228531357175,0.0912766299125723,0.1778127128693357,0.8015242783997382,0.7651252718127104,0.10719909168768961,0.05706201531795382
810.0,19,stripping_volume_7,tray,210.68482213546548,222.65428274084576,52.787642901093044,11.914768040371746,12631.290194308289,7951.495383360392,0.06139916950339151,0.12302160338524781,0.8127412877801552,0.8069827875374337,0.12585954271645325,0.06999560907731862
810.0,20,combined_reboiler_sump,reboiler_sump,216.98878383409536,222.67948534063933,757.7268171940449,77.4682449228334,,7989.003074662614,0.03647191187102316,0.07565926296255288,0.7924273368081641,0.8246698240849619,0.17110075132081273,0.09967091295248515
840.0,1,reflux_drum,reflux_drum,120.75156336122956,221.60139260834342,1541.4239988468257,128.05985061945975,,,0.8812690108837365,0.9467870797304268,0.11869044566873482,0.053203583066839887,4.054344752866389e-05,9.337202733212619e-06
840.0,2,rectifying_volume_1,tray,130.0653416323386,221.64872944397456,38.03310381018724,49.582277218229336,5663.455932489812,8448.880421361982,0.758942034895673,0.8816806981563892,0.24089877585637023,0.11827885386797576,0.00015918924795668446,4.0447975635088324e-05
840.0,3,rectifying_volume_2,tray,141.01284634547815,221.69769726581666,34.30561910398748,12.83397950261594,5442.757543931656,8160.792797723436,0.6278027840389114,0.7968471663098062,0.3717674876141242,0.20303003645449536,0.0004297283469642668,0.00012279723569846263
840.0,4,rectifying_volume_3,tray,151.35206366081275,221.7465107318489,33.37095862564611,12.614432355855438,5315.9781364747805,7940.300268206825,0.5151401398334858,0.7080484480810578,0.48389739835874623,0.2916442732703158,0.0009624618077679944,0.0003072786486264502
840.0,5,rectifying_volume_4,tray,159.4321297160108,221.79561019874964,32.78622077980823,12.456497797832387,5257.453371438907,7813.718239177803,0.43385036553138095,0.6327413872674665,0.5642293491604831,0.3665907557223502,0.0019202853081359942,0.0006678570101833689
840.0,6,rectifying_volume_5,tray,164.96680429552742,221.84504443999518,32.38402379763908,12.360340737371136,5232.420178473418,7755.377656626044,0.381507167071886,0.5785579758120839,0.614922605987307,0.420126815672233,0.0035702269408071003,0.0013152085156831691
840.0,7,rectifying_volume_6,tray,168.50786468700102,221.89483103866436,32.16627314400941,12.300158332884946,5218.601411912244,7730.5164065152585,0.3498638636707096,0.5436291357054727,0.6437701225949704,0.4539403940269681,0.0063660137343201,0.0024304702675593854
840.0,8,rectifying_volume_7,tray,170.77804754544778,221.944866573077,32.025548127578396,12.261962530277374,5204.62479481442,7716.859687450307,0.3311670984659804,0.5225467600139861,0.6577601629935665,0.47313340440435153,0.011072738540453179,0.004319835581662352
840.0,9,rectifying_volume_8,tray,172.38761615647266,221.9949900586505,31.875066473566182,12.236240699926702,5183.6957223136615,7703.037545898477,0.3198613422936633,0.5102500784908013,0.6611795416059,0.48225259342276666,0.018959116100436723,0.0074973280864321055
840.0,10,rectifying_volume_9,tray,173.81317833074382,222.0450523336195,31.67244994693465,12.213804004146587,5149.356536278591,7682.2573607897675,0.31229411603589396,0.5031291487788081,0.6556242234088904,0.48406044377139457,0.03208166055521566,0.012810407449797239
840.0,11,rectifying_volume_10,tray,175.46729665239096,222.09494714067785,31.40072510429393,12.184443716984589,5093.195793508019,7648.063341946456,0.30600824735462084,0.4988750329430639,0.6403416202631483,0.479505398482335,0.05365013238223096,0.021619568574601074
840.0,12,feed_tray,tray,177.78746905290546,222.16976714401602,45.88788341447175,10.964340152640371,12239.45182361894,7592.0464488220405,0.2991545278661311,0.49605495644962405,0.6125240497098954,0.4679325083706701,0.08832142242397344,0.03601253517970574
840.0,13,stripping_volume_1,tray,181.22579914037496,222.24527808871684,45.698572735916045,10.911653894272971,12260.210370203877,7595.549957126005,0.2710141591873208,0.4592498266455848,0.6393256568305651,0.5028987689262953,0.0896601839821142,0.03785140442812005
840.0,14,stripping_volume_2,tray,185.36522056271696,222.32182257722596,45.52377251689677,10.847042914052818,12296.984632030903,7616.533328979787,0.23789713407632723,0.4135387757185095,0.6708708010679497,0.5463182062494026,0.0912320648557231,0.04014301803208776
840.0,15,stripping_volume_3,tray,190.08375555189212,222.39962467899556,45.31792972599554,10.778360458104837,12353.556752129933,7653.534559234448,0.20115927292777505,0.35967126988033254,0.7057629871983305,0.597423296519302,0.09307773987389437,0.04290543360036544
840.0,16,stripping_volume_4,tray,195.15301715548296,222.46905944083733,53.49117584820729,12.157294157803936,12428.984002745226,7710.333792228828,0.1629173029428593,0.2999457893791222,0.7416228423283772,0.6538381662862537,0.09545985472876353,0.046216044334624125
840.0,17,stripping_volume_5,tray,200.31941364549567,222.539871746671,53.19175541260843,12.083628298113673,12515.445467272537,7786.006605641206,0.12559439216608526,0.23797845751236169,0.7751098422773784,0.711550266092657,0.09929576555653617,0.05047127639498133
840.0,18,stripping_volume_6,tray,205.43637020725208,222.6126745778254,53.223263221930885,11.985207984208682,12594.483636490639,7872.709037633188,0.091305092279229,0.1778553498524054,0.801497439030044,0.76508246259569,0.10719746869072708,0.057062187551904654
840.0,19,stripping_volume_7,tray,210.69531543506474,222.68684157051442,52.78772911707252,11.916623122445369,12631.77843769519,7951.9824183637675,0.06142181091294134,0.12305818734633411,0.8127212195303127,0.8069461430268113,0.1258569695567459,0.06999566962685463
840.0,20,combined_reboiler_sump,reboiler_sump,216.99985980336788,222.71204293191184,757.7323358354673,77.4787110452103,,7989.508090383544,0.036488118866100636,0.07568740980197175,0.7924185829342028,0.8246436308496375,0.17109329819969665,0.0996689593483908
870.0,1,reflux_drum,reflux_drum,120.76116867060642,221.63376080023946,1546.6454623622474,127.69453422906251,,,0.8813019700683771,0.9467998514413959,0.11865749764195682,0.05319081313804036,4.053228966604048e-05,9.335420563749893e-06
870.0,2,rectifying_volume_1,tray,130.0738416030691,221.68109321205702,38.032532934963484,49.59061383504045,5663.461525835071,8448.960413021501,0.7589908741441702,0.881702514125571,0.24084991680993562,0.11825703032558692,0.0001592090458942243,4.045554884202968e-05
870.0,3,rectifying_volume_2,tray,141.02044406015054,221.73005642608118,34.30516387587447,12.836136992613763,5442.746962324735,8160.869207005767,0.627861652718547,0.796879235319599,0.3717085273618425,0.20299793607468872,0.00042981991961057623,0.00012282860571222163
870.0,4,rectifying_volume_3,tray,151.35945686135494,221.7788651001271,33.37046800770719,12.616554544617582,5315.941747191272,7940.357334515674,0.5151992642373667,0.7080867945091329,0.4838380420971326,0.2916058433179369,0.0009626936655007547,0.0003073621729301959
870.0,5,rectifying_volume_4,tray,159.4399890772639,221.82795957644967,32.785658237555516,12.458582838869768,5257.395528741126,7813.746329645041,0.43390308982198295,0.6327795377254432,0.5641761542816685,0.3665524220940001,0.001920755896348657,0.000668040180556829
870.0,6,rectifying_volume_5,tray,164.97542108325274,221.87738869451778,32.383390239330794,12.362395685779827,5232.348712715243,7755.381341897527,0.3815517040100993,0.5785915912086742,0.6148772344635884,0.4200928497600499,0.0035710615263123695,0.0013155590312759822
870.0,7,rectifying_volume_6,tray,168.51722786597279,221.92717010230558,32.16558042515325,12.30219054188005,5218.521580945478,7730.503731139621,0.3499011477037227,0.5436570050211459,0.6437314987077951,0.45391192162610927,0.00636735358848207,0.0024310733527447906
870.0,8,rectifying_volume_7,tray,170.7880255436741,221.9772004149698,32.02480913446532,12.2639781539033,5204.539081658449,7716.836045254924,0.3311988199502379,0.5225694766075116,0.6577264755650953,0.47310973880451385,0.01107470448466675,0.004320784587974628
870.0,9,rectifying_volume_8,tray,172.39806343353743,222.02731866263719,31.874293174959625,12.238244078669188,5183.605304010213,7703.005478972623,0.3198890627601439,0.5102687825095764,0.6611492275708362,0.48223252161283475,0.018961709669019923,0.007498695877588877
870.0,10,rectifying_volume_9,tray,173.8239642734715,222.07737568951208,31.671655330339878,12.215797598148663,5149.262774243375,7682.218051711371,0.31231905556598566,0.5031449186803131,0.6555964053432565,0.48404290786930604,0.03208453909075783,0.012812173450380862
870.0,11,rectifying_volume_10,tray,175.47828710352974,222.1272652471519,31.399928211630595,12.186428470826302,5093.101814664712,7648.018128593182,0.3060313612904915,0.4988887071517164,0.6403164744751342,0.4794898336761672,0.053652164234374286,0.021621459172116504
870.0,12,feed_tray,tray,177.79847508698043,222.20208143664976,45.88803997769087,10.966016807011421,12239.92518954165,7591.998425148726,0.29917669852055245,0.49606714040438976,0.6125033510889738,0.46791913934013685,0.08831995039047369,0.0360137202554733
870.0,13,stripping_volume_1,tray,181.23620863355524,222.27759225572163,45.69875370202341,10.913333234503819,12260.678142114242,7596.066299923929,0.2710409681033258,0.45926986852638024,0.6393005001007703,0.502877875856059,0.08965853179590394,0.03785225561756085
870.0,14,stripping_volume_2,tray,185.37504660523945,222.35413638535226,45.52397059914804,10.84872232097865,12297.44432343233,7617.04091135974,0.23792813310997232,0.4135673965364525,0.6708415852866398,0.5462890836543177,0.09123028160338797,0.04014351980922969
870.0,15,stripping_volume_3,tray,190.09313284596715,222.43193787420228,45.31813162755615,10.780036755143511,12354.007471804784,7654.030736293158,0.20119305033629006,0.35970787097917895,0.7057310304004113,0.5973864910727665,0.09307591926329874,0.04290563794805449
870.0,16,stripping_volume_4,tray,195.16220252490913,222.50137217671931,53.491308924474005,12.159190891479959,12429.427904627757,7710.817556924856,0.16295164361457062,0.29998811026430977,0.741590241342011,0.6537958061073537,0.09545811504341822,0.046216083628336596
870.0,17,stripping_volume_5,tray,200.32874051073696,222.572183891755,53.191862778225826,12.085512102819548,12515.889284214823,7786.479605794838,0.12562673330478288,0.238022763410912,0.7750790627027287,0.7115058904587191,0.09929420399248833,0.05047134613036898
870.0,18,stripping_volume_6,tray,205.44615385163078,222.64498610277352,53.223345020036426,11.987068956420536,12594.936981575507,7873.1779244945565,0.09133319181060226,0.1778973982367637,0.8014708372771321,0.7650401707130082,0.10719597091226565,0.057062431050228006
870.0,19,stripping_volume_7,tray,210.70574992754376,222.71915256009368,52.78779279938494,11.918465457834353,12632.252730205315,7952.456701864168,0.06144418175328275,0.1230943066162903,0.8127012557453066,0.8069098703076001,0.12585456250141064,0.06999582307610966
870.0,20,combined_reboiler_sump,reboiler_sump,217.01087489689772,222.74435263087344,757.7395524547096,77.48894019102943,,7989.999051175987,0.03650413605621792,0.07571521149352392,0.7924097166182015,0.8246176083316059,0.17108614732558045,0.09966718017487015
900.0,1,reflux_drum,reflux_drum,120.77070296473356,221.66584820882062,1551.9052334098722,127.32608919527021,,,0.8813344553745315,0.9468124222852746,0.11862502268138916,0.05317824389515579,4.052194407936421e-05,9.33381956957e-06
900.0,2,rectifying_volume_1,tray,130.08232429822885,221.71317626733625,38.031959649943644,49.59887294015427,5663.46571481829,8449.043726254704,0.7590385609356213,0.8817237176312428,0.24080220714866188,0.11823581846253427,0.0001592319157167958,4.04639062229277e-05
900.0,3,rectifying_volume_2,tray,141.02807030689314,221.762134935976,34.30470248441278,12.838273768531714,5442.734690381041,8160.946726408085,0.6279189183180048,0.796910243405315,0.37165116273652876,0.202966894405348,0.0004299189454663007,0.00012286218933700804
900.0,4,rectifying_volume_3,tray,151.36689547326466,221.81093888025674,33.36997107623388,12.618656285636941,5315.903955470013,7940.415112152106,0.5152567213635931,0.708123810472567,0.48378033877492155,0.29156873896658264,0.0009629398614853058,0.000307450560850349
900.0,5,rectifying_volume_4,tray,159.44788340139053,221.86002842813383,32.78509057876044,12.460648136453484,5257.3364852943605,7813.775334908679,0.4339543424574943,0.6328163518398233,0.5641244073901945,0.36651541600470183,0.0019212501523111411,0.0006682321554748548
900.0,6,rectifying_volume_5,tray,164.9840499210835,221.90945248230673,32.38275267659688,12.364431640621781,5232.275958859799,7755.386083397941,0.38159504166708075,0.5786240363105555,0.6148330270182212,0.4200600403336795,0.00357193131469814,0.0013159233557650293
900.0,7,rectifying_volume_6,tray,168.52657924338067,221.95922875305183,32.16488425950252,12.304204396899383,5218.440153909886,7730.491983418761,0.34993748237016997,0.5436839221435665,0.6436937757528408,0.45388438194867253,0.006368741876989273,0.0024316959077608676
900.0,8,rectifying_volume_7,tray,170.79797156137778,222.00925389099996,32.024066731825684,12.265975930426077,5204.451346975657,7716.812997206609,0.3312297918838679,0.5225914449388139,0.6576934754162113,0.47308679631630146,0.011076732699920868,0.004321758744884602
900.0,9,rectifying_volume_8,tray,172.4084628060782,222.05936694058363,31.873516146730832,12.240230012388382,5183.512392083618,7702.973567784645,0.31991618660058113,0.510286907560718,0.6611194353780838,0.48221299893436886,0.01896437802133505,0.007500093504913051
900.0,10,rectifying_volume_9,tray,173.83468980370597,222.10941875206336,31.67085646658962,12.217774083474204,5149.1660447129,7682.178422007789,0.3123435152106772,0.503160244261274,0.6555689839837205,0.4840257842637145,0.03208750080560219,0.01281397147501146
900.0,11,rectifying_volume_10,tray,175.48920699276178,222.15930308614853,31.399126480580225,12.188396425198462,5093.004426054349,7647.9721202466735,0.30605408550635876,0.49890204234639834,0.6402916343788477,0.4794745781975325,0.053654280114793486,0.02162337945606918
900.0,12,feed_tray,tray,177.8094018337473,222.23411547404538,45.88818544254038,10.96767931058305,12240.389748417905,7591.949162414298,0.29919854979246074,0.49607906622696063,0.612482898589884,0.4679060083353571,0.08831855161765537,0.03601492543768213
900.0,13,stripping_volume_1,tray,181.24655039167357,222.30962614205987,45.698922117623894,10.914998384105582,12261.136675176622,7596.575909412001,0.27106737049900326,0.45928951227152487,0.6392756683688442,0.5028573515684918,0.08965696113215259,0.03785313615998343
900.0,14,stripping_volume_2,tray,185.3848147309517,222.3861698843053,45.524154855269366,10.850387559655877,12297.894363198244,7617.5412491338275,0.23795865875797867,0.4135954862557423,0.6708127536508756,0.5462604533966848,0.0912285875911458,0.040144060347572966
900.0,15,stripping_volume_3,tray,190.10245818739133,222.4639707280806,45.318318685276644,10.781698986337727,12354.44810047235,7654.51919217069,0.20122632337043656,0.35974384061275905,0.7056994819744684,0.5973502698269119,0.09307419465509509,0.04290588956032915
900.0,16,stripping_volume_4,tray,195.17133666421637,222.53340453714588,53.49142471433073,12.161071860296946,12429.861062560274,7711.293109400729,0.16298549235461618,0.30002975487563616,0.7415580299018185,0.6537540679826409,0.0954564777435652,0.04621617714172287
900.0,17,stripping_volume_5,tray,200.33801143691502,222.6042156203101,53.191951888163295,12.087380456454394,12516.32154676542,7786.943707919835,0.12565863589441006,0.23806641621446353,0.77504861216596,0.7114621083297367,0.09929275193962989,0.0504714754557997
900.0,18,stripping_volume_6,tray,205.45587341065632,222.67701716081808,53.2234073013355,11.988914893817194,12595.377780393468,7873.6370770354515,0.09136093161765373,0.1779388729319108,0.8014444709909658,0.7649983851829404,0.10719459739138047,0.057062741885148933
900.0,19,stripping_volume_7,tray,210.71611233369586,222.7511830214701,52.78783547680241,11.920293089990377,12632.713299714429,7952.920238228053,0.06146627905987892,0.12312996253368004,0.8126813966381463,0.8068739698049118,0.1258523243019748,0.06999606766140827
900.0,20,combined_reboiler_sump,reboiler_sump,217.02181591529373,222.77638176697891,757.7465908819943,77.49908329563972,,7990.478068279055,0.036519960072276515,0.07574266588657988,0.7924007376202209,0.8245917607897447,0.17107930230750265,0.09966557332367529
930.0,1,reflux_drum,reflux_drum,120.78015648237177,221.69762618983214,1557.2005772349403,126.95470165814666,,,0.8813664555044053,0.946824789608145,0.1185930320882886,0.053165877993673887,4.051240730620269e-05,9.332398181077486e-06
930.0,2,rectifying_volume_1,tray,130.09077976900466,221.74494997783012,38.03138478091341,49.60704738384048,5663.468554845425,8449.131682435289,0.7590850831769947,0.8817443074902963,0.24075565909793697,0.11821521949873234,0.00015925772506841663,4.047301097151823e-05
930.0,3,rectifying_volume_2,tray,141.03571432511185,221.79390417691496,34.30423583745349,12.84038800261753,5442.720843438054,8161.026828310878,0.6279745752673506,0.7969401956466732,0.3715953997251347,0.20293690649561177,0.00043002500751472225,0.00012289785771506503
930.0,4,rectifying_volume_3,tray,151.3743673396739,221.84270346759558,33.36946893735451,12.620735798446484,5315.864935246337,7940.475138312353,0.5153125178353475,0.7081595131688776,0.4837242826993948,0.29153294334218505,0.0009631994652574659,0.00030754348893728966
930.0,5,rectifying_volume_4,tray,159.45579916894644,221.89178816372782,32.784519095908635,12.462691943409334,5257.276466598999,7813.806857483784,0.4340041411543554,0.6328518598680124,0.5640740924812113,0.3664797078549911,0.0019217663644331723,0.0006684322769965177
930.0,6,rectifying_volume_5,tray,164.99267633159056,221.94120722852048,32.38211255973411,12.366446870926994,5232.202190322821,7755.393545930254,0.38163720482984825,0.5786553510553257,0.6147899616168305,0.42002834860009086,0.0035728335533213858,0.0013163003445834016
930.0,7,rectifying_volume_6,tray,168.53590385809665,221.99097843199254,32.16418623329868,12.306198171225308,5218.35745151658,7730.482890212188,0.34997289536572274,0.5437099318187826,0.6436569299933758,0.4538577320061572,0.006370174640901444,0.0024323361750600925
930.0,8,rectifying_volume_7,tray,170.80787058212152,222.04099845891133,32.02332261989656,12.267954128991606,5204.3619582712845,7716.792333671097,0.3312600413145972,0.5226127099097971,0.6576611405771325,0.4730645344504806,0.011078818108270291,0.004322755639722204
930.0,9,rectifying_volume_8,tray,172.41879958280643,222.09110636762398,31.872737175228103,12.242196759719034,5183.417398438291,7702.943666777894,0.31994273718587213,0.5103044947129648,0.6610901473033114,0.4821939872673711,0.018967115510816562,0.00750151801966406
930.0,10,rectifying_volume_9,tray,173.84534090393242,222.14115301453148,31.67005519368584,12.219731703338658,5149.066798988674,7682.140388500587,0.31236751203702423,0.5031751594379866,0.6555419473449366,0.4840090421963037,0.03209054061803909,0.012815798365709568
930.0,11,rectifying_volume_10,tray,175.50004327227097,222.19103216976796,31.398321766951906,12.190345805108178,5092.9041119629555,7647.927292195077,0.30607642862785184,0.4989150626582925,0.6402670945135226,0.4794596108794967,0.053656476858625596,0.021625326462210735
930.0,12,feed_tray,tray,177.82023735179004,222.2658407860822,45.88832063264245,10.969326159535456,12240.845531061652,7591.900690373137,0.29922008062414124,0.4960907464456338,0.6124626945514904,0.4678931057371451,0.08831722482436835,0.03601614781722104
930.0,13,stripping_volume_1,tray,181.25681197116592,222.34135129282606,45.699078932275185,10.91664784525318,12261.58605186905,7597.080391238421,0.27109336903713543,0.45930877510962087,0.6392511610144319,0.5028371822977235,0.08965546994843272,0.03785404259265576
930.0,14,stripping_volume_2,tray,185.39451213256922,222.41789463535872,45.524326356356305,10.852037135786734,12298.334887989171,7618.03602568359,0.2379887161327255,0.41362306537353805,0.6707843037594892,0.546232298949101,0.09122698010778525,0.04014463567736096
930.0,15,stripping_volume_3,tray,190.11171871787212,222.49569481923612,45.3184920784856,10.78334565501562,12354.878833261553,7655.001689020808,0.20125909711668039,0.3597791989731719,0.7056683399917921,0.5973146168821388,0.09307256289152732,0.04290618414468921
930.0,16,stripping_volume_4,tray,195.18040699384147,222.56512811516532,53.49152478339258,12.162935352748631,12430.283751572597,7711.7622958731945,0.1630188519113134,0.30007073901077547,0.7415262084791292,0.6537129404335119,0.0954549396095575,0.046216320555712634
930.0,17,stripping_volume_5,tray,200.34721452714027,222.635938541273,53.192024411830005,12.08923162962979,12516.74261154164,7787.400866888526,0.12569009791139238,0.23810942230216417,0.7750184950742155,0.7114189170521792,0.09929140701439207,0.05047166064565661
930.0,18,stripping_volume_6,tray,205.46551771153614,222.70873937834932,53.223451821555685,11.990744054600277,12595.806460187761,7874.088566710401,0.091388305471651,0.17797977069437143,0.8014183465713279,0.7649571116364516,0.10719334795702092,0.05706311766917697
930.0,19,stripping_volume_7,tray,210.72639182240377,222.78290459993758,52.787858956334986,11.922104268890324,12633.160619100996,7953.375212071304,0.061488095754595386,0.12316514768270585,0.8126616461668711,0.8068384496312835,0.12585025807853353,0.06999640268601065
930.0,20,combined_reboiler_sump,reboiler_sump,217.03267139623213,222.80810200358454,757.7519562135452,77.50925999312787,,7990.947422219549,0.03653558794480457,0.07576977102759437,0.7923916462706095,0.8245660922999395,0.17107276578458588,0.09966413667246615
960.0,1,reflux_drum,reflux_drum,120.78952100151587,221.72907033401893,1562.5287726941235,126.58055937815796,,,0.8813979596462554,0.946836950564251,0.11856153667921117,0.05315371828110166,4.0503674533402755e-05,9.3311546472805e-06
960.0,2,rectifying_volume_1,tray,130.09920025982444,221.77638994586178,38.03080896148722,49.61513099816209,5663.470084937004,8449.225573307645,0.7591304215857513,0.8817642774577534,0.2407102920551942,0.11819523971073936,0.00015928635905450693,4.048283150714065e-05
960.0,3,rectifying_volume_2,tray,141.04336802896455,221.8253397638719,34.30376464294394,12.842478109139218,5442.705519047138,8161.110936730078,0.628028606551589,0.7969690875770465,0.3715412557010087,0.20290797692132154,0.0004301377474021487,0.0001229355016320051
960.0,4,rectifying_volume_3,tray,151.38186311949104,221.87413449033858,33.36896250983052,12.622791540042574,5315.824848449211,7940.538900722942,0.5153666487524537,0.7081939081457365,0.48366987956608865,0.291498451170118,0.0009634716814574415,0.0003076406841455881
960.0,5,rectifying_volume_4,tray,159.46372557323494,221.92321442529013,32.783944918230496,12.464712751206855,5257.215692148901,7813.842454808905,0.4340524941265019,0.6328860807722878,0.5640252027849966,0.36644527923323655,0.0019223030885015477,0.000668639994475666
960.0,6,rectifying_volume_5,tray,165.00128840976646,221.97262858974497,32.38147119607447,12.368439886200465,5232.1276789639805,7755.405351957455,0.38167821070344365,0.5786855652391097,0.6147480233231387,0.4199977457043541,0.003573765973417763,0.0013166890565361746
960.0,7,rectifying_volume_6,tray,168.5451892565221,222.02239481093184,32.16348780263529,12.308170378766587,5218.273796533786,7730.478135734523,0.35000740778740996,0.5437350693411188,0.6436209434810786,0.4538319379090868,0.006371648731511518,0.002432992749794441
960.0,8,rectifying_volume_7,tray,170.81771011725033,222.07240980644684,32.02257837636825,12.269911257854744,5204.271288662625,7716.775800229678,0.3312895888279799,0.5226333069367827,0.6576294542960281,0.4730429196418177,0.011080956875992027,0.004323773421399482
960.0,9,rectifying_volume_8,tray,172.42906166681962,222.12251264818082,31.87195793068252,12.244142815982933,5183.320744646684,7702.917582747123,0.3199687311290734,0.5103215750929256,0.6610613506677853,0.48217545762184083,0.018969918203141353,0.007502967285233453
960.0,10,rectifying_volume_9,tray,173.85590621158633,222.1725541987628,31.66925324377383,12.221668935193227,5148.965503258821,7682.105817584211,0.31239105606695994,0.5031896877326444,0.6555152884742284,0.48399266026296206,0.032093655458811716,0.012817652004393658
960.0,11,rectifying_volume_10,tray,175.5107855507973,222.22242823801372,31.397515840555645,12.192275068152577,5092.801378843973,7647.885567382506,0.3060983923219809,0.49892778173080204,0.6402428545943873,0.47944491992513133,0.05365875308363176,0.0216272983440666
960.0,12,feed_tray,tray,177.83097225407926,222.29723313004916,45.88844639428688,10.970956044883822,12241.292671914507,7591.8549861256,0.29924128371112446,0.4961021835876753,0.6124427469519917,0.4678804310423112,0.08831596933688383,0.03601738537001344
960.0,13,stripping_volume_1,tray,181.2669840421909,222.3727434806707,45.699225100187185,10.91828030482624,12262.026468638678,7597.581373392499,0.2711189557406736,0.45932765799904385,0.639226987239573,0.5028173693363555,0.0896540570197533,0.037854972664600625
960.0,14,stripping_volume_2,tray,185.40412958475028,222.44928642762585,45.52448617197781,10.853669731602503,12298.766162057247,7618.52695048547,0.2380182962760579,0.4136501324486815,0.6707562463260156,0.5462046242196531,0.09122545739792666,0.04014524333166554
960.0,15,stripping_volume_3,tray,190.12090541921302,222.52708595451938,45.318652994089426,10.78497543673709,12355.300007827344,7655.480021680702,0.20129136099167988,0.3598139406941989,0.705637617194442,0.5972795402039172,0.09307102181387816,0.042906519101883936
960.0,16,stripping_volume_4,tray,195.18940474843524,222.59651873255746,53.491610698207225,12.164779853877542,12430.696402129006,7712.227002314937,0.1630517099979835,0.3001110525233814,0.7414947916255084,0.6536724361873355,0.09545349837650817,0.0462165112892831
960.0,17,stripping_volume_5,tray,200.35634136416087,222.66732849277196,53.19208205931743,12.091064094412301,12517.15299863935,7787.853080363974,0.12572110515220666,0.23815176570248142,0.774988727174211,0.7113763347080374,0.09929016767358242,0.05047189958948117
960.0,18,stripping_volume_6,tray,205.47507851643715,222.7401286113035,53.22348042609753,11.992554904431504,12596.22361500485,7874.534504206109,0.09141529914274521,0.1780200725871546,0.8013924777985659,0.7649163700591884,0.10719222305868886,0.057063557353657014
960.0,19,stripping_volume_7,tray,210.7365798802464,222.8142931705224,52.78786518524987,11.923897458691577,12633.595329813568,7953.823837106575,0.06150962114114028,0.12319984685385585,0.8126420118018518,0.80680332483414,0.12584836705700791,0.0699968283120043
960.0,20,combined_reboiler_sump,reboiler_sump,217.04343163361122,222.8394892333239,757.7545342609142,77.51955858271145,,7991.409409211872,0.03655101667764641,0.07579652431238228,0.7923824438530697,0.8245406075356854,0.17106653946928393,0.09966286815193234
990.0,1,reflux_drum,reflux_drum,120.79878975684483,221.7601602036578,1567.8871119419384,126.20385156536624,,,0.8814289572532461,0.946848902035707,0.11853054700684812,0.05314176787719316,4.049573990580596e-05,9.330087099774727e-06
990.0,2,rectifying_volume_1,tray,130.1075799964766,221.80747574421457,38.03023265109232,49.62311854357964,5663.470329047106,8449.326597165691,0.7591745510779063,0.8817836170915638,0.2406661312012134,0.11817588956687963,0.00015931772088023628,4.0493341556546345e-05
990.0,3,rectifying_volume_2,tray,141.05102573706233,221.85642128112275,34.30328942265718,12.844542732303736,5442.688796110177,8161.200361197721,0.6280809855989324,0.7969969066255137,0.3714887575341083,0.2028801183428468,0.00043025686695920214,0.00012297503163951557
990.0,4,rectifying_volume_3,tray,151.389376058975,221.90521154482036,33.36845252675048,12.624822192196701,5315.78384047553,7940.607769175553,0.5154190989546976,0.7082269905051621,0.483617145192986,0.29146526757082747,0.0009637558523165681,0.00030774192401052466
990.0,5,rectifying_volume_4,tray,159.47165437789621,221.9542868218448,32.783368999985555,12.466709276028588,5257.15436748933,7813.883567263305,0.4340994004081176,0.6329190226631204,0.5639777404447068,0.366412122473178,0.001922859147175519,0.0006688548637015474
990.0,6,rectifying_volume_5,tray,165.0098767481847,222.00369618832883,32.38082972734337,12.370409421828574,5232.052684154386,7755.423006580798,0.38171806856997537,0.578714698270139,0.6147072046555091,0.41996821298215053,0.0035747267745156845,0.0013170887477104913
990.0,7,rectifying_volume_6,tray,168.55442544214614,222.0534575261971,32.16279026266009,12.310119759673858,5218.189499997813,7730.479284130383,0.35004103355721145,0.5437593600102641,0.6435858046865919,0.45380697543052734,0.006373161756196722,0.00243366455920844
990.0,8,rectifying_volume_7,tray,170.8274801397026,222.10346758459843,32.02183541958735,12.2718460509065,5204.179700225905,7716.765018076935,0.33131844808994343,0.5226532615152129,0.6575984056239257,0.4730219277345173,0.01108314628613077,0.004324810750269776
990.0,9,rectifying_volume_8,tray,172.43923944620815,222.1535654486207,31.871179925848097,12.24606690107502,5183.222842404029,7702.896993163603,0.31999417817208026,0.5103381698385673,0.6610330381885149,0.4821573902816714,0.018972783639404935,0.007504439879761401
990.0,10,rectifying_volume_9,tray,173.8663768535039,222.20360198721633,31.668452197685497,12.223584480163154,5148.862616086764,7682.076441509846,0.3124141506103477,0.5032038427572715,0.6554890054702965,0.48397662608358616,0.032096843919355716,0.012819531159142286
990.0,11,rectifying_volume_10,tray,175.52142587504312,222.25347099014868,31.396710334475387,12.194182895416782,5092.69672956042,7647.848730571861,0.30611997206938063,0.49894020375885173,0.6402189191123876,0.47943050205230686,0.05366110881823177,0.021629294188841415
990.0,12,feed_tray,tray,177.84159946012988,222.3282722213103,45.88856355034631,10.972567845425191,12241.731374672721,7591.813885880695,0.2992621466006821,0.4961133717090575,0.6124230683940843,0.4678679914395676,0.08831478500523353,0.036018636851374936
990.0,13,stripping_volume_1,tray,181.2770600441764,222.40378243567613,45.69936153199062,10.919894629391967,12262.458196780768,7598.0804095797885,0.27114411385985854,0.45934614826372333,0.6392031642962529,0.5027979265506648,0.08965272184388871,0.037855925185611726
990.0,14,stripping_volume_2,tray,185.41366101939312,222.48032500707345,45.52463531725674,10.855284202565489,12299.18853253861,7619.015658168501,0.23804737862298678,0.41367666773679757,0.670728602808881,0.5461774501060377,0.09122401856813213,0.04014588215716466
990.0,15,stripping_volume_3,tray,190.13001264221583,222.5581238970984,45.31880256619564,10.786587177121888,12355.712053594882,7655.955911745345,0.20132309150219693,0.3598480391610289,0.7056073383187106,0.5972450675260111,0.09306957017909233,0.04290689331295996
990.0,16,stripping_volume_4,tray,195.1983245070086,222.62755616709012,53.491683950439494,12.16660404320511,12431.099542799773,7712.689043229418,0.16308404196631499,0.30015066376117794,0.7414638053739249,0.6536325879584711,0.0954521526597601,0.04621674828035098
990.0,17,stripping_volume_5,tray,200.3653865887995,222.69836526850926,53.19212649179335,12.092876522136127,12517.55332872786,7788.302272100528,0.12575163346335433,0.2381934120241281,0.7749593334203033,0.7113343964048063,0.09928903311634238,0.05047219157106557
990.0,18,stripping_volume_6,tray,205.48455018940706,222.7711646706236,53.22349494552588,11.994346113829238,12596.629938711782,7874.976918382608,0.09144189189836259,0.17805974677659478,0.8013668845042625,0.7648761922243202,0.10719122359737478,0.05706406099908499
990.0,19,stripping_volume_7,tray,210.74667009609874,222.84532856249342,52.7878561331064,11.925671334306221,12634.01817220183,7954.2682322725195,0.06153084150358956,0.12323403823892436,0.8126225041479817,0.8067686164130572,0.12584665434842884,0.0699973453480184
990.0,20,combined_reboiler_sump,reboiler_sump,217.05408861096254,222.8705233018689,757.7535726739015,77.5300375224451,,7991.866215887896,0.03656624292053848,0.07582292186293667,0.7923731328584641,0.8245153123435917,0.17106062422099752,0.09966176579347163
1020.0,1,reflux_drum,reflux_drum,120.80795730584087,221.7908789403604,1573.2728996583778,125.82476868241012,,,0.8814594378730094,0.9468606405896717,0.11850007353017697,0.05313003021672088,4.0488596813655966e-05,9.329193607488475e-06
1020.0,2,rectifying_volume_1,tray,130.1159149195968,221.83819052367997,38.02965615803232,49.63100562446616,5663.469297913084,8449.435811791689,0.7592174422262511,0.8818023126841399,0.24062320604230525,0.11815718279590898,0.00015935173144379026,4.050451995110641e-05
1020.0,3,rectifying_volume_2,tray,141.0586838358251,221.8871318895137,34.30281053253694,12.846580726341394,5442.6707351316145,8161.296248924451,0.6281316783497554,0.7970236337274361,0.3714379395238343,0.2028533498954005,0.0004303821264103447,0.0001230163771634003
1020.0,4,rectifying_volume_3,tray,151.39690167899295,221.93591780248138,33.3679395461,12.626826641295049,5315.742037347217,7940.68294592028,0.5154698446255022,0.7082587464508929,0.4835661039216746,0.29143340651483735,0.0009640514528232036,0.00030784703426976057
1020.0,5,rectifying_volume_4,tray,159.4795796749009,221.98498853602223,32.78279211957589,12.468680437578096,5257.09267845882,7813.931465640484,0.4341448506361776,0.6329506837533402,0.5639317157474177,0.3663802397057264,0.0019234336164046877,0.0006690765409334735
1020.0,6,rectifying_volume_5,tray,165.01843425426324,222.0343932186777,32.38018911936973,12.372354417261288,5231.977444508756,7755.447842571987,0.3817567799601401,0.5787427595352983,0.6146675054509944,0.41993974160785696,0.003575714588865457,0.0013174988568447578
1020.0,7,rectifying_volume_6,tray,168.56360471577847,222.08414978456474,32.162094730378016,12.312045258642764,5218.104850592599,7730.487722633864,0.35007377935390444,0.5437828192279536,0.6435515086483655,0.4537828299423209,0.00637471199772997,0.0024343508297255652
1020.0,8,rectifying_volume_7,tray,170.83717291240677,222.13415501313946,32.02109498637053,12.273757446720525,5204.087531026192,7716.7614256380875,0.33134662585166474,0.522672589388934,0.6575679895672274,0.47300154387840865,0.011085384581107787,0.004325866732657417
1020.0,9,rectifying_volume_8,tray,172.44932558727686,222.18424800236676,31.87040448999438,12.247967939642013,5183.124078166015,7702.883386346871,0.3200190814581194,0.510354290577066,0.6610052079689164,0.4821397744402833,0.018975710572964287,0.007505934982650795
1020.0,10,rectifying_volume_9,tray,173.87674619419093,222.23427962762847,31.667653455298918,12.225477244511243,5148.758570546649,7682.053797138522,0.3124367928845999,0.5032176291096827,0.6554631012287311,0.48396093557345343,0.03210010588666892,0.012821435316863803
1020.0,11,rectifying_volume_10,tray,175.53195843800924,222.28414368888306,31.395906710448926,12.196068174116345,5092.590642704001,7647.818365616579,0.30614115810925896,0.49895232480648705,0.640195296758924,0.47941636137029076,0.05366354513181716,0.021631313823222108
1020.0,12,feed_tray,tray,177.85211388736352,222.35894133699006,45.88867286430282,10.974160613639292,12242.161881342328,7591.779020434375,0.2992826528473786,0.4961242980578293,0.6124036750438377,0.46785580026956114,0.08831367210878359,0.03601990167260971
1020.0,13,stripping_volume_1,tray,181.28703577586475,222.43445144843514,45.69948905804628,10.921489853153812,12262.881547379426,7598.578904921066,0.2711688198309422,0.45936422241025326,0.6391797156408932,0.5027788777376242,0.08965146452816469,0.03785689985212257
1020.0,14,stripping_volume_2,tray,185.42310303125697,222.51099367893,45.524774712956024,10.856879567026072,12299.602389485482,7619.503630741107,0.23807593358557566,0.41370263705140137,0.6707014029470422,0.5461508108522054,0.09122266346738214,0.040146552096393166
1020.0,15,stripping_volume_3,tray,190.13903756394842,222.58879196813245,45.318941830110795,10.788179882573083,12356.115446463946,7656.430925702944,0.20135425513538577,0.3598814510682528,0.7055775373185651,0.5972112420378873,0.09306820754604901,0.042907306893859756
1020.0,16,stripping_volume_4,tray,195.20716365212118,222.6582237535491,53.49174589948597,12.168406784448349,12431.49374934163,7713.150075429378,0.16311581360130556,0.30018952424610473,0.7414332845486841,0.6535934440206462,0.09545090185001028,0.0462170317332491
1020.0,17,stripping_volume_5,tray,200.3743474121421,222.72903221810387,53.19215925169174,12.094667772783778,12517.944267500416,7788.750201414944,0.1257816510592675,0.23823431257816619,0.7749303457738211,0.7112931504014613,0.09928800316691139,0.0504725370203726
1020.0,18,stripping_volume_6,tray,205.49392930265162,222.80183092188454,53.22349711204751,11.996116546924917,12597.026166200229,7875.417662602398,0.09146805805835748,0.17809875146662038,0.801341591176948,0.7648366189997804,0.10719035076469456,0.05706462953359928
1020.0,19,stripping_volume_7,tray,210.75665788742873,222.87599415825645,52.78783369555609,11.927424769189651,12634.429924622471,7954.71032648388,0.06155174075922788,0.12326769475751019,0.8126031364680562,0.806734350198742,0.12584512277271595,0.06999795504374794
1020.0,20,combined_reboiler_sump,reboiler_sump,217.06463586878854,222.90118760627757,757.7486481550238,77.54072808664107,,7992.319823737619,0.03658126273721686,0.07584895811537741,0.7923637171219364,0.8244902141256492,0.17105502014084667,0.09966082775897328
1050.0,1,reflux_drum,reflux_drum,120.81701935985107,221.8212127876006,1578.6834519430179,125.44350223615342,,,0.8814893910262397,0.9468721624677933,0.1184701267356111,0.05311850905998523,4.048223814924616e-05,9.328472221389271e-06
1050.0,2,rectifying_volume_1,tray,130.12420238690194,221.86852053544013,38.02907966552315,49.638788583520785,5663.466991237968,8449.554103115097,0.7592590627037029,0.8818203482021996,0.2405815489681914,0.1181391354475963,0.00015938832810568517,4.051635020401465e-05
1050.0,3,rectifying_volume_2,tray,141.06634040556986,221.91745784868385,34.302328187426475,12.848591130202555,5442.6513793701715,8161.399553899524,0.6281806453697969,0.797049244992144,0.37138884129020744,0.2028276955230207,0.00043051333999551274,0.00012305948483520452
1050.0,4,rectifying_volume_3,tray,151.40443740944283,221.96623953191448,33.367423967993034,12.628803953094772,5315.6995443697515,7940.765433673297,0.5155188550904168,0.7082891550359197,0.4835167868293715,0.291402889079543,0.0009643580802117593,0.00030795588453733195
1050.0,5,rectifying_volume_4,tray,159.48749757397493,222.01530584591256,32.78221488742964,12.470625333027039,5257.030787468981,7813.9872168763595,0.43418882816377985,0.6329810536760507,0.5638871460342757,0.36634964155084787,0.001924025801944291,0.0006693047731014897
1050.0,6,rectifying_volume_5,tray,165.0269558894108,222.06470596889915,32.37955016225479,12.374273989392648,5231.902172167572,7755.480984191276,0.38179433922778194,0.5787697492412022,0.6146289323407705,0.4199123317742891,0.003576728431447601,0.0013179189845087262
1050.0,7,rectifying_volume_6,tray,168.57272143535238,222.11445788468188,32.161402139252736,12.313945998340554,5218.020107097371,7730.50462409802,0.3501056449563991,0.5438054531039246,0.6435180567275484,0.4537594958503887,0.006376298316052632,0.0024350510456866885
1050.0,8,rectifying_volume_7,tray,170.84678273994274,222.16445840180646,32.02035812267023,12.27564456255159,5203.995085742691,7716.76624011639,0.33137412232571556,0.5226912971973766,0.6575382068855337,0.47298176195645186,0.01108767078875087,0.004326940846171588
1050.0,9,rectifying_volume_8,tray,172.4593147591656,222.21454663082162,31.869632756536273,12.24984503597651,5183.024801900544,7702.878022154992,0.32004343810125957,0.5103699403014055,0.6609778632010066,0.4821226074450292,0.01897869869773386,0.007507452253565234
1050.0,10,rectifying_volume_9,tray,173.88700952666733,222.264573453657,31.666858220076882,12.227346315540279,5148.653760963734,7682.039185781855,0.3124589748347743,0.5032310435577757,0.6554375829801403,0.483945591929123,0.03210344218508545,0.012823364513101202
1050.0,11,rectifying_volume_10,tray,175.54237924240653,222.3144326807186,31.39510623890248,12.197929974394636,5092.483557002483,7647.795814337107,0.3061619364774433,0.4989641342847841,0.6401719997376527,0.4794025080947521,0.05366606378490397,0.021633357620463776
1050.0,12,feed_tray,tray,177.8625121082548,222.38922683599026,45.88877501415914,10.975733556566132,12242.584445545903,7591.75177279717,0.29930278315827225,0.49613494476438785,0.6123845855839816,0.4678438754663584,0.08831263125774634,0.03602117976925386
1050.0,13,stripping_volume_1,tray,181.29690895227048,222.46473688963624,45.699608402827714,10.923065160786559,12263.296841211702,7599.078063155792,0.27119304521346477,0.45938184895436285,0.6391566691197509,0.5027602539828092,0.08965028566678428,0.037857897062827946
1050.0,14,stripping_volume_2,tray,185.43245435120028,222.54127882678884,45.52490515795669,10.85845499067723,12300.008131635019,7619.99214216649,0.23810392510815512,0.41372799561974805,0.670674682339177,0.546124750422735,0.09122139255266784,0.040147253957516914
1050.0,15,stripping_volume_3,tray,190.14797961338738,222.6190765653406,45.31907169012385,10.789752705698803,12356.51067008625,7656.906416272578,0.20138481121390345,0.35991412095690734,0.7055482546432649,0.5971781181073943,0.09306693414283156,0.04290776093569839
1050.0,16,stripping_volume_4,tray,195.21592179787592,222.6885079018313,53.491797732680155,12.170187109087948,12431.8796013806,7713.611535938902,0.16314698387866292,0.30022757332270156,0.7414032701323565,0.6535550638258671,0.09544974598898057,0.04621736285143137
1050.0,17,stripping_volume_5,tray,200.38322309776845,222.75931576468034,53.192181712202945,12.096436878057691,12518.326478717363,7789.198397916727,0.12581112079867118,0.2382744084543487,0.7749018010538029,0.711252654290155,0.09928707814752594,0.050472937255496196
1050.0,18,stripping_volume_6,tray,205.50321421281356,222.83211380236236,53.22348849690743,11.997865243773669,12597.413024007148,7875.858347429693,0.09149376852039129,0.17813703780136855,0.8013166255831624,0.7647976976850142,0.10718960589644627,0.05706526451361735
1050.0,19,stripping_volume_7,tray,210.76654019268466,222.90627640990226,52.787799620290556,11.929156816613459,12634.831352532101,7955.15179070803,0.06157230112331083,0.12330078542484164,0.8125839241496212,0.8067005556751503,0.12584377472706804,0.06999865890000798
1050.0,20,combined_reboiler_sump,reboiler_sump,217.07506832489287,222.93146861118254,757.7396240098903,77.55163783654528,,7992.771941618539,0.03659607146172327,0.07587462559800437,0.7923542018591236,0.8244653220471688,0.1710497266791531,0.0996600523548268
1080.0,1,reflux_drum,reflux_drum,120.82597259495886,221.85115056729848,1584.1160949927737,125.06024457050268,,,0.8815188061305418,0.9468834636021426,0.11844071721293149,0.05310720847684838,4.0476656526717224e-05,9.327921009006801e-06
1080.0,2,rectifying_volume_1,tray,130.1324408646396,221.89845460760472,38.02850325887162,49.646464384195916,5663.463400038052,8449.68216833585,0.7592993786434673,0.881837706187086,0.24054119389367967,0.11812176499298349,0.00015942746285309512,4.0528819930453905e-05
1080.0,3,rectifying_volume_2,tray,141.073994834773,221.94738799354937,34.30184248808558,12.85057313911424,5442.630756643217,8161.511021473706,0.6282278438940502,0.7970737133340744,0.3713415057362332,0.20280318234964703,0.00043065036971671474,0.00012310431627846597
1080.0,4,rectifying_volume_3,tray,151.41198219890376,221.99616557528452,33.366906056418706,12.630753344581365,5315.656446060639,7940.856019539848,0.5155660946830096,0.7083181899846267,0.48346922987761065,0.2913737416327577,0.0009646754393796798,0.00030806838261559816
1080.0,5,rectifying_volume_4,tray,159.4954058519048,222.04522760140844,32.78163776057946,12.472543208280142,5256.968831613035,7814.0516662700775,0.43423131038391205,0.6330101150297082,0.563844054407073,0.36632034558490406,0.0019246352090148576,0.0006695393853877566
1080.0,6,rectifying_volume_5,tray,165.0354383578995,222.0946232970596,32.37891347897994,12.376167403335758,5231.82704941998,7755.523328065072,0.38183073441960813,0.5787956595950624,0.6145914979396313,0.41988599153664075,0.0035777676407606207,0.001318348868296773
1080.0,7,rectifying_volume_6,tray,168.58177172256083,222.14437069322906,32.160713243601556,12.315821250164404,5217.935493683166,7730.530927080898,0.35013662390068023,0.5438272594414509,0.6434854560586744,0.45373697565519944,0.006377920040645327,0.0024357649033495913
1080.0,8,rectifying_volume_7,tray,170.8563056703642,222.1943666263576,32.01962568507436,12.277506665501392,5203.902629654967,7716.780437104811,0.33140093184221353,0.5227093834754646,0.6575090636144135,0.47296258366333305,0.01109000454337294,0.004328032861202418
1080.0,9,rectifying_volume_8,tray,172.469203316466,222.24445021931015,31.868865662266487,12.251697445845661,5182.9253197041235,7702.881911232422,0.32006723996698944,0.5103851145251265,0.660951011650234,0.48210589376363616,0.018981748382776602,0.007508991711237391
1080.0,10,rectifying_volume_9,tray,173.89716373193826,222.2944723606953,31.666067495798277,12.22919093415822,5148.548534014152,7682.033652095276,0.31248068407500096,0.5032440763983227,0.6554124616839383,0.48393060443387237,0.03210685424106069,0.012825319167805107
1080.0,11,rectifying_volume_10,tray,175.5526857440878,222.3443268716212,31.394309991777355,12.199767522511369,5092.375860588153,7647.782154960754,0.3061822900686839,0.49897561648691324,0.6401490430189235,0.4793889571951691,0.05366866691239245,0.02163542631791754
1080.0,12,feed_tray,tray,177.87279199643692,222.4191176344941,45.88887057557085,10.977286013543974,12242.99931054159,7591.733255908399,0.299322516473723,0.49614529047096756,0.6123658202299973,0.4678322380600283,0.08831166329627983,0.03602247146900411
1080.0,13,stripping_volume_1,tray,181.30667875637383,222.49462768530017,45.69972016945994,10.924619866964171,12263.704384103054,7599.57885387707,0.27121675851568067,0.4593989911171778,0.6391340552677817,0.502742091147814,0.0896491862165378,0.03785891773500821
1080.0,14,stripping_volume_2,tray,185.4417153188062,222.57116938753745,45.5250273130662,10.860009767549766,12300.4061384641,7620.48222379112,0.2381313130748892,0.4137526917466771,0.670648480175998,0.5460993190681015,0.09122020674911281,0.040147989185221306
1080.0,15,stripping_volume_3,tray,190.15683989935772,222.64896663758543,45.319192899967426,10.791304927148554,12356.898184317773,7657.383485514503,0.2014147145835419,0.35994598551368817,0.7055195346913483,0.5971457572402163,0.09306575072510989,0.042908257246095455
1080.0,16,stripping_volume_4,tray,195.22460022044893,222.71839757121407,53.491840441620745,12.171944195754882,12432.257647327666,7714.074602624235,0.16317750755760194,0.3002647425545082,0.7413738068069882,0.6535175138742662,0.09544868563540983,0.046217743571225677
1080.0,17,stripping_volume_5,tray,200.39201444488555,222.78920487880777,53.192195044778124,12.098183020165406,12518.700586454312,7789.648120030462,0.12584000231646097,0.23831363436190184,0.7748737389340125,0.7112129714089818,0.09928625874952651,0.05047339422911633
1080.0,18,stripping_volume_6,tray,205.51240463356152,222.86200229463893,53.22347046768777,11.999591398305528,12597.791190920809,7876.300298158119,0.0915189921867734,0.1781745526005391,0.8012920174682521,0.7647594795015955,0.10718899034497457,0.0570659678978653
1080.0,19,stripping_volume_7,tray,210.7763151512006,222.9361643124877,52.78775545443803,11.930866686572905,12635.223168098704,7955.59399574728,0.061592503750825214,0.12333327668590877,0.8125648841522505,0.8066672648134426,0.12584261209692435,0.06999945850064863
1080.0,20,combined_reboiler_sump,reboiler_sump,217.08538206540342,222.96135532188282,757.7266019372802,77.56275458106124,,7993.223964641039,0.03661066363271254,0.07589991487323908,0.7923445936190756,0.8244406470941051,0.1710447427482119,0.09965943803265576
1110.0,1,reflux_drum,reflux_drum,120.83481445566062,221.8806831444513,1589.5681636692127,124.67518867021965,,,0.8815476724642503,0.9468945396516523,0.11841185569128777,0.05309613281026857,4.047184446191577e-05,9.327538079157544e-06
1110.0,2,rectifying_volume_1,tray,130.14062962537818,221.92798360987612,38.02792695224566,49.65403048907108,5663.458509007308,8449.820511601925,0.7593383558637979,0.8818543685782457,0.24050217503613525,0.11810508950158465,0.000159469100066805,4.054192016961473e-05
1110.0,3,rectifying_volume_2,tray,141.0816474437041,221.9769131990045,34.30135344874536,12.85252607495674,5442.60888157595,8161.631186189996,0.6282732297120219,0.7970970099928285,0.3712959771700994,0.202779839161608,0.0004307931178787995,0.00012315084556351868
1110.0,4,rectifying_volume_3,tray,151.41953612350846,222.0256868130581,33.366385963566316,12.632674154826358,5315.612807108339,7940.9552726646725,0.5156115245706815,0.7083458214833797,0.48342347210358494,0.2913459940486332,0.0009650033257336978,0.00030818446798715627
1110.0,5,rectifying_volume_4,tray,159.503303586722,222.07474468895694,32.78106106192231,12.474433428446803,5256.906922341531,7814.125434037204,0.4342722701553992,0.6330378450282228,0.563802468336687,0.36629237470447495,0.0019252615079138528,0.0006697802673021959
1110.0,6,rectifying_volume_5,tray,165.0438797704433,222.12413609595464,32.37827954039394,12.378034042491581,5231.752227378185,7755.575538915857,0.3818659483382342,0.5788204761996122,0.6145552198467056,0.4198607354443712,0.003578831815060287,0.0013187883560165745
1110.0,7,rectifying_volume_6,tray,168.59075314092502,222.17387910970575,32.160028630674006,12.317670404245684,5217.851197735996,7730.567331224829,0.3501667043559998,0.543848228979189,0.6434537187834332,0.4537152787574999,0.006379576860567134,0.0024364922633110454
1110.0,8,rectifying_volume_7,tray,170.86573917131665,222.22387059336998,32.01889835097728,12.27934314277814,5203.810385635056,7716.804745911855,0.33142704369770043,0.5227268398880826,0.6574805703907003,0.47294401734874525,0.011092385911599223,0.0043291427631722305
1110.0,9,rectifying_volume_8,tray,172.4789889633462,222.27394968188338,31.86810395600782,12.253524547193237,5182.825889903405,7702.8958104104195,0.32009047458428835,0.5103998026044525,0.6609246649907394,0.4820896437774944,0.018984860424972258,0.007510553618053225
1110.0,10,rectifying_volume_9,tray,173.9072069296478,222.32396727067731,31.665282093304814,12.231010466062274,5148.443183781157,7682.037979549171,0.31250190488138113,0.503256712889848,0.6553877513356164,0.4839159871761743,0.03211034378300243,0.012827299933977653
1110.0,11,rectifying_volume_10,tray,175.56287649663952,222.37381719181943,31.393518846036283,12.201580172401249,5092.267884712474,7647.7781975422895,0.3062021996663041,0.4989867520941483,0.6401264435844976,0.47937572705389286,0.05367135674919842,0.021637520851958945
1110.0,12,feed_tray,tray,177.88295238105772,222.44860467073318,45.88896001324615,10.978817432476921,12243.406692115685,7591.724307772001,0.29934183094310046,0.49615531183227685,0.6123473998452171,0.46782091080186705,0.08831076921168252,0.03602377736585603
1110.0,13,stripping_volume_1,tray,181.3163454083473,222.52411478142486,45.699824833206364,10.926153394195213,12264.10444787966,7600.081997696592,0.2712399268401315,0.4594156092843373,0.6391119057825244,0.5027244275852559,0.08964816737734428,0.037859963130406675
1110.0,14,stripping_volume_2,tray,185.45088738014175,222.6006563158533,45.52514169474417,10.861543299122271,12300.796748668208,7620.974648445345,0.23815805548011498,0.4137766701440672,0.6706228372073142,0.5460745702122334,0.09121910731257067,0.04014875964369946
1110.0,15,stripping_volume_3,tray,190.165620668149,222.6784531491935,45.319306054454806,10.792835935420788,12357.278400993584,7657.862967391982,0.20144391803398723,0.35997697746771967,0.7054914235317171,0.5971142244282911,0.09306465843429557,0.04290879810398925
1110.0,16,stripping_volume_4,tray,195.23320131836252,222.7478837345056,53.49187481265432,12.173677347224302,12432.628377641397,7714.540175103403,0.1632073375137195,0.3003009597018051,0.7413449407564763,0.6534808639887586,0.09544772172980424,0.04621817630943617
1110.0,17,stripping_volume_5,tray,200.4007232973181,222.8186905424757,53.19220020274902,12.099905508157029,12519.067146613233,7790.100334778052,0.1258682539343482,0.23835192209185943,0.7748462001562879,0.7111741676171601,0.099285545909364,0.05047391029098044
1110.0,18,stripping_volume_6,tray,205.52150122598465,222.8914873904114,53.22344416374702,12.00129433380958,12598.161268562657,7876.744534437382,0.09154369724155062,0.17821124082528095,0.8012677973853634,0.7647220173313921,0.10718850537308604,0.057066741843326954
1110.0,19,stripping_volume_7,tray,210.7859817885627,222.96564886769562,52.78770251181964,11.93255372027497,12635.606000261501,7956.037992790947,0.06161232932785,0.1233651336563669,0.8125460344662028,0.806634510973132,0.1258416362059472,0.07000035537050114
1110.0,20,combined_reboiler_sump,reboiler_sump,217.09557412222733,222.9908387479619,757.7098715000266,77.57405054178851,,7993.676956261825,0.03662503299373071,0.07592481461430595,0.7923349001721653,0.8244162020062543,0.17104006683410386,0.09965898337943972
1140.0,1,reflux_drum,reflux_drum,120.84354296221862,221.90980290794568,1595.0370000465334,124.28852798301907,,,0.8815759791639534,0.9469053860532137,0.11838355304153479,0.05308528662518861,4.046779451180465e-05,9.327321597670937e-06
1140.0,2,rectifying_volume_1,tray,130.1487684657285,221.95709993445965,38.02735071378397,49.6614847408021,5663.452298771971,8449.969449902392,0.759375960921345,0.8818703174331954,0.2404645258645764,0.11808912692214343,0.0001595132140785978,4.0555644661130874e-05
1140.0,3,rectifying_volume_2,tray,141.08929913420678,222.0060258609368,34.300861023728295,12.854449357107391,5442.585758095741,8161.760380329384,0.6283167588291589,0.7971191058867505,0.371252299651815,0.20275769505672878,0.0004309415190261784,0.00012319905652066518
1140.0,4,rectifying_volume_3,tray,151.42710001453244,222.05479564512103,33.36586375503065,12.6345658164339,5315.568674116847,7941.06355297014,0.5156551044550503,0.7083720178549301,0.48337955393814264,0.29131967804010395,0.0009653416068071652,0.00030830410496596964
1140.0,5,rectifying_volume_4,tray,159.51119079775597,222.1038495127774,32.78048500231605,12.476295449087814,5256.845146423385,7814.208923462757,0.43431167723833997,0.6330642171520219,0.5637624182636084,0.36626575548974966,0.0019259044980517723,0.0006700273582284685
1140.0,6,rectifying_volume_5,tray,165.05227930392584,222.1532367744275,32.37764868462804,12.37987337948433,5231.677826379955,7755.638057335991,0.3818999597068255,0.578844179550055,0.6145201195451147,0.4198365830713674,0.0035799207480598123,0.00131923737857762
1140.0,7,rectifying_volume_6,tray,168.59966436658883,222.20297554785157,32.15934873835558,12.319492940286567,5217.767369832802,7730.614305095466,0.3501958701334533,0.5438683467773279,0.6434228611485325,0.4536944201186791,0.006381268718014083,0.002437233103993068
1140.0,8,rectifying_volume_7,tray,170.87508180122379,222.25296272176453,32.018176635266734,12.281153472654706,5203.718533718359,7716.8396577212725,0.33145244311693045,0.5227436525922865,0.6574527416524765,0.47292607672849585,0.011094815230593127,0.004330270679217703
1140.0,9,rectifying_volume_8,tray,172.48867041911177,222.30303744294767,31.86734821444948,12.255325811342075,5182.726722161138,7702.920231286017,0.3201131261184698,0.5104139891300917,0.6608988380530608,0.48207387249492806,0.01898803582846945,0.0075121383749803435
1140.0,10,rectifying_volume_9,tray,173.91713813862333,222.3530506138107,31.664502645003978,12.232804373194826,5148.337950246114,7682.052699426723,0.31252261917735946,0.5032689346747872,0.6553634682384025,0.4839017577610407,0.03211391258423793,0.012829307564172245
1140.0,11,rectifying_volume_10,tray,175.57295081419855,222.4028960776416,31.39273349563341,12.203367377284406,5092.159901361941,7647.784493281845,0.30622164489470133,0.4989975195844222,0.6401042197015867,0.47936283820046766,0.05367413540371193,0.021639642215110055
1140.0,12,feed_tray,tray,177.89299272459292,222.47768038690472,45.88904367943583,10.98032734605773,12243.806766240406,7591.72550088603,0.29936070476742527,0.4961649848382693,0.612329345179513,0.46780991695628665,0.08830995005306183,0.03602509820544392
1140.0,13,stripping_volume_1,tray,181.32590976991585,222.55319062590473,45.699922742498195,10.927665250356494,12264.497256768731,7600.587966543436,0.2712625173029188,0.45943166315275513,0.6390902522144447,0.5027073021498765,0.08964723048263658,0.037861034697368484
1140.0,14,stripping_volume_2,tray,185.45997263031774,222.629732066108,45.52524867714746,10.863055072910152,12301.180244880943,7621.46993033608,0.23818411030031317,0.41379987482666364,0.6705977939986626,0.5460505577532734,0.0912180957010243,0.04014956742006301
1140.0,15,stripping_volume_3,tray,190.17432481156345,222.70752856183,45.319411590550295,10.794345206000173,12357.651666798283,7658.345426906585,0.20147237438494353,0.360007028970819,0.7054639669525294,0.5970835849918062,0.09306365866252696,0.04290938603737477
1140.0,16,stripping_volume_4,tray,195.24172812311306,222.77695885987612,53.49190142925045,12.175385966580789,12432.992206134371,7715.008873079143,0.16323642674711103,0.3003361521656221,0.7413167177880158,0.6534451840998566,0.09544685546487318,0.046218663734521284
1140.0,17,stripping_volume_5,tray,200.40935209735736,222.8477652308867,53.19219791875297,12.101603753421212,12519.426627301158,7790.555715810815,0.1258958342986228,0.23838920350322443,0.7748192250066496,0.7111363085217597,0.09928494069472757,0.05047448797501591
1140.0,18,stripping_volume_6,tray,205.53050522334783,222.92056157226074,53.223410487487996,12.002973477605098,12598.523761450511,7877.191768880357,0.0915678522434721,0.1782470477046336,0.8012439956857863,0.7646853637663742,0.10718815207074155,0.057067588528992165
1140.0,19,stripping_volume_7,tray,210.79553972172235,222.99472256560307,52.78764185783026,11.934217363899219,12635.980374683175,7956.48451344488,0.06163175859275629,0.12339632122650228,0.8125273936070059,0.8066023279120323,0.12584084780023788,0.07000135086146535
1140.0,20,combined_reboiler_sump,reboiler_sump,217.10564225032115,223.01991138513534,757.6898601766418,77.58548648089089,,7994.131650203691,0.036639172546517385,0.07594931178651114,0.7923251303509116,0.8243920011137712,0.17103569710257102,0.09965868709971767
1170.0,1,reflux_drum,reflux_drum,120.85215653028776,221.9385032894375,1600.5199520156593,123.90045626470737,,,0.8816037152489958,0.9469159980819758,0.11835582025162927,0.053074674648229056,4.046449937500151e-05,9.327269795204939e-06
1170.0,2,rectifying_volume_1,tray,130.15685745403766,221.98579701508893,38.026774488132745,49.66882525085432,5663.444747946773,8450.129127172955,0.7594121619718208,0.8818855355271741,0.24042827824149732,0.11807389448370503,0.0001595597866818989,4.056998912087531e-05
1170.0,3,rectifying_volume_2,tray,141.09695107794445,222.03471941541022,34.30036513198279,12.856342475055039,5442.561381996089,8161.898750907582,0.6283583888618584,0.797139972762872,0.3712105156063477,0.20273677829705522,0.0004310955317937598,0.00012324894007280965
1170.0,4,rectifying_volume_3,tray,151.43467511957198,222.08348551012017,33.36533943446217,12.636427828828014,5315.524077891892,7941.181028649234,0.5156967940833864,0.7083967470533697,0.48333751571281564,0.29129482567071685,0.0009656902037978573,0.00030842727591349854
1170.0,5,rectifying_volume_4,tray,159.51906810824772,222.13253551436273,32.779909703863055,12.478128789464558,5256.783567893361,7814.302338259463,0.43434949966328285,0.6330892027155905,0.5637239362642207,0.3662405166511513,0.0019265640724965272,0.0006702806332581378
1170.0,6,rectifying_volume_5,tray,165.06063687478758,222.18191877703453,32.377021139124714,12.381684949190285,5231.603937764992,7755.711117171829,0.3819327443561005,0.578866746537356,0.6144862212765269,0.4198135575386663,0.00358103436737281,0.001319695923977603
1170.0,7,rectifying_volume_6,tray,168.6085048693838,222.23165345548074,32.15867387654847,12.321288400468609,5217.6841254584415,7730.672103899029,0.3502241017502695,0.5438875936504743,0.6433929025397521,0.4536744188712403,0.00638299570997835,0.0024379874782854455
1170.0,8,rectifying_volume_7,tray,170.88433289255568,222.2816364628153,32.017460911464724,12.282937197385492,5203.6272127809,7716.885443885701,0.3314771122575341,0.5227598036347313,0.6574255947781723,0.472908779553197,0.011097292964293686,0.00433141681207176
1170.0,9,rectifying_volume_8,tray,172.49824710122382,222.33170695745375,31.86659886302214,12.257100775984183,5182.627979055259,7702.95545918815,0.3201351763446512,0.5104276553063851,0.6608735480386494,0.4820585982635684,0.01899127561669942,0.007513746430046536
1170.0,10,rectifying_volume_9,tray,173.92695696192092,222.38171584894968,31.663729624943795,12.234572186790013,5148.233020632558,7682.0781104482585,0.3125428074641673,0.503280721122833,0.6553396302822254,0.4838879360791393,0.03211756225360727,0.012831342798027718
1170.0,11,rectifying_volume_10,tray,175.58290846539387,222.4315569920759,31.391954469737424,12.205128662683242,5092.052124140634,7647.801354702533,0.3062406050623373,0.49900789649274424,0.6400823902564217,0.4793503121690706,0.05367700468124105,0.021641791338185123
1170.0,12,feed_tray,tray,177.90291283528853,222.50633824989907,45.88912181822068,10.981815349095799,12244.199661180073,7591.737162805055,0.29937911689272967,0.49617428592802076,0.6123116762455098,0.4677992792868952,0.08830920686176058,0.036026434785084036
1170.0,13,stripping_volume_1,tray,181.33537299639653,222.58184868936036,45.700014125999054,10.92915500706033,12264.882978858837,7601.096996276526,0.2712844981999628,0.45944711351919476,0.6390691248968539,0.5026907525469074,0.08964637690318317,0.03786213393389782
1170.0,14,stripping_volume_2,tray,185.46897341455974,222.6583901132919,45.525348500787125,10.8645446416602,12301.556844176064,7621.968337814661,0.2382094370325239,0.41382225151482405,0.6705733895079712,0.5460273338312451,0.091217173459505,0.0401504146539308
1170.0,15,stripping_volume_3,tray,190.18295543974227,222.73618635551355,45.31950979599722,10.795832280952355,12358.018252700069,7658.831172725359,0.20150003819880338,0.3600360743937418,0.7054372088713011,0.5970539019757516,0.0930627529298954,0.04291002363050671
1170.0,16,stripping_volume_4,tray,195.2501838744062,222.8056164319329,53.49192068386484,12.177069533854679,12433.349458691444,7715.481048783416,0.16326473002881062,0.3003702498305437,0.7412891818041794,0.6534105416013621,0.09544608816701017,0.046219208568094174
1170.0,17,stripping_volume_5,tray,200.4179034976446,222.8764224336033,53.19218871344097,12.10327724567524,12519.779397334056,7791.014656259213,0.1259227037162978,0.2384254129767333,0.7747928520791446,0.7110994572064114,0.09928444420455759,0.050475129816855265
1170.0,18,stripping_volume_6,tray,205.5394181019368,222.949218334892,53.22337010885207,12.004628336268603,12598.879065702853,7877.642421018773,0.09159142701581288,0.1782819204821589,0.8012206416897617,0.7646495695070155,0.1071879312944254,0.05706851001082568
1170.0,19,stripping_volume_7,tray,210.80498889442205,223.02337890604193,52.787574309293014,11.93585714303145,12636.346702670671,7956.93398544412,0.06165077277454603,0.12342680499932396,0.8125089801641343,0.8065707489335641,0.12584024706131963,0.07000244606711195
1170.0,20,combined_reboiler_sump,reboiler_sump,217.11558471560573,223.04856673678432,757.6670863135391,77.59701559792745,,7994.588468119739,0.03665307464426822,0.07597339190363193,0.7923152938605061,0.8243680601039297,0.17103163149522574,0.09965854799243838
1200.0,1,reflux_drum,reflux_drum,120.86065380918237,221.96677833620282,1606.014372002686,123.51116745000397,,,0.8816308696661636,0.9469263709159653,0.11832866838187983,0.0530643017030662,4.0461951956641544e-05,9.32738096842362e-06
1200.0,2,rectifying_volume_1,tray,130.16489671471248,222.01406890005438,38.02619821578319,49.67605029987275,5663.435834925268,8450.299534360809,0.7594469294302816,0.8819000068248258,0.2403934617649886,0.11805940822462146,0.00015960880472973998,4.058495055252477e-05
1200.0,3,rectifying_volume_2,tray,141.10460445119253,222.0629879118861,34.29986567870581,12.85820496375722,5442.535743426544,8162.046282695811,0.6283980801449786,0.7971595841233138,0.37117066472392607,0.20271711538496925,0.0004312551310953749,0.0001233004917168942
1200.0,4,rectifying_volume_3,tray,151.4422628077152,222.11175045887947,33.364812966561765,12.638259734303722,5315.479036059711,7941.307699847456,0.5157365545292222,0.7084199779374608,0.483297396396818,0.2912714680876944,0.000966049073959705,0.0003085539748448616
1200.0,5,rectifying_volume_4,tray,159.52693644292117,222.16079674609605,32.77933522301736,12.479933008687148,5256.722230708375,7814.405706498739,0.43438570497633006,0.6331127722874769,0.5636870548389825,0.3662166876225622,0.0019272401846874318,0.0006705400899608506
1200.0,6,rectifying_volume_5,tray,165.068952839575,222.2101761578683,32.376397043704,12.383468324752366,5231.530626679189,7755.794769770326,0.38196427636866714,0.5788881518803769,0.614453550953111,0.41979168410615814,0.003582172678221883,0.0013201640134648757
1200.0,7,rectifying_volume_6,tray,168.6172746178594,222.2599068885207,32.158004250478236,12.323056365337703,5217.601548047253,7730.740794335641,0.35025137748519053,0.5439059475662186,0.6433638645134856,0.453655296958896,0.006384758001323872,0.0024387554748854594
1200.0,8,rectifying_volume_7,tray,170.89349226035475,222.30988587441152,32.01675143543292,12.284693899009405,5203.536523837125,7716.94218155585,0.33150103119891094,0.5227752723078245,0.6573991492197538,0.47289214630913845,0.011099819581335121,0.0043325813830371014
1200.0,9,rectifying_volume_8,tray,172.5077188378923,222.3599522853904,31.865856199835733,12.258849020914525,5182.529779584313,7703.001579658611,0.3201566055732448,0.5104407802518652,0.6608488137467171,0.48204384154583246,0.0189945806800381,0.007515378202302355
1200.0,10,rectifying_volume_9,tray,173.9366633070264,222.40995703832849,31.662963372414556,12.236313483002782,5148.128532991904,7682.114306089494,0.31256244966066277,0.5032920505441939,0.6553162562643575,0.483874543183425,0.03212129407497974,0.012833406272381102
1200.0,11,rectifying_volume_10,tray,175.59274940734912,222.45979399975093,31.391182155130533,12.206863601874236,5091.944711754159,7647.828883712001,0.3062590598743989,0.4990178604896958,0.6400609741689219,0.4793381705118045,0.053679965956679204,0.021643968998499755
1200.0,12,feed_tray,tray,177.91271262157122,222.53457232651064,45.889194574272125,10.98328107782995,12244.585453574819,7591.759404832632,0.2993970475482909,0.4961831928797738,0.6122944118368919,0.46778901924958777,0.08830854061481733,0.036027787870638366
1200.0,13,stripping_volume_1,tray,181.34473624423512,222.61008304052825,45.70009910419769,10.930622279735772,12265.261722064468,7601.609108701961,0.271305839910931,0.4594619236910329,0.6390485521224567,0.5026748140345855,0.08964560796661229,0.03786326227438174
1200.0,14,stripping_volume_2,tray,185.47789199607033,222.6866245285834,45.52544128610131,10.866011604033352,12301.92669370518,7622.469915961494,0.23823399788693717,0.41384374952001113,0.6705496599913557,0.546004947083397,0.09121634212170701,0.04015130339659199
1200.0,15,stripping_volume_3,tray,190.1915155272384,222.76442060436884,45.31960082363567,10.797296749867666,12358.378349209008,7659.3202801505295,0.2015268671066025,0.3600640525121417,0.705411190115699,0.5970252341234212,0.09306194277769847,0.04291071336443716
1200.0,16,stripping_volume_4,tray,195.25857166839043,222.83385052761457,53.49193279688684,12.17872758416106,12433.700368528478,7715.956810354667,0.16329220517319457,0.3004031872808191,0.741262373634168,0.6533769992984361,0.09544542119263744,0.046219813420744785
1200.0,17,stripping_volume_5,tray,200.42638003896838,222.90465623060166,53.19217291286684,12.104925530508014,12520.12572186521,7791.477293049753,0.12594882518097728,0.2384604893164841,0.7747671173336881,0.7110636724785228,0.09928405748533463,0.050475838204993
1200.0,18,stripping_volume_6,tray,205.54824130525128,222.9774517613722,53.22332348026706,12.006258472503054,12599.227465271142,7878.096643124429,0.0916143933275372,0.17831580976854758,0.801197763044443,0.7646146821222372,0.10718784362801982,0.0570695081092153
1200.0,19,stripping_volume_7,tray,210.81432935003474,223.05161197504847,52.7875004464221,11.937472638871371,12636.705277885198,7957.3865604358825,0.06166935394212981,0.12345655204753453,0.8124908124158875,0.8065398061877871,0.1258398336419827,0.07000364176467834
1200.0,20,combined_reboiler_sump,reboiler_sump,217.1254001017723,223.07679889064738,757.6421167138305,77.60858704995928,,7995.047549434492,0.036666731112328085,0.07599703933187305,0.792305401074114,0.8243443957433271,0.17102786781355786,0.09965856492480007
1230.0,1,reflux_drum,reflux_drum,120.86903354301644,221.9946223481621,1611.517615843816,123.12085554974944,,,0.8816574313480713,0.9469364997008767,0.11830210850652681,0.05305417264564749,4.046014540188515e-05,9.327653475888696e-06
1230.0,2,rectifying_volume_1,tray,130.1728862527619,222.0419098894211,38.02562184885258,49.68315825222948,5663.425539359629,8450.480533152857,0.7594802364345407,0.8819137168239423,0.2403601033075351,0.11804568264943509,0.0001596602579242748,4.060052662261957e-05
1230.0,3,rectifying_volume_2,tray,141.1122602204353,222.09082565065106,34.299362573553644,12.860036382388607,5442.508829205655,8162.202824790379,0.6284357965487369,0.7971779159229258,0.371132783150287,0.20269873036782263,0.00043142030097589553,0.00012335370925159141
1230.0,4,rectifying_volume_3,tray,151.44986432493593,222.139584792044,33.36428429757343,12.640061097456533,5315.433555815976,7941.443426091332,0.5157743492195134,0.7084416812990533,0.48325923258592335,0.29124963449927754,0.0009664181945630256,0.00030868420166928076
1230.0,5,rectifying_volume_4,tray,159.53479676881915,222.18862750911694,32.7787615723864,12.481707685346082,5256.661161838246,7814.51890857206,0.434420261319487,0.633134896918177,0.563651805861954,0.36619429734525344,0.001927932818558881,0.0006708057365695527
1230.0,6,rectifying_volume_5,tray,165.0772277322134,222.23800321865517,32.375776473323285,12.385223097156551,5231.45793556881,7755.888912532543,0.38199452913027276,0.5789083694277495,0.6144221351555276,0.41977098889160674,0.003583335714199436,0.001320641680643767
1230.0,7,rectifying_volume_6,tray,168.62597381816394,222.28773014935018,32.15733998441416,12.3247964332505,5217.5196929465965,7730.820283879635,0.35027767437317936,0.5439233849456027,0.6433357698754156,0.45363707786904517,0.006386555751405043,0.002439537185352152
1230.0,8,rectifying_volume_7,tray,170.90255994542878,222.33770525964692,32.01604836999908,12.286423178645398,5203.446534489217,7717.009783844611,0.33152417886873325,0.5227900364048664,0.6573734256747102,0.4728761990099965,0.011102395456556505,0.004333764585137039
1230.0,9,rectifying_volume_8,tray,172.51708561859195,222.38776773063572,31.86512042091585,12.2605701471478,5182.43220405486,7703.058509565757,0.3201773934904208,0.5104533421716971,0.6608246548497089,0.48202962380622755,0.01899795165987026,0.0075170340220752346
1230.0,10,rectifying_volume_9,tray,173.94625714809263,222.4377684866846,31.662204117250116,12.238027861795414,5148.024581425997,7682.161206629521,0.31258152582812493,0.5033029012376699,0.65529336527754,0.48386160030823383,0.03212510889433522,0.012835498454096395
1230.0,11,rectifying_volume_10,tray,175.60247356500113,222.48760140634084,31.390416820894526,12.208571794486083,5091.837773427712,7647.867004516356,0.30627699000462627,0.49902739025955734,0.6400399899019992,0.47932643398673097,0.053683020093374625,0.02164617575371172
1230.0,12,feed_tray,tray,177.92239189231404,222.56237692311205,45.889262004796635,10.984724191838126,12244.964167927146,7591.792155712517,0.29941447863255993,0.49619168547596015,0.6122775691856011,0.46777915639295986,0.08830795218183904,0.036029158131079916
1230.0,13,stripping_volume_1,tray,181.35400043765844,222.6378879861665,45.700177704089384,10.932066710049765,12265.633533924678,7602.1241399848195,0.27132651554611265,0.45947606052174716,0.6390285595601972,0.502659518477209,0.08964492489369026,0.037864421001043924
1230.0,14,stripping_volume_2,tray,185.48673029409363,222.71442961949302,45.52552705033203,10.867455587415249,12302.289870696726,7622.9745159247805,0.23825775864061516,0.4138643231187709,0.6705266382293371,0.5459834413801893,0.0912156031300475,0.040152235501039905
1230.0,15,stripping_volume_3,tray,190.20000763560867,222.79222561701957,45.319684709603145,10.79873823280714,12358.732066566808,7659.812621251026,0.2015528227553618,0.3600909080907815,0.705385947564616,0.5969976344168214,0.09306122968002224,0.04291145749239701
1230.0,16,stripping_volume_4,tray,195.26689418211294,222.8616554567843,53.491937840377965,12.180359688099527,12434.04507696686,7716.436052788728,0.1633188139446179,0.3004349053997864,0.7412363302136005,0.6533446139364705,0.09544485584178167,0.04622048066374306
1230.0,17,stripping_volume_5,tray,200.4347838970872,222.93246093308605,53.192150672045315,12.106548189253772,12520.465763987711,7791.943539195245,0.12597416509663634,0.23849437711051755,0.7747420534385948,0.7110290076229597,0.09928378146476885,0.050476615266522695
1230.0,18,stripping_volume_6,tray,205.55697602478398,223.00525616419216,53.22327085932185,12.007863484442472,12599.56913444511,7878.554354222952,0.09163672537154048,0.17834867050798422,0.8011753852653042,0.7645807451637084,0.10718788936315529,0.057070584328307264
1230.0,19,stripping_volume_7,tray,210.8235610456973,223.07941608620095,52.787420633986784,11.939063467016148,12637.056279507071,7957.842149960073,0.06168748526387422,0.1234855314858867,0.8124729080170157,0.8065095301319066,0.12583960671911013,0.07000493838220659
1230.0,20,combined_reboiler_sump,reboiler_sump,217.13508714171863,223.10460216044189,757.615530040238,77.62014899542869,,7995.50878924651,0.036680133384831004,0.0760202376167771,0.7922954628258785,0.8243210255780958,0.1710244037892905,0.09965873680512705
1260.0,1,reflux_drum,reflux_drum,120.87729445698876,222.02202958409814,1617.0270418438363,122.72971457360372,,,0.8816833892793108,0.9469463796116561,0.11827615164758622,0.053044292302613864,4.045907310309434e-05,9.328085730013496e-06
1260.0,2,rectifying_volume_1,tray,130.18082581949236,222.06931424144568,38.02504536322088,49.69014748608275,5663.413843319978,8450.671881810662,0.7595120591239334,0.8819266527774183,0.24032822673919324,0.11803273050746292,0.0001597141368734167,4.061671511860374e-05
1260.0,3,rectifying_volume_2,tray,141.11991897971922,222.11822688944983,34.29885574512831,12.861836296838758,5442.480624852658,8162.368119073749,0.628471506016314,0.7971949470448833,0.3710969029553257,0.2026816443642982,0.00043159102836026856,0.0001234085908185891
1260.0,4,rectifying_volume_3,tray,151.45748060230102,222.16698276693552,33.36375337273356,12.641831488313343,5315.387636644511,7941.5879556213495,0.5158101447022085,0.7084618306395495,0.4832230577488642,0.2912293514032183,0.0009667975489272292,0.0003088179572322715
1260.0,5,rectifying_volume_4,tray,159.54264988397162,222.21602206040805,32.77818874041239,12.483452400922717,5256.600374561825,7814.641707266174,0.4344531383213524,0.6331555491492913,0.5636182197157333,0.3661733732688082,0.001928641962914243,0.0006710775819004824
1260.0,6,rectifying_volume_5,tray,165.08546204393485,222.2653942160828,32.375159459481424,12.386948858654643,5231.385888066355,7755.993319720721,0.3820234762516765,0.5789273732880311,0.6143920002521346,0.41975149775796683,0.0035845234961888357,0.0013211289540020618
1260.0,7,rectifying_volume_6,tray,168.63460269308726,222.31511749437857,32.15668114456552,12.326508203675749,5217.438591933735,7730.910352449462,0.35030296910050585,0.5439398818186697,0.6433086418441926,0.45361978550390586,0.006388389055301628,0.002440332677424428
1260.0,8,rectifying_volume_7,tray,170.9115359981013,222.36508887466246,32.01535180911749,12.288124639597012,5203.357284086892,7717.088032446741,0.3315465338722926,0.5228040733306937,0.6573484453311901,0.4728609601224724,0.011105020796517356,0.00433496654683382
1260.0,9,rectifying_volume_8,tray,172.52634738737038,222.4151475490746,31.864391645263236,12.262263759763966,5182.335299849023,7703.126030708523,0.32019751988774464,0.510465319368239,0.6608010912443384,0.4820159665443783,0.019001388867916948,0.0075187140873826325
1260.0,10,rectifying_volume_9,tray,173.9557383337069,222.4651444496631,31.661452005265744,12.239714929463569,5147.921222375666,7682.21859372382,0.31260001676577565,0.5033132523531623,0.655270976183184,0.4838491280522063,0.03212900705104043,0.012837619594631424
1260.0,11,rectifying_volume_10,tray,175.612080657752,222.514973467268,31.389658643727778,12.210252848663362,5091.731375616464,7647.915499094874,0.3062943775245651,0.4990364661728011,0.6400194550718744,0.4793151219274839,0.05368616740356055,0.02164841189971502
1260.0,12,feed_tray,tray,177.93195020383925,222.58974629464527,45.88932409345934,10.986144358909057,12245.335778855077,7591.835197947534,0.2994313939564133,0.4961997459531889,0.6122611637486254,0.4677697079561928,0.08830744229496125,0.036030546090618294
1260.0,13,stripping_volume_1,tray,181.36316609446345,222.6652577803096,45.70024987562535,10.93348795105692,12265.998404503727,7602.641773044813,0.27134650135287136,0.4594894950913443,0.6390091698957236,0.5026448937288646,0.08964432875140495,0.03786561117979117
1260.0,14,stripping_volume_2,tray,185.49548969151098,222.74179963939403,45.52560572623417,10.868876233265077,12302.6463859722,7623.481828435315,0.23828068917428352,0.41388393244450006,0.6705043530510125,0.5459628550130675,0.09121495777470394,0.04015321254243244
1260.0,15,stripping_volume_3,tray,190.2084337114201,222.8195956464097,45.31976139377811,10.800156365678292,12359.079438910703,7660.307899439477,0.2015778714016409,0.36011659290195835,0.7053615136237303,0.5969711491484911,0.09306061497462881,0.04291225794955041
1260.0,16,stripping_volume_4,tray,195.27515347307218,222.8890254722901,53.49193576450531,12.181965434914673,12434.383638620871,7716.918493664049,0.16334452262258745,0.3004653523904756,0.7412110840874245,0.6533134352733675,0.0954443932899881,0.04622121233615681
1260.0,17,stripping_volume_5,tray,200.44311669774606,222.95983079381054,53.192122002323956,12.108144821709033,12520.799591077985,7792.413121098577,0.12599869372046685,0.23852702758539324,0.7747176893765324,0.7109955096280404,0.09928361690300075,0.05047746278656632
1260.0,18,stripping_volume_6,tray,205.56562303725053,223.0326257958763,53.22321233655641,12.009442987912989,12599.90414529564,7879.0152792783965,0.0916584000543908,0.1783804625832176,0.8011535314491103,0.7645477976115519,0.10718806849649885,0.05707173980523057
1260.0,19,stripping_volume_7,tray,210.83268370885483,223.10678549154395,52.78733504886117,11.940629259340477,12637.399780452972,7958.300466617996,0.06170515118117947,0.12351371486497735,0.8124552837608902,0.8064799491472237,0.12583956505793045,0.070006335987799
1260.0,20,combined_reboiler_sump,reboiler_sump,217.14464457702036,223.13197079709494,757.5878866990723,77.6316511046739,,7995.971881276327,0.036693272647195234,0.07604296981202016,0.7922854902122088,0.8242979676314983,0.17102123714059597,0.09965906255648144
1290.0,1,reflux_drum,reflux_drum,120.88543516945045,222.0489940378244,1622.5400100309894,122.33793847624287,,,0.8817087325651851,0.9469560059083079,0.11825080870612893,0.05303466541550584,4.045872868601316e-05,9.328676186362346e-06
1290.0,2,rectifying_volume_1,tray,130.1887148180485,222.09627594893684,38.02446876710127,49.69701633929882,5663.400732127708,8450.8732611853,0.7595423767531032,0.8819388038047911,0.2402978528154351,0.11802056268170764,0.00015977043146161586,4.063351350126877e-05
1290.0,3,rectifying_volume_2,tray,141.12758083792804,222.14518562005466,34.29834515178489,12.863604266064542,5442.45111631191,8162.541828540196,0.6285051808463109,0.7972106595714624,0.371063051855848,0.20266587529524197,0.00043176729784097183,0.00012346513329556047
1290.0,4,rectifying_volume_3,tray,151.46511211642846,222.19393837433847,33.36322015038798,12.643570469252687,5315.341272875249,7941.740954620372,0.5158439111629645,0.708480402701907,0.48318890172220796,0.2912106420588388,0.0009671871148276936,0.00030895523925415476
1290.0,5,rectifying_volume_4,tray,159.55049625522722,222.24297438980682,32.77761670833794,12.485166727040278,5256.539871755589,7814.773777882515,0.4344843077878349,0.6331747037936087,0.5635863246216497,0.3661539405792122,0.0019293675905154388,0.000671355627179195
1290.0,6,rectifying_volume_5,tray,165.09365604852746,222.292343139047,32.37454600944411,12.388645190084343,5231.314492990346,7756.107673417044,0.382051092338503,0.5789451387634129,0.6143631716615658,0.41973323539351115,0.0035857359999309775,0.0013216258430760644
1290.0,7,rectifying_volume_6,tray,168.64316130440432,222.34206291153916,32.156027760172655,12.32819126440595,5217.358257951583,7731.010684230404,0.35032723877384725,0.543955414804625,0.643282503326355,0.4536034432206441,0.006390257899797892,0.0024411419747309405
1290.0,8,rectifying_volume_7,tray,170.9204203052987,222.39203070639797,32.014661800471536,12.289797874338925,5203.268789209237,7717.176610383011,0.3315680752015676,0.5228173610399719,0.6573242292102991,0.47284645165393374,0.011107695588133312,0.004336187306094265
1290.0,9,rectifying_volume_8,tray,172.53550388080888,222.4420857266214,31.863669938544223,12.263929454583973,5182.239087620821,7703.203823525031,0.3202169652655702,0.5104766910703369,0.6607781424963284,0.4820028904940861,0.01900489223810134,0.007520418435576919
1290.0,10,rectifying_volume_9,tray,173.96510644079214,222.4920789121221,31.660707122569594,12.24137428493594,5147.8184814654915,7682.286145056287,0.31261790447188936,0.5033230845612331,0.6552491071798151,0.48383714573433295,0.032132988348295685,0.012839769704433865
1290.0,11,rectifying_volume_10,tray,175.62157007278066,222.54190416630374,31.388907732553967,12.211906366960303,5091.62554943926,7647.974042761829,0.3063112061959671,0.4990450707589289,0.6399993861596615,0.4793042517910144,0.05368940764437138,0.021650677450056756
1290.0,12,feed_tray,tray,177.94138675208498,222.61667442351148,45.88938076521799,10.987541243028982,12245.70021546465,7591.888204255235,0.29944777935865885,0.49620735925593507,0.6122452091103829,0.46776068864667153,0.0883070115309584,0.03603195209739335
1290.0,13,stripping_volume_1,tray,181.3722332080445,222.69218640343405,45.70031550877492,10.934885655262264,12266.356271648188,7603.161571389988,0.27136577690721086,0.45950220306583356,0.6389904026707356,0.5026309633152025,0.08964382042205363,0.037866833618963994
1290.0,14,stripping_volume_2,tray,185.5041709080005,222.76872856697943,45.52567718134121,10.870273185212373,12302.99619012765,7623.991418895445,0.23830276372585057,0.41390254394486925,0.6704828291230425,0.5459432202880269,0.09121440715110693,0.0401542357671038
1290.0,15,stripping_volume_3,tray,190.21679495506285,222.84652466957036,45.31983074102285,10.801550788270172,12359.420431437798,7660.805685846857,0.20160198418910644,0.3601410662355387,0.7053379159979267,0.5969458174694314,0.09306009981296684,0.042913116295029745
1290.0,16,stripping_volume_4,tray,195.2833508492535,222.91595454998858,53.491926424859656,12.18354441868786,12434.716029897541,7717.403710826742,0.16336930226225704,0.3004944842769737,0.7411866631992212,0.6532835056378017,0.09544403453852174,0.04622201008522464
1290.0,17,stripping_volume_5,tray,200.45137939582256,222.98675978738328,53.19208680049501,12.109715031970264,12521.12718465866,7792.885617966091,0.12602238535601587,0.23855839900847262,0.7746940502835012,0.7109632188325536,0.09928356436048287,0.050478382158973635
1290.0,18,stripping_volume_6,tray,205.5741825953465,223.05955462959267,53.223147866020724,12.01099660193003,12600.232478738653,7879.47899040338,0.09167939711874752,0.17841115109769018,0.8011322221402457,0.7645158736162501,0.10718838074100671,0.05707297528605981
1290.0,19,stripping_volume_7,tray,210.84169673502134,223.13371416252753,52.787243711382494,11.942169649244418,12637.735759269379,7958.76106704635,0.06172233750352997,0.12354107640047417,0.8124379554139592,0.8064510893021618,0.12583970708251077,0.07000783429736403
1290.0,20,combined_reboiler_sump,reboiler_sump,217.154071046852,223.15889876998995,757.5597054267589,77.64304651701495,,7996.436362399155,0.03670613997603014,0.07606521879297559,0.7922754944095293,0.824275240114678,0.17101836561444056,0.09965954109234645
1320.0,1,reflux_drum,reflux_drum,120.89345412898287,222.07550928143706,1628.0538816097817,121.94572112415845,,,0.8817334504987039,0.9469653739841192,0.11822609039531581,0.053025296592549495,4.0459105980268486e-05,9.329423331455506e-06
1320.0,2,rectifying_volume_1,tray,130.19655224580643,222.122788582685,38.023892106307024,49.70376307072397,5663.386194884651,8451.084299673917,0.7595711716645509,0.8819501609078076,0.24026899920589134,0.11800918817363609,0.00015982912955782655,4.0650918556332415e-05
1320.0,3,rectifying_volume_2,tray,141.1352453520586,222.17169541188858,34.29783078889418,12.865339832195897,5442.420291331223,8162.723564184255,0.6285367977515147,0.7972250388735631,0.3710312531609157,0.20265143779538192,0.00043194908756948134,0.00012352333105501557
1320.0,4,rectifying_volume_3,tray,151.4727587991673,222.22044518232482,33.36268461272882,12.645277585594863,5315.294455992929,7941.902035016324,0.5158756227102577,0.7084973777761352,0.483156790434336,0.2911935261846669,0.0009675868554061545,0.00030909603919796255
1320.0,5,rectifying_volume_4,tray,159.55833590388818,222.26947806404078,32.77704546418138,12.486850216409772,5256.479649032822,7814.914736986585,0.43451374419447986,0.6331923384891299,0.5635561461634846,0.3661360216510516,0.001930109642035469,0.0006716398598183087
1320.0,6,rectifying_volume_5,tray,165.1018096728497,222.31884355290794,32.373936122805404,12.390311651927863,5231.243748259078,7756.23159316827,0.38207735359824585,0.578961643076665,0.6143356732695442,0.4197162245950837,0.0035869731322100596,0.001322132328251213
1320.0,7,rectifying_volume_6,tray,168.65164941892692,222.36855996477684,32.155379842127815,12.329845182526142,5217.2786897991555,7731.120898185198,0.3503504615481695,0.5439699619004599,0.6432573763183296,0.4535880730568524,0.0063921621335009445,0.0024419650426877586
1320.0,8,rectifying_volume_7,tray,170.92921246110566,222.4185243173227,32.01397836571012,12.291442455251625,5203.181049137722,7717.27513341084,0.3315887828110358,0.522829878788919,0.6573007976203531,0.4728326944169518,0.011110419568610893,0.0043374267941292555
1320.0,9,rectifying_volume_8,tray,172.54455450993942,222.46857582420526,31.862955334510996,12.265566808568584,5182.14356753239,7703.291499404272,0.3202357113039026,0.5104874380745887,0.6607558273888954,0.4819904149966679,0.019008461307202056,0.007522146928743326
1320.0,10,rectifying_volume_9,tray,173.97436067286586,222.51856543338565,31.659969517765802,12.243005509770216,5147.7163604581165,7682.363467539012,0.31263517247292144,0.5033323805332102,0.655227775470225,0.4838256709221053,0.03213705205685358,0.01284194854468449
1320.0,11,rectifying_volume_10,tray,175.63094078216906,222.5683870611004,31.388164151343087,12.213531935916869,5091.520298326594,7648.042238203744,0.30632746163755836,0.49905318899412,0.6399797983194414,0.4792938388720496,0.0536927400430002,0.021652972133830314
1320.0,12,feed_tray,tray,177.95070030645056,222.64315486537902,45.88943190116238,10.988914495452965,12246.05736721514,7591.950772454816,0.2994636227120024,0.4962145131185949,0.6122297169838478,0.46775211057428,0.08830666030414983,0.036033376307125047
1320.0,13,stripping_volume_1,tray,181.3812011805925,222.71866740853912,45.700374450243245,10.936259465600399,12266.707027887465,7603.683012519287,0.2713843251213693,0.45951416477867835,0.6389722742917399,0.5026177463726481,0.08964340058689088,0.03786808884867353
1320.0,14,stripping_volume_2,tray,185.51277393235603,222.79520995263226,45.525741236728166,10.871646079936127,12303.339181560164,7624.50276206332,0.23832396090140773,0.41392013046439646,0.6704620869640253,0.5459245634683734,0.0912139521345668,0.04015530606723021
1320.0,15,stripping_volume_3,tray,190.22509175320405,222.87300623429928,45.31989256202386,10.802921135001124,12359.754949639302,7661.305455318379,0.20162513715582564,0.3601642949714034,0.7053151777159332,0.5969216713455935,0.09305968512824106,0.04291403368300321
1320.0,16,stripping_volume_4,tray,195.29148680249196,222.94243623568497,53.49190960912638,12.185096227631332,12435.042159745817,7717.891179822253,0.16339312869459227,0.30052226495966655,0.7411630909234471,0.6532548599036769,0.09544378038196058,0.04622287513665644
1320.0,17,stripping_volume_5,tray,200.45957221221798,223.01324145748828,53.19204487787625,12.111258417462773,12521.448452616605,7793.360500955308,0.12604521833385277,0.2385884567030884,0.7746711574850589,0.7109321689320689,0.09928362418108831,0.05047937436484266
1320.0,18,stripping_volume_6,tray,205.58265436709243,223.08603620667992,53.223077296571525,12.01252393749576,12600.55403798193,7879.94494779399,0.09169969912356456,0.17844070638119205,0.8011114753283243,0.7644850024941015,0.10718882554811122,0.057074291124706536
1320.0,19,stripping_volume_7,tray,210.85059912379174,223.1601956378603,52.78714651824932,11.943684260321442,12638.064114411143,7959.223394480648,0.06173903143472795,0.12356759305686213,0.8124209376171663,0.8064229742460317,0.12584003094810575,0.0700094326971062
1320.0,20,combined_reboiler_sump,reboiler_sump,217.16336500603174,223.1853796151138,757.531446428651,77.65429325538375,,7996.9016564896365,0.03671872646972968,0.07608696754189705,0.7922654865142889,0.824252861162739,0.17101578701598152,0.09966017129536384
1350.0,1,reflux_drum,reflux_drum,120.90134957464281,222.10156837002913,1633.5660186038479,121.55325627962861,,,0.8817575326224423,0.9469744794052309,0.11820200717857837,0.05301619026909889,4.0460198979228496e-05,9.330325670084484e-06
1350.0,2,rectifying_volume_1,tray,130.20433666935853,222.14884519633506,38.02331546658551,49.71038583564165,5663.3702247286155,8451.30459627979,0.759598429146337,0.881960716906598,0.24024168063760046,0.11799861416725783,0.0001598902160625429,4.066892614404601e-05
1350.0,3,rectifying_volume_2,tray,141.14291150104074,222.19774931707013,34.297312692848365,12.867042514128519,5442.388140480745,8162.912909596631,0.6285663377309929,0.7972380735473645,0.371001525902758,0.20263834327755334,0.00043213636624902244,0.00012358317508207498
1350.0,4,rectifying_volume_3,tray,151.48041999162132,222.24649624147867,33.362146773230634,12.646952359588697,5315.247176617172,7942.070779829495,0.5159052574560352,0.7085127398041008,0.4831267458313993,0.2911780198558516,0.0009679967125653828,0.00030924034004758716
1350.0,5,rectifying_volume_4,tray,159.56616833567597,222.2955261321412,32.77647501356023,12.488502397177855,5256.419697590165,7815.064168712774,0.43454142499152976,0.6332084340406909,0.5635277069937176,0.36611963571022155,0.0019308680147526397,0.0006719302490874542
1350.0,6,rectifying_volume_5,tray,165.10992241030667,222.34488850510155,32.37332980504901,12.391947778803068,5231.1736445293045,7756.3646631559795,0.38210223828380147,0.5789768658932737,0.6143095270009903,0.4197004857527106,0.003588234715208481,0.001322648354015657
1350.0,7,rectifying_volume_6,tray,168.66006641642355,222.3946016998675,32.1547373986763,12.331469498834476,5217.199876550885,7731.240576040264,0.35037261710818607,0.5439835030746244,0.6432332814419154,0.4535736951452675,0.006394101449898699,0.002442801780108063
1350.0,8,rectifying_volume_7,tray,170.9379116787247,222.44456275147337,32.013301517795355,12.293057928811256,5203.094051059122,7717.3831788054085,0.3316086380564502,0.5228416076982856,0.6572781697294201,0.47281970747394114,0.011113192214129796,0.004338684827773308
1350.0,9,rectifying_volume_8,tray,172.55349828339416,222.49461088403817,31.86224785355676,12.267175373668179,5182.048725223675,7703.388630267084,0.32025374120214123,0.5104975432023066,0.6607341635780669,0.48197855754673535,0.019012095219792025,0.007523899250958108
1350.0,10,rectifying_volume_9,tray,173.9834997990366,222.54459705375297,31.659239221386223,12.24460816159861,5147.614843962905,7682.450127677982,0.3126518060290781,0.5033411252439461,0.6552069970254004,0.48381471912255924,0.03214119694552153,0.012844155633494779
1350.0,11,rectifying_volume_10,tray,175.64019129939314,222.59441518995362,31.38742793938176,12.215129119094083,5091.415605470324,7648.119646622611,0.30634313138145985,0.49906080842457273,0.63996070527429,0.4792838961667976,0.05369616334425017,0.021655295408629583
1350.0,12,feed_tray,tray,177.9598891804493,222.66918065619794,45.889477352619295,10.99026374868423,12246.407090693654,7592.022457413348,0.2994789138396294,0.49622119800429243,0.6122146972919026,0.4677439833160298,0.08830638886846809,0.0360348186796777
1350.0,13,stripping_volume_1,tray,181.39006880081826,222.7446938284183,45.70042651907814,10.937609009191672,12267.050528313513,7604.205519417071,0.27140213210162617,0.459525365082871,0.6389547981759189,0.5026052577992979,0.08964306972245492,0.03786937711783121
1350.0,14,stripping_volume_2,tray,185.52129800586528,222.82123682597265,45.525797684437435,10.872994540716105,12303.675215584095,7625.0152748138935,0.2383442634888144,0.4139366710190338,0.6704421431410793,0.5459069050034422,0.09121359337010641,0.04015642397752401
1350.0,15,stripping_volume_3,tray,190.23332366592143,222.89903336700422,45.31994663277315,10.80426702828994,12360.082849746026,7661.806620548562,0.20164731102176972,0.3601862532934137,0.7052933173584656,0.5968987358478927,0.09305937161976473,0.04291501085869369
1350.0,16,stripping_volume_4,tray,195.29956099622743,222.96846355322597,53.49188506192742,12.186620436387297,12435.361881695371,7718.380309444889,0.16341598231511323,0.30054866590579016,0.7411403862933289,0.6532275258035584,0.09544363139155793,0.046223808290651563
1350.0,17,stripping_volume_5,tray,200.46769462045035,223.03926882524942,53.19199598792932,12.11277456106075,12521.763242717943,7793.837170393111,0.1260671748205063,0.2386171727486231,0.7746490286909925,0.7109023872767083,0.09928379648850112,0.050480439974668535
1350.0,18,stripping_volume_6,tray,205.59103741733668,223.11206354530194,53.223000402217295,12.01402458958899,12600.86866322815,7880.412538525714,0.09171929130955808,0.17846910377051434,0.8010913065526353,0.7644552089289932,0.10718940213780659,0.05707568730049238
1350.0,19,stripping_volume_7,tray,210.85938944880712,223.18622293247145,52.78704327503682,11.945172698322345,12638.38467973646,7959.686818900032,0.06175522154165818,0.12359324450850899,0.8124042438467038,0.8063956252145644,0.12584053461163808,0.0700111302769265
1350.0,20,combined_reboiler_sump,reboiler_sump,217.17252467050423,223.21140634428878,757.5035006277606,77.66535513393086,,7997.367115634256,0.03673102336478194,0.07610819939551386,0.7922554774088573,0.824230848604731,0.1710134992263609,0.0996609519997552
1380.0,1,reflux_drum,reflux_drum,120.90911951675773,222.12716380038583,1639.0737836735682,121.16073759825126,,,0.881780968782754,0.9469833179410944,0.1181785692154522,0.05300735067719269,4.046200179378746e-05,9.331381712971e-06
1380.0,2,rectifying_volume_1,tray,130.21206622705293,222.17443828521496,38.02273897345876,49.71688267379538,5663.352818851485,8451.53374061081,0.7596241372021928,0.88197046631386,0.2402159091255289,0.117988846155099,0.00015995367227835845,4.068753104102698e-05
1380.0,3,rectifying_volume_2,tray,141.15057769367255,222.22333982938684,34.296790942276,12.868711804217767,5442.354657848779,8163.109442122341,0.6285937857949231,0.7972497552287656,0.370973885113905,0.20262660011880648,0.0004323290911720659,0.00012364465242780109
1380.0,4,rectifying_volume_3,tray,151.4880944363695,222.27208404402222,33.36160668106303,12.648594287409097,5315.1994261260925,7942.246765075519,0.5159327974243817,0.7085264763147617,0.48309878597290923,0.2911641355703029,0.0009684166027090911,0.0003093881149353901
1380.0,5,rectifying_volume_4,tray,159.5739925100553,222.3211110847296,32.77590538745034,12.490122770272752,5256.36000668591,7815.221647607563,0.43456733074020343,0.633222974570895,0.5635010267041427,0.3661047986855711,0.001931642555653878,0.000672226743533812
1380.0,6,rectifying_volume_5,tray,165.1179932733344,222.37047048459547,32.37272707803047,12.393553076972344,5231.104168439935,7756.506455878609,0.38212572698118663,0.5789907896505356,0.6142847525405484,0.4196860365241149,0.0035895204782650783,0.0013231738253495517
1380.0,7,rectifying_volume_6,tray,168.6684112358911,222.42018060405172,32.15410044799077,12.333063725301155,5217.1218015412705,7731.369286697679,0.3503936870063907,0.5439960206725069,0.6432102376118548,0.45356032731163287,0.0063960753817545665,0.002443652015860231
1380.0,8,rectifying_volume_7,tray,170.94651674018814,222.47013849427543,32.01263127515363,12.294643812833403,5203.007774789737,7717.500310475494,0.3316276240002188,0.5228525311350478,0.6572563632554853,0.47280750775570374,0.011116012744295986,0.004339961109248447
1380.0,9,rectifying_volume_8,tray,172.5623337675799,222.52018338963384,31.861547518038748,12.268754673740482,5181.954537269828,7703.494774378841,0.32027103989533934,0.510506991584297,0.6607131673520216,0.4819673335004042,0.019015792752639114,0.0075256749152988215
1380.0,10,rectifying_volume_9,tray,173.99252212883331,222.57016625472556,31.658516262128767,12.246181770659735,5147.513905615363,7682.545678069229,0.31266779222922436,0.5033493061157188,0.6551867864388811,0.48380430362076626,0.03214542133189459,0.012846390263514999
1380.0,11,rectifying_volume_10,tray,175.64931966966665,222.6199810322482,31.386699128502375,12.21669745322301,5091.311440751603,7648.205814908014,0.30635820483703957,0.4990679191504123,0.6399421192890467,0.47927443436452566,0.053699675873913805,0.02165764648506198
1380.0,12,feed_tray,tray,177.96895123344262,222.69474427286548,45.88951695398164,10.991588613078257,12246.749216794306,7592.10279893,0.299493644363111,0.49622740693047807,0.6122001583099946,0.4677363140832771,0.0883061973268943,0.03603627898624478
1380.0,13,stripping_volume_1,tray,181.3988342586771,222.7702581365559,45.700471520619885,10.938933893627514,12267.386598867117,7604.728488795983,0.27141918689127864,0.45953579302404673,0.6389379850013185,0.5025935085702944,0.08964282810740289,0.03787069840565898
1380.0,14,stripping_volume_2,tray,185.52974164771192,222.84680165700323,45.525846302970706,10.874318173439443,12304.004113979836,7625.528345538248,0.23836365811991178,0.4139521503317375,0.6704230106049002,0.5458902599783065,0.09121333127518803,0.04015758968995595
1380.0,15,stripping_volume_3,tray,190.24148945863686,222.92459853411606,45.319992711998,10.805588074350233,12360.403949641455,7662.30856273456,0.20166849080803131,0.360206922126273,0.705272349440611,0.5968770296988886,0.09305915975135785,0.042916048174838545
1380.0,16,stripping_volume_4,tray,195.30757229780482,222.99402896614194,53.49185250695326,12.188116601109865,12435.675006340422,7718.870473755914,0.1634378477110122,0.3005736655588097,0.7411185643766853,0.6532015245021926,0.0954435879123025,0.046224809938997566
1380.0,17,stripping_volume_5,tray,200.47574537404265,223.06483435111855,53.1919398513416,12.114263026068373,12522.071356506995,7794.314989323547,0.12608824049697717,0.2386445254390997,0.7746276783093735,0.710873895391317,0.09928408119364922,0.050481579169583485
1380.0,18,stripping_volume_6,tray,205.599330224191,223.1376291025993,53.22291691020545,12.015498132104202,12601.176146670507,7880.881111479629,0.09173816137770113,0.17849632321761563,0.801071729088495,0.7644265133323147,0.10719010953380394,0.05707716345006965
1380.0,19,stripping_volume_7,tray,210.86806585654702,223.21178849993893,52.78693372681054,11.946634546154147,12638.697240223142,7960.150673048177,0.06177089767755475,0.1236180130024424,0.8123878864250377,0.8063690611264294,0.1258412158974075,0.07001292587112815
1380.0,20,combined_reboiler_sump,reboiler_sump,217.1815479875772,223.23697140783594,757.4761843667754,77.67620221208352,,7997.832056881476,0.0367430221344628,0.0761288982494038,0.7922454776549746,0.8242092197728302,0.17101150021056263,0.09966188197776593
1410.0,1,reflux_drum,reflux_drum,120.91676173517273,222.15228751495965,1644.574540088222,120.76835863638571,,,0.8818037491746984,0.946991885585888,0.11815578631669764,0.05299878182414662,4.0464508604033344e-05,9.332589965419726e-06
1410.0,2,rectifying_volume_1,tray,130.2197386536643,222.19955979041882,38.02216279005305,49.72325150805459,5663.333978322763,8451.771329875666,0.7596482862604358,0.881979405164237,0.2401916942639887,0.1179798881088979,0.00016001947557551895,4.0706726865072356e-05
1410.0,3,rectifying_volume_2,tray,141.1582418038106,222.24845888849663,34.296265656894114,12.870347167616073,5442.31984142501,8163.312750610611,0.6286191305814599,0.7972600783165211,0.3709483422113353,0.20261621393751636,0.00043252720720487483,0.00012370774596255995
1410.0,4,rectifying_volume_3,tray,151.49578030102586,222.29720052814184,33.36106442284563,12.65020283870727,5315.1511979157585,7942.429578089341,0.5159582283231414,0.7085385782235094,0.48307292526226053,0.29115188244996265,0.000968846414598145,0.0003095393265279566
1410.0,5,rectifying_volume_4,tray,159.58180684293626,222.34622485847612,32.775336647094406,12.491710809276414,5256.300565703748,7815.386757788524,0.43459144510372094,0.63323594750757,0.5634761218378204,0.3660915232224787,0.0019324330584585823,0.0006725292699514277
1410.0,6,rectifying_volume_5,tray,165.1260207797731,222.39558142648605,32.37212798746246,12.39512702438692,5231.035305380585,7756.656552052074,0.38214780275547977,0.5790033997127945,0.6142613671884718,0.41967289168036814,0.00359083005604836,0.0013237086068372723
1410.0,7,rectifying_volume_6,tray,168.67668235544818,222.44528861077814,32.15346902761079,12.334627345082945,5217.044445806722,7731.506606764745,0.3504136548672558,0.5440074996486082,0.6431882618277684,0.453547984841606,0.006398083304975895,0.002444515509785855
1410.0,8,rectifying_volume_7,tray,170.95502597900028,222.4952434774406,32.01196767257142,12.296199596295804,5202.922196889457,7717.626100067524,0.3316457255929707,0.5228626349278471,0.6572353942678626,0.47279610984022646,0.011118880139166717,0.004341255231926378
1410.0,9,rectifying_volume_8,tray,172.57105907866605,222.5452852708684,31.860854364256852,12.270304204075032,5181.860975963729,7703.609498007827,0.3202875941592247,0.5105157707916853,0.6606928534870845,0.48195675592990045,0.01901955235369084,0.007527473278414275
1410.0,10,rectifying_volume_9,tray,174.0014255171511,222.59526496423968,31.657800679729935,12.247725838972077,5147.413513528793,7682.649679596014,0.3126831199910112,0.5033569130260225,0.6551671568619808,0.4837944354460535,0.03214972314700814,0.012848651527924028
1410.0,11,rectifying_volume_10,tray,175.65832348803227,222.6450765138712,31.385977757010924,12.218236447037281,5091.207766906514,7648.300298372509,0.30637267318113764,0.49907451369717304,0.6399240512069557,0.4792654619433991,0.05370327561190659,0.021660024359427953
1410.0,12,feed_tray,tray,177.97788389731502,222.71983763882344,45.88955053386294,10.992888675716662,12247.083557861133,7592.1913450759785,0.29950780750171285,0.4962331352110619,0.6121861068518383,0.4677291079641529,0.08830608564644887,0.03603775682478518
1410.0,13,stripping_volume_1,tray,181.40749518920913,222.79535225292372,45.70050925841754,10.94023370546336,12267.715044538365,7605.2513154484695,0.27143548113270743,0.45954544138426956,0.6389218430297153,0.5025825061713609,0.08964267583757728,0.03787205244436942
1410.0,14,stripping_volume_2,tray,185.5381027130513,222.87189636212184,45.525886870453334,10.875616564767512,12304.325674420395,7626.041359542819,0.23838213482612358,0.41396655819663464,0.6704046991210679,0.545874638720995,0.09121316605280855,0.0401588030823704
1410.0,15,stripping_volume_3,tray,190.24958716865135,222.9496936483363,45.32003055607069,10.806883861130725,12360.718039612746,7662.810658165465,0.20168866533774565,0.36022628837476933,0.7052522849009811,0.5968565660013058,0.09305904976127312,0.042917145623924985
1410.0,16,stripping_volume_4,tray,195.315518845156,223.01912438409553,53.49181166583309,12.189584257014303,12435.981313576813,7719.361039917847,0.16345871317497118,0.3005972485481321,0.7410976367537373,0.6531768713534278,0.09544365007129156,0.04622588009844009
1410.0,17,stripping_volume_5,tray,200.4837225655114,223.08992994154113,53.191876177830096,12.115723353737199,12522.372562834513,7794.79331268076,0.12610840414669353,0.2386704985716853,0.7746071178424814,0.7108467096512378,0.09928447801082504,0.05048279177707696
1410.0,18,stripping_volume_6,tray,205.6075307228469,223.16272478158496,53.222826525907564,12.016944115401452,12601.476246988024,7881.350007680152,0.09175629920754266,0.1785223487763232,0.8010527541912598,0.7643989323142075,0.10719094660119763,0.05707871890946922
1410.0,19,stripping_volume_7,tray,210.87662608842675,223.2368842396241,52.78681758570154,11.948069361556088,12639.001547091115,7960.614283607848,0.06178605087167588,0.12364188314737376,0.8123718765724102,0.806343298749467,0.12584207255591395,0.07001481810315936
1410.0,20,combined_reboiler_sump,reboiler_sump,217.19043262752487,223.26206670190712,757.4497387666236,77.6868108604382,,7998.295793931172,0.03675471456809451,0.07614904871672336,0.7922354974147676,0.8241879913530875,0.17100978801713787,0.09966295993018916
1440.0,1,reflux_drum,reflux_drum,120.9242737915646,222.17693094188934,1650.0656518297326,120.37631286502646,,,0.8818258643768095,0.9470001785714132,0.11813366790957831,0.05299048747966946,4.046771361207026e-05,9.333948917433869e-06
1440.0,2,rectifying_volume_1,tray,130.22735132172417,222.2242011389071,38.02158711341301,49.729490151646864,5663.313707766215,8452.016982171031,0.7596708688460682,0.8819875308149746,0.24016904355461693,0.11797174267895395,0.0001600875993148672,4.0726506071397146e-05
1440.0,3,rectifying_volume_2,tray,141.16590122591668,222.27309792011613,34.2957369945158,12.871948043751198,5442.283693217402,8163.52244914381,0.6286423639026906,0.7972690396335517,0.3709249054507158,0.20260718793206237,0.0004327306465937474,0.00012377243438596813
1440.0,4,rectifying_volume_3,tray,151.50347522606498,222.32183711827054,33.360520122138524,12.651777458220598,5315.102488293183,7942.618831748579,0.5159815392133811,0.7085490395294339,0.4830491747775842,0.29114126654350686,0.0009692860090348592,0.0003096939270592537
1440.0,5,rectifying_volume_4,tray,159.58960923628663,222.37085887648186,32.774768886344496,12.493265962320152,5256.24136577295,7815.559107937719,0.4346137547191305,0.6332473434376623,0.5634530060168926,0.36607981882867696,0.0019332392639769059,0.000672837733660823
1440.0,6,rectifying_volume_5,tray,165.13400296731575,222.42021275248723,32.37153260760941,12.39666907275336,5230.967041740428,7756.81455627245,0.38216845117330006,0.5790146843768649,0.6142393858346682,0.41966106309909956,0.0035921629920317756,0.001324252524035546
1440.0,7,rectifying_volume_6,tray,168.68487780037304,222.46991714030477,32.152843200892626,12.336159814577806,5216.967790922421,7731.652136740081,0.3504325064719395,0.5440179276459284,0.6431673690780745,0.45353668039704037,0.0064001244499859965,0.002445391957031322
1440.0,8,rectifying_volume_7,tray,170.96343729019992,222.5198691196877,32.01131076892568,12.2977247412304,5202.837294080265,7717.760143615404,0.3316629297451205,0.5228719074364644,0.6572152770892316,0.47278552587285905,0.011121793165647851,0.004342566690676455
1440.0,9,rectifying_volume_8,tray,172.57967190061404,222.56990794482707,31.860168451144123,12.27182343302455,5181.76801331814,7703.732392514186,0.3203033926193439,0.510523870835106,0.660673235189669,0.4819468356043818,0.019023372190987042,0.0075292935605122385
1440.0,10,rectifying_volume_9,tray,174.01020739321058,222.61988459764672,31.65709253449888,12.249239841659534,5147.3136348943535,7682.761718955666,0.3126977799837324,0.5033639382043528,0.6551481200081447,0.48378512344370733,0.03215410000812288,0.012850938351939777
1440.0,11,rectifying_volume_10,tray,175.66719993889336,222.66969304833387,31.38526388028173,12.21974558230813,5091.1045447787,7648.402678723566,0.30638652919357146,0.4990805868021515,0.6399065105366852,0.47925698534643574,0.05370696026974322,0.021662427851412796
1440.0,12,feed_tray,tray,177.98668422190238,222.74445216532482,45.88957792436286,10.994163501149785,12247.409914455355,7592.287670659072,0.29952139784175846,0.4962383801432712,0.6121725484812582,0.4677223682153486,0.08830605367698328,0.03603925164138026
1440.0,13,stripping_volume_1,tray,181.41604873768085,222.81996758541183,45.70053954392209,10.941508010549017,12268.035657096052,7605.773412197702,0.27145100867989275,0.45955430614285486,0.6389063784730571,0.5025722551073523,0.08964261284705018,0.03787343874979298
1440.0,14,stripping_volume_2,tray,185.5463784745925,222.89651234573134,45.52591917527155,10.876889282118475,12304.639679334807,7626.553719892209,0.2383996865287728,0.4139798887347508,0.6703872157588163,0.5458600475082758,0.09121309771241085,0.040160063756973376
1440.0,15,stripping_volume_3,tray,190.2576141963531,222.97431011044162,45.3200599311526,10.808153958069733,12361.024892443778,7663.312300078901,0.2017078266648816,0.36024434403927874,0.7052331316540812,0.596837353079063,0.09305904168103714,0.042918302881658196
1440.0,16,stripping_volume_4,tray,195.32339813797745,223.04374120485508,53.491762273425124,12.191022918018477,12436.28056402996,7719.851391132321,0.16347857015022113,0.3006194047746852,0.7410776120548348,0.6531535767696717,0.0954438177949441,0.04622701845564317
1440.0,17,stripping_volume_5,tray,200.49162370796648,223.11454699111013,53.19180468422601,12.117155062932078,12522.66661042136,7795.271511354171,0.12612765718956984,0.23869508063120376,0.7745873563302914,0.7108208420520516,0.09928498648013881,0.05048407731674453
1440.0,18,stripping_volume_6,tray,205.61563636931817,223.18734197348837,53.22272895390893,12.018362066062574,12601.76870272973,7881.8185852579645,0.09177369653994233,0.17854716801475864,0.8010343913756165,0.7643724792228798,0.107191912084441,0.05708035276236147
1440.0,19,stripping_volume_7,tray,210.88506752055844,223.26150153921287,52.78669455468689,11.949476677030352,12639.297331706495,7961.076996748656,0.06180067319669408,0.12366484165247785,0.8123562244889017,0.8063183529159961,0.1258431023144042,0.07001680543152605
1440.0,20,combined_reboiler_sump,reboiler_sump,217.19917599278472,223.2866836111823,757.4243328712007,77.69716351020155,,7998.757662962054,0.03676609283035275,0.07616863624158626,0.7922255463979988,0.8241671792775893,0.17100836077164852,0.09966418448082455
1470.0,1,reflux_drum,reflux_drum,120.93165305246194,222.2010850619155,1655.5444838035191,119.98479368698911,,,0.8818473053754984,0.947008193372271,0.11811222301350306,0.05298247117069333,4.0471610998558246e-05,9.335457035600696e-06
1470.0,2,rectifying_volume_1,tray,130.23490129428245,222.24835331047942,38.02101216975715,49.735596321887094,5663.292014927111,8452.270346577288,0.7596918792378698,0.8819948417324293,0.24014796274914532,0.11796441140756334,0.0001601580129847219,4.0746860007342934e-05
1470.0,3,rectifying_volume_2,tray,141.17355294439122,222.29724790305602,34.295205146719304,12.873513849441048,5442.2462191520135,8163.73818722643,0.6286634802536558,0.7972766380536165,0.3709035804168941,0.20259952325393818,0.0004329393294500312,0.0001238386924453458
1470.0,4,rectifying_volume_3,tray,151.5111763899894,222.34598479219034,33.35997393715676,12.653317568945797,5315.053297043441,7942.81417500988,0.5160027221105387,0.7085578569433588,0.4830275426694118,0.2911322911977525,0.0009697352200494115,0.00030985185888873583
1470.0,5,rectifying_volume_4,tray,159.59739712811455,222.3950041154537,32.77420223184106,12.494787655500831,5256.182400963055,7815.738342456031,0.434634248977308,0.633257155858725,0.563431690159532,0.36606969212143514,0.0019340608631600415,0.0006731520198398272
1470.0,6,rectifying_volume_5,tray,165.14193742999336,222.44435543818182,32.37094104350656,12.398178651113708,5230.899366632171,7756.980108696268,0.3821876602229075,0.5790246347546344,0.6142188210309877,0.41965055987875854,0.003593518746104764,0.0013248053666070328
1470.0,7,rectifying_volume_6,tray,168.6929951735016,222.49405716703117,32.152223060732695,12.337660567009905,5216.891821214036,7731.8055130978,0.3504502297410986,0.5440272949467837,0.6431475723402712,0.45352642405827814,0.006402197918630196,0.0024462809949381105
1470.0,8,rectifying_volume_7,tray,170.97174816208195,222.54400639415996,32.010660651991046,12.29921868617754,5202.7530459401905,7717.902073951645,0.3316792253051188,0.5228803394989777,0.6571960242846796,0.472775765605596,0.01112475041020164,0.004343894895426289
1470.0,9,rectifying_volume_8,tray,172.58816952333314,222.59404238331305,31.859489865893423,12.273311805241491,5181.6756242485935,7703.863087063598,0.32031842568155616,0.5105312840568123,0.6606543241112153,0.4819375810744274,0.019027250207228674,0.007531134868760369
1470.0,10,rectifying_volume_9,tray,174.01886480746856,222.644016125319,31.656391913698943,12.250723229933898,5147.214239671859,7682.8814216584005,0.312711764491876,0.5033703760436854,0.6551296862135798,0.48377637442905314,0.032158549294544266,0.012853249527261388
1470.0,11,rectifying_volume_10,tray,175.67594585089168,222.69382160448004,31.38455757815408,12.221224316591556,5091.001737581979,7648.512577371791,0.30639976705594985,0.4990861351419186,0.639889505576298,0.4792490092140878,0.053710727367752197,0.021664855643993647
1470.0,12,feed_tray,tray,177.99534893328575,222.7685788192501,45.889598968351606,10.99541263359972,12247.728081484487,7592.391390909725,0.29953441109259493,0.49624314066468816,0.6121594877352506,0.4677160965799689,0.08830610117215443,0.03604076275534303
1470.0,13,stripping_volume_1,tray,181.4244916387186,222.84409509777174,45.70056220391251,10.942756355813293,12268.348222059318,7606.294225350321,0.2714657651892102,0.4595623858958259,0.63889159587778,0.5025627574472235,0.08964263893300987,0.03787485665695062
1470.0,14,stripping_volume_2,tray,185.55456571916832,222.92064056832317,45.525943024150465,10.878135875103013,12304.945903884665,7627.06486357741,0.23841630850079182,0.4139921395975032,0.6703705654030615,0.5458464893175378,0.09121312609614667,0.040161371084959104
1470.0,15,stripping_volume_3,tray,190.26556741189896,222.9984388775214,45.320080622511384,10.809397917313131,12361.324272483907,7663.812915686577,0.201725969471795,0.3602610852733125,0.7052148951675592,0.5968193953692529,0.09305913536064583,0.04291951935743456
1470.0,16,stripping_volume_4,tray,195.33120714424774,223.06787038266637,53.49170408948734,12.192432078074148,12436.572509280897,7720.340944582069,0.1634974126462942,0.30064012843959476,0.7410584965211183,0.65313164714102,0.0954440908325873,0.046228224419385205
1470.0,17,stripping_volume_5,tray,200.4994458309877,223.13867645108178,53.1917251086728,12.118557651533454,12522.953239029659,7795.7489910415825,0.12614599319444217,0.2387182639290934,0.7745684008114629,0.7107963010189183,0.09928560599409497,0.050485435051988305
1470.0,18,stripping_volume_6,tray,205.62364421715776,223.2114716264217,53.22262391498889,12.01975148842769,12602.053244141198,7882.286238954536,0.09179034664584237,0.17857077139521751,0.8010166487103135,0.7643471647137076,0.10719300464384407,0.05708206389107482
1470.0,19,stripping_volume_7,tray,210.89338721581927,223.28563134353465,52.786564347132234,11.95085600158361,12639.584317816558,7961.538197960356,0.06181475762401192,0.12368687703732739,0.8123409394575608,0.8062942367681425,0.12584430291842727,0.07001888619453017
1470.0,20,combined_reboiler_sump,reboiler_sump,217.20777524087035,223.31081307780448,757.4000696913772,77.70724815952967,,7999.217042550878,0.03677714950119055,0.07618764716954984,0.7922156338331978,0.8241467986559091,0.1710072166656117,0.099665554174541
1500.0,1,reflux_drum,reflux_drum,120.93889671970635,222.2247404934977,1661.008402132592,119.59399445468468,,,0.8818680635794246,0.9470159267043681,0.11809146022569049,0.05297473618287498,4.047619488482916e-05,9.337112756900256e-06
1500.0,2,rectifying_volume_1,tray,130.24238538433104,222.27200692292394,38.020438209122425,49.74156765840939,5663.268910178153,8452.53110960812,0.7597113131287901,0.8820013372768564,0.24012845618870393,0.11795789494413148,0.0001602306825060737,4.076777901222419e-05
1500.0,3,rectifying_volume_2,tray,141.18119361071493,222.32089945440583,34.29467033361513,12.875043983160344,5442.207428790996,8163.959656179091,0.6286824763135717,0.7972828741169339,0.3708843705216633,0.20259321939175254,0.00043315316476506745,0.0001239064913135979
1500.0,4,rectifying_volume_3,tray,151.51888058540996,222.3696341662565,33.359426057124246,12.654822576401862,5315.003627692767,7943.015299564869,0.516021771547752,0.7085650294763953,0.48300803459499597,0.2911249574681446,0.0009701938572520373,0.0003100130554600223
1500.0,5,rectifying_volume_4,tray,159.60516755653083,222.41865119097187,32.773636841409875,12.496275297341134,5256.123669067551,7815.924148658895,0.4346529197377045,0.6332653808581281,0.5634121827601042,0.3660611471462271,0.0019348975021913884,0.000673471995644847
1500.0,6,rectifying_volume_5,tray,165.14982137070365,222.46800009833578,32.37035343106715,12.399655170455093,5230.832273107091,7757.1528926854935,0.38220542015407266,0.5790332445607478,0.614199683140755,0.4196413885465167,0.003594896705172458,0.0013253668927355252
1500.0,7,rectifying_volume_6,tray,168.70103170222205,222.51769930486287,32.15160873091499,12.339129017056488,5216.816525360433,7731.966416236635,0.3504668146350896,0.544035594320998,0.6431288826601621,0.4535172234673279,0.006404302704748213,0.0024471822116740086
1500.0,8,rectifying_volume_7,tray,170.97995572384335,222.56764591384353,32.01001744066218,12.300680850714675,5202.669436885454,7718.051568888385,0.3316946029624704,0.5228879242817562,0.6571776467224532,0.47276683653157753,0.011127750315076316,0.004345239186666184
1500.0,9,rectifying_volume_8,tray,172.59654889519942,222.61767919832337,31.85881872684151,12.27476874603539,5181.583788941238,7704.001257004785,0.3203326854016233,0.5105380049407541,0.660636130422109,0.481928998836935,0.019031184176267656,0.007532996222310702
1500.0,10,rectifying_volume_9,tray,174.0273944906768,222.6676501581874,31.65569893508531,12.252175435252877,5147.11530337075,7683.0084606088585,0.3127250672368447,0.5033762228516664,0.6551118645409612,0.4837681934011331,0.032163068222194134,0.012855583747200463
1500.0,11,rectifying_volume_10,tray,175.68455776143247,222.71745279208977,31.383858959395138,12.222672087207307,5090.899314158256,7648.629664225099,0.30641238213016847,0.4990911570250886,0.6398730435615261,0.4792415366517249,0.053714574308305466,0.02166730632318644
1500.0,12,feed_tray,tray,178.00387449956546,222.7922082087821,45.88961352480377,10.9966356002198,12248.037853518399,7592.502170548939,0.29954684384324537,0.4962474170025585,0.6121469283455953,0.46771029361130817,0.08830622781115936,0.03604228938613338
1500.0,13,stripping_volume_1,tray,181.43282030283018,222.86772539538276,45.70057708572872,10.943978272120804,12268.652524715604,7606.813245705688,0.27147974771208994,0.4595696812696618,0.6388774985053391,0.5025540133724345,0.0896427537825709,0.037876305357903636
1500.0,14,stripping_volume_2,tray,185.5626608516622,222.94427163234562,45.525958247776266,10.879355878048026,12305.244122837104,7627.574273089835,0.23843199783091118,0.4140033111660521,0.6703547512608741,0.545833964580007,0.09121325090821483,0.040162724253940955
1500.0,15,stripping_volume_3,tray,190.27344326916386,223.02207054895896,45.320092441107185,10.810615276038805,12361.615943450784,7664.311978425887,0.20174309047018418,0.360276511439187,0.7051975790321062,0.5968026943127601,0.09305933049770963,0.04292079424805292
1500.0,16,stripping_volume_4,tray,195.3389424139187,223.09150251433442,53.49163690684767,12.193811213781805,12436.856900618184,7720.829164400089,0.16351523665880058,0.3006594170730691,0.7410402945570873,0.6531110857508224,0.09544446878411207,0.046229497176108525
1500.0,17,stripping_volume_5,tray,200.50718558334572,223.16230891556344,53.19163722100212,12.119930599155232,12523.23218896948,7796.225205880047,0.12616340739710816,0.23874004374642283,0.7745502567766264,0.710773092209518,0.09928633582626559,0.05048686404405929
1500.0,18,stripping_volume_6,tray,205.63155100088068,223.23510433167746,53.22251115897426,12.02111186747585,12602.329603165088,7882.7524142212615,0.09180624399931024,0.1785931516569624,0.800999533111517,0.7643229973156195,0.10719422288917285,0.057083851027418024
1500.0,19,stripping_volume_7,tray,210.9015819832707,223.30926424097046,52.78642670197632,11.952206823828016,12639.862231846842,7961.997326309012,0.06182829787589123,0.12370797933178872,0.8123260299598825,0.8062709620162521,0.12584567216422632,0.07002105865195916
1500.0,20,combined_reboiler_sump,reboiler_sump,217.21622731718452,223.33444568786538,757.3769942918105,77.71705770777608,,7999.6733678225755,0.03678787759779589,0.07620606877931271,0.7922057684596152,0.8241268637421748,0.17100635394258887,0.09966706747851248
1530.0,1,reflux_drum,reflux_drum,120.94600186539485,222.24788758824468,1666.454774512513,119.20410848619807,,,0.8818881308246092,0.9470233755179015,0.11807138771608902,0.05296728556761415,4.048145930178722e-05,9.338914484465725e-06
1530.0,2,rectifying_volume_1,tray,130.2498002167012,222.29515232746195,38.01986549976174,49.74740174408419,5663.2444059936415,8452.798999106408,0.7597291673044119,0.8820070174956889,0.24011052712492742,0.11795219325176177,0.00016030557066071903,4.078925254925167e-05
1530.0,3,rectifying_volume_2,tray,141.1888196231821,222.34404292499457,34.29413279816425,12.876537830009804,5442.16733492865,8164.186592647803,0.628699350463466,0.7972877496545469,0.37086727748472564,0.20258827454637432,0.00043337205180821745,0.0001239757990788643
1530.0,4,rectifying_volume_3,tray,151.52658430029223,222.39277559087625,33.35887669773338,12.656291873546273,5314.953487525686,7943.221943474616,0.5160386841282842,0.7085705580153351,0.4829906541626958,0.2911192645421257,0.0009706617090199115,0.00031017744253921607
1530.0,5,rectifying_volume_4,tray,159.61291723212184,222.44179045298944,32.773072901120806,12.497728283856938,5256.065172028302,7816.116260772779,0.4346697610027441,0.633272016748094,0.5633944902082659,0.36605418573903376,0.0019357487889899595,0.0006737975128721131
1530.0,6,rectifying_volume_5,tray,165.15765166419237,222.49113708242058,32.36976993548769,12.401098028909313,5230.765758904883,7757.332639107115,0.3822217232596121,0.5790405098326473,0.6141819805447193,0.4196335533329843,0.0035962961956685306,0.0013259368343683873
1530.0,7,rectifying_volume_6,tray,168.7089842965874,222.54083390275787,32.15100036547593,12.340564566076186,5216.741897427357,7732.134574958885,0.3504822529912417,0.5440428207974828,0.6431113092920349,0.4535090840466591,0.006406437716723364,0.0024480951558582915
1530.0,8,rectifying_volume_7,tray,170.9880568037715,222.59077802714026,32.009381284979554,12.30211064061782,5202.586457480289,7718.208355799697,0.33170905509386994,0.522894657057392,0.6571601536904992,0.4727587440908314,0.01113079121563074,0.004346598851776644
1530.0,9,rectifying_volume_8,tray,172.60480668459033,222.6408087376506,31.858155184004083,12.276193666408593,5181.492494449463,7704.1466285386205,0.32034616531131943,0.510544029865006,0.6606186629302765,0.4819210935575723,0.01903517175840413,0.007534876577421772
1530.0,10,rectifying_volume_9,tray,174.03579291985164,222.69077704337434,31.65501374797806,12.253595874210118,5147.0168089619365,7683.142560844041,0.3127376831730203,0.5033814765646468,0.6550946629134368,0.4837605837946929,0.032167653913542905,0.01285793964066012
1530.0,11,rectifying_volume_10,tray,175.69303198581204,222.74057695754698,31.38316816358718,12.224088316004817,5090.797251268947,7648.7536625286175,0.3064243707308272,0.49909565207154727,0.6398571308269129,0.4792345695127271,0.05371849844225997,0.021669778415725722
1530.0,12,feed_tray,tray,178.0122571994182,222.81533067911244,45.88962147229932,10.997831915036963,12248.33902918864,7592.619728773741,0.29955869333106244,0.49625121033353187,0.6121348734489015,0.46770495898604175,0.08830643322003613,0.03604383068042637
1530.0,13,stripping_volume_1,tray,181.44103090463966,222.89084882101662,45.70058406048148,10.945173277843647,12268.948355075867,7607.3300155039315,0.27149295430849074,0.45957619435837577,0.6388640886916583,0.5025460217020115,0.089642956999851,0.03787778393961284
1530.0,14,stripping_volume_2,tray,185.5706599997986,222.96739587803486,45.52596470415713,10.88054881326427,12305.534116208817,7628.081483748902,0.2384467529152916,0.41401340578545004,0.6703397753394111,0.5458224718991784,0.09121347174529723,0.040164122315371656
1530.0,15,stripping_volume_3,tray,190.28123792001313,223.0451954623372,45.3200952276457,10.811805559549823,12361.899674826356,7664.809015792375,0.20175918783324234,0.3602906242071682,0.705181185498342,0.5967872492013658,0.09305962666841568,0.042922126591466034
1530.0,16,stripping_volume_4,tray,195.34660019286633,223.11462793519703,53.491560556358976,12.195159787899598,12437.13349617859,7721.315570051393,0.16353203962000962,0.30067727060968763,0.7410230092503882,0.6530918936447995,0.09544495112960218,0.04623083574551297
1530.0,17,stripping_volume_5,tray,200.51483933623345,223.18543471755876,53.19154082952015,12.121273370779472,12523.503208798747,7796.699667302639,0.12617989624567022,0.23876041752078536,0.774532928594005,0.7107512192737991,0.09928717516032476,0.05048836320541554
1530.0,18,stripping_volume_6,tray,205.6393532207256,223.2582304198461,53.22239047363522,12.022442672638025,12602.59752148009,7883.216616283763,0.09182138396934567,0.17861430323036853,0.8009830506212953,0.7642999839686964,0.10719556540935897,0.05708571280093506
1530.0,19,stripping_volume_7,tray,210.9096484405985,223.33239055964114,52.78628139465959,11.953528616016014,12640.130811132783,7962.453883462851,0.06184128828173529,0.12372813978153722,0.8123115037959889,0.806248539196085,0.12584720792227583,0.07002332102237772
1530.0,20,combined_reboiler_sump,reboiler_sump,217.22452899420492,223.35757176763641,757.3551031305276,77.72658918330956,,8000.12613927869,0.03679827058061854,0.07622388928085778,0.7921959585365134,0.8241073879330469,0.17100577088286803,0.09966872278609526
1560.0,1,reflux_drum,reflux_drum,120.95296546869488,222.27051652987512,1671.880970607046,118.815329077936,,,0.881907499371356,0.9470305369860318,0.11805201323047772,0.052960122153382964,4.048739816621349e-05,9.340860585217534e-06
1560.0,2,rectifying_volume_1,tray,130.257142288947,222.31777970770327,38.01929432262429,49.75309612704159,5663.218516427907,8453.073785039935,0.7597454393508281,0.8820118829332845,0.2400941780115726,0.11794730579735807,0.00016038263759916589,4.0811269357296416e-05
1560.0,3,rectifying_volume_2,tray,141.19642720487434,222.3666684983406,34.29359280038378,12.877994767000557,5442.1259530986745,8164.418779010649,0.6287141023394021,0.7972912674372439,0.37085230177882883,0.20258468598145457,0.0004335958817690516,0.00012404658130148974
1560.0,4,rectifying_volume_3,tray,151.5342837994758,222.4153992494555,33.35832609608488,12.657724845967643,5314.902887396714,7943.433891661022,0.51605345808961,0.7085744449070073,0.48297540336418204,0.29111521015337205,0.0009711385462080432,0.00031034493962069136
1560.0,5,rectifying_volume_4,tray,159.62064261356107,222.4644120847775,32.77251062139618,12.49914600385679,5256.006916045276,7816.314460725764,0.4346847685742835,0.6332770636817148,0.5633786171251726,0.36604880790735705,0.0019366143005438926,0.0006741284109283025
1560.0,6,rectifying_volume_5,tray,165.16542492543485,222.51375657355797,32.369190748359195,12.40250661716373,5230.699826793022,7757.519127349089,0.3822365636194445,0.5790464286085901,0.6141657198835466,0.4196270564885354,0.0035977164970087713,0.0013265149028746591
1560.0,7,rectifying_volume_6,tray,168.71684961360887,222.56345114367238,32.150398146512316,12.341966607554955,5216.667937397701,7732.309767607452,0.35049653831740524,0.5440489713842007,0.6430948598820657,0.453502009269277,0.006408601800529026,0.002449019346522385
1560.0,8,rectifying_volume_7,tray,170.9960479931063,222.613392916815,32.00875236440044,12.303507453269887,5202.5041051489,7718.3722128136615,0.3317225755702249,0.5229005349345301,0.6571435530530629,0.4727514919242477,0.011133871376712203,0.004347973141222061
1560.0,9,rectifying_volume_8,tray,172.6129393456893,222.6634211838326,31.857499417706894,12.277585968382203,5181.401735597459,7704.298979920619,0.3203588602173387,0.510549356819081,0.6606019292306674,0.48191386832949423,0.01903921055199388,0.007536774851424927
1560.0,10,rectifying_volume_9,tray,174.04405638656488,222.71338696314794,31.654336532314247,12.254983953766978,5146.918748003036,7683.283500755241,0.3127496082726251,0.5033861364452085,0.6550780882670458,0.4837535477512856,0.03217230346032907,0.012860315803505943
1560.0,11,rectifying_volume_10,tray,175.7013646866581,222.76318428279865,31.382485360862297,12.225472414520112,5090.695535001555,7648.884350115953,0.306435729903496,0.4990996208960133,0.639841772969898,0.4792281086807762,0.05372249712660605,0.02167227042321045
1560.0,12,feed_tray,tray,178.02049318951128,222.83793641141168,45.889622710883735,10.999001083243375,12248.631414637506,7592.743840601421,0.29956995723109187,0.4962545224681616,0.6121233257773542,0.4677000917938684,0.08830671699155403,0.036045385737970025
1560.0,13,stripping_volume_1,tray,181.44911946817643,222.91345555383566,45.700583024483905,10.946340882825629,12269.235511735713,7607.844131647814,0.27150538369565635,0.4595819282064619,0.6388513681724102,0.5025387803735811,0.08964324813193345,0.03787929141995702
1560.0,14,stripping_volume_2,tray,185.57855911450477,222.9900034824474,45.52596228000989,10.881714194744431,12305.815673651297,7628.586087175607,0.2384605729956311,0.4140224270636326,0.6703256388779802,0.5458120087067201,0.09121378812638876,0.04016556422964731
1560.0,15,stripping_volume_3,tray,190.2889473232445,223.06780379251097,45.320088854407885,10.812968284826523,12362.175246816494,7665.303613151897,0.20177426068013848,0.36030342673284693,0.7051657159614051,0.5967730579491912,0.09306002335845638,0.042923515317961985
1560.0,16,stripping_volume_4,tray,195.35417653149403,223.13723681823475,53.49147490902306,12.19647725339219,12437.402066441735,7721.799740494682,0.16354781990047293,0.30069369054527545,0.7410066428403735,0.6530740704212088,0.09544553725915352,0.04623223903351583
1560.0,17,stripping_volume_5,tray,200.52240328188353,223.20804402811723,53.19143578456726,12.12258542094286,12523.766061190583,7797.171948468337,0.1261954569895205,0.23877938410731392,0.7745164198924834,0.7107306845427166,0.09928812311799615,0.05048993134996945
1560.0,18,stripping_volume_6,tray,205.64704722436147,223.2808400600037,53.22226168995443,12.02374336216557,12602.8567565657,7883.6784146430045,0.09183576254137452,0.17863422170407142,0.8009672066609609,0.7642781305131464,0.10719703079766464,0.05708764778278211
1560.0,19,stripping_volume_7,tray,210.91758307593054,223.35500046662958,52.78612824408992,11.954820838621462,12640.389810084785,7962.907438026909,0.06185372364431695,0.12374735057169774,0.8122973682030813,0.8062269779131906,0.12584890815260188,0.0700256715151116
1560.0,20,combined_reboiler_sump,reboiler_sump,217.23267691387713,223.38018148280364,757.3343539535391,77.7358429230438,,8000.57492680362,0.03680832234591038,0.07624109778594149,0.7921862118661381,0.8240883837912664,0.1710054657879516,0.09967051842279218
1590.0,1,reflux_drum,reflux_drum,120.95978445233838,222.29261743098976,1677.2843624678367,118.42784951245915,,,0.8819261618942494,0.9470374084904206,0.11803334410048603,0.05295324856019022,4.049400526459305e-05,9.342949389213376e-06
1590.0,2,rectifying_volume_1,tray,130.26440802845937,222.339879176402,38.01872496615388,49.75864834245387,5663.191256615763,8453.355278583842,0.7597601273993075,0.8820159344625808,0.24007941075930248,0.11794323171980745,0.00016046184138986897,4.083381761171926e-05
1590.0,3,rectifying_volume_2,tray,141.20401247647612,222.3887662873897,34.293050611782306,12.879414168316178,5442.083301051037,8164.6560418803765,0.6287267324345538,0.7972934308603109,0.37083944302592564,0.2025824503380896,0.00043382453952066634,0.00012411880159949156
1590.0,4,rectifying_volume_3,tray,151.54197520251049,222.43749525512004,33.35777450546422,12.659120877032231,5314.8518413909915,7943.65097436975,0.5160660928965045,0.7085766935687674,0.4829622829773862,0.2911127909698304,0.0009716241261093279,0.0003105154614021815
1590.0,5,rectifying_volume_4,tray,159.62833998221674,222.48650619963038,32.77195023254715,12.500527844154986,5255.948911430874,7816.518576763265,0.43469793971084286,0.6332805232709101,0.5633645666985901,0.3660450122091795,0.0019374935905672067,0.00067446451991055
1590.0,6,rectifying_volume_5,tray,165.173137579094,222.53584868520903,32.368616083873775,12.403880323764708,5230.634484559242,7757.712184052921,0.38224993682564,0.5790510005862028,0.6141509063191982,0.4196218986190279,0.0035991568551616737,0.0013271007947692171
1590.0,7,rectifying_volume_6,tray,168.72462412341187,222.58554114123308,32.14980228083432,12.343334532450248,5216.594651267425,7732.491820803404,0.3505096655592887,0.5440540447590961,0.6430795406786431,0.4534960009580407,0.006410793762068177,0.002449954282863128
1590.0,8,rectifying_volume_7,tray,171.00392571137033,222.63548069665114,32.008130884731926,12.304870682992606,5202.422384367644,7718.542967493342,0.3317351595407377,0.5229055565612359,0.6571278514327514,0.4727450821549092,0.011136989026510976,0.004349361283854897
1590.0,9,rectifying_volume_8,tray,172.6209431845122,222.68550665079187,31.856851635744256,12.278945050284854,5181.3115152790115,7704.45814007048,0.32037076598744224,0.5105539851060406,0.6605859358729834,0.4819073249493621,0.019043298139574394,0.007538689944597247
1590.0,10,rectifying_volume_9,tray,174.0521810637694,222.73547003154445,31.653667496115947,12.256339076492331,5146.821121073671,7683.4311106235855,0.3127608393115217,0.5033902027805676,0.6550621467110668,0.4837470863931223,0.03217701397741161,0.012862710826310169
1590.0,11,rectifying_volume_10,tray,175.70955194019467,222.78526488196155,31.381810749916216,12.226823789185866,5090.594161394168,7649.021557901532,0.30644645721809144,0.49910306481010014,0.6398269750096787,0.479222154338157,0.05372656777222981,0.021674780851742747
1590.0,12,feed_tray,tray,178.02857856767474,222.86001551942405,45.88961716251481,11.000142605550494,12248.914826031514,7592.874335351262,0.29958063347202274,0.49625735557034845,0.6121122878249695,0.4676956907944384,0.08830707870300786,0.03604695363521317
1590.0,13,stripping_volume_1,tray,181.45708194561018,222.9355357059906,45.70057389917504,10.94748059246011,12269.513804663371,7608.355245903374,0.2715170349419223,0.4595868863534101,0.6388393383653976,0.5025322868660627,0.08964362669267996,0.03788082678052716
1590.0,14,stripping_volume_2,tray,185.5863540618001,223.01208455606476,45.52595089048333,10.88285153201843,12306.088597604394,7629.087731607141,0.23847345775664125,0.4140303792560424,0.6703123427226533,0.5458025718367876,0.09121419952070545,0.04016704890716989
1590.0,15,stripping_volume_3,tray,190.2965673439419,223.08988564822243,45.32007322519027,10.81410296426536,12362.442453906582,7665.7954142461285,0.20178830862713695,0.3603149229367326,0.7051511713804193,0.5967601177664564,0.09306051999244389,0.042924959296810915
1590.0,16,stripping_volume_4,tray,195.3616673837401,223.15931927069968,53.49137987573143,12.197763057705318,12437.662398132012,7722.281314907097,0.16356257637543356,0.300708679199646,0.7409911971231596,0.6530576149198164,0.09544622650140687,0.04623370588053762
1590.0,17,stripping_volume_5,tray,200.5298735236675,223.2301269529748,53.19132197932168,12.123866198150822,12524.020527047667,7797.641685076006,0.12621008732291553,0.23879694313442548,0.7745007338922922,0.7107114896271548,0.09928917878479228,0.05049156723841986
1590.0,18,stripping_volume_6,tray,205.65462928214774,223.3029233563624,53.222124684233876,12.025013387721652,12603.107085888567,7884.137443808173,0.09184937607567145,0.1786529033597964,0.8009520062523074,0.7642574421162035,0.10719861767202112,0.05708965452400019
1590.0,19,stripping_volume_7,tray,210.925382306141,223.37708406463636,52.78596711608748,11.956082945125612,12640.639004394001,7963.357626014162,0.061865599120070724,0.12376560457767642,0.8122836299670771,0.8062062870658323,0.12585077091285207,0.07002810835649134
1590.0,20,combined_reboiler_sump,reboiler_sump,217.24066763051698,223.40226493511162,757.3146756549163,77.74482175291456,,8001.019369798661,0.03681802720741116,0.07625768425704908,0.7921765358267486,0.8240698630891998,0.17100543696584022,0.099672452653751
1620.0,1,reflux_drum,reflux_drum,120.96645571707481,222.31418042328448,1682.6623249643594,118.0418630606554,,,0.8819441114665907,0.9470439876047324,0.11801538725916517,0.05294666721607704,4.050127424417331e-05,9.345179190500231e-06
1620.0,2,rectifying_volume_1,tray,130.27159384375352,222.36144086564082,38.018157721623304,49.764055933040225,5663.162642325987,8453.643329126022,0.7597732299125468,0.8820191731423547,0.24006622694887747,0.11793996997256039,0.00016054313857579848,4.085688508488034e-05
1620.0,3,rectifying_volume_2,tray,141.2115715213956,222.410326424669,34.29250651018428,12.880795410298635,5442.039398202861,8164.89824855558,0.6287372417594267,0.7972942436720979,0.3708287003351773,0.2025815639056732,0.00043405790539591607,0.00012419242222885593
1620.0,4,rectifying_volume_3,tray,151.54965455476807,222.45905374083895,33.3572221902342,12.6604793527356,5314.800366377858,7943.873063562609,0.5160765888765741,0.7085773081384084,0.48295129292700195,0.2911120029423471,0.0009721181964239837,0.0003106889192445012
1620.0,5,rectifying_volume_4,tray,159.63600551234606,222.50806293095852,32.77139198007619,12.501873194453323,5255.891172269942,7816.728479920691,0.4347092728014159,0.6332823982238985,0.5633523410015405,0.36604279611247664,0.0019383861970436972,0.0006748056636248732
1620.0,6,rectifying_volume_5,tray,165.1807859264882,222.5574035512364,32.36804617450273,12.40521854006801,5230.569744731884,7757.911679629612,0.3822618397048341,0.5790542267812464,0.6141375437995189,0.4196180790215435,0.00360061649564703,0.001327694197210094
1620.0,7,rectifying_volume_6,tray,168.73230417370243,222.60709402976795,32.14921299586989,12.344667734183622,5216.522050795889,7732.680605942108,0.35052163085737964,0.5440580409519828,0.6430653567547817,0.45349105959466823,0.006413012387838702,0.002450899453349026
1620.0,8,rectifying_volume_7,tray,171.01168626971497,222.657031501449,32.00751707415407,12.306199726048616,5202.341306437121,7718.720493249457,0.3317468032084945,0.5229097218208746,0.6571130544048095,0.4727395156783802,0.011140142386696143,0.004350762500745301
1620.0,9,rectifying_volume_8,tray,172.62881442189422,222.70705527380005,31.856212069504718,12.280270311745976,5181.221844260753,7704.623984879041,0.3203818793363043,0.5105579150463847,0.6605706885364367,0.4819014641943587,0.019047432127258887,0.007540620759256536
1620.0,10,rectifying_volume_9,tray,174.06016306816144,222.75701638429908,31.65300687181771,12.25766064554679,5146.723937638489,7683.585268812496,0.31277137366587326,0.5033936765960104,0.6550468436873803,0.4837412000862091,0.03218178264674644,0.012865123317780603
1620.0,11,rectifying_volume_10,tray,175.71758979670176,222.8068088912182,31.3811445547452,12.22814184632273,5090.493136404179,7649.165165975913,0.3064565505842518,0.4991059855535216,0.6398127415345032,0.47921670621004275,0.05373070788124502,0.021677308236435655
1620.0,12,feed_tray,tray,178.03650942953684,222.88155813933264,45.88960477035061,11.001255982375651,12249.189091198712,7593.011092678935,0.29959072008242066,0.4962597119185173,0.6121017619861612,0.4676917546355169,0.08830751793141814,0.03604853344596572
1620.0,13,stripping_volume_1,tray,181.464914286829,222.95707941246764,45.70055662984209,10.948591911654427,12269.783056991051,7608.863062465676,0.2715279072116331,0.45959107244991343,0.638828000604751,0.5025265385548812,0.08964409218361591,0.0378823889952053
1620.0,14,stripping_volume_2,tray,185.59404070335822,223.03362923262455,45.52593047756199,10.883960333940806,12306.35270530749,7629.586119452732,0.2384854069907992,0.41403726674903063,0.6702998876365398,0.545794158006827,0.09121470537266098,0.04016857524414256
1620.0,15,stripping_volume_3,tray,190.30409384023014,223.11143116191718,45.32004827373677,10.815209109379783,12362.701107117784,7666.284118811172,0.20180133141405604,0.360325116900966,0.7051375526252872,0.5967484257220518,0.0930611159606568,0.042926457376982315
1620.0,16,stripping_volume_4,tray,195.36906869351688,223.18086542392214,53.49127540510575,12.19901664700692,12437.914296649931,7722.759990363721,0.16357630806426893,0.3007222391000913,0.7409766737860805,0.6530425257962327,0.09544701814965045,0.04623523510367608
1620.0,17,stripping_volume_5,tray,200.53724615492305,223.2516736223501,53.19119934833731,12.125115149254329,12524.266407999221,7798.1085730066325,0.1262237850896009,0.2388130944667671,0.7744858736776816,0.710693635915813,0.09929034123271749,0.05049326961741999
1620.0,18,stripping_volume_6,tray,205.6620956535222,223.32447043805104,53.2219793775483,12.026252198921501,12603.348309370203,7884.593400751217,0.09186222110703611,0.17867034478389177,0.8009374542024945,0.7642379236287081,0.10720032469046936,0.05709173158740019
1620.0,19,stripping_volume_7,tray,210.9330425294546,223.39863148173978,52.785797923823324,11.957314386728948,12640.878193452474,7963.80414795129,0.06187691011628041,0.12378289514953088,0.8122702955236033,0.8061864750402763,0.12585279436011637,0.07003062981019278
1620.0,20,combined_reboiler_sump,reboiler_sump,217.2484976520285,223.4238122520914,757.295977629119,77.75353020895406,,8001.459173859368,0.036827379869868185,0.07627363944085996,0.7921669374123044,0.8240518368668962,0.17100568271782748,0.09967452369224394
1650.0,1,reflux_drum,reflux_drum,120.97297617277339,222.33519573793018,1688.012236214171,117.65756297770166,,,0.8819613415406523,0.9470502720770949,0.11799814926073704,0.05294038037465579,4.0509198610645435e-05,9.347548249217625e-06
1650.0,2,rectifying_volume_1,tray,130.2786961685722,222.3824550071767,38.0175928790991,49.76931646750085,5663.132689567744,8453.937820252684,0.7597847455140009,0.882021600101591,0.2400546280012883,0.11793751943911004,0.000160626484710807,4.0880459298839685e-05
1650.0,3,rectifying_volume_2,tray,141.21910044155348,222.4313391425953,34.29196077518387,12.88213787595247,5441.994265122269,8165.145302385896,0.6287456315643974,0.7972937097503735,0.3708200725787131,0.2025820228449945,0.0004342958568895932,0.0001242674046320631
1650.0,4,rectifying_volume_3,tray,151.5573178897144,222.48006493969572,33.35666942106111,12.66179966607004,5314.748481497637,7944.100068160114,0.5160849469065626,0.7085762931719172,0.48294243259439074,0.29111284160553375,0.0009726204990465648,0.00031086522254910947
1650.0,5,rectifying_volume_4,tray,159.64363533436543,222.52907251252182,32.77083611999666,12.503181451708787,5255.833715931942,7816.9440792607265,0.434718767067423,0.6332826920149727,0.5633419412832604,0.3660421563226173,0.0019392916493166056,0.0006751516624099572
1650.0,6,rectifying_volume_5,tray,165.18836620733214,222.57841140609827,32.367481266439334,12.406520664654664,5230.50562408743,7758.1175234693565,0.3822722700511311,0.5790561092022505,0.6141256353134266,0.41961559600470255,0.003602094635442139,0.0013282947930469786
1650.0,7,rectifying_volume_6,tray,168.7398860497452,222.62810004445933,32.148630535153586,12.345965613098622,5216.450152984901,7732.876034300316,0.3505324313065909,0.5440609610338989,0.6430523122301716,0.45348718462224025,0.006415256463237492,0.0024518543438607353
1650.0,8,rectifying_volume_7,tray,171.01932592957792,222.67803556713648,32.00691117869879,12.307493985125573,5202.260888925017,7718.904704312693,0.3317575036095655,0.522913031536177,0.6570991666923663,0.47273479244668,0.011143329698068166,0.004352176017143005
1650.0,9,rectifying_volume_8,tray,172.63654925094923,222.72805728954503,31.85558096946284,12.28156115819824,5181.132740599609,7704.796432011967,0.32039219762113536,0.5105611476973416,0.6605561922021149,0.481896286086983,0.019051610176749657,0.007542566215675376
1650.0,10,rectifying_volume_9,tray,174.06799851588778,222.7780162588675,31.652354911867327,12.258948069208833,5146.62721546069,7683.745896425274,0.31278120912715174,0.503396559394065,0.655032184121636,0.48373588868238354,0.03218660675121235,0.012867551923551374
1650.0,11,rectifying_volume_10,tray,175.7254743333084,222.82780654879173,31.380487020525475,12.229425996702762,5090.392475354487,7649.315098134007,0.30646600809320673,0.4991083850616373,0.63979907683273,0.47921176377778624,0.05373491507406329,0.021679851160576382
1650.0,12,feed_tray,tray,178.04428191709763,222.90255450969065,45.88958549715334,11.002340717681543,12249.454050486689,7593.154036997592,0.299600215068639,0.49626159371184236,0.6120917506654939,0.46768828202951457,0.08830803426586718,0.03605012425864322
1650.0,13,stripping_volume_1,tray,181.47261249822998,222.9780769109864,45.700531183437164,10.949674348502459,12270.043105915622,7609.367333639688,0.27153799956333496,0.4595944899501495,0.6388173563252412,0.5025215329958989,0.08964464411142381,0.037883977053951565
1650.0,14,stripping_volume_2,tray,185.6016149639955,223.05462774898493,45.52590100748787,10.885040112231742,12306.607829793411,7630.081002899047,0.23849642033326532,0.41404309364751735,0.6702882745434874,0.545786764200108,0.09121530512324741,0.040170142152374695
1650.0,15,stripping_volume_3,tray,190.31152273564885,223.13243056957523,45.32001396103018,10.816286234282789,12362.951035106207,7666.76947813817,0.20181332860921206,0.36033401238921475,0.7051248607484627,0.5967379791896801,0.09306181064232519,0.04292800842110524
1650.0,16,stripping_volume_4,tray,195.37637646680733,223.20186551311664,53.49116147991539,12.200237470185897,12438.15758720192,7723.235517360565,0.16358901384592836,0.3007343724915555,0.7409630746693875,0.6530288019765361,0.09544791148468428,0.04623682553190847
1650.0,17,stripping_volume_5,tray,200.5445173248648,223.27267427072113,53.19106786433174,12.126331723574195,12524.503527476536,7798.572363707072,0.1262365480505898,0.23882783777998892,0.7744718424099885,0.7106771249681175,0.09929160953942179,0.05049503725189359
1650.0,18,stripping_volume_6,tray,205.66944264300216,223.34547153885902,53.22182573309231,12.027459247602264,12603.580250351539,7885.04604000429,0.09187429418705537,0.17868654255884336,0.800923555251012,0.7642195798683648,0.10720215056193277,0.057093877572791926
1650.0,19,stripping_volume_7,tray,210.94056017090938,223.41963295110114,52.78562062582399,11.958514616764338,12641.107201222216,7964.2467636205665,0.061887652206506626,0.12379921593314587,0.8122573710457843,0.8061675498749525,0.12585497674770893,0.07003323419190172
1650.0,20,combined_reboiler_sump,reboiler_sump,217.25616347775647,223.44481366672042,757.278158258609,77.76197382898032,,8001.894105138031,0.03683637539696799,0.07628895479188301,0.7921574232757203,0.8240343154994682,0.1710062013273117,0.09967672970864891
1680.0,1,reflux_drum,reflux_drum,120.97934276531235,222.35565377403321,1693.331478006896,117.27514249261985,,,0.8819778459250697,0.9470562598123637,0.1179816363031988,0.05293439013284151,4.051777173161532e-05,9.350054794685332e-06
1680.0,2,rectifying_volume_1,tray,130.28571149806262,222.40291200086276,38.01703072413389,49.774427556360116,5663.101414268933,8454.238664804867,0.7597946728597301,0.8820232164510581,0.240044615305416,0.11793587902127736,0.0001607118348540293,4.090452766444555e-05
1680.0,3,rectifying_volume_2,tray,141.22659540294381,222.4517948418557,34.291413684286496,12.883440958838634,5441.947923047465,8165.397137286488,0.6287519031253233,0.7972918329276476,0.37081355860445814,0.2025838233624179,0.0004345382702185652,0.00012434370993449098
1680.0,4,rectifying_volume_3,tray,151.56496128105587,222.50051925322606,33.35611647066656,12.663081220780567,5314.696207630202,7944.331928413421,0.5160911681542353,0.7085736533940125,0.4829357010722438,0.29111530232598526,0.0009731307735209372,0.0003110442800022992
1680.0,5,rectifying_volume_4,tray,159.65122558948622,222.5495253467239,32.77028291442546,12.504452023865788,5255.776562500904,7817.165316178701,0.4347264223012351,0.6332814085958327,0.5633333682243012,0.36604308906850147,0.0019402094744637155,0.0006755023356657539
1680.0,6,rectifying_volume_5,tray,165.1958746542742,222.5988626530976,32.366921615099194,12.407786107093223,5230.442143021318,7758.329658169737,0.3822812263798739,0.5790566505531627,0.6141151831267063,0.4196144471815777,0.0036035904934197185,0.001328902265259586
1680.0,7,rectifying_volume_6,tray,168.74736602782139,222.6485495895466,32.148055153712804,12.34722758026347,5216.378979370386,7733.078051145925,0.3505420647292733,0.5440628068270107,0.6430404104826734,0.453484374728338,0.006417524788053261,0.002452818444651323
1680.0,8,rectifying_volume_7,tray,171.02684095471707,222.69848329892292,32.006313457519425,12.308752873177879,5202.181154874608,7719.095549684714,0.3317672584052819,0.5229154871938356,0.6570861923534013,0.47273091173382387,0.011146549241316955,0.004353601072340494
1680.0,9,rectifying_volume_8,tray,172.6441438872646,222.74850310423412,31.854958600370416,12.282817004760739,5181.0442287733085,7704.975434712736,0.32040171865476763,0.5105636845978315,0.6605424513154399,0.4818917901375312,0.019055830029792387,0.007544525264637168
1680.0,10,rectifying_volume_9,tray,174.07568357015856,222.79846006247644,31.651711883949847,12.260200764806303,5146.5309796794345,7683.912950932405,0.3127903437406735,0.503398852926828,0.6550181725607962,0.4837311517328811,0.032191483698530324,0.01286999534029094
1680.0,11,rectifying_volume_10,tray,175.73320169801792,222.8482482629421,31.379838409004503,12.230675659540129,5090.292201986144,7649.471315337015,0.30647482788851965,0.4991102652734212,0.6397859850047013,0.47920732645706887,0.053739187106779024,0.021682408269509835
1680.0,12,feed_tray,tray,178.05189225841025,222.92299503936582,45.8895593230494,11.003396322345212,12249.709556945421,7593.30313079895,0.29960911632408027,0.496263002922088,0.6120822563590159,0.4676852718880032,0.08830862731690377,0.036051725189908734
1680.0,13,stripping_volume_1,tray,181.48017268992461,222.99851860989912,45.70049754578083,10.950727417537712,12270.293802842829,7609.867854167533,0.2715473108006321,0.4595971418802415,0.6388074071975588,0.5025172681382082,0.08964528200180905,0.03788558998155027
1680.0,14,stripping_volume_2,tray,185.60907288532226,223.07507051297824,45.525862467524036,10.886090384641578,12306.853820017637,7630.572178070673,0.23850649706609398,0.414047863466542,0.670277504706466,0.5457803879506619,0.09121599822744011,0.04017174858279613
1680.0,15,stripping_volume_3,tray,190.31885007639693,223.15287427851732,45.31997027180953,10.817333858818115,12363.192084282158,7667.251289108462,0.20182429939176982,0.3603416124888844,0.705113097183276,0.5967287761787956,0.09306260342495418,0.04292961133231997
1680.0,16,stripping_volume_4,tray,195.38358682868028,223.22230994515002,53.4910381125288,12.201424982455418,12438.392114828683,7723.707693710606,0.1636006922491971,0.3007450809723077,0.7409504019568623,0.6530164429937283,0.09544890579394043,0.04623847603396405
1680.0,17,stripping_volume_5,tray,200.55168329086348,223.29311930455214,53.19092753373614,12.127515376614953,12524.73173059746,7799.032857820691,0.12624837371387013,0.23884117224586038,0.7744586434825935,0.7106619588038916,0.09929298280353628,0.05049686895024804
1680.0,18,stripping_volume_6,tray,205.67666664508863,223.36591706491583,53.2216637519727,12.028633991660131,12603.802755306488,7885.495166975449,0.09188559176808056,0.17870149303375443,0.8009103141792362,0.76420241583063,0.10720409405268325,0.05709609113561565
1680.0,19,stripping_volume_7,tray,210.94793171983753,223.44007887859124,52.78543522212013,11.959683094648893,12641.325875815828,7964.685284968432,0.06189782106456515,0.12381456072926555,0.8122448625173817,0.8061495193920243,0.12585731641805314,0.07003591987871018
1680.0,20,combined_reboiler_sump,reboiler_sump,217.26366163178656,223.4652595849936,757.261112291164,77.77015853567346,,8002.323982855034,0.03684500917604766,0.07630362239133089,0.7921479997730392,0.8240173087691689,0.17100699105091316,0.09967906883950027
1710.0,1,reflux_drum,reflux_drum,120.98555249875253,222.37554515405364,1698.6174362182796,116.89479479147424,,,0.8819936187605808,0.9470619488548909,0.11796585425257428,0.05292869844807991,4.052698684489107e-05,9.352697029208196e-06
1710.0,2,rectifying_volume_1,tray,130.29263641678145,222.4228024700264,38.016471535179576,49.779386864926366,5663.068832016499,8454.54579955519,0.7598030105503267,0.8820240232208983,0.2400361903056668,0.11793504770149905,0.0001607991440065083,4.0929077602711794e-05
1710.0,3,rectifying_volume_2,tray,141.23405267073085,222.47168414674232,34.29086550983222,12.884704066276289,5441.900393474027,8165.653711862989,0.6287560575901241,0.7972886168642702,0.37080915738818526,0.20258696183635544,0.00043478502169063104,0.00012442129937439582
1710.0,4,rectifying_volume_3,tray,151.57258088417808,222.52040730670902,33.355563610194814,12.664323434439783,5314.64356686851,7944.568609870325,0.5160952538771536,0.7085693935029859,0.48293109736278905,0.29111938049636343,0.0009736487600573452,0.0003112260006506929
1710.0,5,rectifying_volume_4,tray,159.65877247473387,222.56941205985734,32.76973262759488,12.50568433288858,5255.719734160862,7817.392158256848,0.43473223864642024,0.6332785521540129,0.5633266221507993,0.3660455903419681,0.0019411392027803528,0.000675857504019168
1710.0,6,rectifying_volume_5,tray,165.203307538983,222.61874791958053,32.366367480877045,12.409014290985597,5230.379324835698,7758.548053274852,0.3822887077097752,0.5790558539726208,0.6141061889911446,0.4196146297266957,0.003605103299080201,0.0013295163006835106
1710.0,7,rectifying_volume_6,tray,168.75474042082303,222.66843329347486,32.14748711360195,12.34845306055375,5216.308555199973,7733.2866293400475,0.3505505294697003,0.544063580644838,0.6430296543413895,0.4534826280991563,0.006419816188910135,0.0024537912560058293
1710.0,8,rectifying_volume_7,tray,171.03422765535151,222.71836532639648,32.00572417822783,12.309975816557174,5202.102131865064,7719.293006573705,0.33177606569491547,0.522917090698718,0.6570741349523114,0.4727278723739376,0.011149799352773094,0.0043550369273445055
1710.0,9,rectifying_volume_8,tray,172.65159461078227,222.7683833486372,31.854345236466976,12.284037279425418,5180.956338633358,7705.160975026194,0.32041044054171897,0.5105655275463256,0.660529469933018,0.4818879755570333,0.019060089525263075,0.007546496896641266
1710.0,10,rectifying_volume_9,tray,174.0832144799916,222.81833842711097,31.65107806616244,12.261418161969761,5146.435261669542,7684.08641921704,0.31279877567080366,0.5034005590059096,0.6550048132932758,0.4837269886687876,0.03219641103592077,0.012872452325302767
1710.0,11,rectifying_volume_10,tray,175.74076814448262,222.8681246668949,31.379198993734963,12.231890265819667,5090.192347243649,7649.633808602886,0.3064830080662768,0.49911162798122405,0.6397734700539375,0.4792033937392345,0.05374352187978574,0.02168497827954144
1710.0,12,feed_tray,tray,178.0593367981199,222.94287036241263,45.889526242893986,11.004422316977587,12249.955475963141,7593.458367388985,0.2996174215681202,0.4962639411894367,0.6120732817088115,0.4676827234158486,0.08830929672306827,0.03605333539471464
1710.0,13,stripping_volume_1,tray,181.48759111126387,223.01839514301145,45.70045571840538,10.951750642485267,12270.535012911423,7610.36445471055,0.2715558393726749,0.4595990306793322,0.6387981552175944,0.5025137424693076,0.08964600540973078,0.037887226851360166
1710.0,14,stripping_volume_2,tray,185.61641066558434,223.09494815817803,45.5258148623439,10.887110677653084,12307.090540282476,7631.059478315878,0.23851563598774048,0.41405157892147887,0.6702675798447388,0.5457750275357873,0.09121678416752066,0.04017339354273391
1710.0,15,stripping_volume_3,tray,190.32607207355917,223.17275292211542,45.31991721062961,10.818351511251313,12363.424118131019,7667.729387290546,0.20183424240697917,0.36034791936921906,0.7051022638735359,0.5967208155567088,0.0930634937194848,0.042931265074072335
1710.0,16,stripping_volume_4,tray,195.39069606535114,223.24218935320627,53.490905339816976,12.202578648454926,12438.61774354819,7724.1763574567185,0.16361134131337324,0.3007543652483353,0.7409386583000196,0.6530054492127643,0.09545000038660718,0.04624018553890047
1710.0,17,stripping_volume_5,tray,200.55874045717366,223.31299935690822,53.190778391462636,12.128665573260825,12524.950883095626,7799.489897847831,0.12625925922215983,0.23885309632139623,0.7744462806216922,0.7106481400959809,0.09929446015614797,0.0504987635826229
1710.0,18,stripping_volume_6,tray,205.6837641780085,223.3857976492507,53.22149346795482,12.029775898346259,12604.015692560883,7885.94063026307,0.09189611012630391,0.1787151921693223,0.8008977358847132,0.7641864368313428,0.10720615398898291,0.0570983709993349
1710.0,19,stripping_volume_7,tray,210.95515375907542,223.45995989729005,52.78524174909229,11.960819289264936,12641.534088061582,7965.119568062911,0.06190741241646042,0.12382892338949573,0.8122327757907857,0.8061323912967013,0.1258598117927539,0.07003868531380286
1710.0,20,combined_reboiler_sump,reboiler_sump,217.2709886909511,223.48514064036368,757.2447369630183,77.7780901233421,,8002.74867091755,0.03685327688168621,0.0763176348656208,0.7921386730063291,0.8240008259381425,0.17100805011198464,0.09968153919623675
1740.0,1,reflux_drum,reflux_drum,120.99160245264126,222.39486076596717,1703.867501213995,116.51671299444054,,,0.8820086544951935,0.9470673373723395,0.11795080866773607,0.05292330715452816,4.0536837070543664e-05,9.355473132343143e-06
1740.0,2,rectifying_volume_1,tray,130.29946761879017,222.44211730359189,38.01591558174815,49.7841921232766,5663.034957877671,8454.859179674157,0.7598097570788637,0.8820240213218927,0.24002935455365615,0.1179350245814612,0.00016088836748019944,4.0954096646076295e-05
1740.0,3,rectifying_volume_2,tray,141.2414686342426,222.49099794723244,34.290316516643664,12.885926621831114,5441.851697795652,8165.9150034479035,0.6287580958811156,0.7972840649656233,0.37080686813003183,0.2025914348997181,0.00043503598885264106,0.00012450013465850214
1740.0,4,rectifying_volume_3,tray,151.58017296698972,222.53971999120287,33.355011106251055,12.665525740819566,5314.590582022387,7944.81009725263,0.5160972052763716,0.7085635180282148,0.4829286205215803,0.2911250716769972,0.0009741742020482003,0.0003114102947881044
1740.0,5,rectifying_volume_4,tray,159.66627227806197,222.58872354409473,32.769185522402886,12.506877817077832,5255.663254578858,7817.624592997266,0.43473621642173116,0.6332741269204575,0.5633217032059971,0.366049656088452,0.0019420803722717064,0.0006762169910905095
1740.0,6,rectifying_volume_5,tray,165.21066120920014,222.63805809887953,32.36581912532434,12.410204656283353,5230.317194998785,7758.772698876307,0.3822947133780364,0.5790537228149171,0.6140986543224901,0.419616140592106,0.003606632299473731,0.0013301365929769713
1740.0,7,rectifying_volume_6,tray,168.76200561530882,222.6877420507892,32.14692667977497,12.349641495000945,5216.238908559621,7733.501762778392,0.35055782421544696,0.5440632850691082,0.6430200462559249,0.45348194263832153,0.006422129528628083,0.0024547722925701136
1740.0,8,rectifying_volume_7,tray,171.0414824238112,222.7376725453664,32.00514361252283,12.31116225741277,5202.0238510025665,7719.497073661273,0.3317839238536403,0.5229178441635777,0.6570629977110375,0.4727256729660264,0.011153078435322226,0.004356482870395831
1740.0,9,rectifying_volume_8,tray,172.65889779893507,222.78768891987562,31.853741156933225,12.285221425524565,5180.869104263093,7705.353056912805,0.32041836154049685,0.5105666784157357,0.660517251850066,0.481884841436323,0.01906438660943705,0.007548480147941354
1740.0,10,rectifying_volume_9,tray,174.09058760990712,222.83764225124676,31.650453742384776,12.262599705178248,5146.340097781186,7684.26631051362,0.31280650309405345,0.503401679351785,0.6549921104494241,0.4837233989462125,0.03220138645652241,0.012874921702002485
1740.0,11,rectifying_volume_10,tray,175.74817005761483,222.8874266605152,31.378569055427203,12.23306926092569,5090.0929479093575,7649.802591769441,0.30649054660378555,0.4991124747214429,0.6397615359573676,0.4791999652961891,0.053747917438846785,0.021687559982368074
1740.0,12,feed_tray,tray,178.06661201913678,222.96217137968867,45.88948626344935,11.005418234159878,12250.19168448142,7593.619763489348,0.2996251283117821,0.4962644097586924,0.6120648295334667,0.4676806361683647,0.0883100421547511,0.036054954072942944
1740.0,13,stripping_volume_1,tray,181.49486417521453,223.03769741114382,45.700405715274,10.952743558472182,12270.766614047758,7610.856994957181,0.2715635833193563,0.45960015810674054,0.6387896027544838,0.502510955098909,0.0896468139261598,0.037888886794350436
1740.0,14,stripping_volume_2,tray,185.62362468643613,223.11425158540268,45.52575821030885,10.888100528675622,12307.317869128537,7631.5427670823665,0.23852383534137242,0.4140542418077321,0.6702585021962222,0.5457706820849644,0.09121766246240537,0.04017507610730352
1740.0,15,stripping_volume_3,tray,190.3331851311758,223.19205740123562,45.31985479775474,10.819338730471179,12363.647015930077,7668.203639590989,0.20184315568696012,0.36035293414419745,0.7050923633417239,0.5967140971725559,0.09306448097131588,0.04293296868324683
1740.0,16,stripping_volume_4,tray,195.39770065214287,223.261494638179,53.49076321786625,12.203697944794094,12438.834354828186,7724.641379259739,0.16362095851218053,0.3007622249948989,0.7409278468830459,0.6529958219552953,0.0954511946047736,0.04624195304980586
1740.0,17,stripping_volume_5,tray,200.56568540086081,223.3323053287926,53.19062049530767,12.12978179039491,12525.160869537765,7799.943360196906,0.126269201292609,0.2388636076315342,0.7744347579388123,0.7106356722758327,0.0992960407685786,0.0505007200926331
1740.0,18,stripping_volume_6,tray,205.69073190684824,223.40510419306966,53.221314941628584,12.030884446961505,12604.218950276829,7886.382313352485,0.09190584531977576,0.17872763544982784,0.8008858254237048,0.7641716485879543,0.10720832925651931,0.05710071596221786
1740.0,19,stripping_volume_7,tray,210.962222986102,223.479266908699,52.785040273521574,11.961922681712716,12641.731729322264,7965.54950442493,0.061916422008834904,0.12384229774659974,0.8122211166302277,0.8061161732462222,0.1258624613609373,0.07004152900717804
1740.0,20,combined_reboiler_sump,reboiler_sump,217.2781413072213,223.50444773489207,757.2289368125084,77.78577385329868,,8003.168068917842,0.03686117443992687,0.07633098530805696,0.7921294488635947,0.8239848758185724,0.1710093766964784,0.09968413887337074
1770.0,1,reflux_drum,reflux_drum,120.9974897945503,222.41359179261156,1709.079068244825,116.14109012710142,,,0.882022947859671,0.947072423640933,0.11793650482490331,0.05291821797780155,4.0547315425699737e-05,9.358381265395968e-06
1770.0,2,rectifying_volume_1,tray,130.30620192037173,222.46084768539043,38.015363123223565,49.78884113334233,5662.999806277187,8455.178773510164,0.7598149108101677,0.8820232115275838,0.2400241097286382,0.11793580889989784,0.00016097946119413492,4.0979572518414596e-05
1770.0,3,rectifying_volume_2,tray,141.24883982257495,222.50972742825965,34.28976696043553,12.887108067098072,5441.801857030629,8166.18100248832,0.628758018647075,0.7972781803389449,0.3708066903015224,0.2025972394828153,0.00043529105140263104,0.00012458017823966755
1770.0,4,rectifying_volume_3,tray,151.58773393069532,222.5584484927757,33.354459218643825,12.666687591574897,5314.5372761779545,7945.056388676904,0.5160970234014419,0.7085560312370145,0.48292826975050585,0.29113237168834,0.0009747068480522969,0.00031159707464549713
1770.0,5,rectifying_volume_4,tray,159.67372140375966,222.60745098667664,32.7686418575723,12.508031932692145,5255.607148318508,7817.862621881784,0.4347383559886922,0.633268137025894,0.5633186114791898,0.36605528234925744,0.0019430325321179267,0.0006765806248485829
1770.0,6,rectifying_volume_5,tray,165.21793211670126,222.65678437945772,32.36527680785938,12.411356660897813,5230.255780419909,7759.003599507655,0.3822992428908026,0.5790502604749937,0.6140925803448906,0.41961897668018194,0.003608176764306799,0.001330762844824285
1770.0,7,rectifying_volume_6,tray,168.76915809986525,222.70646705123247,32.14637411643746,12.350792342430026,5216.170069504191,7733.723460133207,0.3505639478489281,0.5440619227667663,0.6430115884384635,0.45348231614684986,0.006424463712608529,0.0024557610863837035
1770.0,8,rectifying_volume_7,tray,171.0486017615855,222.75639614691275,32.00457203226429,12.312311655382825,5201.946345903374,7719.707764688668,0.33179083139855853,0.5229177497374163,0.657052783636607,0.4727243120421198,0.011156384964834481,0.004357938220463945
1770.0,9,rectifying_volume_8,tray,172.66604995110245,222.80641101042062,31.853146641771126,12.28636890349356,5180.782562818593,7705.551699655587,0.3204254799536394,0.5105671390070264,0.6605058007061843,0.48188238688927043,0.019068719340176326,0.007550474103703191
1770.0,10,rectifying_volume_9,tray,174.09779946086374,222.8563627287957,31.649839198042102,12.26374485560564,5146.245528047732,7684.452649651988,0.3128135241197713,0.5034022154821208,0.6549800680814913,0.4837203821561228,0.032206407798737374,0.012877402361756414
1770.0,11,rectifying_volume_10,tray,175.7554039705318,222.90614543919762,31.37794887762299,12.234212106575379,5089.994045181618,7649.977694587299,0.30649744131463774,0.49911280670340713,0.6397501867154614,0.47919704105095934,0.05375237196990095,0.021690152245633476
1770.0,12,feed_tray,tray,178.0737145560672,222.98088928768993,45.88943940055093,11.006383620098271,12250.418069907779,7593.7873521630245,0.2996322338466729,0.4962644094511877,0.6120569028376698,0.4676790100758613,0.08831086331565724,0.03605658047295092
1770.0,13,stripping_volume_1,tray,181.5019884725218,223.05641661091246,45.700347559561244,10.953705713690322,12270.988495688007,7611.345356812913,0.2715705402552535,0.4596005252069739,0.6387817525630858,0.5025089057891563,0.08964770718166072,0.03789056900386988
1770.0,14,stripping_volume_2,tray,185.6307115278334,223.1329719914389,45.525692539837216,10.889059487719932,12307.535697849948,7632.021930872338,0.23853109279409657,0.41405585295845915,0.6702502745326392,0.5457673516160635,0.09121863267326427,0.04017679542547719
1770.0,15,stripping_volume_3,tray,190.34018586150358,223.21077891290017,45.319783065124795,10.820295067685638,12363.86067104326,7668.673936959494,0.20185103662821297,0.3603566568266342,0.7050833987043801,0.5967086218961065,0.09306556466740705,0.042934721277259315
1770.0,16,stripping_volume_4,tray,195.40459726869392,223.28021699728237,53.49061181680366,12.204782362018754,12439.04184559668,7725.102654880085,0.16362954073235694,0.3007686588111865,0.7409179714368784,0.6529875635375592,0.09545248783076463,0.046243777651254335
1770.0,17,stripping_volume_5,tray,200.5725148861276,223.3510284177027,53.190453920337134,12.13086351892175,12525.361591055253,7800.393147350076,0.1262781962012594,0.23887270293284563,0.7744240799419881,0.7106245595638826,0.09929772385675252,0.05050273750327178
1770.0,18,stripping_volume_6,tray,205.6975666569753,223.42382789425233,53.221128254404235,12.03195913093128,12604.412433948999,7886.820126461675,0.09191479317654773,0.17873881785325527,0.8008745880262423,0.7641580572475186,0.10721061879720992,0.057103124899226226
1770.0,19,stripping_volume_7,tray,210.9691362266301,223.49799111117383,52.784830886307425,11.96299276741731,12641.91870882829,7965.975012580451,0.06192484559213707,0.12385467757556648,0.8122098907411608,0.8061008728913349,0.12586526366670214,0.07004444953309852
1770.0,20,combined_reboiler_sump,reboiler_sump,217.2851162244906,223.523172067624,757.2136272035568,77.79321415650816,,8003.58210346679,0.03686869799454215,0.07634366720647275,0.7921203330544597,0.8239694668376623,0.17101096895099804,0.0996868659558651
1800.0,1,reflux_drum,reflux_drum,121.00321178817022,222.4317297292382,1714.249537837181,115.76811908640337,,,0.8820364938440782,0.9470772060323919,0.11792294774108067,0.052913432548032095,4.055841484106839e-05,9.361419575944391e-06
1800.0,2,rectifying_volume_1,tray,130.31283626619853,222.4789851116786,38.01481440828247,49.79333177329959,5662.963390937624,8455.504557613714,0.7598184699859142,0.8820215944738327,0.24002045763218854,0.11793740003297336,0.00016107238189723774,4.1005493193982817e-05
1800.0,3,rectifying_volume_2,tray,141.2561629118991,222.52786408719595,34.28921708686963,12.888247862828376,5441.750891612944,8166.451707273454,0.6287558262571527,0.7972709657837894,0.3708086236509811,0.2026043728226925,0.00043555009186609973,0.00012466139351788994
1800.0,4,rectifying_volume_3,tray,151.59526032146593,222.57658430995048,33.353908198791316,12.667808457288713,5314.483672318657,7945.307490254416,0.5160947091009446,0.7085469370854253,0.4829300444458052,0.29114127665968725,0.0009752464532501745,0.00031178625488749017
1800.0,5,rectifying_volume_4,tray,159.68111638881768,222.62558588731804,32.76810188543539,12.509146154927425,5255.551440305992,7818.106254804487,0.4347386576604473,0.6332605864032174,0.5633173470944189,0.36606246535821724,0.0019439952451337044,0.0006769482385653292
1800.0,6,rectifying_volume_5,tray,165.22511683657964,222.67491826227473,32.3647407830586,12.412469781660205,5230.1951087698335,7759.240768443183,0.38230229580911684,0.5790454702571739,0.614087968201563,0.4196231349734152,0.003609735989320211,0.001331394769410802
1800.0,7,rectifying_volume_6,tray,168.77619448507528,222.72459979706906,32.1458296839629,12.351905080441632,5216.102069233317,7733.951739012722,0.3505688993302622,0.5440594963480353,0.6430042829772565,0.45348374646325584,0.006426817692481246,0.0024567571887089273
1800.0,8,rectifying_volume_7,tray,171.05558229811584,222.7745276346656,32.00400970610508,12.313423488628482,5201.869651723155,7719.925102459498,0.3317967868837109,0.5229168094731571,0.657043495623672,0.47272378819792193,0.011159717492617042,0.004359402328921025
1800.0,9,rectifying_volume_8,tray,172.67304770486493,222.8245411253263,31.852561968234966,12.287479191977065,5180.696753414333,7705.7569317145735,0.32043179404534966,0.5105669109410501,0.6604951200687088,0.481880611160291,0.019073085885941542,0.007552477898658971
1800.0,10,rectifying_volume_9,tray,174.1048466830876,222.87449136628967,31.64923471639646,12.264853092311139,5146.1515949323075,7684.645470758664,0.3128198367368802,0.503402168636898,0.6549686902232942,0.4837179381004386,0.032211473039825675,0.01287989326266343
1800.0,11,rectifying_volume_10,tray,175.76246657367207,222.924272510999,31.377338742853595,12.235318282093628,5089.895683282542,7650.159156264868,0.30650368982723064,0.4991126247725306,0.6397394263837765,0.4791946212171697,0.05375688378899297,0.021692754010299665
1800.0,12,feed_tray,tray,178.08064120132903,222.9990155956323,45.8893856764135,11.007318035725222,12250.634528844035,7593.961176215158,0.2996387352531804,0.49626394066683255,0.6120495048045951,0.46767784544074104,0.08831175994222457,0.03605821389242655
1800.0,13,stripping_volume_1,tray,181.50896077692892,223.0745442517587,45.70028128064582,10.954636670534349,12271.200557296346,7611.829437892246,0.2715767073855424,0.4596001323230456,0.6387746077672682,0.5025075949402352,0.08964868484718934,0.03789227273671897
1800.0,14,stripping_volume_2,tray,185.63766797261079,223.15110088601557,45.525617886029586,10.889987118569808,12307.743928780801,7632.49687249181,0.2385374054581936,0.4140564122672063,0.6702429001359868,0.5457650370112554,0.09121969440581958,0.040178550721538274
1800.0,15,stripping_volume_3,tray,190.34707108918482,223.22890896720213,45.31970205257708,10.821220087625303,12364.064988958631,7669.140187390823,0.2018578820158563,0.3603590863578976,0.7050753736443192,0.596704391586187,0.09306674433982455,0.04293652205591533
1800.0,16,stripping_volume_4,tray,195.41138280313427,223.29834794091585,53.49045121597351,12.205831406011189,12439.240125980048,7725.560097873252,0.1636370842972455,0.3007736642520491,0.7409090362117546,0.6529806772366078,0.09545387949099984,0.046245658511343116
1800.0,17,stripping_volume_5,tray,200.5792258685817,223.3691601344407,53.19027875354001,12.131910265206805,12525.552962798467,7800.839180241502,0.12628623980419,0.23888037814406096,0.7744142515132549,0.7106148069381437,0.09929950868255509,0.0505048149177953
1800.0,18,stripping_volume_6,tray,205.7042654189843,223.44196026410404,53.22093350265868,12.032999459276555,12604.59606362685,7887.253998593816,0.09192294930748758,0.1787487338693856,0.8008640290884881,0.7641456693707469,0.10721302160402435,0.05710559675986737
1800.0,19,stripping_volume_7,tray,210.97589044145255,223.51612401661524,52.78461369621463,11.964029057609913,12642.094950744315,7966.396029822478,0.061932678916267435,0.12386605658098497,0.8121991037872538,0.8060864978939566,0.12586821729647873,0.07004744552505841
1800.0,20,combined_reboiler_sump,reboiler_sump,217.29191029002186,223.54130515122407,757.1987366371562,77.80041443723248,,8003.990719715787,0.03687584387639764,0.07635567437880915,0.7921113311408406,0.8239546070956281,0.17101282498276174,0.09968971852556266
